ISO-10303-21;
HEADER;
FILE_DESCRIPTION(('Open CASCADE Model'),'2;1');
FILE_NAME('Open CASCADE Shape Model','2026-10-05T10:55:32',('Author'),(
    'Open CASCADE'),'Open CASCADE STEP processor 7.9','Open CASCADE 7.9'
  ,'Unknown');
FILE_SCHEMA(('AUTOMOTIVE_DESIGN { 1 0 10303 214 1 1 1 1 }'));
ENDSEC;
DATA;
#1 = APPLICATION_PROTOCOL_DEFINITION('international standard',
  'automotive_design',2000,#2);
#2 = APPLICATION_CONTEXT(
  'core data for automotive mechanical design processes');
#3 = SHAPE_DEFINITION_REPRESENTATION(#4,#10);
#4 = PRODUCT_DEFINITION_SHAPE('','',#5);
#5 = PRODUCT_DEFINITION('design','',#6,#9);
#6 = PRODUCT_DEFINITION_FORMATION('','',#7);
#7 = PRODUCT('Open CASCADE STEP translator 7.9 1',
  'Open CASCADE STEP translator 7.9 1','',(#8));
#8 = PRODUCT_CONTEXT('',#2,'mechanical');
#9 = PRODUCT_DEFINITION_CONTEXT('part definition',#2,'design');
#10 = ADVANCED_BREP_SHAPE_REPRESENTATION('',(#11,#15),#3125);
#11 = AXIS2_PLACEMENT_3D('',#12,#13,#14);
#12 = CARTESIAN_POINT('',(0.,0.,0.));
#13 = DIRECTION('',(0.,0.,1.));
#14 = DIRECTION('',(1.,0.,-0.));
#15 = MANIFOLD_SOLID_BREP('',#16);
#16 = CLOSED_SHELL('',(#17,#137,#239,#325,#411,#489,#547,#601,#677,#735,
    #1143,#1571,#1597,#1673,#1699,#1725,#1803,#1829,#1855,#1903,#1952,
    #2006,#2059,#2112,#2166,#2220,#2273,#2326,#2359,#2428,#2477,#2526,
    #2574,#2622,#2669,#2718,#2725,#2773,#2822,#2868,#2875,#2902,#2929,
    #2956,#2983,#3010,#3037,#3064,#3091,#3118));
#17 = ADVANCED_FACE('',(#18),#32,.F.);
#18 = FACE_BOUND('',#19,.F.);
#19 = EDGE_LOOP('',(#20,#55,#83,#111));
#20 = ORIENTED_EDGE('',*,*,#21,.T.);
#21 = EDGE_CURVE('',#22,#24,#26,.T.);
#22 = VERTEX_POINT('',#23);
#23 = CARTESIAN_POINT('',(-1.007378472222,-18.99428530092,-7.85));
#24 = VERTEX_POINT('',#25);
#25 = CARTESIAN_POINT('',(4.492621527778,-18.99428530092,-7.85));
#26 = SURFACE_CURVE('',#27,(#31,#43),.PCURVE_S1.);
#27 = LINE('',#28,#29);
#28 = CARTESIAN_POINT('',(-1.257378472222,-18.99428530092,-7.85));
#29 = VECTOR('',#30,1.);
#30 = DIRECTION('',(1.,0.,0.));
#31 = PCURVE('',#32,#37);
#32 = PLANE('',#33);
#33 = AXIS2_PLACEMENT_3D('',#34,#35,#36);
#34 = CARTESIAN_POINT('',(-1.257378472222,-18.99428530092,-7.4));
#35 = DIRECTION('',(-0.,1.,0.));
#36 = DIRECTION('',(0.,0.,-1.));
#37 = DEFINITIONAL_REPRESENTATION('',(#38),#42);
#38 = LINE('',#39,#40);
#39 = CARTESIAN_POINT('',(0.45,0.));
#40 = VECTOR('',#41,1.);
#41 = DIRECTION('',(0.,-1.));
#42 = ( GEOMETRIC_REPRESENTATION_CONTEXT(2) 
PARAMETRIC_REPRESENTATION_CONTEXT() REPRESENTATION_CONTEXT('2D SPACE',''
  ) );
#43 = PCURVE('',#44,#49);
#44 = CYLINDRICAL_SURFACE('',#45,0.45);
#45 = AXIS2_PLACEMENT_3D('',#46,#47,#48);
#46 = CARTESIAN_POINT('',(-1.257378472222,-18.54428530092,-7.85));
#47 = DIRECTION('',(1.,0.,0.));
#48 = DIRECTION('',(0.,-1.,0.));
#49 = DEFINITIONAL_REPRESENTATION('',(#50),#54);
#50 = LINE('',#51,#52);
#51 = CARTESIAN_POINT('',(-0.,0.));
#52 = VECTOR('',#53,1.);
#53 = DIRECTION('',(-0.,1.));
#54 = ( GEOMETRIC_REPRESENTATION_CONTEXT(2) 
PARAMETRIC_REPRESENTATION_CONTEXT() REPRESENTATION_CONTEXT('2D SPACE',''
  ) );
#55 = ORIENTED_EDGE('',*,*,#56,.T.);
#56 = EDGE_CURVE('',#24,#57,#59,.T.);
#57 = VERTEX_POINT('',#58);
#58 = CARTESIAN_POINT('',(4.492621527778,-18.99428530092,-12.15));
#59 = SURFACE_CURVE('',#60,(#64,#71),.PCURVE_S1.);
#60 = LINE('',#61,#62);
#61 = CARTESIAN_POINT('',(4.492621527778,-18.99428530092,-7.85));
#62 = VECTOR('',#63,1.);
#63 = DIRECTION('',(0.,0.,-1.));
#64 = PCURVE('',#32,#65);
#65 = DEFINITIONAL_REPRESENTATION('',(#66),#70);
#66 = LINE('',#67,#68);
#67 = CARTESIAN_POINT('',(0.45,-5.75));
#68 = VECTOR('',#69,1.);
#69 = DIRECTION('',(1.,0.));
#70 = ( GEOMETRIC_REPRESENTATION_CONTEXT(2) 
PARAMETRIC_REPRESENTATION_CONTEXT() REPRESENTATION_CONTEXT('2D SPACE',''
  ) );
#71 = PCURVE('',#72,#77);
#72 = CYLINDRICAL_SURFACE('',#73,0.25);
#73 = AXIS2_PLACEMENT_3D('',#74,#75,#76);
#74 = CARTESIAN_POINT('',(4.492621527778,-18.74428530092,-7.85));
#75 = DIRECTION('',(0.,0.,-1.));
#76 = DIRECTION('',(1.,0.,0.));
#77 = DEFINITIONAL_REPRESENTATION('',(#78),#82);
#78 = LINE('',#79,#80);
#79 = CARTESIAN_POINT('',(1.570796326795,0.));
#80 = VECTOR('',#81,1.);
#81 = DIRECTION('',(0.,1.));
#82 = ( GEOMETRIC_REPRESENTATION_CONTEXT(2) 
PARAMETRIC_REPRESENTATION_CONTEXT() REPRESENTATION_CONTEXT('2D SPACE',''
  ) );
#83 = ORIENTED_EDGE('',*,*,#84,.F.);
#84 = EDGE_CURVE('',#85,#57,#87,.T.);
#85 = VERTEX_POINT('',#86);
#86 = CARTESIAN_POINT('',(-1.007378472222,-18.99428530092,-12.15));
#87 = SURFACE_CURVE('',#88,(#92,#99),.PCURVE_S1.);
#88 = LINE('',#89,#90);
#89 = CARTESIAN_POINT('',(-1.257378472222,-18.99428530092,-12.15));
#90 = VECTOR('',#91,1.);
#91 = DIRECTION('',(1.,0.,0.));
#92 = PCURVE('',#32,#93);
#93 = DEFINITIONAL_REPRESENTATION('',(#94),#98);
#94 = LINE('',#95,#96);
#95 = CARTESIAN_POINT('',(4.75,0.));
#96 = VECTOR('',#97,1.);
#97 = DIRECTION('',(0.,-1.));
#98 = ( GEOMETRIC_REPRESENTATION_CONTEXT(2) 
PARAMETRIC_REPRESENTATION_CONTEXT() REPRESENTATION_CONTEXT('2D SPACE',''
  ) );
#99 = PCURVE('',#100,#105);
#100 = CYLINDRICAL_SURFACE('',#101,0.45);
#101 = AXIS2_PLACEMENT_3D('',#102,#103,#104);
#102 = CARTESIAN_POINT('',(-1.257378472222,-18.54428530092,-12.15));
#103 = DIRECTION('',(1.,0.,0.));
#104 = DIRECTION('',(0.,-1.,0.));
#105 = DEFINITIONAL_REPRESENTATION('',(#106),#110);
#106 = LINE('',#107,#108);
#107 = CARTESIAN_POINT('',(0.,0.));
#108 = VECTOR('',#109,1.);
#109 = DIRECTION('',(0.,1.));
#110 = ( GEOMETRIC_REPRESENTATION_CONTEXT(2) 
PARAMETRIC_REPRESENTATION_CONTEXT() REPRESENTATION_CONTEXT('2D SPACE',''
  ) );
#111 = ORIENTED_EDGE('',*,*,#112,.T.);
#112 = EDGE_CURVE('',#85,#22,#113,.T.);
#113 = SURFACE_CURVE('',#114,(#118,#125),.PCURVE_S1.);
#114 = LINE('',#115,#116);
#115 = CARTESIAN_POINT('',(-1.007378472222,-18.99428530092,-12.15));
#116 = VECTOR('',#117,1.);
#117 = DIRECTION('',(-0.,-0.,1.));
#118 = PCURVE('',#32,#119);
#119 = DEFINITIONAL_REPRESENTATION('',(#120),#124);
#120 = LINE('',#121,#122);
#121 = CARTESIAN_POINT('',(4.75,-0.25));
#122 = VECTOR('',#123,1.);
#123 = DIRECTION('',(-1.,0.));
#124 = ( GEOMETRIC_REPRESENTATION_CONTEXT(2) 
PARAMETRIC_REPRESENTATION_CONTEXT() REPRESENTATION_CONTEXT('2D SPACE',''
  ) );
#125 = PCURVE('',#126,#131);
#126 = CYLINDRICAL_SURFACE('',#127,0.25);
#127 = AXIS2_PLACEMENT_3D('',#128,#129,#130);
#128 = CARTESIAN_POINT('',(-1.007378472222,-18.74428530092,-12.15));
#129 = DIRECTION('',(-0.,-0.,1.));
#130 = DIRECTION('',(-1.,0.,-0.));
#131 = DEFINITIONAL_REPRESENTATION('',(#132),#136);
#132 = LINE('',#133,#134);
#133 = CARTESIAN_POINT('',(1.570796326795,0.));
#134 = VECTOR('',#135,1.);
#135 = DIRECTION('',(0.,1.));
#136 = ( GEOMETRIC_REPRESENTATION_CONTEXT(2) 
PARAMETRIC_REPRESENTATION_CONTEXT() REPRESENTATION_CONTEXT('2D SPACE',''
  ) );
#137 = ADVANCED_FACE('',(#138),#44,.T.);
#138 = FACE_BOUND('',#139,.F.);
#139 = EDGE_LOOP('',(#140,#141,#177,#205));
#140 = ORIENTED_EDGE('',*,*,#21,.F.);
#141 = ORIENTED_EDGE('',*,*,#142,.T.);
#142 = EDGE_CURVE('',#22,#143,#145,.T.);
#143 = VERTEX_POINT('',#144);
#144 = CARTESIAN_POINT('',(-1.007378472222,-18.54428530092,-7.4));
#145 = SURFACE_CURVE('',#146,(#151,#158),.PCURVE_S1.);
#146 = CIRCLE('',#147,0.45);
#147 = AXIS2_PLACEMENT_3D('',#148,#149,#150);
#148 = CARTESIAN_POINT('',(-1.007378472222,-18.54428530092,-7.85));
#149 = DIRECTION('',(-1.,-0.,0.));
#150 = DIRECTION('',(0.,-1.,0.));
#151 = PCURVE('',#44,#152);
#152 = DEFINITIONAL_REPRESENTATION('',(#153),#157);
#153 = LINE('',#154,#155);
#154 = CARTESIAN_POINT('',(-0.,0.25));
#155 = VECTOR('',#156,1.);
#156 = DIRECTION('',(-1.,0.));
#157 = ( GEOMETRIC_REPRESENTATION_CONTEXT(2) 
PARAMETRIC_REPRESENTATION_CONTEXT() REPRESENTATION_CONTEXT('2D SPACE',''
  ) );
#158 = PCURVE('',#159,#171);
#159 = SURFACE_OF_REVOLUTION('',#160,#168);
#160 = B_SPLINE_CURVE_WITH_KNOTS('',6,(#161,#162,#163,#164,#165,#166,
    #167),.UNSPECIFIED.,.F.,.F.,(7,7),(4.712388980385,6.28318530718),
  .PIECEWISE_BEZIER_KNOTS.);
#161 = CARTESIAN_POINT('',(-1.257378472222,-18.74428530092,-7.85));
#162 = CARTESIAN_POINT('',(-1.257378472222,-18.80973514787,-7.85));
#163 = CARTESIAN_POINT('',(-1.236821550717,-18.8751794261,-7.85));
#164 = CARTESIAN_POINT('',(-1.195676009632,-18.93258283833,-7.85));
#165 = CARTESIAN_POINT('',(-1.138272597399,-18.97372837942,-7.85));
#166 = CARTESIAN_POINT('',(-1.072828319172,-18.99428530092,-7.85));
#167 = CARTESIAN_POINT('',(-1.007378472222,-18.99428530092,-7.85));
#168 = AXIS1_PLACEMENT('',#169,#170);
#169 = CARTESIAN_POINT('',(-1.007378472222,-18.54428530092,-7.85));
#170 = DIRECTION('',(1.,0.,0.));
#171 = DEFINITIONAL_REPRESENTATION('',(#172),#176);
#172 = LINE('',#173,#174);
#173 = CARTESIAN_POINT('',(-0.,6.28318530718));
#174 = VECTOR('',#175,1.);
#175 = DIRECTION('',(-1.,0.));
#176 = ( GEOMETRIC_REPRESENTATION_CONTEXT(2) 
PARAMETRIC_REPRESENTATION_CONTEXT() REPRESENTATION_CONTEXT('2D SPACE',''
  ) );
#177 = ORIENTED_EDGE('',*,*,#178,.T.);
#178 = EDGE_CURVE('',#143,#179,#181,.T.);
#179 = VERTEX_POINT('',#180);
#180 = CARTESIAN_POINT('',(4.492621527778,-18.54428530092,-7.4));
#181 = SURFACE_CURVE('',#182,(#186,#193),.PCURVE_S1.);
#182 = LINE('',#183,#184);
#183 = CARTESIAN_POINT('',(-1.257378472222,-18.54428530092,-7.4));
#184 = VECTOR('',#185,1.);
#185 = DIRECTION('',(1.,0.,0.));
#186 = PCURVE('',#44,#187);
#187 = DEFINITIONAL_REPRESENTATION('',(#188),#192);
#188 = LINE('',#189,#190);
#189 = CARTESIAN_POINT('',(-1.570796326795,0.));
#190 = VECTOR('',#191,1.);
#191 = DIRECTION('',(-0.,1.));
#192 = ( GEOMETRIC_REPRESENTATION_CONTEXT(2) 
PARAMETRIC_REPRESENTATION_CONTEXT() REPRESENTATION_CONTEXT('2D SPACE',''
  ) );
#193 = PCURVE('',#194,#199);
#194 = PLANE('',#195);
#195 = AXIS2_PLACEMENT_3D('',#196,#197,#198);
#196 = CARTESIAN_POINT('',(-1.257378472222,-17.39428530092,-7.4));
#197 = DIRECTION('',(0.,0.,-1.));
#198 = DIRECTION('',(0.,-1.,0.));
#199 = DEFINITIONAL_REPRESENTATION('',(#200),#204);
#200 = LINE('',#201,#202);
#201 = CARTESIAN_POINT('',(1.15,0.));
#202 = VECTOR('',#203,1.);
#203 = DIRECTION('',(0.,-1.));
#204 = ( GEOMETRIC_REPRESENTATION_CONTEXT(2) 
PARAMETRIC_REPRESENTATION_CONTEXT() REPRESENTATION_CONTEXT('2D SPACE',''
  ) );
#205 = ORIENTED_EDGE('',*,*,#206,.T.);
#206 = EDGE_CURVE('',#179,#24,#207,.T.);
#207 = SURFACE_CURVE('',#208,(#213,#220),.PCURVE_S1.);
#208 = CIRCLE('',#209,0.45);
#209 = AXIS2_PLACEMENT_3D('',#210,#211,#212);
#210 = CARTESIAN_POINT('',(4.492621527778,-18.54428530092,-7.85));
#211 = DIRECTION('',(1.,0.,0.));
#212 = DIRECTION('',(-0.,0.,1.));
#213 = PCURVE('',#44,#214);
#214 = DEFINITIONAL_REPRESENTATION('',(#215),#219);
#215 = LINE('',#216,#217);
#216 = CARTESIAN_POINT('',(-1.570796326795,5.75));
#217 = VECTOR('',#218,1.);
#218 = DIRECTION('',(1.,-0.));
#219 = ( GEOMETRIC_REPRESENTATION_CONTEXT(2) 
PARAMETRIC_REPRESENTATION_CONTEXT() REPRESENTATION_CONTEXT('2D SPACE',''
  ) );
#220 = PCURVE('',#221,#233);
#221 = SURFACE_OF_REVOLUTION('',#222,#230);
#222 = B_SPLINE_CURVE_WITH_KNOTS('',6,(#223,#224,#225,#226,#227,#228,
    #229),.UNSPECIFIED.,.F.,.F.,(7,7),(4.712388980385,6.28318530718),
  .PIECEWISE_BEZIER_KNOTS.);
#223 = CARTESIAN_POINT('',(4.742621527778,-18.54428530092,-7.65));
#224 = CARTESIAN_POINT('',(4.742621527778,-18.54428530092,-7.58455015305
    ));
#225 = CARTESIAN_POINT('',(4.722064606273,-18.54428530092,
    -7.519105874824));
#226 = CARTESIAN_POINT('',(4.680919065188,-18.54428530092,-7.46170246259
    ));
#227 = CARTESIAN_POINT('',(4.623515652954,-18.54428530092,
    -7.420556921505));
#228 = CARTESIAN_POINT('',(4.558071374728,-18.54428530092,-7.4));
#229 = CARTESIAN_POINT('',(4.492621527778,-18.54428530092,-7.4));
#230 = AXIS1_PLACEMENT('',#231,#232);
#231 = CARTESIAN_POINT('',(4.492621527778,-18.54428530092,-7.85));
#232 = DIRECTION('',(-1.,-0.,-0.));
#233 = DEFINITIONAL_REPRESENTATION('',(#234),#238);
#234 = LINE('',#235,#236);
#235 = CARTESIAN_POINT('',(-0.,6.28318530718));
#236 = VECTOR('',#237,1.);
#237 = DIRECTION('',(-1.,0.));
#238 = ( GEOMETRIC_REPRESENTATION_CONTEXT(2) 
PARAMETRIC_REPRESENTATION_CONTEXT() REPRESENTATION_CONTEXT('2D SPACE',''
  ) );
#239 = ADVANCED_FACE('',(#240),#126,.T.);
#240 = FACE_BOUND('',#241,.T.);
#241 = EDGE_LOOP('',(#242,#276,#277,#299));
#242 = ORIENTED_EDGE('',*,*,#243,.T.);
#243 = EDGE_CURVE('',#244,#85,#246,.T.);
#244 = VERTEX_POINT('',#245);
#245 = CARTESIAN_POINT('',(-1.257378472222,-18.74428530092,-12.15));
#246 = SURFACE_CURVE('',#247,(#252,#258),.PCURVE_S1.);
#247 = CIRCLE('',#248,0.25);
#248 = AXIS2_PLACEMENT_3D('',#249,#250,#251);
#249 = CARTESIAN_POINT('',(-1.007378472222,-18.74428530092,-12.15));
#250 = DIRECTION('',(0.,-6.123233995737E-17,1.));
#251 = DIRECTION('',(0.,-1.,-6.123233995737E-17));
#252 = PCURVE('',#126,#253);
#253 = DEFINITIONAL_REPRESENTATION('',(#254),#257);
#254 = B_SPLINE_CURVE_WITH_KNOTS('',1,(#255,#256),.UNSPECIFIED.,.F.,.F.,
  (2,2),(4.712388980385,6.28318530718),.PIECEWISE_BEZIER_KNOTS.);
#255 = CARTESIAN_POINT('',(0.,0.));
#256 = CARTESIAN_POINT('',(1.570796326795,0.));
#257 = ( GEOMETRIC_REPRESENTATION_CONTEXT(2) 
PARAMETRIC_REPRESENTATION_CONTEXT() REPRESENTATION_CONTEXT('2D SPACE',''
  ) );
#258 = PCURVE('',#259,#271);
#259 = SURFACE_OF_REVOLUTION('',#260,#268);
#260 = B_SPLINE_CURVE_WITH_KNOTS('',6,(#261,#262,#263,#264,#265,#266,
    #267),.UNSPECIFIED.,.F.,.F.,(7,7),(4.712388980385,6.28318530718),
  .PIECEWISE_BEZIER_KNOTS.);
#261 = CARTESIAN_POINT('',(-1.257378472222,-18.54428530092,-12.35));
#262 = CARTESIAN_POINT('',(-1.257378472222,-18.54428530092,
    -12.41544984695));
#263 = CARTESIAN_POINT('',(-1.236821550717,-18.54428530092,
    -12.48089412517));
#264 = CARTESIAN_POINT('',(-1.195676009632,-18.54428530092,
    -12.53829753741));
#265 = CARTESIAN_POINT('',(-1.138272597399,-18.54428530092,
    -12.57944307849));
#266 = CARTESIAN_POINT('',(-1.072828319172,-18.54428530092,-12.6));
#267 = CARTESIAN_POINT('',(-1.007378472222,-18.54428530092,-12.6));
#268 = AXIS1_PLACEMENT('',#269,#270);
#269 = CARTESIAN_POINT('',(-1.007378472222,-18.54428530092,-12.15));
#270 = DIRECTION('',(1.,0.,0.));
#271 = DEFINITIONAL_REPRESENTATION('',(#272),#275);
#272 = B_SPLINE_CURVE_WITH_KNOTS('',1,(#273,#274),.UNSPECIFIED.,.F.,.F.,
  (2,2),(4.712388980385,6.28318530718),.PIECEWISE_BEZIER_KNOTS.);
#273 = CARTESIAN_POINT('',(-1.570796326795,4.712388980385));
#274 = CARTESIAN_POINT('',(-1.570796326795,6.28318530718));
#275 = ( GEOMETRIC_REPRESENTATION_CONTEXT(2) 
PARAMETRIC_REPRESENTATION_CONTEXT() REPRESENTATION_CONTEXT('2D SPACE',''
  ) );
#276 = ORIENTED_EDGE('',*,*,#112,.T.);
#277 = ORIENTED_EDGE('',*,*,#278,.F.);
#278 = EDGE_CURVE('',#279,#22,#281,.T.);
#279 = VERTEX_POINT('',#280);
#280 = CARTESIAN_POINT('',(-1.257378472222,-18.74428530092,-7.85));
#281 = SURFACE_CURVE('',#282,(#287,#293),.PCURVE_S1.);
#282 = CIRCLE('',#283,0.25);
#283 = AXIS2_PLACEMENT_3D('',#284,#285,#286);
#284 = CARTESIAN_POINT('',(-1.007378472222,-18.74428530092,-7.85));
#285 = DIRECTION('',(-0.,0.,1.));
#286 = DIRECTION('',(0.,-1.,0.));
#287 = PCURVE('',#126,#288);
#288 = DEFINITIONAL_REPRESENTATION('',(#289),#292);
#289 = B_SPLINE_CURVE_WITH_KNOTS('',1,(#290,#291),.UNSPECIFIED.,.F.,.F.,
  (2,2),(4.712388980385,6.28318530718),.PIECEWISE_BEZIER_KNOTS.);
#290 = CARTESIAN_POINT('',(0.,4.3));
#291 = CARTESIAN_POINT('',(1.570796326795,4.3));
#292 = ( GEOMETRIC_REPRESENTATION_CONTEXT(2) 
PARAMETRIC_REPRESENTATION_CONTEXT() REPRESENTATION_CONTEXT('2D SPACE',''
  ) );
#293 = PCURVE('',#159,#294);
#294 = DEFINITIONAL_REPRESENTATION('',(#295),#298);
#295 = B_SPLINE_CURVE_WITH_KNOTS('',1,(#296,#297),.UNSPECIFIED.,.F.,.F.,
  (2,2),(4.712388980385,6.28318530718),.PIECEWISE_BEZIER_KNOTS.);
#296 = CARTESIAN_POINT('',(0.,4.712388980385));
#297 = CARTESIAN_POINT('',(0.,6.28318530718));
#298 = ( GEOMETRIC_REPRESENTATION_CONTEXT(2) 
PARAMETRIC_REPRESENTATION_CONTEXT() REPRESENTATION_CONTEXT('2D SPACE',''
  ) );
#299 = ORIENTED_EDGE('',*,*,#300,.F.);
#300 = EDGE_CURVE('',#244,#279,#301,.T.);
#301 = SURFACE_CURVE('',#302,(#306,#313),.PCURVE_S1.);
#302 = LINE('',#303,#304);
#303 = CARTESIAN_POINT('',(-1.257378472222,-18.74428530092,-12.15));
#304 = VECTOR('',#305,1.);
#305 = DIRECTION('',(-0.,-0.,1.));
#306 = PCURVE('',#126,#307);
#307 = DEFINITIONAL_REPRESENTATION('',(#308),#312);
#308 = LINE('',#309,#310);
#309 = CARTESIAN_POINT('',(0.,0.));
#310 = VECTOR('',#311,1.);
#311 = DIRECTION('',(0.,1.));
#312 = ( GEOMETRIC_REPRESENTATION_CONTEXT(2) 
PARAMETRIC_REPRESENTATION_CONTEXT() REPRESENTATION_CONTEXT('2D SPACE',''
  ) );
#313 = PCURVE('',#314,#319);
#314 = PLANE('',#315);
#315 = AXIS2_PLACEMENT_3D('',#316,#317,#318);
#316 = CARTESIAN_POINT('',(-1.257378472222,-16.46313775994,
    -10.62459016393));
#317 = DIRECTION('',(1.,0.,0.));
#318 = DIRECTION('',(-0.,0.,1.));
#319 = DEFINITIONAL_REPRESENTATION('',(#320),#324);
#320 = LINE('',#321,#322);
#321 = CARTESIAN_POINT('',(-1.525409836066,2.281147540984));
#322 = VECTOR('',#323,1.);
#323 = DIRECTION('',(1.,0.));
#324 = ( GEOMETRIC_REPRESENTATION_CONTEXT(2) 
PARAMETRIC_REPRESENTATION_CONTEXT() REPRESENTATION_CONTEXT('2D SPACE',''
  ) );
#325 = ADVANCED_FACE('',(#326),#72,.T.);
#326 = FACE_BOUND('',#327,.T.);
#327 = EDGE_LOOP('',(#328,#350,#351,#385));
#328 = ORIENTED_EDGE('',*,*,#329,.T.);
#329 = EDGE_CURVE('',#330,#24,#332,.T.);
#330 = VERTEX_POINT('',#331);
#331 = CARTESIAN_POINT('',(4.742621527778,-18.74428530092,-7.85));
#332 = SURFACE_CURVE('',#333,(#338,#344),.PCURVE_S1.);
#333 = CIRCLE('',#334,0.25);
#334 = AXIS2_PLACEMENT_3D('',#335,#336,#337);
#335 = CARTESIAN_POINT('',(4.492621527778,-18.74428530092,-7.85));
#336 = DIRECTION('',(0.,-6.123233995737E-17,-1.));
#337 = DIRECTION('',(0.,-1.,6.123233995737E-17));
#338 = PCURVE('',#72,#339);
#339 = DEFINITIONAL_REPRESENTATION('',(#340),#343);
#340 = B_SPLINE_CURVE_WITH_KNOTS('',1,(#341,#342),.UNSPECIFIED.,.F.,.F.,
  (2,2),(4.712388980385,6.28318530718),.PIECEWISE_BEZIER_KNOTS.);
#341 = CARTESIAN_POINT('',(0.,0.));
#342 = CARTESIAN_POINT('',(1.570796326795,0.));
#343 = ( GEOMETRIC_REPRESENTATION_CONTEXT(2) 
PARAMETRIC_REPRESENTATION_CONTEXT() REPRESENTATION_CONTEXT('2D SPACE',''
  ) );
#344 = PCURVE('',#221,#345);
#345 = DEFINITIONAL_REPRESENTATION('',(#346),#349);
#346 = B_SPLINE_CURVE_WITH_KNOTS('',1,(#347,#348),.UNSPECIFIED.,.F.,.F.,
  (2,2),(4.712388980385,6.28318530718),.PIECEWISE_BEZIER_KNOTS.);
#347 = CARTESIAN_POINT('',(-1.570796326795,4.712388980385));
#348 = CARTESIAN_POINT('',(-1.570796326795,6.28318530718));
#349 = ( GEOMETRIC_REPRESENTATION_CONTEXT(2) 
PARAMETRIC_REPRESENTATION_CONTEXT() REPRESENTATION_CONTEXT('2D SPACE',''
  ) );
#350 = ORIENTED_EDGE('',*,*,#56,.T.);
#351 = ORIENTED_EDGE('',*,*,#352,.F.);
#352 = EDGE_CURVE('',#353,#57,#355,.T.);
#353 = VERTEX_POINT('',#354);
#354 = CARTESIAN_POINT('',(4.742621527778,-18.74428530092,-12.15));
#355 = SURFACE_CURVE('',#356,(#361,#367),.PCURVE_S1.);
#356 = CIRCLE('',#357,0.25);
#357 = AXIS2_PLACEMENT_3D('',#358,#359,#360);
#358 = CARTESIAN_POINT('',(4.492621527778,-18.74428530092,-12.15));
#359 = DIRECTION('',(0.,0.,-1.));
#360 = DIRECTION('',(1.,0.,0.));
#361 = PCURVE('',#72,#362);
#362 = DEFINITIONAL_REPRESENTATION('',(#363),#366);
#363 = B_SPLINE_CURVE_WITH_KNOTS('',1,(#364,#365),.UNSPECIFIED.,.F.,.F.,
  (2,2),(0.,1.570796326795),.PIECEWISE_BEZIER_KNOTS.);
#364 = CARTESIAN_POINT('',(0.,4.3));
#365 = CARTESIAN_POINT('',(1.570796326795,4.3));
#366 = ( GEOMETRIC_REPRESENTATION_CONTEXT(2) 
PARAMETRIC_REPRESENTATION_CONTEXT() REPRESENTATION_CONTEXT('2D SPACE',''
  ) );
#367 = PCURVE('',#368,#380);
#368 = SURFACE_OF_REVOLUTION('',#369,#377);
#369 = B_SPLINE_CURVE_WITH_KNOTS('',6,(#370,#371,#372,#373,#374,#375,
    #376),.UNSPECIFIED.,.F.,.F.,(7,7),(4.712388980385,6.28318530718),
  .PIECEWISE_BEZIER_KNOTS.);
#370 = CARTESIAN_POINT('',(4.742621527778,-18.74428530092,-12.15));
#371 = CARTESIAN_POINT('',(4.742621527778,-18.80973514787,-12.15));
#372 = CARTESIAN_POINT('',(4.722064606273,-18.8751794261,-12.15));
#373 = CARTESIAN_POINT('',(4.680919065188,-18.93258283833,-12.15));
#374 = CARTESIAN_POINT('',(4.623515652954,-18.97372837942,-12.15));
#375 = CARTESIAN_POINT('',(4.558071374728,-18.99428530092,-12.15));
#376 = CARTESIAN_POINT('',(4.492621527778,-18.99428530092,-12.15));
#377 = AXIS1_PLACEMENT('',#378,#379);
#378 = CARTESIAN_POINT('',(4.492621527778,-18.54428530092,-12.15));
#379 = DIRECTION('',(-1.,-0.,-0.));
#380 = DEFINITIONAL_REPRESENTATION('',(#381),#384);
#381 = B_SPLINE_CURVE_WITH_KNOTS('',1,(#382,#383),.UNSPECIFIED.,.F.,.F.,
  (2,2),(0.,1.570796326795),.PIECEWISE_BEZIER_KNOTS.);
#382 = CARTESIAN_POINT('',(0.,4.712388980385));
#383 = CARTESIAN_POINT('',(0.,6.28318530718));
#384 = ( GEOMETRIC_REPRESENTATION_CONTEXT(2) 
PARAMETRIC_REPRESENTATION_CONTEXT() REPRESENTATION_CONTEXT('2D SPACE',''
  ) );
#385 = ORIENTED_EDGE('',*,*,#386,.F.);
#386 = EDGE_CURVE('',#330,#353,#387,.T.);
#387 = SURFACE_CURVE('',#388,(#392,#399),.PCURVE_S1.);
#388 = LINE('',#389,#390);
#389 = CARTESIAN_POINT('',(4.742621527778,-18.74428530092,-7.85));
#390 = VECTOR('',#391,1.);
#391 = DIRECTION('',(0.,0.,-1.));
#392 = PCURVE('',#72,#393);
#393 = DEFINITIONAL_REPRESENTATION('',(#394),#398);
#394 = LINE('',#395,#396);
#395 = CARTESIAN_POINT('',(0.,0.));
#396 = VECTOR('',#397,1.);
#397 = DIRECTION('',(0.,1.));
#398 = ( GEOMETRIC_REPRESENTATION_CONTEXT(2) 
PARAMETRIC_REPRESENTATION_CONTEXT() REPRESENTATION_CONTEXT('2D SPACE',''
  ) );
#399 = PCURVE('',#400,#405);
#400 = PLANE('',#401);
#401 = AXIS2_PLACEMENT_3D('',#402,#403,#404);
#402 = CARTESIAN_POINT('',(4.742621527778,-16.46313775994,
    -10.62459016393));
#403 = DIRECTION('',(1.,0.,0.));
#404 = DIRECTION('',(-0.,0.,1.));
#405 = DEFINITIONAL_REPRESENTATION('',(#406),#410);
#406 = LINE('',#407,#408);
#407 = CARTESIAN_POINT('',(2.774590163934,2.281147540984));
#408 = VECTOR('',#409,1.);
#409 = DIRECTION('',(-1.,0.));
#410 = ( GEOMETRIC_REPRESENTATION_CONTEXT(2) 
PARAMETRIC_REPRESENTATION_CONTEXT() REPRESENTATION_CONTEXT('2D SPACE',''
  ) );
#411 = ADVANCED_FACE('',(#412),#100,.T.);
#412 = FACE_BOUND('',#413,.T.);
#413 = EDGE_LOOP('',(#414,#415,#439,#467));
#414 = ORIENTED_EDGE('',*,*,#84,.F.);
#415 = ORIENTED_EDGE('',*,*,#416,.F.);
#416 = EDGE_CURVE('',#417,#85,#419,.T.);
#417 = VERTEX_POINT('',#418);
#418 = CARTESIAN_POINT('',(-1.007378472222,-18.54428530092,-12.6));
#419 = SURFACE_CURVE('',#420,(#425,#432),.PCURVE_S1.);
#420 = CIRCLE('',#421,0.45);
#421 = AXIS2_PLACEMENT_3D('',#422,#423,#424);
#422 = CARTESIAN_POINT('',(-1.007378472222,-18.54428530092,-12.15));
#423 = DIRECTION('',(-1.,-0.,-0.));
#424 = DIRECTION('',(0.,0.,-1.));
#425 = PCURVE('',#100,#426);
#426 = DEFINITIONAL_REPRESENTATION('',(#427),#431);
#427 = LINE('',#428,#429);
#428 = CARTESIAN_POINT('',(1.570796326795,0.25));
#429 = VECTOR('',#430,1.);
#430 = DIRECTION('',(-1.,-0.));
#431 = ( GEOMETRIC_REPRESENTATION_CONTEXT(2) 
PARAMETRIC_REPRESENTATION_CONTEXT() REPRESENTATION_CONTEXT('2D SPACE',''
  ) );
#432 = PCURVE('',#259,#433);
#433 = DEFINITIONAL_REPRESENTATION('',(#434),#438);
#434 = LINE('',#435,#436);
#435 = CARTESIAN_POINT('',(-0.,6.28318530718));
#436 = VECTOR('',#437,1.);
#437 = DIRECTION('',(-1.,0.));
#438 = ( GEOMETRIC_REPRESENTATION_CONTEXT(2) 
PARAMETRIC_REPRESENTATION_CONTEXT() REPRESENTATION_CONTEXT('2D SPACE',''
  ) );
#439 = ORIENTED_EDGE('',*,*,#440,.T.);
#440 = EDGE_CURVE('',#417,#441,#443,.T.);
#441 = VERTEX_POINT('',#442);
#442 = CARTESIAN_POINT('',(4.492621527778,-18.54428530092,-12.6));
#443 = SURFACE_CURVE('',#444,(#448,#455),.PCURVE_S1.);
#444 = LINE('',#445,#446);
#445 = CARTESIAN_POINT('',(-1.257378472222,-18.54428530092,-12.6));
#446 = VECTOR('',#447,1.);
#447 = DIRECTION('',(1.,0.,0.));
#448 = PCURVE('',#100,#449);
#449 = DEFINITIONAL_REPRESENTATION('',(#450),#454);
#450 = LINE('',#451,#452);
#451 = CARTESIAN_POINT('',(1.570796326795,0.));
#452 = VECTOR('',#453,1.);
#453 = DIRECTION('',(0.,1.));
#454 = ( GEOMETRIC_REPRESENTATION_CONTEXT(2) 
PARAMETRIC_REPRESENTATION_CONTEXT() REPRESENTATION_CONTEXT('2D SPACE',''
  ) );
#455 = PCURVE('',#456,#461);
#456 = PLANE('',#457);
#457 = AXIS2_PLACEMENT_3D('',#458,#459,#460);
#458 = CARTESIAN_POINT('',(-1.257378472222,-18.99428530092,-12.6));
#459 = DIRECTION('',(0.,0.,1.));
#460 = DIRECTION('',(0.,1.,0.));
#461 = DEFINITIONAL_REPRESENTATION('',(#462),#466);
#462 = LINE('',#463,#464);
#463 = CARTESIAN_POINT('',(0.45,0.));
#464 = VECTOR('',#465,1.);
#465 = DIRECTION('',(0.,-1.));
#466 = ( GEOMETRIC_REPRESENTATION_CONTEXT(2) 
PARAMETRIC_REPRESENTATION_CONTEXT() REPRESENTATION_CONTEXT('2D SPACE',''
  ) );
#467 = ORIENTED_EDGE('',*,*,#468,.F.);
#468 = EDGE_CURVE('',#57,#441,#469,.T.);
#469 = SURFACE_CURVE('',#470,(#475,#482),.PCURVE_S1.);
#470 = CIRCLE('',#471,0.45);
#471 = AXIS2_PLACEMENT_3D('',#472,#473,#474);
#472 = CARTESIAN_POINT('',(4.492621527778,-18.54428530092,-12.15));
#473 = DIRECTION('',(1.,0.,0.));
#474 = DIRECTION('',(0.,-1.,0.));
#475 = PCURVE('',#100,#476);
#476 = DEFINITIONAL_REPRESENTATION('',(#477),#481);
#477 = LINE('',#478,#479);
#478 = CARTESIAN_POINT('',(0.,5.75));
#479 = VECTOR('',#480,1.);
#480 = DIRECTION('',(1.,0.));
#481 = ( GEOMETRIC_REPRESENTATION_CONTEXT(2) 
PARAMETRIC_REPRESENTATION_CONTEXT() REPRESENTATION_CONTEXT('2D SPACE',''
  ) );
#482 = PCURVE('',#368,#483);
#483 = DEFINITIONAL_REPRESENTATION('',(#484),#488);
#484 = LINE('',#485,#486);
#485 = CARTESIAN_POINT('',(-0.,6.28318530718));
#486 = VECTOR('',#487,1.);
#487 = DIRECTION('',(-1.,0.));
#488 = ( GEOMETRIC_REPRESENTATION_CONTEXT(2) 
PARAMETRIC_REPRESENTATION_CONTEXT() REPRESENTATION_CONTEXT('2D SPACE',''
  ) );
#489 = ADVANCED_FACE('',(#490),#159,.T.);
#490 = FACE_BOUND('',#491,.F.);
#491 = EDGE_LOOP('',(#492,#493,#521,#546));
#492 = ORIENTED_EDGE('',*,*,#278,.F.);
#493 = ORIENTED_EDGE('',*,*,#494,.T.);
#494 = EDGE_CURVE('',#279,#495,#497,.T.);
#495 = VERTEX_POINT('',#496);
#496 = CARTESIAN_POINT('',(-1.257378472222,-18.54428530092,-7.65));
#497 = SURFACE_CURVE('',#498,(#503,#510),.PCURVE_S1.);
#498 = CIRCLE('',#499,0.2);
#499 = AXIS2_PLACEMENT_3D('',#500,#501,#502);
#500 = CARTESIAN_POINT('',(-1.257378472222,-18.54428530092,-7.85));
#501 = DIRECTION('',(-1.,-0.,0.));
#502 = DIRECTION('',(0.,-1.,0.));
#503 = PCURVE('',#159,#504);
#504 = DEFINITIONAL_REPRESENTATION('',(#505),#509);
#505 = LINE('',#506,#507);
#506 = CARTESIAN_POINT('',(-0.,4.712388980385));
#507 = VECTOR('',#508,1.);
#508 = DIRECTION('',(-1.,0.));
#509 = ( GEOMETRIC_REPRESENTATION_CONTEXT(2) 
PARAMETRIC_REPRESENTATION_CONTEXT() REPRESENTATION_CONTEXT('2D SPACE',''
  ) );
#510 = PCURVE('',#314,#511);
#511 = DEFINITIONAL_REPRESENTATION('',(#512),#520);
#512 = ( BOUNDED_CURVE() B_SPLINE_CURVE(2,(#513,#514,#515,#516,#517,#518
,#519),.UNSPECIFIED.,.T.,.F.) B_SPLINE_CURVE_WITH_KNOTS((1,2,2,2,2,1),(
    -2.094395102393,0.,2.094395102393,4.188790204786,6.28318530718,
8.377580409573),.UNSPECIFIED.) CURVE() GEOMETRIC_REPRESENTATION_ITEM() 
RATIONAL_B_SPLINE_CURVE((1.,0.5,1.,0.5,1.,0.5,1.)) REPRESENTATION_ITEM(
  '') );
#513 = CARTESIAN_POINT('',(2.774590163934,2.281147540984));
#514 = CARTESIAN_POINT('',(3.121000325448,2.281147540984));
#515 = CARTESIAN_POINT('',(2.947795244691,1.981147540984));
#516 = CARTESIAN_POINT('',(2.774590163934,1.681147540984));
#517 = CARTESIAN_POINT('',(2.601385083178,1.981147540984));
#518 = CARTESIAN_POINT('',(2.428180002421,2.281147540984));
#519 = CARTESIAN_POINT('',(2.774590163934,2.281147540984));
#520 = ( GEOMETRIC_REPRESENTATION_CONTEXT(2) 
PARAMETRIC_REPRESENTATION_CONTEXT() REPRESENTATION_CONTEXT('2D SPACE',''
  ) );
#521 = ORIENTED_EDGE('',*,*,#522,.T.);
#522 = EDGE_CURVE('',#495,#143,#523,.T.);
#523 = SURFACE_CURVE('',#524,(#529,#535),.PCURVE_S1.);
#524 = CIRCLE('',#525,0.25);
#525 = AXIS2_PLACEMENT_3D('',#526,#527,#528);
#526 = CARTESIAN_POINT('',(-1.007378472222,-18.54428530092,-7.65));
#527 = DIRECTION('',(-0.,1.,6.123233995737E-17));
#528 = DIRECTION('',(0.,-6.123233995737E-17,1.));
#529 = PCURVE('',#159,#530);
#530 = DEFINITIONAL_REPRESENTATION('',(#531),#534);
#531 = B_SPLINE_CURVE_WITH_KNOTS('',1,(#532,#533),.UNSPECIFIED.,.F.,.F.,
  (2,2),(4.712388980385,6.28318530718),.PIECEWISE_BEZIER_KNOTS.);
#532 = CARTESIAN_POINT('',(-1.570796326795,4.712388980385));
#533 = CARTESIAN_POINT('',(-1.570796326795,6.28318530718));
#534 = ( GEOMETRIC_REPRESENTATION_CONTEXT(2) 
PARAMETRIC_REPRESENTATION_CONTEXT() REPRESENTATION_CONTEXT('2D SPACE',''
  ) );
#535 = PCURVE('',#536,#541);
#536 = CYLINDRICAL_SURFACE('',#537,0.25);
#537 = AXIS2_PLACEMENT_3D('',#538,#539,#540);
#538 = CARTESIAN_POINT('',(-1.007378472222,-18.54428530092,-7.65));
#539 = DIRECTION('',(-0.,1.,-0.));
#540 = DIRECTION('',(-1.,-0.,-0.));
#541 = DEFINITIONAL_REPRESENTATION('',(#542),#545);
#542 = B_SPLINE_CURVE_WITH_KNOTS('',1,(#543,#544),.UNSPECIFIED.,.F.,.F.,
  (2,2),(4.712388980385,6.28318530718),.PIECEWISE_BEZIER_KNOTS.);
#543 = CARTESIAN_POINT('',(0.,0.));
#544 = CARTESIAN_POINT('',(1.570796326795,0.));
#545 = ( GEOMETRIC_REPRESENTATION_CONTEXT(2) 
PARAMETRIC_REPRESENTATION_CONTEXT() REPRESENTATION_CONTEXT('2D SPACE',''
  ) );
#546 = ORIENTED_EDGE('',*,*,#142,.F.);
#547 = ADVANCED_FACE('',(#548),#221,.T.);
#548 = FACE_BOUND('',#549,.F.);
#549 = EDGE_LOOP('',(#550,#577,#599,#600));
#550 = ORIENTED_EDGE('',*,*,#551,.F.);
#551 = EDGE_CURVE('',#552,#179,#554,.T.);
#552 = VERTEX_POINT('',#553);
#553 = CARTESIAN_POINT('',(4.742621527778,-18.54428530092,-7.65));
#554 = SURFACE_CURVE('',#555,(#560,#566),.PCURVE_S1.);
#555 = CIRCLE('',#556,0.25);
#556 = AXIS2_PLACEMENT_3D('',#557,#558,#559);
#557 = CARTESIAN_POINT('',(4.492621527778,-18.54428530092,-7.65));
#558 = DIRECTION('',(0.,-1.,0.));
#559 = DIRECTION('',(1.,0.,0.));
#560 = PCURVE('',#221,#561);
#561 = DEFINITIONAL_REPRESENTATION('',(#562),#565);
#562 = B_SPLINE_CURVE_WITH_KNOTS('',1,(#563,#564),.UNSPECIFIED.,.F.,.F.,
  (2,2),(0.,1.570796326795),.PIECEWISE_BEZIER_KNOTS.);
#563 = CARTESIAN_POINT('',(0.,4.712388980385));
#564 = CARTESIAN_POINT('',(0.,6.28318530718));
#565 = ( GEOMETRIC_REPRESENTATION_CONTEXT(2) 
PARAMETRIC_REPRESENTATION_CONTEXT() REPRESENTATION_CONTEXT('2D SPACE',''
  ) );
#566 = PCURVE('',#567,#572);
#567 = CYLINDRICAL_SURFACE('',#568,0.25);
#568 = AXIS2_PLACEMENT_3D('',#569,#570,#571);
#569 = CARTESIAN_POINT('',(4.492621527778,-17.84428530092,-7.65));
#570 = DIRECTION('',(0.,-1.,0.));
#571 = DIRECTION('',(1.,0.,0.));
#572 = DEFINITIONAL_REPRESENTATION('',(#573),#576);
#573 = B_SPLINE_CURVE_WITH_KNOTS('',1,(#574,#575),.UNSPECIFIED.,.F.,.F.,
  (2,2),(0.,1.570796326795),.PIECEWISE_BEZIER_KNOTS.);
#574 = CARTESIAN_POINT('',(0.,0.7));
#575 = CARTESIAN_POINT('',(1.570796326795,0.7));
#576 = ( GEOMETRIC_REPRESENTATION_CONTEXT(2) 
PARAMETRIC_REPRESENTATION_CONTEXT() REPRESENTATION_CONTEXT('2D SPACE',''
  ) );
#577 = ORIENTED_EDGE('',*,*,#578,.T.);
#578 = EDGE_CURVE('',#552,#330,#579,.T.);
#579 = SURFACE_CURVE('',#580,(#585,#592),.PCURVE_S1.);
#580 = CIRCLE('',#581,0.2);
#581 = AXIS2_PLACEMENT_3D('',#582,#583,#584);
#582 = CARTESIAN_POINT('',(4.742621527778,-18.54428530092,-7.85));
#583 = DIRECTION('',(1.,0.,0.));
#584 = DIRECTION('',(-0.,0.,1.));
#585 = PCURVE('',#221,#586);
#586 = DEFINITIONAL_REPRESENTATION('',(#587),#591);
#587 = LINE('',#588,#589);
#588 = CARTESIAN_POINT('',(-0.,4.712388980385));
#589 = VECTOR('',#590,1.);
#590 = DIRECTION('',(-1.,0.));
#591 = ( GEOMETRIC_REPRESENTATION_CONTEXT(2) 
PARAMETRIC_REPRESENTATION_CONTEXT() REPRESENTATION_CONTEXT('2D SPACE',''
  ) );
#592 = PCURVE('',#400,#593);
#593 = DEFINITIONAL_REPRESENTATION('',(#594),#598);
#594 = CIRCLE('',#595,0.2);
#595 = AXIS2_PLACEMENT_2D('',#596,#597);
#596 = CARTESIAN_POINT('',(2.774590163934,2.081147540984));
#597 = DIRECTION('',(1.,0.));
#598 = ( GEOMETRIC_REPRESENTATION_CONTEXT(2) 
PARAMETRIC_REPRESENTATION_CONTEXT() REPRESENTATION_CONTEXT('2D SPACE',''
  ) );
#599 = ORIENTED_EDGE('',*,*,#329,.T.);
#600 = ORIENTED_EDGE('',*,*,#206,.F.);
#601 = ADVANCED_FACE('',(#602),#194,.F.);
#602 = FACE_BOUND('',#603,.F.);
#603 = EDGE_LOOP('',(#604,#634,#655,#656));
#604 = ORIENTED_EDGE('',*,*,#605,.T.);
#605 = EDGE_CURVE('',#606,#608,#610,.T.);
#606 = VERTEX_POINT('',#607);
#607 = CARTESIAN_POINT('',(-1.007378472222,-17.84428530092,-7.4));
#608 = VERTEX_POINT('',#609);
#609 = CARTESIAN_POINT('',(4.492621527778,-17.84428530092,-7.4));
#610 = SURFACE_CURVE('',#611,(#615,#622),.PCURVE_S1.);
#611 = LINE('',#612,#613);
#612 = CARTESIAN_POINT('',(-1.257378472222,-17.84428530092,-7.4));
#613 = VECTOR('',#614,1.);
#614 = DIRECTION('',(1.,0.,0.));
#615 = PCURVE('',#194,#616);
#616 = DEFINITIONAL_REPRESENTATION('',(#617),#621);
#617 = LINE('',#618,#619);
#618 = CARTESIAN_POINT('',(0.45,0.));
#619 = VECTOR('',#620,1.);
#620 = DIRECTION('',(0.,-1.));
#621 = ( GEOMETRIC_REPRESENTATION_CONTEXT(2) 
PARAMETRIC_REPRESENTATION_CONTEXT() REPRESENTATION_CONTEXT('2D SPACE',''
  ) );
#622 = PCURVE('',#623,#628);
#623 = CYLINDRICAL_SURFACE('',#624,0.45);
#624 = AXIS2_PLACEMENT_3D('',#625,#626,#627);
#625 = CARTESIAN_POINT('',(-1.257378472222,-17.84428530092,-7.85));
#626 = DIRECTION('',(1.,0.,0.));
#627 = DIRECTION('',(-0.,1.,0.));
#628 = DEFINITIONAL_REPRESENTATION('',(#629),#633);
#629 = LINE('',#630,#631);
#630 = CARTESIAN_POINT('',(1.570796326795,0.));
#631 = VECTOR('',#632,1.);
#632 = DIRECTION('',(0.,1.));
#633 = ( GEOMETRIC_REPRESENTATION_CONTEXT(2) 
PARAMETRIC_REPRESENTATION_CONTEXT() REPRESENTATION_CONTEXT('2D SPACE',''
  ) );
#634 = ORIENTED_EDGE('',*,*,#635,.T.);
#635 = EDGE_CURVE('',#608,#179,#636,.T.);
#636 = SURFACE_CURVE('',#637,(#641,#648),.PCURVE_S1.);
#637 = LINE('',#638,#639);
#638 = CARTESIAN_POINT('',(4.492621527778,-17.84428530092,-7.4));
#639 = VECTOR('',#640,1.);
#640 = DIRECTION('',(0.,-1.,0.));
#641 = PCURVE('',#194,#642);
#642 = DEFINITIONAL_REPRESENTATION('',(#643),#647);
#643 = LINE('',#644,#645);
#644 = CARTESIAN_POINT('',(0.45,-5.75));
#645 = VECTOR('',#646,1.);
#646 = DIRECTION('',(1.,0.));
#647 = ( GEOMETRIC_REPRESENTATION_CONTEXT(2) 
PARAMETRIC_REPRESENTATION_CONTEXT() REPRESENTATION_CONTEXT('2D SPACE',''
  ) );
#648 = PCURVE('',#567,#649);
#649 = DEFINITIONAL_REPRESENTATION('',(#650),#654);
#650 = LINE('',#651,#652);
#651 = CARTESIAN_POINT('',(1.570796326795,0.));
#652 = VECTOR('',#653,1.);
#653 = DIRECTION('',(0.,1.));
#654 = ( GEOMETRIC_REPRESENTATION_CONTEXT(2) 
PARAMETRIC_REPRESENTATION_CONTEXT() REPRESENTATION_CONTEXT('2D SPACE',''
  ) );
#655 = ORIENTED_EDGE('',*,*,#178,.F.);
#656 = ORIENTED_EDGE('',*,*,#657,.T.);
#657 = EDGE_CURVE('',#143,#606,#658,.T.);
#658 = SURFACE_CURVE('',#659,(#663,#670),.PCURVE_S1.);
#659 = LINE('',#660,#661);
#660 = CARTESIAN_POINT('',(-1.007378472222,-18.54428530092,-7.4));
#661 = VECTOR('',#662,1.);
#662 = DIRECTION('',(-0.,1.,-0.));
#663 = PCURVE('',#194,#664);
#664 = DEFINITIONAL_REPRESENTATION('',(#665),#669);
#665 = LINE('',#666,#667);
#666 = CARTESIAN_POINT('',(1.15,-0.25));
#667 = VECTOR('',#668,1.);
#668 = DIRECTION('',(-1.,0.));
#669 = ( GEOMETRIC_REPRESENTATION_CONTEXT(2) 
PARAMETRIC_REPRESENTATION_CONTEXT() REPRESENTATION_CONTEXT('2D SPACE',''
  ) );
#670 = PCURVE('',#536,#671);
#671 = DEFINITIONAL_REPRESENTATION('',(#672),#676);
#672 = LINE('',#673,#674);
#673 = CARTESIAN_POINT('',(1.570796326795,0.));
#674 = VECTOR('',#675,1.);
#675 = DIRECTION('',(0.,1.));
#676 = ( GEOMETRIC_REPRESENTATION_CONTEXT(2) 
PARAMETRIC_REPRESENTATION_CONTEXT() REPRESENTATION_CONTEXT('2D SPACE',''
  ) );
#677 = ADVANCED_FACE('',(#678),#259,.T.);
#678 = FACE_BOUND('',#679,.F.);
#679 = EDGE_LOOP('',(#680,#707,#733,#734));
#680 = ORIENTED_EDGE('',*,*,#681,.F.);
#681 = EDGE_CURVE('',#682,#417,#684,.T.);
#682 = VERTEX_POINT('',#683);
#683 = CARTESIAN_POINT('',(-1.257378472222,-18.54428530092,-12.35));
#684 = SURFACE_CURVE('',#685,(#690,#696),.PCURVE_S1.);
#685 = CIRCLE('',#686,0.25);
#686 = AXIS2_PLACEMENT_3D('',#687,#688,#689);
#687 = CARTESIAN_POINT('',(-1.007378472222,-18.54428530092,-12.35));
#688 = DIRECTION('',(-0.,-1.,-0.));
#689 = DIRECTION('',(-1.,0.,0.));
#690 = PCURVE('',#259,#691);
#691 = DEFINITIONAL_REPRESENTATION('',(#692),#695);
#692 = B_SPLINE_CURVE_WITH_KNOTS('',1,(#693,#694),.UNSPECIFIED.,.F.,.F.,
  (2,2),(0.,1.570796326795),.PIECEWISE_BEZIER_KNOTS.);
#693 = CARTESIAN_POINT('',(0.,4.712388980385));
#694 = CARTESIAN_POINT('',(0.,6.28318530718));
#695 = ( GEOMETRIC_REPRESENTATION_CONTEXT(2) 
PARAMETRIC_REPRESENTATION_CONTEXT() REPRESENTATION_CONTEXT('2D SPACE',''
  ) );
#696 = PCURVE('',#697,#702);
#697 = CYLINDRICAL_SURFACE('',#698,0.25);
#698 = AXIS2_PLACEMENT_3D('',#699,#700,#701);
#699 = CARTESIAN_POINT('',(-1.007378472222,-13.44428530092,-12.35));
#700 = DIRECTION('',(-0.,-1.,-0.));
#701 = DIRECTION('',(-1.,0.,0.));
#702 = DEFINITIONAL_REPRESENTATION('',(#703),#706);
#703 = B_SPLINE_CURVE_WITH_KNOTS('',1,(#704,#705),.UNSPECIFIED.,.F.,.F.,
  (2,2),(0.,1.570796326795),.PIECEWISE_BEZIER_KNOTS.);
#704 = CARTESIAN_POINT('',(0.,5.1));
#705 = CARTESIAN_POINT('',(1.570796326795,5.1));
#706 = ( GEOMETRIC_REPRESENTATION_CONTEXT(2) 
PARAMETRIC_REPRESENTATION_CONTEXT() REPRESENTATION_CONTEXT('2D SPACE',''
  ) );
#707 = ORIENTED_EDGE('',*,*,#708,.T.);
#708 = EDGE_CURVE('',#682,#244,#709,.T.);
#709 = SURFACE_CURVE('',#710,(#715,#722),.PCURVE_S1.);
#710 = CIRCLE('',#711,0.2);
#711 = AXIS2_PLACEMENT_3D('',#712,#713,#714);
#712 = CARTESIAN_POINT('',(-1.257378472222,-18.54428530092,-12.15));
#713 = DIRECTION('',(-1.,-0.,-0.));
#714 = DIRECTION('',(0.,0.,-1.));
#715 = PCURVE('',#259,#716);
#716 = DEFINITIONAL_REPRESENTATION('',(#717),#721);
#717 = LINE('',#718,#719);
#718 = CARTESIAN_POINT('',(-0.,4.712388980385));
#719 = VECTOR('',#720,1.);
#720 = DIRECTION('',(-1.,0.));
#721 = ( GEOMETRIC_REPRESENTATION_CONTEXT(2) 
PARAMETRIC_REPRESENTATION_CONTEXT() REPRESENTATION_CONTEXT('2D SPACE',''
  ) );
#722 = PCURVE('',#314,#723);
#723 = DEFINITIONAL_REPRESENTATION('',(#724),#732);
#724 = ( BOUNDED_CURVE() B_SPLINE_CURVE(2,(#725,#726,#727,#728,#729,#730
,#731),.UNSPECIFIED.,.T.,.F.) B_SPLINE_CURVE_WITH_KNOTS((1,2,2,2,2,1),(
    -2.094395102393,0.,2.094395102393,4.188790204786,6.28318530718,
8.377580409573),.UNSPECIFIED.) CURVE() GEOMETRIC_REPRESENTATION_ITEM() 
RATIONAL_B_SPLINE_CURVE((1.,0.5,1.,0.5,1.,0.5,1.)) REPRESENTATION_ITEM(
  '') );
#725 = CARTESIAN_POINT('',(-1.725409836066,2.081147540984));
#726 = CARTESIAN_POINT('',(-1.725409836066,2.427557702497));
#727 = CARTESIAN_POINT('',(-1.425409836066,2.25435262174));
#728 = CARTESIAN_POINT('',(-1.125409836066,2.081147540984));
#729 = CARTESIAN_POINT('',(-1.425409836066,1.907942460227));
#730 = CARTESIAN_POINT('',(-1.725409836066,1.73473737947));
#731 = CARTESIAN_POINT('',(-1.725409836066,2.081147540984));
#732 = ( GEOMETRIC_REPRESENTATION_CONTEXT(2) 
PARAMETRIC_REPRESENTATION_CONTEXT() REPRESENTATION_CONTEXT('2D SPACE',''
  ) );
#733 = ORIENTED_EDGE('',*,*,#243,.T.);
#734 = ORIENTED_EDGE('',*,*,#416,.F.);
#735 = ADVANCED_FACE('',(#736),#314,.F.);
#736 = FACE_BOUND('',#737,.F.);
#737 = EDGE_LOOP('',(#738,#739,#740,#741,#764,#804,#832,#872,#900,#940,
    #968,#997,#1025,#1054,#1082,#1122));
#738 = ORIENTED_EDGE('',*,*,#494,.F.);
#739 = ORIENTED_EDGE('',*,*,#300,.F.);
#740 = ORIENTED_EDGE('',*,*,#708,.F.);
#741 = ORIENTED_EDGE('',*,*,#742,.F.);
#742 = EDGE_CURVE('',#743,#682,#745,.T.);
#743 = VERTEX_POINT('',#744);
#744 = CARTESIAN_POINT('',(-1.257378472222,-13.44428530092,-12.35));
#745 = SURFACE_CURVE('',#746,(#750,#757),.PCURVE_S1.);
#746 = LINE('',#747,#748);
#747 = CARTESIAN_POINT('',(-1.257378472222,-13.44428530092,-12.35));
#748 = VECTOR('',#749,1.);
#749 = DIRECTION('',(-0.,-1.,-0.));
#750 = PCURVE('',#314,#751);
#751 = DEFINITIONAL_REPRESENTATION('',(#752),#756);
#752 = LINE('',#753,#754);
#753 = CARTESIAN_POINT('',(-1.725409836066,-3.018852459016));
#754 = VECTOR('',#755,1.);
#755 = DIRECTION('',(0.,1.));
#756 = ( GEOMETRIC_REPRESENTATION_CONTEXT(2) 
PARAMETRIC_REPRESENTATION_CONTEXT() REPRESENTATION_CONTEXT('2D SPACE',''
  ) );
#757 = PCURVE('',#697,#758);
#758 = DEFINITIONAL_REPRESENTATION('',(#759),#763);
#759 = LINE('',#760,#761);
#760 = CARTESIAN_POINT('',(0.,0.));
#761 = VECTOR('',#762,1.);
#762 = DIRECTION('',(0.,1.));
#763 = ( GEOMETRIC_REPRESENTATION_CONTEXT(2) 
PARAMETRIC_REPRESENTATION_CONTEXT() REPRESENTATION_CONTEXT('2D SPACE',''
  ) );
#764 = ORIENTED_EDGE('',*,*,#765,.F.);
#765 = EDGE_CURVE('',#766,#743,#768,.T.);
#766 = VERTEX_POINT('',#767);
#767 = CARTESIAN_POINT('',(-1.257378472222,-13.24428530092,-12.15));
#768 = SURFACE_CURVE('',#769,(#774,#785),.PCURVE_S1.);
#769 = CIRCLE('',#770,0.2);
#770 = AXIS2_PLACEMENT_3D('',#771,#772,#773);
#771 = CARTESIAN_POINT('',(-1.257378472222,-13.44428530092,-12.15));
#772 = DIRECTION('',(-1.,0.,-0.));
#773 = DIRECTION('',(-0.,1.,0.));
#774 = PCURVE('',#314,#775);
#775 = DEFINITIONAL_REPRESENTATION('',(#776),#784);
#776 = ( BOUNDED_CURVE() B_SPLINE_CURVE(2,(#777,#778,#779,#780,#781,#782
,#783),.UNSPECIFIED.,.T.,.F.) B_SPLINE_CURVE_WITH_KNOTS((1,2,2,2,2,1),(
    -2.094395102393,0.,2.094395102393,4.188790204786,6.28318530718,
8.377580409573),.UNSPECIFIED.) CURVE() GEOMETRIC_REPRESENTATION_ITEM() 
RATIONAL_B_SPLINE_CURVE((1.,0.5,1.,0.5,1.,0.5,1.)) REPRESENTATION_ITEM(
  '') );
#777 = CARTESIAN_POINT('',(-1.525409836066,-3.218852459016));
#778 = CARTESIAN_POINT('',(-1.871819997579,-3.218852459016));
#779 = CARTESIAN_POINT('',(-1.698614916822,-2.918852459016));
#780 = CARTESIAN_POINT('',(-1.525409836066,-2.618852459016));
#781 = CARTESIAN_POINT('',(-1.352204755309,-2.918852459016));
#782 = CARTESIAN_POINT('',(-1.178999674552,-3.218852459016));
#783 = CARTESIAN_POINT('',(-1.525409836066,-3.218852459016));
#784 = ( GEOMETRIC_REPRESENTATION_CONTEXT(2) 
PARAMETRIC_REPRESENTATION_CONTEXT() REPRESENTATION_CONTEXT('2D SPACE',''
  ) );
#785 = PCURVE('',#786,#798);
#786 = SURFACE_OF_REVOLUTION('',#787,#795);
#787 = B_SPLINE_CURVE_WITH_KNOTS('',6,(#788,#789,#790,#791,#792,#793,
    #794),.UNSPECIFIED.,.F.,.F.,(7,7),(4.712388980385,6.28318530718),
  .PIECEWISE_BEZIER_KNOTS.);
#788 = CARTESIAN_POINT('',(-1.257378472222,-13.24428530092,-12.15));
#789 = CARTESIAN_POINT('',(-1.257378472222,-13.17883545397,-12.15));
#790 = CARTESIAN_POINT('',(-1.236821550717,-13.11339117575,-12.15));
#791 = CARTESIAN_POINT('',(-1.195676009632,-13.05598776351,-12.15));
#792 = CARTESIAN_POINT('',(-1.138272597399,-13.01484222243,-12.15));
#793 = CARTESIAN_POINT('',(-1.072828319172,-12.99428530092,-12.15));
#794 = CARTESIAN_POINT('',(-1.007378472222,-12.99428530092,-12.15));
#795 = AXIS1_PLACEMENT('',#796,#797);
#796 = CARTESIAN_POINT('',(-1.007378472222,-13.44428530092,-12.15));
#797 = DIRECTION('',(1.,0.,0.));
#798 = DEFINITIONAL_REPRESENTATION('',(#799),#803);
#799 = LINE('',#800,#801);
#800 = CARTESIAN_POINT('',(-0.,4.712388980385));
#801 = VECTOR('',#802,1.);
#802 = DIRECTION('',(-1.,0.));
#803 = ( GEOMETRIC_REPRESENTATION_CONTEXT(2) 
PARAMETRIC_REPRESENTATION_CONTEXT() REPRESENTATION_CONTEXT('2D SPACE',''
  ) );
#804 = ORIENTED_EDGE('',*,*,#805,.F.);
#805 = EDGE_CURVE('',#806,#766,#808,.T.);
#806 = VERTEX_POINT('',#807);
#807 = CARTESIAN_POINT('',(-1.257378472222,-13.24428530092,-10.45));
#808 = SURFACE_CURVE('',#809,(#813,#820),.PCURVE_S1.);
#809 = LINE('',#810,#811);
#810 = CARTESIAN_POINT('',(-1.257378472222,-13.24428530092,-10.45));
#811 = VECTOR('',#812,1.);
#812 = DIRECTION('',(-0.,-0.,-1.));
#813 = PCURVE('',#314,#814);
#814 = DEFINITIONAL_REPRESENTATION('',(#815),#819);
#815 = LINE('',#816,#817);
#816 = CARTESIAN_POINT('',(0.174590163934,-3.218852459016));
#817 = VECTOR('',#818,1.);
#818 = DIRECTION('',(-1.,0.));
#819 = ( GEOMETRIC_REPRESENTATION_CONTEXT(2) 
PARAMETRIC_REPRESENTATION_CONTEXT() REPRESENTATION_CONTEXT('2D SPACE',''
  ) );
#820 = PCURVE('',#821,#826);
#821 = CYLINDRICAL_SURFACE('',#822,0.25);
#822 = AXIS2_PLACEMENT_3D('',#823,#824,#825);
#823 = CARTESIAN_POINT('',(-1.007378472222,-13.24428530092,-10.45));
#824 = DIRECTION('',(-0.,-0.,-1.));
#825 = DIRECTION('',(-1.,0.,0.));
#826 = DEFINITIONAL_REPRESENTATION('',(#827),#831);
#827 = LINE('',#828,#829);
#828 = CARTESIAN_POINT('',(0.,0.));
#829 = VECTOR('',#830,1.);
#830 = DIRECTION('',(0.,1.));
#831 = ( GEOMETRIC_REPRESENTATION_CONTEXT(2) 
PARAMETRIC_REPRESENTATION_CONTEXT() REPRESENTATION_CONTEXT('2D SPACE',''
  ) );
#832 = ORIENTED_EDGE('',*,*,#833,.F.);
#833 = EDGE_CURVE('',#834,#806,#836,.T.);
#834 = VERTEX_POINT('',#835);
#835 = CARTESIAN_POINT('',(-1.257378472222,-13.44428530092,-10.25));
#836 = SURFACE_CURVE('',#837,(#842,#853),.PCURVE_S1.);
#837 = CIRCLE('',#838,0.2);
#838 = AXIS2_PLACEMENT_3D('',#839,#840,#841);
#839 = CARTESIAN_POINT('',(-1.257378472222,-13.44428530092,-10.45));
#840 = DIRECTION('',(-1.,0.,-0.));
#841 = DIRECTION('',(-0.,0.,1.));
#842 = PCURVE('',#314,#843);
#843 = DEFINITIONAL_REPRESENTATION('',(#844),#852);
#844 = ( BOUNDED_CURVE() B_SPLINE_CURVE(2,(#845,#846,#847,#848,#849,#850
,#851),.UNSPECIFIED.,.T.,.F.) B_SPLINE_CURVE_WITH_KNOTS((1,2,2,2,2,1),(
    -2.094395102393,0.,2.094395102393,4.188790204786,6.28318530718,
8.377580409573),.UNSPECIFIED.) CURVE() GEOMETRIC_REPRESENTATION_ITEM() 
RATIONAL_B_SPLINE_CURVE((1.,0.5,1.,0.5,1.,0.5,1.)) REPRESENTATION_ITEM(
  '') );
#845 = CARTESIAN_POINT('',(0.374590163934,-3.018852459016));
#846 = CARTESIAN_POINT('',(0.374590163934,-3.36526262053));
#847 = CARTESIAN_POINT('',(7.459016393443E-02,-3.192057539773));
#848 = CARTESIAN_POINT('',(-0.225409836066,-3.018852459016));
#849 = CARTESIAN_POINT('',(7.459016393443E-02,-2.84564737826));
#850 = CARTESIAN_POINT('',(0.374590163934,-2.672442297503));
#851 = CARTESIAN_POINT('',(0.374590163934,-3.018852459016));
#852 = ( GEOMETRIC_REPRESENTATION_CONTEXT(2) 
PARAMETRIC_REPRESENTATION_CONTEXT() REPRESENTATION_CONTEXT('2D SPACE',''
  ) );
#853 = PCURVE('',#854,#866);
#854 = SURFACE_OF_REVOLUTION('',#855,#863);
#855 = B_SPLINE_CURVE_WITH_KNOTS('',6,(#856,#857,#858,#859,#860,#861,
    #862),.UNSPECIFIED.,.F.,.F.,(7,7),(4.712388980385,6.28318530718),
  .PIECEWISE_BEZIER_KNOTS.);
#856 = CARTESIAN_POINT('',(-1.257378472222,-13.44428530092,-10.25));
#857 = CARTESIAN_POINT('',(-1.257378472222,-13.44428530092,
    -10.18455015305));
#858 = CARTESIAN_POINT('',(-1.236821550717,-13.44428530092,
    -10.11910587482));
#859 = CARTESIAN_POINT('',(-1.195676009632,-13.44428530092,
    -10.06170246259));
#860 = CARTESIAN_POINT('',(-1.138272597399,-13.44428530092,
    -10.0205569215));
#861 = CARTESIAN_POINT('',(-1.072828319172,-13.44428530092,-10.));
#862 = CARTESIAN_POINT('',(-1.007378472222,-13.44428530092,-10.));
#863 = AXIS1_PLACEMENT('',#864,#865);
#864 = CARTESIAN_POINT('',(-1.007378472222,-13.44428530092,-10.45));
#865 = DIRECTION('',(1.,0.,0.));
#866 = DEFINITIONAL_REPRESENTATION('',(#867),#871);
#867 = LINE('',#868,#869);
#868 = CARTESIAN_POINT('',(-0.,4.712388980385));
#869 = VECTOR('',#870,1.);
#870 = DIRECTION('',(-1.,0.));
#871 = ( GEOMETRIC_REPRESENTATION_CONTEXT(2) 
PARAMETRIC_REPRESENTATION_CONTEXT() REPRESENTATION_CONTEXT('2D SPACE',''
  ) );
#872 = ORIENTED_EDGE('',*,*,#873,.F.);
#873 = EDGE_CURVE('',#874,#834,#876,.T.);
#874 = VERTEX_POINT('',#875);
#875 = CARTESIAN_POINT('',(-1.257378472222,-14.14428530092,-10.25));
#876 = SURFACE_CURVE('',#877,(#881,#888),.PCURVE_S1.);
#877 = LINE('',#878,#879);
#878 = CARTESIAN_POINT('',(-1.257378472222,-14.14428530092,-10.25));
#879 = VECTOR('',#880,1.);
#880 = DIRECTION('',(-0.,1.,-0.));
#881 = PCURVE('',#314,#882);
#882 = DEFINITIONAL_REPRESENTATION('',(#883),#887);
#883 = LINE('',#884,#885);
#884 = CARTESIAN_POINT('',(0.374590163934,-2.318852459016));
#885 = VECTOR('',#886,1.);
#886 = DIRECTION('',(0.,-1.));
#887 = ( GEOMETRIC_REPRESENTATION_CONTEXT(2) 
PARAMETRIC_REPRESENTATION_CONTEXT() REPRESENTATION_CONTEXT('2D SPACE',''
  ) );
#888 = PCURVE('',#889,#894);
#889 = CYLINDRICAL_SURFACE('',#890,0.25);
#890 = AXIS2_PLACEMENT_3D('',#891,#892,#893);
#891 = CARTESIAN_POINT('',(-1.007378472222,-14.14428530092,-10.25));
#892 = DIRECTION('',(-0.,1.,-0.));
#893 = DIRECTION('',(-1.,-0.,-0.));
#894 = DEFINITIONAL_REPRESENTATION('',(#895),#899);
#895 = LINE('',#896,#897);
#896 = CARTESIAN_POINT('',(0.,0.));
#897 = VECTOR('',#898,1.);
#898 = DIRECTION('',(0.,1.));
#899 = ( GEOMETRIC_REPRESENTATION_CONTEXT(2) 
PARAMETRIC_REPRESENTATION_CONTEXT() REPRESENTATION_CONTEXT('2D SPACE',''
  ) );
#900 = ORIENTED_EDGE('',*,*,#901,.F.);
#901 = EDGE_CURVE('',#902,#874,#904,.T.);
#902 = VERTEX_POINT('',#903);
#903 = CARTESIAN_POINT('',(-1.257378472222,-14.34428530092,-10.45));
#904 = SURFACE_CURVE('',#905,(#910,#921),.PCURVE_S1.);
#905 = CIRCLE('',#906,0.2);
#906 = AXIS2_PLACEMENT_3D('',#907,#908,#909);
#907 = CARTESIAN_POINT('',(-1.257378472222,-14.14428530092,-10.45));
#908 = DIRECTION('',(-1.,-0.,0.));
#909 = DIRECTION('',(0.,-1.,0.));
#910 = PCURVE('',#314,#911);
#911 = DEFINITIONAL_REPRESENTATION('',(#912),#920);
#912 = ( BOUNDED_CURVE() B_SPLINE_CURVE(2,(#913,#914,#915,#916,#917,#918
,#919),.UNSPECIFIED.,.T.,.F.) B_SPLINE_CURVE_WITH_KNOTS((1,2,2,2,2,1),(
    -2.094395102393,0.,2.094395102393,4.188790204786,6.28318530718,
8.377580409573),.UNSPECIFIED.) CURVE() GEOMETRIC_REPRESENTATION_ITEM() 
RATIONAL_B_SPLINE_CURVE((1.,0.5,1.,0.5,1.,0.5,1.)) REPRESENTATION_ITEM(
  '') );
#913 = CARTESIAN_POINT('',(0.174590163934,-2.118852459016));
#914 = CARTESIAN_POINT('',(0.521000325448,-2.118852459016));
#915 = CARTESIAN_POINT('',(0.347795244691,-2.418852459016));
#916 = CARTESIAN_POINT('',(0.174590163934,-2.718852459016));
#917 = CARTESIAN_POINT('',(1.385083177539E-03,-2.418852459016));
#918 = CARTESIAN_POINT('',(-0.171819997579,-2.118852459016));
#919 = CARTESIAN_POINT('',(0.174590163934,-2.118852459016));
#920 = ( GEOMETRIC_REPRESENTATION_CONTEXT(2) 
PARAMETRIC_REPRESENTATION_CONTEXT() REPRESENTATION_CONTEXT('2D SPACE',''
  ) );
#921 = PCURVE('',#922,#934);
#922 = SURFACE_OF_REVOLUTION('',#923,#931);
#923 = B_SPLINE_CURVE_WITH_KNOTS('',6,(#924,#925,#926,#927,#928,#929,
    #930),.UNSPECIFIED.,.F.,.F.,(7,7),(4.712388980385,6.28318530718),
  .PIECEWISE_BEZIER_KNOTS.);
#924 = CARTESIAN_POINT('',(-1.257378472222,-14.34428530092,-10.45));
#925 = CARTESIAN_POINT('',(-1.257378472222,-14.40973514787,-10.45));
#926 = CARTESIAN_POINT('',(-1.236821550717,-14.4751794261,-10.45));
#927 = CARTESIAN_POINT('',(-1.195676009632,-14.53258283833,-10.45));
#928 = CARTESIAN_POINT('',(-1.138272597399,-14.57372837942,-10.45));
#929 = CARTESIAN_POINT('',(-1.072828319172,-14.59428530092,-10.45));
#930 = CARTESIAN_POINT('',(-1.007378472222,-14.59428530092,-10.45));
#931 = AXIS1_PLACEMENT('',#932,#933);
#932 = CARTESIAN_POINT('',(-1.007378472222,-14.14428530092,-10.45));
#933 = DIRECTION('',(1.,0.,0.));
#934 = DEFINITIONAL_REPRESENTATION('',(#935),#939);
#935 = LINE('',#936,#937);
#936 = CARTESIAN_POINT('',(-0.,4.712388980385));
#937 = VECTOR('',#938,1.);
#938 = DIRECTION('',(-1.,0.));
#939 = ( GEOMETRIC_REPRESENTATION_CONTEXT(2) 
PARAMETRIC_REPRESENTATION_CONTEXT() REPRESENTATION_CONTEXT('2D SPACE',''
  ) );
#940 = ORIENTED_EDGE('',*,*,#941,.F.);
#941 = EDGE_CURVE('',#942,#902,#944,.T.);
#942 = VERTEX_POINT('',#943);
#943 = CARTESIAN_POINT('',(-1.257378472222,-14.34428530092,-10.55));
#944 = SURFACE_CURVE('',#945,(#949,#956),.PCURVE_S1.);
#945 = LINE('',#946,#947);
#946 = CARTESIAN_POINT('',(-1.257378472222,-14.34428530092,-10.55));
#947 = VECTOR('',#948,1.);
#948 = DIRECTION('',(-0.,-0.,1.));
#949 = PCURVE('',#314,#950);
#950 = DEFINITIONAL_REPRESENTATION('',(#951),#955);
#951 = LINE('',#952,#953);
#952 = CARTESIAN_POINT('',(7.459016393443E-02,-2.118852459016));
#953 = VECTOR('',#954,1.);
#954 = DIRECTION('',(1.,0.));
#955 = ( GEOMETRIC_REPRESENTATION_CONTEXT(2) 
PARAMETRIC_REPRESENTATION_CONTEXT() REPRESENTATION_CONTEXT('2D SPACE',''
  ) );
#956 = PCURVE('',#957,#962);
#957 = CYLINDRICAL_SURFACE('',#958,0.25);
#958 = AXIS2_PLACEMENT_3D('',#959,#960,#961);
#959 = CARTESIAN_POINT('',(-1.007378472222,-14.34428530092,-10.55));
#960 = DIRECTION('',(-0.,-0.,1.));
#961 = DIRECTION('',(-1.,0.,-0.));
#962 = DEFINITIONAL_REPRESENTATION('',(#963),#967);
#963 = LINE('',#964,#965);
#964 = CARTESIAN_POINT('',(0.,0.));
#965 = VECTOR('',#966,1.);
#966 = DIRECTION('',(0.,1.));
#967 = ( GEOMETRIC_REPRESENTATION_CONTEXT(2) 
PARAMETRIC_REPRESENTATION_CONTEXT() REPRESENTATION_CONTEXT('2D SPACE',''
  ) );
#968 = ORIENTED_EDGE('',*,*,#969,.F.);
#969 = EDGE_CURVE('',#970,#942,#972,.T.);
#970 = VERTEX_POINT('',#971);
#971 = CARTESIAN_POINT('',(-1.257378472222,-15.04428530092,-11.25));
#972 = SURFACE_CURVE('',#973,(#978,#985),.PCURVE_S1.);
#973 = CIRCLE('',#974,0.7);
#974 = AXIS2_PLACEMENT_3D('',#975,#976,#977);
#975 = CARTESIAN_POINT('',(-1.257378472222,-15.04428530092,-10.55));
#976 = DIRECTION('',(1.,0.,0.));
#977 = DIRECTION('',(0.,0.,-1.));
#978 = PCURVE('',#314,#979);
#979 = DEFINITIONAL_REPRESENTATION('',(#980),#984);
#980 = CIRCLE('',#981,0.7);
#981 = AXIS2_PLACEMENT_2D('',#982,#983);
#982 = CARTESIAN_POINT('',(7.459016393443E-02,-1.418852459016));
#983 = DIRECTION('',(-1.,0.));
#984 = ( GEOMETRIC_REPRESENTATION_CONTEXT(2) 
PARAMETRIC_REPRESENTATION_CONTEXT() REPRESENTATION_CONTEXT('2D SPACE',''
  ) );
#985 = PCURVE('',#986,#991);
#986 = TOROIDAL_SURFACE('',#987,0.7,0.25);
#987 = AXIS2_PLACEMENT_3D('',#988,#989,#990);
#988 = CARTESIAN_POINT('',(-1.007378472222,-15.04428530092,-10.55));
#989 = DIRECTION('',(-1.,-0.,-0.));
#990 = DIRECTION('',(0.,0.,-1.));
#991 = DEFINITIONAL_REPRESENTATION('',(#992),#996);
#992 = LINE('',#993,#994);
#993 = CARTESIAN_POINT('',(-0.,1.570796326795));
#994 = VECTOR('',#995,1.);
#995 = DIRECTION('',(-1.,0.));
#996 = ( GEOMETRIC_REPRESENTATION_CONTEXT(2) 
PARAMETRIC_REPRESENTATION_CONTEXT() REPRESENTATION_CONTEXT('2D SPACE',''
  ) );
#997 = ORIENTED_EDGE('',*,*,#998,.F.);
#998 = EDGE_CURVE('',#999,#970,#1001,.T.);
#999 = VERTEX_POINT('',#1000);
#1000 = CARTESIAN_POINT('',(-1.257378472222,-16.94428530092,-11.25));
#1001 = SURFACE_CURVE('',#1002,(#1006,#1013),.PCURVE_S1.);
#1002 = LINE('',#1003,#1004);
#1003 = CARTESIAN_POINT('',(-1.257378472222,-16.94428530092,-11.25));
#1004 = VECTOR('',#1005,1.);
#1005 = DIRECTION('',(-0.,1.,-0.));
#1006 = PCURVE('',#314,#1007);
#1007 = DEFINITIONAL_REPRESENTATION('',(#1008),#1012);
#1008 = LINE('',#1009,#1010);
#1009 = CARTESIAN_POINT('',(-0.625409836066,0.481147540984));
#1010 = VECTOR('',#1011,1.);
#1011 = DIRECTION('',(0.,-1.));
#1012 = ( GEOMETRIC_REPRESENTATION_CONTEXT(2) 
PARAMETRIC_REPRESENTATION_CONTEXT() REPRESENTATION_CONTEXT('2D SPACE',''
  ) );
#1013 = PCURVE('',#1014,#1019);
#1014 = CYLINDRICAL_SURFACE('',#1015,0.25);
#1015 = AXIS2_PLACEMENT_3D('',#1016,#1017,#1018);
#1016 = CARTESIAN_POINT('',(-1.007378472222,-16.94428530092,-11.25));
#1017 = DIRECTION('',(-0.,1.,-0.));
#1018 = DIRECTION('',(-1.,-0.,-0.));
#1019 = DEFINITIONAL_REPRESENTATION('',(#1020),#1024);
#1020 = LINE('',#1021,#1022);
#1021 = CARTESIAN_POINT('',(0.,0.));
#1022 = VECTOR('',#1023,1.);
#1023 = DIRECTION('',(0.,1.));
#1024 = ( GEOMETRIC_REPRESENTATION_CONTEXT(2) 
PARAMETRIC_REPRESENTATION_CONTEXT() REPRESENTATION_CONTEXT('2D SPACE',''
  ) );
#1025 = ORIENTED_EDGE('',*,*,#1026,.F.);
#1026 = EDGE_CURVE('',#1027,#999,#1029,.T.);
#1027 = VERTEX_POINT('',#1028);
#1028 = CARTESIAN_POINT('',(-1.257378472222,-17.64428530092,-10.55));
#1029 = SURFACE_CURVE('',#1030,(#1035,#1042),.PCURVE_S1.);
#1030 = CIRCLE('',#1031,0.7);
#1031 = AXIS2_PLACEMENT_3D('',#1032,#1033,#1034);
#1032 = CARTESIAN_POINT('',(-1.257378472222,-16.94428530092,-10.55));
#1033 = DIRECTION('',(1.,0.,0.));
#1034 = DIRECTION('',(0.,-1.,0.));
#1035 = PCURVE('',#314,#1036);
#1036 = DEFINITIONAL_REPRESENTATION('',(#1037),#1041);
#1037 = CIRCLE('',#1038,0.7);
#1038 = AXIS2_PLACEMENT_2D('',#1039,#1040);
#1039 = CARTESIAN_POINT('',(7.459016393443E-02,0.481147540984));
#1040 = DIRECTION('',(0.,1.));
#1041 = ( GEOMETRIC_REPRESENTATION_CONTEXT(2) 
PARAMETRIC_REPRESENTATION_CONTEXT() REPRESENTATION_CONTEXT('2D SPACE',''
  ) );
#1042 = PCURVE('',#1043,#1048);
#1043 = TOROIDAL_SURFACE('',#1044,0.7,0.25);
#1044 = AXIS2_PLACEMENT_3D('',#1045,#1046,#1047);
#1045 = CARTESIAN_POINT('',(-1.007378472222,-16.94428530092,-10.55));
#1046 = DIRECTION('',(-1.,-0.,-0.));
#1047 = DIRECTION('',(0.,-1.,0.));
#1048 = DEFINITIONAL_REPRESENTATION('',(#1049),#1053);
#1049 = LINE('',#1050,#1051);
#1050 = CARTESIAN_POINT('',(-0.,1.570796326795));
#1051 = VECTOR('',#1052,1.);
#1052 = DIRECTION('',(-1.,0.));
#1053 = ( GEOMETRIC_REPRESENTATION_CONTEXT(2) 
PARAMETRIC_REPRESENTATION_CONTEXT() REPRESENTATION_CONTEXT('2D SPACE',''
  ) );
#1054 = ORIENTED_EDGE('',*,*,#1055,.F.);
#1055 = EDGE_CURVE('',#1056,#1027,#1058,.T.);
#1056 = VERTEX_POINT('',#1057);
#1057 = CARTESIAN_POINT('',(-1.257378472222,-17.64428530092,-7.85));
#1058 = SURFACE_CURVE('',#1059,(#1063,#1070),.PCURVE_S1.);
#1059 = LINE('',#1060,#1061);
#1060 = CARTESIAN_POINT('',(-1.257378472222,-17.64428530092,-7.85));
#1061 = VECTOR('',#1062,1.);
#1062 = DIRECTION('',(-0.,-0.,-1.));
#1063 = PCURVE('',#314,#1064);
#1064 = DEFINITIONAL_REPRESENTATION('',(#1065),#1069);
#1065 = LINE('',#1066,#1067);
#1066 = CARTESIAN_POINT('',(2.774590163934,1.181147540984));
#1067 = VECTOR('',#1068,1.);
#1068 = DIRECTION('',(-1.,0.));
#1069 = ( GEOMETRIC_REPRESENTATION_CONTEXT(2) 
PARAMETRIC_REPRESENTATION_CONTEXT() REPRESENTATION_CONTEXT('2D SPACE',''
  ) );
#1070 = PCURVE('',#1071,#1076);
#1071 = CYLINDRICAL_SURFACE('',#1072,0.25);
#1072 = AXIS2_PLACEMENT_3D('',#1073,#1074,#1075);
#1073 = CARTESIAN_POINT('',(-1.007378472222,-17.64428530092,-7.85));
#1074 = DIRECTION('',(-0.,-0.,-1.));
#1075 = DIRECTION('',(-1.,0.,0.));
#1076 = DEFINITIONAL_REPRESENTATION('',(#1077),#1081);
#1077 = LINE('',#1078,#1079);
#1078 = CARTESIAN_POINT('',(0.,0.));
#1079 = VECTOR('',#1080,1.);
#1080 = DIRECTION('',(0.,1.));
#1081 = ( GEOMETRIC_REPRESENTATION_CONTEXT(2) 
PARAMETRIC_REPRESENTATION_CONTEXT() REPRESENTATION_CONTEXT('2D SPACE',''
  ) );
#1082 = ORIENTED_EDGE('',*,*,#1083,.F.);
#1083 = EDGE_CURVE('',#1084,#1056,#1086,.T.);
#1084 = VERTEX_POINT('',#1085);
#1085 = CARTESIAN_POINT('',(-1.257378472222,-17.84428530092,-7.65));
#1086 = SURFACE_CURVE('',#1087,(#1092,#1103),.PCURVE_S1.);
#1087 = CIRCLE('',#1088,0.2);
#1088 = AXIS2_PLACEMENT_3D('',#1089,#1090,#1091);
#1089 = CARTESIAN_POINT('',(-1.257378472222,-17.84428530092,-7.85));
#1090 = DIRECTION('',(-1.,0.,-0.));
#1091 = DIRECTION('',(-0.,0.,1.));
#1092 = PCURVE('',#314,#1093);
#1093 = DEFINITIONAL_REPRESENTATION('',(#1094),#1102);
#1094 = ( BOUNDED_CURVE() B_SPLINE_CURVE(2,(#1095,#1096,#1097,#1098,
#1099,#1100,#1101),.UNSPECIFIED.,.T.,.F.) B_SPLINE_CURVE_WITH_KNOTS((1,2
    ,2,2,2,1),(-2.094395102393,0.,2.094395102393,4.188790204786,
6.28318530718,8.377580409573),.UNSPECIFIED.) CURVE() 
GEOMETRIC_REPRESENTATION_ITEM() RATIONAL_B_SPLINE_CURVE((1.,0.5,1.,0.5,
1.,0.5,1.)) REPRESENTATION_ITEM('') );
#1095 = CARTESIAN_POINT('',(2.974590163934,1.381147540984));
#1096 = CARTESIAN_POINT('',(2.974590163934,1.03473737947));
#1097 = CARTESIAN_POINT('',(2.674590163934,1.207942460227));
#1098 = CARTESIAN_POINT('',(2.374590163934,1.381147540984));
#1099 = CARTESIAN_POINT('',(2.674590163934,1.55435262174));
#1100 = CARTESIAN_POINT('',(2.974590163934,1.727557702497));
#1101 = CARTESIAN_POINT('',(2.974590163934,1.381147540984));
#1102 = ( GEOMETRIC_REPRESENTATION_CONTEXT(2) 
PARAMETRIC_REPRESENTATION_CONTEXT() REPRESENTATION_CONTEXT('2D SPACE',''
  ) );
#1103 = PCURVE('',#1104,#1116);
#1104 = SURFACE_OF_REVOLUTION('',#1105,#1113);
#1105 = B_SPLINE_CURVE_WITH_KNOTS('',6,(#1106,#1107,#1108,#1109,#1110,
    #1111,#1112),.UNSPECIFIED.,.F.,.F.,(7,7),(4.712388980385,
    6.28318530718),.PIECEWISE_BEZIER_KNOTS.);
#1106 = CARTESIAN_POINT('',(-1.257378472222,-17.84428530092,-7.65));
#1107 = CARTESIAN_POINT('',(-1.257378472222,-17.84428530092,
    -7.58455015305));
#1108 = CARTESIAN_POINT('',(-1.236821550717,-17.84428530092,
    -7.519105874824));
#1109 = CARTESIAN_POINT('',(-1.195676009632,-17.84428530092,
    -7.46170246259));
#1110 = CARTESIAN_POINT('',(-1.138272597399,-17.84428530092,
    -7.420556921505));
#1111 = CARTESIAN_POINT('',(-1.072828319172,-17.84428530092,-7.4));
#1112 = CARTESIAN_POINT('',(-1.007378472222,-17.84428530092,-7.4));
#1113 = AXIS1_PLACEMENT('',#1114,#1115);
#1114 = CARTESIAN_POINT('',(-1.007378472222,-17.84428530092,-7.85));
#1115 = DIRECTION('',(1.,0.,0.));
#1116 = DEFINITIONAL_REPRESENTATION('',(#1117),#1121);
#1117 = LINE('',#1118,#1119);
#1118 = CARTESIAN_POINT('',(-0.,4.712388980385));
#1119 = VECTOR('',#1120,1.);
#1120 = DIRECTION('',(-1.,0.));
#1121 = ( GEOMETRIC_REPRESENTATION_CONTEXT(2) 
PARAMETRIC_REPRESENTATION_CONTEXT() REPRESENTATION_CONTEXT('2D SPACE',''
  ) );
#1122 = ORIENTED_EDGE('',*,*,#1123,.F.);
#1123 = EDGE_CURVE('',#495,#1084,#1124,.T.);
#1124 = SURFACE_CURVE('',#1125,(#1129,#1136),.PCURVE_S1.);
#1125 = LINE('',#1126,#1127);
#1126 = CARTESIAN_POINT('',(-1.257378472222,-18.54428530092,-7.65));
#1127 = VECTOR('',#1128,1.);
#1128 = DIRECTION('',(-0.,1.,-0.));
#1129 = PCURVE('',#314,#1130);
#1130 = DEFINITIONAL_REPRESENTATION('',(#1131),#1135);
#1131 = LINE('',#1132,#1133);
#1132 = CARTESIAN_POINT('',(2.974590163934,2.081147540984));
#1133 = VECTOR('',#1134,1.);
#1134 = DIRECTION('',(0.,-1.));
#1135 = ( GEOMETRIC_REPRESENTATION_CONTEXT(2) 
PARAMETRIC_REPRESENTATION_CONTEXT() REPRESENTATION_CONTEXT('2D SPACE',''
  ) );
#1136 = PCURVE('',#536,#1137);
#1137 = DEFINITIONAL_REPRESENTATION('',(#1138),#1142);
#1138 = LINE('',#1139,#1140);
#1139 = CARTESIAN_POINT('',(0.,0.));
#1140 = VECTOR('',#1141,1.);
#1141 = DIRECTION('',(0.,1.));
#1142 = ( GEOMETRIC_REPRESENTATION_CONTEXT(2) 
PARAMETRIC_REPRESENTATION_CONTEXT() REPRESENTATION_CONTEXT('2D SPACE',''
  ) );
#1143 = ADVANCED_FACE('',(#1144),#400,.T.);
#1144 = FACE_BOUND('',#1145,.T.);
#1145 = EDGE_LOOP('',(#1146,#1176,#1212,#1240,#1273,#1301,#1334,#1362,
    #1398,#1419,#1420,#1421,#1445,#1473,#1509,#1537));
#1146 = ORIENTED_EDGE('',*,*,#1147,.T.);
#1147 = EDGE_CURVE('',#1148,#1150,#1152,.T.);
#1148 = VERTEX_POINT('',#1149);
#1149 = CARTESIAN_POINT('',(4.742621527778,-13.44428530092,-10.25));
#1150 = VERTEX_POINT('',#1151);
#1151 = CARTESIAN_POINT('',(4.742621527778,-14.14428530092,-10.25));
#1152 = SURFACE_CURVE('',#1153,(#1157,#1164),.PCURVE_S1.);
#1153 = LINE('',#1154,#1155);
#1154 = CARTESIAN_POINT('',(4.742621527778,-13.44428530092,-10.25));
#1155 = VECTOR('',#1156,1.);
#1156 = DIRECTION('',(0.,-1.,0.));
#1157 = PCURVE('',#400,#1158);
#1158 = DEFINITIONAL_REPRESENTATION('',(#1159),#1163);
#1159 = LINE('',#1160,#1161);
#1160 = CARTESIAN_POINT('',(0.374590163934,-3.018852459016));
#1161 = VECTOR('',#1162,1.);
#1162 = DIRECTION('',(0.,1.));
#1163 = ( GEOMETRIC_REPRESENTATION_CONTEXT(2) 
PARAMETRIC_REPRESENTATION_CONTEXT() REPRESENTATION_CONTEXT('2D SPACE',''
  ) );
#1164 = PCURVE('',#1165,#1170);
#1165 = CYLINDRICAL_SURFACE('',#1166,0.25);
#1166 = AXIS2_PLACEMENT_3D('',#1167,#1168,#1169);
#1167 = CARTESIAN_POINT('',(4.492621527778,-13.44428530092,-10.25));
#1168 = DIRECTION('',(0.,-1.,0.));
#1169 = DIRECTION('',(1.,0.,0.));
#1170 = DEFINITIONAL_REPRESENTATION('',(#1171),#1175);
#1171 = LINE('',#1172,#1173);
#1172 = CARTESIAN_POINT('',(0.,0.));
#1173 = VECTOR('',#1174,1.);
#1174 = DIRECTION('',(0.,1.));
#1175 = ( GEOMETRIC_REPRESENTATION_CONTEXT(2) 
PARAMETRIC_REPRESENTATION_CONTEXT() REPRESENTATION_CONTEXT('2D SPACE',''
  ) );
#1176 = ORIENTED_EDGE('',*,*,#1177,.T.);
#1177 = EDGE_CURVE('',#1150,#1178,#1180,.T.);
#1178 = VERTEX_POINT('',#1179);
#1179 = CARTESIAN_POINT('',(4.742621527778,-14.34428530092,-10.45));
#1180 = SURFACE_CURVE('',#1181,(#1186,#1193),.PCURVE_S1.);
#1181 = CIRCLE('',#1182,0.2);
#1182 = AXIS2_PLACEMENT_3D('',#1183,#1184,#1185);
#1183 = CARTESIAN_POINT('',(4.742621527778,-14.14428530092,-10.45));
#1184 = DIRECTION('',(1.,0.,0.));
#1185 = DIRECTION('',(-0.,0.,1.));
#1186 = PCURVE('',#400,#1187);
#1187 = DEFINITIONAL_REPRESENTATION('',(#1188),#1192);
#1188 = CIRCLE('',#1189,0.2);
#1189 = AXIS2_PLACEMENT_2D('',#1190,#1191);
#1190 = CARTESIAN_POINT('',(0.174590163934,-2.318852459016));
#1191 = DIRECTION('',(1.,0.));
#1192 = ( GEOMETRIC_REPRESENTATION_CONTEXT(2) 
PARAMETRIC_REPRESENTATION_CONTEXT() REPRESENTATION_CONTEXT('2D SPACE',''
  ) );
#1193 = PCURVE('',#1194,#1206);
#1194 = SURFACE_OF_REVOLUTION('',#1195,#1203);
#1195 = B_SPLINE_CURVE_WITH_KNOTS('',6,(#1196,#1197,#1198,#1199,#1200,
    #1201,#1202),.UNSPECIFIED.,.F.,.F.,(7,7),(4.712388980385,
    6.28318530718),.PIECEWISE_BEZIER_KNOTS.);
#1196 = CARTESIAN_POINT('',(4.742621527778,-14.14428530092,-10.25));
#1197 = CARTESIAN_POINT('',(4.742621527778,-14.14428530092,
    -10.18455015305));
#1198 = CARTESIAN_POINT('',(4.722064606273,-14.14428530092,
    -10.11910587482));
#1199 = CARTESIAN_POINT('',(4.680919065188,-14.14428530092,
    -10.06170246259));
#1200 = CARTESIAN_POINT('',(4.623515652954,-14.14428530092,
    -10.0205569215));
#1201 = CARTESIAN_POINT('',(4.558071374728,-14.14428530092,-10.));
#1202 = CARTESIAN_POINT('',(4.492621527778,-14.14428530092,-10.));
#1203 = AXIS1_PLACEMENT('',#1204,#1205);
#1204 = CARTESIAN_POINT('',(4.492621527778,-14.14428530092,-10.45));
#1205 = DIRECTION('',(-1.,-0.,-0.));
#1206 = DEFINITIONAL_REPRESENTATION('',(#1207),#1211);
#1207 = LINE('',#1208,#1209);
#1208 = CARTESIAN_POINT('',(-0.,4.712388980385));
#1209 = VECTOR('',#1210,1.);
#1210 = DIRECTION('',(-1.,0.));
#1211 = ( GEOMETRIC_REPRESENTATION_CONTEXT(2) 
PARAMETRIC_REPRESENTATION_CONTEXT() REPRESENTATION_CONTEXT('2D SPACE',''
  ) );
#1212 = ORIENTED_EDGE('',*,*,#1213,.T.);
#1213 = EDGE_CURVE('',#1178,#1214,#1216,.T.);
#1214 = VERTEX_POINT('',#1215);
#1215 = CARTESIAN_POINT('',(4.742621527778,-14.34428530092,-10.55));
#1216 = SURFACE_CURVE('',#1217,(#1221,#1228),.PCURVE_S1.);
#1217 = LINE('',#1218,#1219);
#1218 = CARTESIAN_POINT('',(4.742621527778,-14.34428530092,-10.45));
#1219 = VECTOR('',#1220,1.);
#1220 = DIRECTION('',(0.,0.,-1.));
#1221 = PCURVE('',#400,#1222);
#1222 = DEFINITIONAL_REPRESENTATION('',(#1223),#1227);
#1223 = LINE('',#1224,#1225);
#1224 = CARTESIAN_POINT('',(0.174590163934,-2.118852459016));
#1225 = VECTOR('',#1226,1.);
#1226 = DIRECTION('',(-1.,0.));
#1227 = ( GEOMETRIC_REPRESENTATION_CONTEXT(2) 
PARAMETRIC_REPRESENTATION_CONTEXT() REPRESENTATION_CONTEXT('2D SPACE',''
  ) );
#1228 = PCURVE('',#1229,#1234);
#1229 = CYLINDRICAL_SURFACE('',#1230,0.25);
#1230 = AXIS2_PLACEMENT_3D('',#1231,#1232,#1233);
#1231 = CARTESIAN_POINT('',(4.492621527778,-14.34428530092,-10.45));
#1232 = DIRECTION('',(0.,0.,-1.));
#1233 = DIRECTION('',(1.,0.,0.));
#1234 = DEFINITIONAL_REPRESENTATION('',(#1235),#1239);
#1235 = LINE('',#1236,#1237);
#1236 = CARTESIAN_POINT('',(0.,0.));
#1237 = VECTOR('',#1238,1.);
#1238 = DIRECTION('',(0.,1.));
#1239 = ( GEOMETRIC_REPRESENTATION_CONTEXT(2) 
PARAMETRIC_REPRESENTATION_CONTEXT() REPRESENTATION_CONTEXT('2D SPACE',''
  ) );
#1240 = ORIENTED_EDGE('',*,*,#1241,.T.);
#1241 = EDGE_CURVE('',#1214,#1242,#1244,.T.);
#1242 = VERTEX_POINT('',#1243);
#1243 = CARTESIAN_POINT('',(4.742621527778,-15.04428530092,-11.25));
#1244 = SURFACE_CURVE('',#1245,(#1250,#1261),.PCURVE_S1.);
#1245 = CIRCLE('',#1246,0.7);
#1246 = AXIS2_PLACEMENT_3D('',#1247,#1248,#1249);
#1247 = CARTESIAN_POINT('',(4.742621527778,-15.04428530092,-10.55));
#1248 = DIRECTION('',(-1.,0.,-0.));
#1249 = DIRECTION('',(-0.,1.,0.));
#1250 = PCURVE('',#400,#1251);
#1251 = DEFINITIONAL_REPRESENTATION('',(#1252),#1260);
#1252 = ( BOUNDED_CURVE() B_SPLINE_CURVE(2,(#1253,#1254,#1255,#1256,
#1257,#1258,#1259),.UNSPECIFIED.,.T.,.F.) B_SPLINE_CURVE_WITH_KNOTS((1,2
    ,2,2,2,1),(-2.094395102393,0.,2.094395102393,4.188790204786,
6.28318530718,8.377580409573),.UNSPECIFIED.) CURVE() 
GEOMETRIC_REPRESENTATION_ITEM() RATIONAL_B_SPLINE_CURVE((1.,0.5,1.,0.5,
1.,0.5,1.)) REPRESENTATION_ITEM('') );
#1253 = CARTESIAN_POINT('',(7.459016393443E-02,-2.118852459016));
#1254 = CARTESIAN_POINT('',(-1.137845401364,-2.118852459016));
#1255 = CARTESIAN_POINT('',(-0.531627618715,-1.068852459016));
#1256 = CARTESIAN_POINT('',(7.459016393443E-02,-1.885245901639E-02));
#1257 = CARTESIAN_POINT('',(0.680807946584,-1.068852459016));
#1258 = CARTESIAN_POINT('',(1.287025729233,-2.118852459016));
#1259 = CARTESIAN_POINT('',(7.459016393443E-02,-2.118852459016));
#1260 = ( GEOMETRIC_REPRESENTATION_CONTEXT(2) 
PARAMETRIC_REPRESENTATION_CONTEXT() REPRESENTATION_CONTEXT('2D SPACE',''
  ) );
#1261 = PCURVE('',#1262,#1267);
#1262 = TOROIDAL_SURFACE('',#1263,0.7,0.25);
#1263 = AXIS2_PLACEMENT_3D('',#1264,#1265,#1266);
#1264 = CARTESIAN_POINT('',(4.492621527778,-15.04428530092,-10.55));
#1265 = DIRECTION('',(1.,0.,0.));
#1266 = DIRECTION('',(-0.,1.,0.));
#1267 = DEFINITIONAL_REPRESENTATION('',(#1268),#1272);
#1268 = LINE('',#1269,#1270);
#1269 = CARTESIAN_POINT('',(-0.,1.570796326795));
#1270 = VECTOR('',#1271,1.);
#1271 = DIRECTION('',(-1.,0.));
#1272 = ( GEOMETRIC_REPRESENTATION_CONTEXT(2) 
PARAMETRIC_REPRESENTATION_CONTEXT() REPRESENTATION_CONTEXT('2D SPACE',''
  ) );
#1273 = ORIENTED_EDGE('',*,*,#1274,.T.);
#1274 = EDGE_CURVE('',#1242,#1275,#1277,.T.);
#1275 = VERTEX_POINT('',#1276);
#1276 = CARTESIAN_POINT('',(4.742621527778,-16.94428530092,-11.25));
#1277 = SURFACE_CURVE('',#1278,(#1282,#1289),.PCURVE_S1.);
#1278 = LINE('',#1279,#1280);
#1279 = CARTESIAN_POINT('',(4.742621527778,-15.04428530092,-11.25));
#1280 = VECTOR('',#1281,1.);
#1281 = DIRECTION('',(0.,-1.,0.));
#1282 = PCURVE('',#400,#1283);
#1283 = DEFINITIONAL_REPRESENTATION('',(#1284),#1288);
#1284 = LINE('',#1285,#1286);
#1285 = CARTESIAN_POINT('',(-0.625409836066,-1.418852459016));
#1286 = VECTOR('',#1287,1.);
#1287 = DIRECTION('',(0.,1.));
#1288 = ( GEOMETRIC_REPRESENTATION_CONTEXT(2) 
PARAMETRIC_REPRESENTATION_CONTEXT() REPRESENTATION_CONTEXT('2D SPACE',''
  ) );
#1289 = PCURVE('',#1290,#1295);
#1290 = CYLINDRICAL_SURFACE('',#1291,0.25);
#1291 = AXIS2_PLACEMENT_3D('',#1292,#1293,#1294);
#1292 = CARTESIAN_POINT('',(4.492621527778,-15.04428530092,-11.25));
#1293 = DIRECTION('',(0.,-1.,0.));
#1294 = DIRECTION('',(1.,0.,0.));
#1295 = DEFINITIONAL_REPRESENTATION('',(#1296),#1300);
#1296 = LINE('',#1297,#1298);
#1297 = CARTESIAN_POINT('',(0.,0.));
#1298 = VECTOR('',#1299,1.);
#1299 = DIRECTION('',(0.,1.));
#1300 = ( GEOMETRIC_REPRESENTATION_CONTEXT(2) 
PARAMETRIC_REPRESENTATION_CONTEXT() REPRESENTATION_CONTEXT('2D SPACE',''
  ) );
#1301 = ORIENTED_EDGE('',*,*,#1302,.T.);
#1302 = EDGE_CURVE('',#1275,#1303,#1305,.T.);
#1303 = VERTEX_POINT('',#1304);
#1304 = CARTESIAN_POINT('',(4.742621527778,-17.64428530092,-10.55));
#1305 = SURFACE_CURVE('',#1306,(#1311,#1322),.PCURVE_S1.);
#1306 = CIRCLE('',#1307,0.7);
#1307 = AXIS2_PLACEMENT_3D('',#1308,#1309,#1310);
#1308 = CARTESIAN_POINT('',(4.742621527778,-16.94428530092,-10.55));
#1309 = DIRECTION('',(-1.,-0.,-0.));
#1310 = DIRECTION('',(0.,0.,-1.));
#1311 = PCURVE('',#400,#1312);
#1312 = DEFINITIONAL_REPRESENTATION('',(#1313),#1321);
#1313 = ( BOUNDED_CURVE() B_SPLINE_CURVE(2,(#1314,#1315,#1316,#1317,
#1318,#1319,#1320),.UNSPECIFIED.,.T.,.F.) B_SPLINE_CURVE_WITH_KNOTS((1,2
    ,2,2,2,1),(-2.094395102393,0.,2.094395102393,4.188790204786,
6.28318530718,8.377580409573),.UNSPECIFIED.) CURVE() 
GEOMETRIC_REPRESENTATION_ITEM() RATIONAL_B_SPLINE_CURVE((1.,0.5,1.,0.5,
1.,0.5,1.)) REPRESENTATION_ITEM('') );
#1314 = CARTESIAN_POINT('',(-0.625409836066,0.481147540984));
#1315 = CARTESIAN_POINT('',(-0.625409836066,1.693583106282));
#1316 = CARTESIAN_POINT('',(0.424590163934,1.087365323633));
#1317 = CARTESIAN_POINT('',(1.474590163934,0.481147540984));
#1318 = CARTESIAN_POINT('',(0.424590163934,-0.125070241665));
#1319 = CARTESIAN_POINT('',(-0.625409836066,-0.731288024315));
#1320 = CARTESIAN_POINT('',(-0.625409836066,0.481147540984));
#1321 = ( GEOMETRIC_REPRESENTATION_CONTEXT(2) 
PARAMETRIC_REPRESENTATION_CONTEXT() REPRESENTATION_CONTEXT('2D SPACE',''
  ) );
#1322 = PCURVE('',#1323,#1328);
#1323 = TOROIDAL_SURFACE('',#1324,0.7,0.25);
#1324 = AXIS2_PLACEMENT_3D('',#1325,#1326,#1327);
#1325 = CARTESIAN_POINT('',(4.492621527778,-16.94428530092,-10.55));
#1326 = DIRECTION('',(1.,0.,0.));
#1327 = DIRECTION('',(0.,0.,-1.));
#1328 = DEFINITIONAL_REPRESENTATION('',(#1329),#1333);
#1329 = LINE('',#1330,#1331);
#1330 = CARTESIAN_POINT('',(-0.,1.570796326795));
#1331 = VECTOR('',#1332,1.);
#1332 = DIRECTION('',(-1.,0.));
#1333 = ( GEOMETRIC_REPRESENTATION_CONTEXT(2) 
PARAMETRIC_REPRESENTATION_CONTEXT() REPRESENTATION_CONTEXT('2D SPACE',''
  ) );
#1334 = ORIENTED_EDGE('',*,*,#1335,.T.);
#1335 = EDGE_CURVE('',#1303,#1336,#1338,.T.);
#1336 = VERTEX_POINT('',#1337);
#1337 = CARTESIAN_POINT('',(4.742621527778,-17.64428530092,-7.85));
#1338 = SURFACE_CURVE('',#1339,(#1343,#1350),.PCURVE_S1.);
#1339 = LINE('',#1340,#1341);
#1340 = CARTESIAN_POINT('',(4.742621527778,-17.64428530092,-10.55));
#1341 = VECTOR('',#1342,1.);
#1342 = DIRECTION('',(0.,0.,1.));
#1343 = PCURVE('',#400,#1344);
#1344 = DEFINITIONAL_REPRESENTATION('',(#1345),#1349);
#1345 = LINE('',#1346,#1347);
#1346 = CARTESIAN_POINT('',(7.459016393443E-02,1.181147540984));
#1347 = VECTOR('',#1348,1.);
#1348 = DIRECTION('',(1.,0.));
#1349 = ( GEOMETRIC_REPRESENTATION_CONTEXT(2) 
PARAMETRIC_REPRESENTATION_CONTEXT() REPRESENTATION_CONTEXT('2D SPACE',''
  ) );
#1350 = PCURVE('',#1351,#1356);
#1351 = CYLINDRICAL_SURFACE('',#1352,0.25);
#1352 = AXIS2_PLACEMENT_3D('',#1353,#1354,#1355);
#1353 = CARTESIAN_POINT('',(4.492621527778,-17.64428530092,-10.55));
#1354 = DIRECTION('',(0.,0.,1.));
#1355 = DIRECTION('',(1.,0.,-0.));
#1356 = DEFINITIONAL_REPRESENTATION('',(#1357),#1361);
#1357 = LINE('',#1358,#1359);
#1358 = CARTESIAN_POINT('',(0.,0.));
#1359 = VECTOR('',#1360,1.);
#1360 = DIRECTION('',(0.,1.));
#1361 = ( GEOMETRIC_REPRESENTATION_CONTEXT(2) 
PARAMETRIC_REPRESENTATION_CONTEXT() REPRESENTATION_CONTEXT('2D SPACE',''
  ) );
#1362 = ORIENTED_EDGE('',*,*,#1363,.T.);
#1363 = EDGE_CURVE('',#1336,#1364,#1366,.T.);
#1364 = VERTEX_POINT('',#1365);
#1365 = CARTESIAN_POINT('',(4.742621527778,-17.84428530092,-7.65));
#1366 = SURFACE_CURVE('',#1367,(#1372,#1379),.PCURVE_S1.);
#1367 = CIRCLE('',#1368,0.2);
#1368 = AXIS2_PLACEMENT_3D('',#1369,#1370,#1371);
#1369 = CARTESIAN_POINT('',(4.742621527778,-17.84428530092,-7.85));
#1370 = DIRECTION('',(1.,0.,0.));
#1371 = DIRECTION('',(-0.,1.,0.));
#1372 = PCURVE('',#400,#1373);
#1373 = DEFINITIONAL_REPRESENTATION('',(#1374),#1378);
#1374 = CIRCLE('',#1375,0.2);
#1375 = AXIS2_PLACEMENT_2D('',#1376,#1377);
#1376 = CARTESIAN_POINT('',(2.774590163934,1.381147540984));
#1377 = DIRECTION('',(0.,-1.));
#1378 = ( GEOMETRIC_REPRESENTATION_CONTEXT(2) 
PARAMETRIC_REPRESENTATION_CONTEXT() REPRESENTATION_CONTEXT('2D SPACE',''
  ) );
#1379 = PCURVE('',#1380,#1392);
#1380 = SURFACE_OF_REVOLUTION('',#1381,#1389);
#1381 = B_SPLINE_CURVE_WITH_KNOTS('',6,(#1382,#1383,#1384,#1385,#1386,
    #1387,#1388),.UNSPECIFIED.,.F.,.F.,(7,7),(4.712388980385,
    6.28318530718),.PIECEWISE_BEZIER_KNOTS.);
#1382 = CARTESIAN_POINT('',(4.742621527778,-17.64428530092,-7.85));
#1383 = CARTESIAN_POINT('',(4.742621527778,-17.57883545397,-7.85));
#1384 = CARTESIAN_POINT('',(4.722064606273,-17.51339117575,-7.85));
#1385 = CARTESIAN_POINT('',(4.680919065188,-17.45598776351,-7.85));
#1386 = CARTESIAN_POINT('',(4.623515652954,-17.41484222243,-7.85));
#1387 = CARTESIAN_POINT('',(4.558071374728,-17.39428530092,-7.85));
#1388 = CARTESIAN_POINT('',(4.492621527778,-17.39428530092,-7.85));
#1389 = AXIS1_PLACEMENT('',#1390,#1391);
#1390 = CARTESIAN_POINT('',(4.492621527778,-17.84428530092,-7.85));
#1391 = DIRECTION('',(-1.,-0.,-0.));
#1392 = DEFINITIONAL_REPRESENTATION('',(#1393),#1397);
#1393 = LINE('',#1394,#1395);
#1394 = CARTESIAN_POINT('',(-0.,4.712388980385));
#1395 = VECTOR('',#1396,1.);
#1396 = DIRECTION('',(-1.,0.));
#1397 = ( GEOMETRIC_REPRESENTATION_CONTEXT(2) 
PARAMETRIC_REPRESENTATION_CONTEXT() REPRESENTATION_CONTEXT('2D SPACE',''
  ) );
#1398 = ORIENTED_EDGE('',*,*,#1399,.T.);
#1399 = EDGE_CURVE('',#1364,#552,#1400,.T.);
#1400 = SURFACE_CURVE('',#1401,(#1405,#1412),.PCURVE_S1.);
#1401 = LINE('',#1402,#1403);
#1402 = CARTESIAN_POINT('',(4.742621527778,-17.84428530092,-7.65));
#1403 = VECTOR('',#1404,1.);
#1404 = DIRECTION('',(0.,-1.,0.));
#1405 = PCURVE('',#400,#1406);
#1406 = DEFINITIONAL_REPRESENTATION('',(#1407),#1411);
#1407 = LINE('',#1408,#1409);
#1408 = CARTESIAN_POINT('',(2.974590163934,1.381147540984));
#1409 = VECTOR('',#1410,1.);
#1410 = DIRECTION('',(0.,1.));
#1411 = ( GEOMETRIC_REPRESENTATION_CONTEXT(2) 
PARAMETRIC_REPRESENTATION_CONTEXT() REPRESENTATION_CONTEXT('2D SPACE',''
  ) );
#1412 = PCURVE('',#567,#1413);
#1413 = DEFINITIONAL_REPRESENTATION('',(#1414),#1418);
#1414 = LINE('',#1415,#1416);
#1415 = CARTESIAN_POINT('',(0.,0.));
#1416 = VECTOR('',#1417,1.);
#1417 = DIRECTION('',(0.,1.));
#1418 = ( GEOMETRIC_REPRESENTATION_CONTEXT(2) 
PARAMETRIC_REPRESENTATION_CONTEXT() REPRESENTATION_CONTEXT('2D SPACE',''
  ) );
#1419 = ORIENTED_EDGE('',*,*,#578,.T.);
#1420 = ORIENTED_EDGE('',*,*,#386,.T.);
#1421 = ORIENTED_EDGE('',*,*,#1422,.T.);
#1422 = EDGE_CURVE('',#353,#1423,#1425,.T.);
#1423 = VERTEX_POINT('',#1424);
#1424 = CARTESIAN_POINT('',(4.742621527778,-18.54428530092,-12.35));
#1425 = SURFACE_CURVE('',#1426,(#1431,#1438),.PCURVE_S1.);
#1426 = CIRCLE('',#1427,0.2);
#1427 = AXIS2_PLACEMENT_3D('',#1428,#1429,#1430);
#1428 = CARTESIAN_POINT('',(4.742621527778,-18.54428530092,-12.15));
#1429 = DIRECTION('',(1.,0.,0.));
#1430 = DIRECTION('',(0.,-1.,0.));
#1431 = PCURVE('',#400,#1432);
#1432 = DEFINITIONAL_REPRESENTATION('',(#1433),#1437);
#1433 = CIRCLE('',#1434,0.2);
#1434 = AXIS2_PLACEMENT_2D('',#1435,#1436);
#1435 = CARTESIAN_POINT('',(-1.525409836066,2.081147540984));
#1436 = DIRECTION('',(0.,1.));
#1437 = ( GEOMETRIC_REPRESENTATION_CONTEXT(2) 
PARAMETRIC_REPRESENTATION_CONTEXT() REPRESENTATION_CONTEXT('2D SPACE',''
  ) );
#1438 = PCURVE('',#368,#1439);
#1439 = DEFINITIONAL_REPRESENTATION('',(#1440),#1444);
#1440 = LINE('',#1441,#1442);
#1441 = CARTESIAN_POINT('',(-0.,4.712388980385));
#1442 = VECTOR('',#1443,1.);
#1443 = DIRECTION('',(-1.,0.));
#1444 = ( GEOMETRIC_REPRESENTATION_CONTEXT(2) 
PARAMETRIC_REPRESENTATION_CONTEXT() REPRESENTATION_CONTEXT('2D SPACE',''
  ) );
#1445 = ORIENTED_EDGE('',*,*,#1446,.T.);
#1446 = EDGE_CURVE('',#1423,#1447,#1449,.T.);
#1447 = VERTEX_POINT('',#1448);
#1448 = CARTESIAN_POINT('',(4.742621527778,-13.44428530092,-12.35));
#1449 = SURFACE_CURVE('',#1450,(#1454,#1461),.PCURVE_S1.);
#1450 = LINE('',#1451,#1452);
#1451 = CARTESIAN_POINT('',(4.742621527778,-18.54428530092,-12.35));
#1452 = VECTOR('',#1453,1.);
#1453 = DIRECTION('',(0.,1.,0.));
#1454 = PCURVE('',#400,#1455);
#1455 = DEFINITIONAL_REPRESENTATION('',(#1456),#1460);
#1456 = LINE('',#1457,#1458);
#1457 = CARTESIAN_POINT('',(-1.725409836066,2.081147540984));
#1458 = VECTOR('',#1459,1.);
#1459 = DIRECTION('',(0.,-1.));
#1460 = ( GEOMETRIC_REPRESENTATION_CONTEXT(2) 
PARAMETRIC_REPRESENTATION_CONTEXT() REPRESENTATION_CONTEXT('2D SPACE',''
  ) );
#1461 = PCURVE('',#1462,#1467);
#1462 = CYLINDRICAL_SURFACE('',#1463,0.25);
#1463 = AXIS2_PLACEMENT_3D('',#1464,#1465,#1466);
#1464 = CARTESIAN_POINT('',(4.492621527778,-18.54428530092,-12.35));
#1465 = DIRECTION('',(0.,1.,0.));
#1466 = DIRECTION('',(1.,0.,0.));
#1467 = DEFINITIONAL_REPRESENTATION('',(#1468),#1472);
#1468 = LINE('',#1469,#1470);
#1469 = CARTESIAN_POINT('',(0.,0.));
#1470 = VECTOR('',#1471,1.);
#1471 = DIRECTION('',(0.,1.));
#1472 = ( GEOMETRIC_REPRESENTATION_CONTEXT(2) 
PARAMETRIC_REPRESENTATION_CONTEXT() REPRESENTATION_CONTEXT('2D SPACE',''
  ) );
#1473 = ORIENTED_EDGE('',*,*,#1474,.T.);
#1474 = EDGE_CURVE('',#1447,#1475,#1477,.T.);
#1475 = VERTEX_POINT('',#1476);
#1476 = CARTESIAN_POINT('',(4.742621527778,-13.24428530092,-12.15));
#1477 = SURFACE_CURVE('',#1478,(#1483,#1490),.PCURVE_S1.);
#1478 = CIRCLE('',#1479,0.2);
#1479 = AXIS2_PLACEMENT_3D('',#1480,#1481,#1482);
#1480 = CARTESIAN_POINT('',(4.742621527778,-13.44428530092,-12.15));
#1481 = DIRECTION('',(1.,0.,0.));
#1482 = DIRECTION('',(0.,0.,-1.));
#1483 = PCURVE('',#400,#1484);
#1484 = DEFINITIONAL_REPRESENTATION('',(#1485),#1489);
#1485 = CIRCLE('',#1486,0.2);
#1486 = AXIS2_PLACEMENT_2D('',#1487,#1488);
#1487 = CARTESIAN_POINT('',(-1.525409836066,-3.018852459016));
#1488 = DIRECTION('',(-1.,0.));
#1489 = ( GEOMETRIC_REPRESENTATION_CONTEXT(2) 
PARAMETRIC_REPRESENTATION_CONTEXT() REPRESENTATION_CONTEXT('2D SPACE',''
  ) );
#1490 = PCURVE('',#1491,#1503);
#1491 = SURFACE_OF_REVOLUTION('',#1492,#1500);
#1492 = B_SPLINE_CURVE_WITH_KNOTS('',6,(#1493,#1494,#1495,#1496,#1497,
    #1498,#1499),.UNSPECIFIED.,.F.,.F.,(7,7),(4.712388980385,
    6.28318530718),.PIECEWISE_BEZIER_KNOTS.);
#1493 = CARTESIAN_POINT('',(4.742621527778,-13.44428530092,-12.35));
#1494 = CARTESIAN_POINT('',(4.742621527778,-13.44428530092,
    -12.41544984695));
#1495 = CARTESIAN_POINT('',(4.722064606273,-13.44428530092,
    -12.48089412517));
#1496 = CARTESIAN_POINT('',(4.680919065188,-13.44428530092,
    -12.53829753741));
#1497 = CARTESIAN_POINT('',(4.623515652954,-13.44428530092,
    -12.57944307849));
#1498 = CARTESIAN_POINT('',(4.558071374728,-13.44428530092,-12.6));
#1499 = CARTESIAN_POINT('',(4.492621527778,-13.44428530092,-12.6));
#1500 = AXIS1_PLACEMENT('',#1501,#1502);
#1501 = CARTESIAN_POINT('',(4.492621527778,-13.44428530092,-12.15));
#1502 = DIRECTION('',(-1.,-0.,-0.));
#1503 = DEFINITIONAL_REPRESENTATION('',(#1504),#1508);
#1504 = LINE('',#1505,#1506);
#1505 = CARTESIAN_POINT('',(-0.,4.712388980385));
#1506 = VECTOR('',#1507,1.);
#1507 = DIRECTION('',(-1.,0.));
#1508 = ( GEOMETRIC_REPRESENTATION_CONTEXT(2) 
PARAMETRIC_REPRESENTATION_CONTEXT() REPRESENTATION_CONTEXT('2D SPACE',''
  ) );
#1509 = ORIENTED_EDGE('',*,*,#1510,.T.);
#1510 = EDGE_CURVE('',#1475,#1511,#1513,.T.);
#1511 = VERTEX_POINT('',#1512);
#1512 = CARTESIAN_POINT('',(4.742621527778,-13.24428530092,-10.45));
#1513 = SURFACE_CURVE('',#1514,(#1518,#1525),.PCURVE_S1.);
#1514 = LINE('',#1515,#1516);
#1515 = CARTESIAN_POINT('',(4.742621527778,-13.24428530092,-12.15));
#1516 = VECTOR('',#1517,1.);
#1517 = DIRECTION('',(0.,0.,1.));
#1518 = PCURVE('',#400,#1519);
#1519 = DEFINITIONAL_REPRESENTATION('',(#1520),#1524);
#1520 = LINE('',#1521,#1522);
#1521 = CARTESIAN_POINT('',(-1.525409836066,-3.218852459016));
#1522 = VECTOR('',#1523,1.);
#1523 = DIRECTION('',(1.,0.));
#1524 = ( GEOMETRIC_REPRESENTATION_CONTEXT(2) 
PARAMETRIC_REPRESENTATION_CONTEXT() REPRESENTATION_CONTEXT('2D SPACE',''
  ) );
#1525 = PCURVE('',#1526,#1531);
#1526 = CYLINDRICAL_SURFACE('',#1527,0.25);
#1527 = AXIS2_PLACEMENT_3D('',#1528,#1529,#1530);
#1528 = CARTESIAN_POINT('',(4.492621527778,-13.24428530092,-12.15));
#1529 = DIRECTION('',(0.,0.,1.));
#1530 = DIRECTION('',(1.,0.,-0.));
#1531 = DEFINITIONAL_REPRESENTATION('',(#1532),#1536);
#1532 = LINE('',#1533,#1534);
#1533 = CARTESIAN_POINT('',(0.,0.));
#1534 = VECTOR('',#1535,1.);
#1535 = DIRECTION('',(0.,1.));
#1536 = ( GEOMETRIC_REPRESENTATION_CONTEXT(2) 
PARAMETRIC_REPRESENTATION_CONTEXT() REPRESENTATION_CONTEXT('2D SPACE',''
  ) );
#1537 = ORIENTED_EDGE('',*,*,#1538,.T.);
#1538 = EDGE_CURVE('',#1511,#1148,#1539,.T.);
#1539 = SURFACE_CURVE('',#1540,(#1545,#1552),.PCURVE_S1.);
#1540 = CIRCLE('',#1541,0.2);
#1541 = AXIS2_PLACEMENT_3D('',#1542,#1543,#1544);
#1542 = CARTESIAN_POINT('',(4.742621527778,-13.44428530092,-10.45));
#1543 = DIRECTION('',(1.,0.,0.));
#1544 = DIRECTION('',(-0.,1.,0.));
#1545 = PCURVE('',#400,#1546);
#1546 = DEFINITIONAL_REPRESENTATION('',(#1547),#1551);
#1547 = CIRCLE('',#1548,0.2);
#1548 = AXIS2_PLACEMENT_2D('',#1549,#1550);
#1549 = CARTESIAN_POINT('',(0.174590163934,-3.018852459016));
#1550 = DIRECTION('',(0.,-1.));
#1551 = ( GEOMETRIC_REPRESENTATION_CONTEXT(2) 
PARAMETRIC_REPRESENTATION_CONTEXT() REPRESENTATION_CONTEXT('2D SPACE',''
  ) );
#1552 = PCURVE('',#1553,#1565);
#1553 = SURFACE_OF_REVOLUTION('',#1554,#1562);
#1554 = B_SPLINE_CURVE_WITH_KNOTS('',6,(#1555,#1556,#1557,#1558,#1559,
    #1560,#1561),.UNSPECIFIED.,.F.,.F.,(7,7),(4.712388980385,
    6.28318530718),.PIECEWISE_BEZIER_KNOTS.);
#1555 = CARTESIAN_POINT('',(4.742621527778,-13.24428530092,-10.45));
#1556 = CARTESIAN_POINT('',(4.742621527778,-13.17883545397,-10.45));
#1557 = CARTESIAN_POINT('',(4.722064606273,-13.11339117575,-10.45));
#1558 = CARTESIAN_POINT('',(4.680919065188,-13.05598776351,-10.45));
#1559 = CARTESIAN_POINT('',(4.623515652954,-13.01484222243,-10.45));
#1560 = CARTESIAN_POINT('',(4.558071374728,-12.99428530092,-10.45));
#1561 = CARTESIAN_POINT('',(4.492621527778,-12.99428530092,-10.45));
#1562 = AXIS1_PLACEMENT('',#1563,#1564);
#1563 = CARTESIAN_POINT('',(4.492621527778,-13.44428530092,-10.45));
#1564 = DIRECTION('',(-1.,-0.,-0.));
#1565 = DEFINITIONAL_REPRESENTATION('',(#1566),#1570);
#1566 = LINE('',#1567,#1568);
#1567 = CARTESIAN_POINT('',(-0.,4.712388980385));
#1568 = VECTOR('',#1569,1.);
#1569 = DIRECTION('',(-1.,0.));
#1570 = ( GEOMETRIC_REPRESENTATION_CONTEXT(2) 
PARAMETRIC_REPRESENTATION_CONTEXT() REPRESENTATION_CONTEXT('2D SPACE',''
  ) );
#1571 = ADVANCED_FACE('',(#1572),#368,.T.);
#1572 = FACE_BOUND('',#1573,.F.);
#1573 = EDGE_LOOP('',(#1574,#1575,#1576,#1596));
#1574 = ORIENTED_EDGE('',*,*,#352,.F.);
#1575 = ORIENTED_EDGE('',*,*,#1422,.T.);
#1576 = ORIENTED_EDGE('',*,*,#1577,.T.);
#1577 = EDGE_CURVE('',#1423,#441,#1578,.T.);
#1578 = SURFACE_CURVE('',#1579,(#1584,#1590),.PCURVE_S1.);
#1579 = CIRCLE('',#1580,0.25);
#1580 = AXIS2_PLACEMENT_3D('',#1581,#1582,#1583);
#1581 = CARTESIAN_POINT('',(4.492621527778,-18.54428530092,-12.35));
#1582 = DIRECTION('',(0.,1.,-6.123233995737E-17));
#1583 = DIRECTION('',(0.,-6.123233995737E-17,-1.));
#1584 = PCURVE('',#368,#1585);
#1585 = DEFINITIONAL_REPRESENTATION('',(#1586),#1589);
#1586 = B_SPLINE_CURVE_WITH_KNOTS('',1,(#1587,#1588),.UNSPECIFIED.,.F.,
  .F.,(2,2),(4.712388980385,6.28318530718),.PIECEWISE_BEZIER_KNOTS.);
#1587 = CARTESIAN_POINT('',(-1.570796326795,4.712388980385));
#1588 = CARTESIAN_POINT('',(-1.570796326795,6.28318530718));
#1589 = ( GEOMETRIC_REPRESENTATION_CONTEXT(2) 
PARAMETRIC_REPRESENTATION_CONTEXT() REPRESENTATION_CONTEXT('2D SPACE',''
  ) );
#1590 = PCURVE('',#1462,#1591);
#1591 = DEFINITIONAL_REPRESENTATION('',(#1592),#1595);
#1592 = B_SPLINE_CURVE_WITH_KNOTS('',1,(#1593,#1594),.UNSPECIFIED.,.F.,
  .F.,(2,2),(4.712388980385,6.28318530718),.PIECEWISE_BEZIER_KNOTS.);
#1593 = CARTESIAN_POINT('',(0.,0.));
#1594 = CARTESIAN_POINT('',(1.570796326795,0.));
#1595 = ( GEOMETRIC_REPRESENTATION_CONTEXT(2) 
PARAMETRIC_REPRESENTATION_CONTEXT() REPRESENTATION_CONTEXT('2D SPACE',''
  ) );
#1596 = ORIENTED_EDGE('',*,*,#468,.F.);
#1597 = ADVANCED_FACE('',(#1598),#456,.F.);
#1598 = FACE_BOUND('',#1599,.F.);
#1599 = EDGE_LOOP('',(#1600,#1601,#1624,#1652));
#1600 = ORIENTED_EDGE('',*,*,#440,.T.);
#1601 = ORIENTED_EDGE('',*,*,#1602,.T.);
#1602 = EDGE_CURVE('',#441,#1603,#1605,.T.);
#1603 = VERTEX_POINT('',#1604);
#1604 = CARTESIAN_POINT('',(4.492621527778,-13.44428530092,-12.6));
#1605 = SURFACE_CURVE('',#1606,(#1610,#1617),.PCURVE_S1.);
#1606 = LINE('',#1607,#1608);
#1607 = CARTESIAN_POINT('',(4.492621527778,-18.54428530092,-12.6));
#1608 = VECTOR('',#1609,1.);
#1609 = DIRECTION('',(0.,1.,0.));
#1610 = PCURVE('',#456,#1611);
#1611 = DEFINITIONAL_REPRESENTATION('',(#1612),#1616);
#1612 = LINE('',#1613,#1614);
#1613 = CARTESIAN_POINT('',(0.45,-5.75));
#1614 = VECTOR('',#1615,1.);
#1615 = DIRECTION('',(1.,0.));
#1616 = ( GEOMETRIC_REPRESENTATION_CONTEXT(2) 
PARAMETRIC_REPRESENTATION_CONTEXT() REPRESENTATION_CONTEXT('2D SPACE',''
  ) );
#1617 = PCURVE('',#1462,#1618);
#1618 = DEFINITIONAL_REPRESENTATION('',(#1619),#1623);
#1619 = LINE('',#1620,#1621);
#1620 = CARTESIAN_POINT('',(1.570796326795,0.));
#1621 = VECTOR('',#1622,1.);
#1622 = DIRECTION('',(0.,1.));
#1623 = ( GEOMETRIC_REPRESENTATION_CONTEXT(2) 
PARAMETRIC_REPRESENTATION_CONTEXT() REPRESENTATION_CONTEXT('2D SPACE',''
  ) );
#1624 = ORIENTED_EDGE('',*,*,#1625,.F.);
#1625 = EDGE_CURVE('',#1626,#1603,#1628,.T.);
#1626 = VERTEX_POINT('',#1627);
#1627 = CARTESIAN_POINT('',(-1.007378472222,-13.44428530092,-12.6));
#1628 = SURFACE_CURVE('',#1629,(#1633,#1640),.PCURVE_S1.);
#1629 = LINE('',#1630,#1631);
#1630 = CARTESIAN_POINT('',(-1.257378472222,-13.44428530092,-12.6));
#1631 = VECTOR('',#1632,1.);
#1632 = DIRECTION('',(1.,0.,0.));
#1633 = PCURVE('',#456,#1634);
#1634 = DEFINITIONAL_REPRESENTATION('',(#1635),#1639);
#1635 = LINE('',#1636,#1637);
#1636 = CARTESIAN_POINT('',(5.55,0.));
#1637 = VECTOR('',#1638,1.);
#1638 = DIRECTION('',(0.,-1.));
#1639 = ( GEOMETRIC_REPRESENTATION_CONTEXT(2) 
PARAMETRIC_REPRESENTATION_CONTEXT() REPRESENTATION_CONTEXT('2D SPACE',''
  ) );
#1640 = PCURVE('',#1641,#1646);
#1641 = CYLINDRICAL_SURFACE('',#1642,0.45);
#1642 = AXIS2_PLACEMENT_3D('',#1643,#1644,#1645);
#1643 = CARTESIAN_POINT('',(-1.257378472222,-13.44428530092,-12.15));
#1644 = DIRECTION('',(1.,0.,0.));
#1645 = DIRECTION('',(0.,0.,-1.));
#1646 = DEFINITIONAL_REPRESENTATION('',(#1647),#1651);
#1647 = LINE('',#1648,#1649);
#1648 = CARTESIAN_POINT('',(0.,0.));
#1649 = VECTOR('',#1650,1.);
#1650 = DIRECTION('',(0.,1.));
#1651 = ( GEOMETRIC_REPRESENTATION_CONTEXT(2) 
PARAMETRIC_REPRESENTATION_CONTEXT() REPRESENTATION_CONTEXT('2D SPACE',''
  ) );
#1652 = ORIENTED_EDGE('',*,*,#1653,.T.);
#1653 = EDGE_CURVE('',#1626,#417,#1654,.T.);
#1654 = SURFACE_CURVE('',#1655,(#1659,#1666),.PCURVE_S1.);
#1655 = LINE('',#1656,#1657);
#1656 = CARTESIAN_POINT('',(-1.007378472222,-13.44428530092,-12.6));
#1657 = VECTOR('',#1658,1.);
#1658 = DIRECTION('',(-0.,-1.,-0.));
#1659 = PCURVE('',#456,#1660);
#1660 = DEFINITIONAL_REPRESENTATION('',(#1661),#1665);
#1661 = LINE('',#1662,#1663);
#1662 = CARTESIAN_POINT('',(5.55,-0.25));
#1663 = VECTOR('',#1664,1.);
#1664 = DIRECTION('',(-1.,0.));
#1665 = ( GEOMETRIC_REPRESENTATION_CONTEXT(2) 
PARAMETRIC_REPRESENTATION_CONTEXT() REPRESENTATION_CONTEXT('2D SPACE',''
  ) );
#1666 = PCURVE('',#697,#1667);
#1667 = DEFINITIONAL_REPRESENTATION('',(#1668),#1672);
#1668 = LINE('',#1669,#1670);
#1669 = CARTESIAN_POINT('',(1.570796326795,0.));
#1670 = VECTOR('',#1671,1.);
#1671 = DIRECTION('',(0.,1.));
#1672 = ( GEOMETRIC_REPRESENTATION_CONTEXT(2) 
PARAMETRIC_REPRESENTATION_CONTEXT() REPRESENTATION_CONTEXT('2D SPACE',''
  ) );
#1673 = ADVANCED_FACE('',(#1674),#536,.T.);
#1674 = FACE_BOUND('',#1675,.T.);
#1675 = EDGE_LOOP('',(#1676,#1677,#1678,#1698));
#1676 = ORIENTED_EDGE('',*,*,#522,.T.);
#1677 = ORIENTED_EDGE('',*,*,#657,.T.);
#1678 = ORIENTED_EDGE('',*,*,#1679,.F.);
#1679 = EDGE_CURVE('',#1084,#606,#1680,.T.);
#1680 = SURFACE_CURVE('',#1681,(#1686,#1692),.PCURVE_S1.);
#1681 = CIRCLE('',#1682,0.25);
#1682 = AXIS2_PLACEMENT_3D('',#1683,#1684,#1685);
#1683 = CARTESIAN_POINT('',(-1.007378472222,-17.84428530092,-7.65));
#1684 = DIRECTION('',(0.,1.,-0.));
#1685 = DIRECTION('',(-1.,-0.,-0.));
#1686 = PCURVE('',#536,#1687);
#1687 = DEFINITIONAL_REPRESENTATION('',(#1688),#1691);
#1688 = B_SPLINE_CURVE_WITH_KNOTS('',1,(#1689,#1690),.UNSPECIFIED.,.F.,
  .F.,(2,2),(0.,1.570796326795),.PIECEWISE_BEZIER_KNOTS.);
#1689 = CARTESIAN_POINT('',(0.,0.7));
#1690 = CARTESIAN_POINT('',(1.570796326795,0.7));
#1691 = ( GEOMETRIC_REPRESENTATION_CONTEXT(2) 
PARAMETRIC_REPRESENTATION_CONTEXT() REPRESENTATION_CONTEXT('2D SPACE',''
  ) );
#1692 = PCURVE('',#1104,#1693);
#1693 = DEFINITIONAL_REPRESENTATION('',(#1694),#1697);
#1694 = B_SPLINE_CURVE_WITH_KNOTS('',1,(#1695,#1696),.UNSPECIFIED.,.F.,
  .F.,(2,2),(0.,1.570796326795),.PIECEWISE_BEZIER_KNOTS.);
#1695 = CARTESIAN_POINT('',(0.,4.712388980385));
#1696 = CARTESIAN_POINT('',(0.,6.28318530718));
#1697 = ( GEOMETRIC_REPRESENTATION_CONTEXT(2) 
PARAMETRIC_REPRESENTATION_CONTEXT() REPRESENTATION_CONTEXT('2D SPACE',''
  ) );
#1698 = ORIENTED_EDGE('',*,*,#1123,.F.);
#1699 = ADVANCED_FACE('',(#1700),#567,.T.);
#1700 = FACE_BOUND('',#1701,.T.);
#1701 = EDGE_LOOP('',(#1702,#1722,#1723,#1724));
#1702 = ORIENTED_EDGE('',*,*,#1703,.T.);
#1703 = EDGE_CURVE('',#1364,#608,#1704,.T.);
#1704 = SURFACE_CURVE('',#1705,(#1710,#1716),.PCURVE_S1.);
#1705 = CIRCLE('',#1706,0.25);
#1706 = AXIS2_PLACEMENT_3D('',#1707,#1708,#1709);
#1707 = CARTESIAN_POINT('',(4.492621527778,-17.84428530092,-7.65));
#1708 = DIRECTION('',(0.,-1.,6.123233995737E-17));
#1709 = DIRECTION('',(0.,6.123233995737E-17,1.));
#1710 = PCURVE('',#567,#1711);
#1711 = DEFINITIONAL_REPRESENTATION('',(#1712),#1715);
#1712 = B_SPLINE_CURVE_WITH_KNOTS('',1,(#1713,#1714),.UNSPECIFIED.,.F.,
  .F.,(2,2),(4.712388980385,6.28318530718),.PIECEWISE_BEZIER_KNOTS.);
#1713 = CARTESIAN_POINT('',(0.,0.));
#1714 = CARTESIAN_POINT('',(1.570796326795,0.));
#1715 = ( GEOMETRIC_REPRESENTATION_CONTEXT(2) 
PARAMETRIC_REPRESENTATION_CONTEXT() REPRESENTATION_CONTEXT('2D SPACE',''
  ) );
#1716 = PCURVE('',#1380,#1717);
#1717 = DEFINITIONAL_REPRESENTATION('',(#1718),#1721);
#1718 = B_SPLINE_CURVE_WITH_KNOTS('',1,(#1719,#1720),.UNSPECIFIED.,.F.,
  .F.,(2,2),(4.712388980385,6.28318530718),.PIECEWISE_BEZIER_KNOTS.);
#1719 = CARTESIAN_POINT('',(-1.570796326795,4.712388980385));
#1720 = CARTESIAN_POINT('',(-1.570796326795,6.28318530718));
#1721 = ( GEOMETRIC_REPRESENTATION_CONTEXT(2) 
PARAMETRIC_REPRESENTATION_CONTEXT() REPRESENTATION_CONTEXT('2D SPACE',''
  ) );
#1722 = ORIENTED_EDGE('',*,*,#635,.T.);
#1723 = ORIENTED_EDGE('',*,*,#551,.F.);
#1724 = ORIENTED_EDGE('',*,*,#1399,.F.);
#1725 = ADVANCED_FACE('',(#1726),#623,.T.);
#1726 = FACE_BOUND('',#1727,.T.);
#1727 = EDGE_LOOP('',(#1728,#1758,#1780,#1781));
#1728 = ORIENTED_EDGE('',*,*,#1729,.F.);
#1729 = EDGE_CURVE('',#1730,#1732,#1734,.T.);
#1730 = VERTEX_POINT('',#1731);
#1731 = CARTESIAN_POINT('',(-1.007378472222,-17.39428530092,-7.85));
#1732 = VERTEX_POINT('',#1733);
#1733 = CARTESIAN_POINT('',(4.492621527778,-17.39428530092,-7.85));
#1734 = SURFACE_CURVE('',#1735,(#1739,#1746),.PCURVE_S1.);
#1735 = LINE('',#1736,#1737);
#1736 = CARTESIAN_POINT('',(-1.257378472222,-17.39428530092,-7.85));
#1737 = VECTOR('',#1738,1.);
#1738 = DIRECTION('',(1.,0.,0.));
#1739 = PCURVE('',#623,#1740);
#1740 = DEFINITIONAL_REPRESENTATION('',(#1741),#1745);
#1741 = LINE('',#1742,#1743);
#1742 = CARTESIAN_POINT('',(0.,0.));
#1743 = VECTOR('',#1744,1.);
#1744 = DIRECTION('',(0.,1.));
#1745 = ( GEOMETRIC_REPRESENTATION_CONTEXT(2) 
PARAMETRIC_REPRESENTATION_CONTEXT() REPRESENTATION_CONTEXT('2D SPACE',''
  ) );
#1746 = PCURVE('',#1747,#1752);
#1747 = PLANE('',#1748);
#1748 = AXIS2_PLACEMENT_3D('',#1749,#1750,#1751);
#1749 = CARTESIAN_POINT('',(-1.257378472222,-17.39428530092,-11.));
#1750 = DIRECTION('',(0.,-1.,0.));
#1751 = DIRECTION('',(0.,0.,1.));
#1752 = DEFINITIONAL_REPRESENTATION('',(#1753),#1757);
#1753 = LINE('',#1754,#1755);
#1754 = CARTESIAN_POINT('',(3.15,0.));
#1755 = VECTOR('',#1756,1.);
#1756 = DIRECTION('',(0.,-1.));
#1757 = ( GEOMETRIC_REPRESENTATION_CONTEXT(2) 
PARAMETRIC_REPRESENTATION_CONTEXT() REPRESENTATION_CONTEXT('2D SPACE',''
  ) );
#1758 = ORIENTED_EDGE('',*,*,#1759,.F.);
#1759 = EDGE_CURVE('',#606,#1730,#1760,.T.);
#1760 = SURFACE_CURVE('',#1761,(#1766,#1773),.PCURVE_S1.);
#1761 = CIRCLE('',#1762,0.45);
#1762 = AXIS2_PLACEMENT_3D('',#1763,#1764,#1765);
#1763 = CARTESIAN_POINT('',(-1.007378472222,-17.84428530092,-7.85));
#1764 = DIRECTION('',(-1.,0.,-0.));
#1765 = DIRECTION('',(-0.,0.,1.));
#1766 = PCURVE('',#623,#1767);
#1767 = DEFINITIONAL_REPRESENTATION('',(#1768),#1772);
#1768 = LINE('',#1769,#1770);
#1769 = CARTESIAN_POINT('',(1.570796326795,0.25));
#1770 = VECTOR('',#1771,1.);
#1771 = DIRECTION('',(-1.,-0.));
#1772 = ( GEOMETRIC_REPRESENTATION_CONTEXT(2) 
PARAMETRIC_REPRESENTATION_CONTEXT() REPRESENTATION_CONTEXT('2D SPACE',''
  ) );
#1773 = PCURVE('',#1104,#1774);
#1774 = DEFINITIONAL_REPRESENTATION('',(#1775),#1779);
#1775 = LINE('',#1776,#1777);
#1776 = CARTESIAN_POINT('',(-0.,6.28318530718));
#1777 = VECTOR('',#1778,1.);
#1778 = DIRECTION('',(-1.,0.));
#1779 = ( GEOMETRIC_REPRESENTATION_CONTEXT(2) 
PARAMETRIC_REPRESENTATION_CONTEXT() REPRESENTATION_CONTEXT('2D SPACE',''
  ) );
#1780 = ORIENTED_EDGE('',*,*,#605,.T.);
#1781 = ORIENTED_EDGE('',*,*,#1782,.F.);
#1782 = EDGE_CURVE('',#1732,#608,#1783,.T.);
#1783 = SURFACE_CURVE('',#1784,(#1789,#1796),.PCURVE_S1.);
#1784 = CIRCLE('',#1785,0.45);
#1785 = AXIS2_PLACEMENT_3D('',#1786,#1787,#1788);
#1786 = CARTESIAN_POINT('',(4.492621527778,-17.84428530092,-7.85));
#1787 = DIRECTION('',(1.,0.,0.));
#1788 = DIRECTION('',(-0.,1.,0.));
#1789 = PCURVE('',#623,#1790);
#1790 = DEFINITIONAL_REPRESENTATION('',(#1791),#1795);
#1791 = LINE('',#1792,#1793);
#1792 = CARTESIAN_POINT('',(0.,5.75));
#1793 = VECTOR('',#1794,1.);
#1794 = DIRECTION('',(1.,0.));
#1795 = ( GEOMETRIC_REPRESENTATION_CONTEXT(2) 
PARAMETRIC_REPRESENTATION_CONTEXT() REPRESENTATION_CONTEXT('2D SPACE',''
  ) );
#1796 = PCURVE('',#1380,#1797);
#1797 = DEFINITIONAL_REPRESENTATION('',(#1798),#1802);
#1798 = LINE('',#1799,#1800);
#1799 = CARTESIAN_POINT('',(-0.,6.28318530718));
#1800 = VECTOR('',#1801,1.);
#1801 = DIRECTION('',(-1.,0.));
#1802 = ( GEOMETRIC_REPRESENTATION_CONTEXT(2) 
PARAMETRIC_REPRESENTATION_CONTEXT() REPRESENTATION_CONTEXT('2D SPACE',''
  ) );
#1803 = ADVANCED_FACE('',(#1804),#697,.T.);
#1804 = FACE_BOUND('',#1805,.T.);
#1805 = EDGE_LOOP('',(#1806,#1826,#1827,#1828));
#1806 = ORIENTED_EDGE('',*,*,#1807,.T.);
#1807 = EDGE_CURVE('',#743,#1626,#1808,.T.);
#1808 = SURFACE_CURVE('',#1809,(#1814,#1820),.PCURVE_S1.);
#1809 = CIRCLE('',#1810,0.25);
#1810 = AXIS2_PLACEMENT_3D('',#1811,#1812,#1813);
#1811 = CARTESIAN_POINT('',(-1.007378472222,-13.44428530092,-12.35));
#1812 = DIRECTION('',(0.,-1.,-6.123233995737E-17));
#1813 = DIRECTION('',(-0.,6.123233995737E-17,-1.));
#1814 = PCURVE('',#697,#1815);
#1815 = DEFINITIONAL_REPRESENTATION('',(#1816),#1819);
#1816 = B_SPLINE_CURVE_WITH_KNOTS('',1,(#1817,#1818),.UNSPECIFIED.,.F.,
  .F.,(2,2),(4.712388980385,6.28318530718),.PIECEWISE_BEZIER_KNOTS.);
#1817 = CARTESIAN_POINT('',(0.,0.));
#1818 = CARTESIAN_POINT('',(1.570796326795,0.));
#1819 = ( GEOMETRIC_REPRESENTATION_CONTEXT(2) 
PARAMETRIC_REPRESENTATION_CONTEXT() REPRESENTATION_CONTEXT('2D SPACE',''
  ) );
#1820 = PCURVE('',#786,#1821);
#1821 = DEFINITIONAL_REPRESENTATION('',(#1822),#1825);
#1822 = B_SPLINE_CURVE_WITH_KNOTS('',1,(#1823,#1824),.UNSPECIFIED.,.F.,
  .F.,(2,2),(4.712388980385,6.28318530718),.PIECEWISE_BEZIER_KNOTS.);
#1823 = CARTESIAN_POINT('',(-1.570796326795,4.712388980385));
#1824 = CARTESIAN_POINT('',(-1.570796326795,6.28318530718));
#1825 = ( GEOMETRIC_REPRESENTATION_CONTEXT(2) 
PARAMETRIC_REPRESENTATION_CONTEXT() REPRESENTATION_CONTEXT('2D SPACE',''
  ) );
#1826 = ORIENTED_EDGE('',*,*,#1653,.T.);
#1827 = ORIENTED_EDGE('',*,*,#681,.F.);
#1828 = ORIENTED_EDGE('',*,*,#742,.F.);
#1829 = ADVANCED_FACE('',(#1830),#1104,.T.);
#1830 = FACE_BOUND('',#1831,.F.);
#1831 = EDGE_LOOP('',(#1832,#1833,#1834,#1854));
#1832 = ORIENTED_EDGE('',*,*,#1679,.F.);
#1833 = ORIENTED_EDGE('',*,*,#1083,.T.);
#1834 = ORIENTED_EDGE('',*,*,#1835,.T.);
#1835 = EDGE_CURVE('',#1056,#1730,#1836,.T.);
#1836 = SURFACE_CURVE('',#1837,(#1842,#1848),.PCURVE_S1.);
#1837 = CIRCLE('',#1838,0.25);
#1838 = AXIS2_PLACEMENT_3D('',#1839,#1840,#1841);
#1839 = CARTESIAN_POINT('',(-1.007378472222,-17.64428530092,-7.85));
#1840 = DIRECTION('',(0.,6.123233995737E-17,-1.));
#1841 = DIRECTION('',(0.,1.,6.123233995737E-17));
#1842 = PCURVE('',#1104,#1843);
#1843 = DEFINITIONAL_REPRESENTATION('',(#1844),#1847);
#1844 = B_SPLINE_CURVE_WITH_KNOTS('',1,(#1845,#1846),.UNSPECIFIED.,.F.,
  .F.,(2,2),(4.712388980385,6.28318530718),.PIECEWISE_BEZIER_KNOTS.);
#1845 = CARTESIAN_POINT('',(-1.570796326795,4.712388980385));
#1846 = CARTESIAN_POINT('',(-1.570796326795,6.28318530718));
#1847 = ( GEOMETRIC_REPRESENTATION_CONTEXT(2) 
PARAMETRIC_REPRESENTATION_CONTEXT() REPRESENTATION_CONTEXT('2D SPACE',''
  ) );
#1848 = PCURVE('',#1071,#1849);
#1849 = DEFINITIONAL_REPRESENTATION('',(#1850),#1853);
#1850 = B_SPLINE_CURVE_WITH_KNOTS('',1,(#1851,#1852),.UNSPECIFIED.,.F.,
  .F.,(2,2),(4.712388980385,6.28318530718),.PIECEWISE_BEZIER_KNOTS.);
#1851 = CARTESIAN_POINT('',(0.,0.));
#1852 = CARTESIAN_POINT('',(1.570796326795,0.));
#1853 = ( GEOMETRIC_REPRESENTATION_CONTEXT(2) 
PARAMETRIC_REPRESENTATION_CONTEXT() REPRESENTATION_CONTEXT('2D SPACE',''
  ) );
#1854 = ORIENTED_EDGE('',*,*,#1759,.F.);
#1855 = ADVANCED_FACE('',(#1856),#1071,.T.);
#1856 = FACE_BOUND('',#1857,.T.);
#1857 = EDGE_LOOP('',(#1858,#1859,#1882,#1902));
#1858 = ORIENTED_EDGE('',*,*,#1835,.T.);
#1859 = ORIENTED_EDGE('',*,*,#1860,.T.);
#1860 = EDGE_CURVE('',#1730,#1861,#1863,.T.);
#1861 = VERTEX_POINT('',#1862);
#1862 = CARTESIAN_POINT('',(-1.007378472222,-17.39428530092,-10.55));
#1863 = SURFACE_CURVE('',#1864,(#1868,#1875),.PCURVE_S1.);
#1864 = LINE('',#1865,#1866);
#1865 = CARTESIAN_POINT('',(-1.007378472222,-17.39428530092,-7.85));
#1866 = VECTOR('',#1867,1.);
#1867 = DIRECTION('',(-0.,-0.,-1.));
#1868 = PCURVE('',#1071,#1869);
#1869 = DEFINITIONAL_REPRESENTATION('',(#1870),#1874);
#1870 = LINE('',#1871,#1872);
#1871 = CARTESIAN_POINT('',(1.570796326795,0.));
#1872 = VECTOR('',#1873,1.);
#1873 = DIRECTION('',(0.,1.));
#1874 = ( GEOMETRIC_REPRESENTATION_CONTEXT(2) 
PARAMETRIC_REPRESENTATION_CONTEXT() REPRESENTATION_CONTEXT('2D SPACE',''
  ) );
#1875 = PCURVE('',#1747,#1876);
#1876 = DEFINITIONAL_REPRESENTATION('',(#1877),#1881);
#1877 = LINE('',#1878,#1879);
#1878 = CARTESIAN_POINT('',(3.15,-0.25));
#1879 = VECTOR('',#1880,1.);
#1880 = DIRECTION('',(-1.,0.));
#1881 = ( GEOMETRIC_REPRESENTATION_CONTEXT(2) 
PARAMETRIC_REPRESENTATION_CONTEXT() REPRESENTATION_CONTEXT('2D SPACE',''
  ) );
#1882 = ORIENTED_EDGE('',*,*,#1883,.F.);
#1883 = EDGE_CURVE('',#1027,#1861,#1884,.T.);
#1884 = SURFACE_CURVE('',#1885,(#1890,#1896),.PCURVE_S1.);
#1885 = CIRCLE('',#1886,0.25);
#1886 = AXIS2_PLACEMENT_3D('',#1887,#1888,#1889);
#1887 = CARTESIAN_POINT('',(-1.007378472222,-17.64428530092,-10.55));
#1888 = DIRECTION('',(-0.,0.,-1.));
#1889 = DIRECTION('',(-1.,0.,0.));
#1890 = PCURVE('',#1071,#1891);
#1891 = DEFINITIONAL_REPRESENTATION('',(#1892),#1895);
#1892 = B_SPLINE_CURVE_WITH_KNOTS('',1,(#1893,#1894),.UNSPECIFIED.,.F.,
  .F.,(2,2),(0.,1.570796326795),.PIECEWISE_BEZIER_KNOTS.);
#1893 = CARTESIAN_POINT('',(0.,2.7));
#1894 = CARTESIAN_POINT('',(1.570796326795,2.7));
#1895 = ( GEOMETRIC_REPRESENTATION_CONTEXT(2) 
PARAMETRIC_REPRESENTATION_CONTEXT() REPRESENTATION_CONTEXT('2D SPACE',''
  ) );
#1896 = PCURVE('',#1043,#1897);
#1897 = DEFINITIONAL_REPRESENTATION('',(#1898),#1901);
#1898 = B_SPLINE_CURVE_WITH_KNOTS('',1,(#1899,#1900),.UNSPECIFIED.,.F.,
  .F.,(2,2),(0.,1.570796326795),.PIECEWISE_BEZIER_KNOTS.);
#1899 = CARTESIAN_POINT('',(0.,1.570796326795));
#1900 = CARTESIAN_POINT('',(0.,3.14159265359));
#1901 = ( GEOMETRIC_REPRESENTATION_CONTEXT(2) 
PARAMETRIC_REPRESENTATION_CONTEXT() REPRESENTATION_CONTEXT('2D SPACE',''
  ) );
#1902 = ORIENTED_EDGE('',*,*,#1055,.F.);
#1903 = ADVANCED_FACE('',(#1904),#786,.T.);
#1904 = FACE_BOUND('',#1905,.F.);
#1905 = EDGE_LOOP('',(#1906,#1928,#1929,#1930));
#1906 = ORIENTED_EDGE('',*,*,#1907,.F.);
#1907 = EDGE_CURVE('',#766,#1908,#1910,.T.);
#1908 = VERTEX_POINT('',#1909);
#1909 = CARTESIAN_POINT('',(-1.007378472222,-12.99428530092,-12.15));
#1910 = SURFACE_CURVE('',#1911,(#1916,#1922),.PCURVE_S1.);
#1911 = CIRCLE('',#1912,0.25);
#1912 = AXIS2_PLACEMENT_3D('',#1913,#1914,#1915);
#1913 = CARTESIAN_POINT('',(-1.007378472222,-13.24428530092,-12.15));
#1914 = DIRECTION('',(-0.,0.,-1.));
#1915 = DIRECTION('',(-1.,0.,0.));
#1916 = PCURVE('',#786,#1917);
#1917 = DEFINITIONAL_REPRESENTATION('',(#1918),#1921);
#1918 = B_SPLINE_CURVE_WITH_KNOTS('',1,(#1919,#1920),.UNSPECIFIED.,.F.,
  .F.,(2,2),(0.,1.570796326795),.PIECEWISE_BEZIER_KNOTS.);
#1919 = CARTESIAN_POINT('',(0.,4.712388980385));
#1920 = CARTESIAN_POINT('',(0.,6.28318530718));
#1921 = ( GEOMETRIC_REPRESENTATION_CONTEXT(2) 
PARAMETRIC_REPRESENTATION_CONTEXT() REPRESENTATION_CONTEXT('2D SPACE',''
  ) );
#1922 = PCURVE('',#821,#1923);
#1923 = DEFINITIONAL_REPRESENTATION('',(#1924),#1927);
#1924 = B_SPLINE_CURVE_WITH_KNOTS('',1,(#1925,#1926),.UNSPECIFIED.,.F.,
  .F.,(2,2),(0.,1.570796326795),.PIECEWISE_BEZIER_KNOTS.);
#1925 = CARTESIAN_POINT('',(0.,1.7));
#1926 = CARTESIAN_POINT('',(1.570796326795,1.7));
#1927 = ( GEOMETRIC_REPRESENTATION_CONTEXT(2) 
PARAMETRIC_REPRESENTATION_CONTEXT() REPRESENTATION_CONTEXT('2D SPACE',''
  ) );
#1928 = ORIENTED_EDGE('',*,*,#765,.T.);
#1929 = ORIENTED_EDGE('',*,*,#1807,.T.);
#1930 = ORIENTED_EDGE('',*,*,#1931,.F.);
#1931 = EDGE_CURVE('',#1908,#1626,#1932,.T.);
#1932 = SURFACE_CURVE('',#1933,(#1938,#1945),.PCURVE_S1.);
#1933 = CIRCLE('',#1934,0.45);
#1934 = AXIS2_PLACEMENT_3D('',#1935,#1936,#1937);
#1935 = CARTESIAN_POINT('',(-1.007378472222,-13.44428530092,-12.15));
#1936 = DIRECTION('',(-1.,0.,-0.));
#1937 = DIRECTION('',(-0.,1.,0.));
#1938 = PCURVE('',#786,#1939);
#1939 = DEFINITIONAL_REPRESENTATION('',(#1940),#1944);
#1940 = LINE('',#1941,#1942);
#1941 = CARTESIAN_POINT('',(-0.,6.28318530718));
#1942 = VECTOR('',#1943,1.);
#1943 = DIRECTION('',(-1.,0.));
#1944 = ( GEOMETRIC_REPRESENTATION_CONTEXT(2) 
PARAMETRIC_REPRESENTATION_CONTEXT() REPRESENTATION_CONTEXT('2D SPACE',''
  ) );
#1945 = PCURVE('',#1641,#1946);
#1946 = DEFINITIONAL_REPRESENTATION('',(#1947),#1951);
#1947 = LINE('',#1948,#1949);
#1948 = CARTESIAN_POINT('',(1.570796326795,0.25));
#1949 = VECTOR('',#1950,1.);
#1950 = DIRECTION('',(-1.,-0.));
#1951 = ( GEOMETRIC_REPRESENTATION_CONTEXT(2) 
PARAMETRIC_REPRESENTATION_CONTEXT() REPRESENTATION_CONTEXT('2D SPACE',''
  ) );
#1952 = ADVANCED_FACE('',(#1953),#1043,.T.);
#1953 = FACE_BOUND('',#1954,.F.);
#1954 = EDGE_LOOP('',(#1955,#1956,#1957,#1979));
#1955 = ORIENTED_EDGE('',*,*,#1883,.F.);
#1956 = ORIENTED_EDGE('',*,*,#1026,.T.);
#1957 = ORIENTED_EDGE('',*,*,#1958,.T.);
#1958 = EDGE_CURVE('',#999,#1959,#1961,.T.);
#1959 = VERTEX_POINT('',#1960);
#1960 = CARTESIAN_POINT('',(-1.007378472222,-16.94428530092,-11.));
#1961 = SURFACE_CURVE('',#1962,(#1967,#1973),.PCURVE_S1.);
#1962 = CIRCLE('',#1963,0.25);
#1963 = AXIS2_PLACEMENT_3D('',#1964,#1965,#1966);
#1964 = CARTESIAN_POINT('',(-1.007378472222,-16.94428530092,-11.25));
#1965 = DIRECTION('',(0.,1.,-6.123233995737E-17));
#1966 = DIRECTION('',(0.,-6.123233995737E-17,-1.));
#1967 = PCURVE('',#1043,#1968);
#1968 = DEFINITIONAL_REPRESENTATION('',(#1969),#1972);
#1969 = B_SPLINE_CURVE_WITH_KNOTS('',1,(#1970,#1971),.UNSPECIFIED.,.F.,
  .F.,(2,2),(1.570796326795,3.14159265359),.PIECEWISE_BEZIER_KNOTS.);
#1970 = CARTESIAN_POINT('',(-1.570796326795,1.570796326795));
#1971 = CARTESIAN_POINT('',(-1.570796326795,3.14159265359));
#1972 = ( GEOMETRIC_REPRESENTATION_CONTEXT(2) 
PARAMETRIC_REPRESENTATION_CONTEXT() REPRESENTATION_CONTEXT('2D SPACE',''
  ) );
#1973 = PCURVE('',#1014,#1974);
#1974 = DEFINITIONAL_REPRESENTATION('',(#1975),#1978);
#1975 = B_SPLINE_CURVE_WITH_KNOTS('',1,(#1976,#1977),.UNSPECIFIED.,.F.,
  .F.,(2,2),(1.570796326795,3.14159265359),.PIECEWISE_BEZIER_KNOTS.);
#1976 = CARTESIAN_POINT('',(0.,0.));
#1977 = CARTESIAN_POINT('',(1.570796326795,0.));
#1978 = ( GEOMETRIC_REPRESENTATION_CONTEXT(2) 
PARAMETRIC_REPRESENTATION_CONTEXT() REPRESENTATION_CONTEXT('2D SPACE',''
  ) );
#1979 = ORIENTED_EDGE('',*,*,#1980,.F.);
#1980 = EDGE_CURVE('',#1861,#1959,#1981,.T.);
#1981 = SURFACE_CURVE('',#1982,(#1987,#1994),.PCURVE_S1.);
#1982 = CIRCLE('',#1983,0.45);
#1983 = AXIS2_PLACEMENT_3D('',#1984,#1985,#1986);
#1984 = CARTESIAN_POINT('',(-1.007378472222,-16.94428530092,-10.55));
#1985 = DIRECTION('',(1.,0.,0.));
#1986 = DIRECTION('',(0.,-1.,0.));
#1987 = PCURVE('',#1043,#1988);
#1988 = DEFINITIONAL_REPRESENTATION('',(#1989),#1993);
#1989 = LINE('',#1990,#1991);
#1990 = CARTESIAN_POINT('',(-0.,3.14159265359));
#1991 = VECTOR('',#1992,1.);
#1992 = DIRECTION('',(-1.,0.));
#1993 = ( GEOMETRIC_REPRESENTATION_CONTEXT(2) 
PARAMETRIC_REPRESENTATION_CONTEXT() REPRESENTATION_CONTEXT('2D SPACE',''
  ) );
#1994 = PCURVE('',#1995,#2000);
#1995 = CYLINDRICAL_SURFACE('',#1996,0.45);
#1996 = AXIS2_PLACEMENT_3D('',#1997,#1998,#1999);
#1997 = CARTESIAN_POINT('',(-1.257378472222,-16.94428530092,-10.55));
#1998 = DIRECTION('',(1.,0.,0.));
#1999 = DIRECTION('',(0.,0.,-1.));
#2000 = DEFINITIONAL_REPRESENTATION('',(#2001),#2005);
#2001 = LINE('',#2002,#2003);
#2002 = CARTESIAN_POINT('',(-1.570796326795,0.25));
#2003 = VECTOR('',#2004,1.);
#2004 = DIRECTION('',(1.,-0.));
#2005 = ( GEOMETRIC_REPRESENTATION_CONTEXT(2) 
PARAMETRIC_REPRESENTATION_CONTEXT() REPRESENTATION_CONTEXT('2D SPACE',''
  ) );
#2006 = ADVANCED_FACE('',(#2007),#821,.T.);
#2007 = FACE_BOUND('',#2008,.T.);
#2008 = EDGE_LOOP('',(#2009,#2031,#2057,#2058));
#2009 = ORIENTED_EDGE('',*,*,#2010,.T.);
#2010 = EDGE_CURVE('',#806,#2011,#2013,.T.);
#2011 = VERTEX_POINT('',#2012);
#2012 = CARTESIAN_POINT('',(-1.007378472222,-12.99428530092,-10.45));
#2013 = SURFACE_CURVE('',#2014,(#2019,#2025),.PCURVE_S1.);
#2014 = CIRCLE('',#2015,0.25);
#2015 = AXIS2_PLACEMENT_3D('',#2016,#2017,#2018);
#2016 = CARTESIAN_POINT('',(-1.007378472222,-13.24428530092,-10.45));
#2017 = DIRECTION('',(0.,6.123233995737E-17,-1.));
#2018 = DIRECTION('',(0.,1.,6.123233995737E-17));
#2019 = PCURVE('',#821,#2020);
#2020 = DEFINITIONAL_REPRESENTATION('',(#2021),#2024);
#2021 = B_SPLINE_CURVE_WITH_KNOTS('',1,(#2022,#2023),.UNSPECIFIED.,.F.,
  .F.,(2,2),(4.712388980385,6.28318530718),.PIECEWISE_BEZIER_KNOTS.);
#2022 = CARTESIAN_POINT('',(0.,0.));
#2023 = CARTESIAN_POINT('',(1.570796326795,0.));
#2024 = ( GEOMETRIC_REPRESENTATION_CONTEXT(2) 
PARAMETRIC_REPRESENTATION_CONTEXT() REPRESENTATION_CONTEXT('2D SPACE',''
  ) );
#2025 = PCURVE('',#854,#2026);
#2026 = DEFINITIONAL_REPRESENTATION('',(#2027),#2030);
#2027 = B_SPLINE_CURVE_WITH_KNOTS('',1,(#2028,#2029),.UNSPECIFIED.,.F.,
  .F.,(2,2),(4.712388980385,6.28318530718),.PIECEWISE_BEZIER_KNOTS.);
#2028 = CARTESIAN_POINT('',(-1.570796326795,4.712388980385));
#2029 = CARTESIAN_POINT('',(-1.570796326795,6.28318530718));
#2030 = ( GEOMETRIC_REPRESENTATION_CONTEXT(2) 
PARAMETRIC_REPRESENTATION_CONTEXT() REPRESENTATION_CONTEXT('2D SPACE',''
  ) );
#2031 = ORIENTED_EDGE('',*,*,#2032,.T.);
#2032 = EDGE_CURVE('',#2011,#1908,#2033,.T.);
#2033 = SURFACE_CURVE('',#2034,(#2038,#2045),.PCURVE_S1.);
#2034 = LINE('',#2035,#2036);
#2035 = CARTESIAN_POINT('',(-1.007378472222,-12.99428530092,-10.45));
#2036 = VECTOR('',#2037,1.);
#2037 = DIRECTION('',(-0.,-0.,-1.));
#2038 = PCURVE('',#821,#2039);
#2039 = DEFINITIONAL_REPRESENTATION('',(#2040),#2044);
#2040 = LINE('',#2041,#2042);
#2041 = CARTESIAN_POINT('',(1.570796326795,0.));
#2042 = VECTOR('',#2043,1.);
#2043 = DIRECTION('',(0.,1.));
#2044 = ( GEOMETRIC_REPRESENTATION_CONTEXT(2) 
PARAMETRIC_REPRESENTATION_CONTEXT() REPRESENTATION_CONTEXT('2D SPACE',''
  ) );
#2045 = PCURVE('',#2046,#2051);
#2046 = PLANE('',#2047);
#2047 = AXIS2_PLACEMENT_3D('',#2048,#2049,#2050);
#2048 = CARTESIAN_POINT('',(-1.257378472222,-12.99428530092,-12.6));
#2049 = DIRECTION('',(0.,-1.,0.));
#2050 = DIRECTION('',(0.,0.,1.));
#2051 = DEFINITIONAL_REPRESENTATION('',(#2052),#2056);
#2052 = LINE('',#2053,#2054);
#2053 = CARTESIAN_POINT('',(2.15,-0.25));
#2054 = VECTOR('',#2055,1.);
#2055 = DIRECTION('',(-1.,0.));
#2056 = ( GEOMETRIC_REPRESENTATION_CONTEXT(2) 
PARAMETRIC_REPRESENTATION_CONTEXT() REPRESENTATION_CONTEXT('2D SPACE',''
  ) );
#2057 = ORIENTED_EDGE('',*,*,#1907,.F.);
#2058 = ORIENTED_EDGE('',*,*,#805,.F.);
#2059 = ADVANCED_FACE('',(#2060),#1014,.T.);
#2060 = FACE_BOUND('',#2061,.T.);
#2061 = EDGE_LOOP('',(#2062,#2063,#2091,#2111));
#2062 = ORIENTED_EDGE('',*,*,#1958,.T.);
#2063 = ORIENTED_EDGE('',*,*,#2064,.T.);
#2064 = EDGE_CURVE('',#1959,#2065,#2067,.T.);
#2065 = VERTEX_POINT('',#2066);
#2066 = CARTESIAN_POINT('',(-1.007378472222,-15.04428530092,-11.));
#2067 = SURFACE_CURVE('',#2068,(#2072,#2079),.PCURVE_S1.);
#2068 = LINE('',#2069,#2070);
#2069 = CARTESIAN_POINT('',(-1.007378472222,-16.94428530092,-11.));
#2070 = VECTOR('',#2071,1.);
#2071 = DIRECTION('',(-0.,1.,-0.));
#2072 = PCURVE('',#1014,#2073);
#2073 = DEFINITIONAL_REPRESENTATION('',(#2074),#2078);
#2074 = LINE('',#2075,#2076);
#2075 = CARTESIAN_POINT('',(1.570796326795,0.));
#2076 = VECTOR('',#2077,1.);
#2077 = DIRECTION('',(0.,1.));
#2078 = ( GEOMETRIC_REPRESENTATION_CONTEXT(2) 
PARAMETRIC_REPRESENTATION_CONTEXT() REPRESENTATION_CONTEXT('2D SPACE',''
  ) );
#2079 = PCURVE('',#2080,#2085);
#2080 = PLANE('',#2081);
#2081 = AXIS2_PLACEMENT_3D('',#2082,#2083,#2084);
#2082 = CARTESIAN_POINT('',(-1.257378472222,-14.59428530092,-11.));
#2083 = DIRECTION('',(0.,0.,-1.));
#2084 = DIRECTION('',(0.,-1.,0.));
#2085 = DEFINITIONAL_REPRESENTATION('',(#2086),#2090);
#2086 = LINE('',#2087,#2088);
#2087 = CARTESIAN_POINT('',(2.35,-0.25));
#2088 = VECTOR('',#2089,1.);
#2089 = DIRECTION('',(-1.,0.));
#2090 = ( GEOMETRIC_REPRESENTATION_CONTEXT(2) 
PARAMETRIC_REPRESENTATION_CONTEXT() REPRESENTATION_CONTEXT('2D SPACE',''
  ) );
#2091 = ORIENTED_EDGE('',*,*,#2092,.F.);
#2092 = EDGE_CURVE('',#970,#2065,#2093,.T.);
#2093 = SURFACE_CURVE('',#2094,(#2099,#2105),.PCURVE_S1.);
#2094 = CIRCLE('',#2095,0.25);
#2095 = AXIS2_PLACEMENT_3D('',#2096,#2097,#2098);
#2096 = CARTESIAN_POINT('',(-1.007378472222,-15.04428530092,-11.25));
#2097 = DIRECTION('',(0.,1.,-0.));
#2098 = DIRECTION('',(-1.,-0.,-0.));
#2099 = PCURVE('',#1014,#2100);
#2100 = DEFINITIONAL_REPRESENTATION('',(#2101),#2104);
#2101 = B_SPLINE_CURVE_WITH_KNOTS('',1,(#2102,#2103),.UNSPECIFIED.,.F.,
  .F.,(2,2),(0.,1.570796326795),.PIECEWISE_BEZIER_KNOTS.);
#2102 = CARTESIAN_POINT('',(0.,1.9));
#2103 = CARTESIAN_POINT('',(1.570796326795,1.9));
#2104 = ( GEOMETRIC_REPRESENTATION_CONTEXT(2) 
PARAMETRIC_REPRESENTATION_CONTEXT() REPRESENTATION_CONTEXT('2D SPACE',''
  ) );
#2105 = PCURVE('',#986,#2106);
#2106 = DEFINITIONAL_REPRESENTATION('',(#2107),#2110);
#2107 = B_SPLINE_CURVE_WITH_KNOTS('',1,(#2108,#2109),.UNSPECIFIED.,.F.,
  .F.,(2,2),(0.,1.570796326795),.PIECEWISE_BEZIER_KNOTS.);
#2108 = CARTESIAN_POINT('',(0.,1.570796326795));
#2109 = CARTESIAN_POINT('',(0.,3.14159265359));
#2110 = ( GEOMETRIC_REPRESENTATION_CONTEXT(2) 
PARAMETRIC_REPRESENTATION_CONTEXT() REPRESENTATION_CONTEXT('2D SPACE',''
  ) );
#2111 = ORIENTED_EDGE('',*,*,#998,.F.);
#2112 = ADVANCED_FACE('',(#2113),#854,.T.);
#2113 = FACE_BOUND('',#2114,.F.);
#2114 = EDGE_LOOP('',(#2115,#2137,#2138,#2139));
#2115 = ORIENTED_EDGE('',*,*,#2116,.F.);
#2116 = EDGE_CURVE('',#834,#2117,#2119,.T.);
#2117 = VERTEX_POINT('',#2118);
#2118 = CARTESIAN_POINT('',(-1.007378472222,-13.44428530092,-10.));
#2119 = SURFACE_CURVE('',#2120,(#2125,#2131),.PCURVE_S1.);
#2120 = CIRCLE('',#2121,0.25);
#2121 = AXIS2_PLACEMENT_3D('',#2122,#2123,#2124);
#2122 = CARTESIAN_POINT('',(-1.007378472222,-13.44428530092,-10.25));
#2123 = DIRECTION('',(0.,1.,-0.));
#2124 = DIRECTION('',(-1.,-0.,-0.));
#2125 = PCURVE('',#854,#2126);
#2126 = DEFINITIONAL_REPRESENTATION('',(#2127),#2130);
#2127 = B_SPLINE_CURVE_WITH_KNOTS('',1,(#2128,#2129),.UNSPECIFIED.,.F.,
  .F.,(2,2),(0.,1.570796326795),.PIECEWISE_BEZIER_KNOTS.);
#2128 = CARTESIAN_POINT('',(0.,4.712388980385));
#2129 = CARTESIAN_POINT('',(0.,6.28318530718));
#2130 = ( GEOMETRIC_REPRESENTATION_CONTEXT(2) 
PARAMETRIC_REPRESENTATION_CONTEXT() REPRESENTATION_CONTEXT('2D SPACE',''
  ) );
#2131 = PCURVE('',#889,#2132);
#2132 = DEFINITIONAL_REPRESENTATION('',(#2133),#2136);
#2133 = B_SPLINE_CURVE_WITH_KNOTS('',1,(#2134,#2135),.UNSPECIFIED.,.F.,
  .F.,(2,2),(0.,1.570796326795),.PIECEWISE_BEZIER_KNOTS.);
#2134 = CARTESIAN_POINT('',(0.,0.7));
#2135 = CARTESIAN_POINT('',(1.570796326795,0.7));
#2136 = ( GEOMETRIC_REPRESENTATION_CONTEXT(2) 
PARAMETRIC_REPRESENTATION_CONTEXT() REPRESENTATION_CONTEXT('2D SPACE',''
  ) );
#2137 = ORIENTED_EDGE('',*,*,#833,.T.);
#2138 = ORIENTED_EDGE('',*,*,#2010,.T.);
#2139 = ORIENTED_EDGE('',*,*,#2140,.F.);
#2140 = EDGE_CURVE('',#2117,#2011,#2141,.T.);
#2141 = SURFACE_CURVE('',#2142,(#2147,#2154),.PCURVE_S1.);
#2142 = CIRCLE('',#2143,0.45);
#2143 = AXIS2_PLACEMENT_3D('',#2144,#2145,#2146);
#2144 = CARTESIAN_POINT('',(-1.007378472222,-13.44428530092,-10.45));
#2145 = DIRECTION('',(-1.,0.,-0.));
#2146 = DIRECTION('',(-0.,0.,1.));
#2147 = PCURVE('',#854,#2148);
#2148 = DEFINITIONAL_REPRESENTATION('',(#2149),#2153);
#2149 = LINE('',#2150,#2151);
#2150 = CARTESIAN_POINT('',(-0.,6.28318530718));
#2151 = VECTOR('',#2152,1.);
#2152 = DIRECTION('',(-1.,0.));
#2153 = ( GEOMETRIC_REPRESENTATION_CONTEXT(2) 
PARAMETRIC_REPRESENTATION_CONTEXT() REPRESENTATION_CONTEXT('2D SPACE',''
  ) );
#2154 = PCURVE('',#2155,#2160);
#2155 = CYLINDRICAL_SURFACE('',#2156,0.45);
#2156 = AXIS2_PLACEMENT_3D('',#2157,#2158,#2159);
#2157 = CARTESIAN_POINT('',(-1.257378472222,-13.44428530092,-10.45));
#2158 = DIRECTION('',(1.,0.,0.));
#2159 = DIRECTION('',(-0.,1.,0.));
#2160 = DEFINITIONAL_REPRESENTATION('',(#2161),#2165);
#2161 = LINE('',#2162,#2163);
#2162 = CARTESIAN_POINT('',(1.570796326795,0.25));
#2163 = VECTOR('',#2164,1.);
#2164 = DIRECTION('',(-1.,-0.));
#2165 = ( GEOMETRIC_REPRESENTATION_CONTEXT(2) 
PARAMETRIC_REPRESENTATION_CONTEXT() REPRESENTATION_CONTEXT('2D SPACE',''
  ) );
#2166 = ADVANCED_FACE('',(#2167),#986,.T.);
#2167 = FACE_BOUND('',#2168,.F.);
#2168 = EDGE_LOOP('',(#2169,#2170,#2171,#2193));
#2169 = ORIENTED_EDGE('',*,*,#2092,.F.);
#2170 = ORIENTED_EDGE('',*,*,#969,.T.);
#2171 = ORIENTED_EDGE('',*,*,#2172,.T.);
#2172 = EDGE_CURVE('',#942,#2173,#2175,.T.);
#2173 = VERTEX_POINT('',#2174);
#2174 = CARTESIAN_POINT('',(-1.007378472222,-14.59428530092,-10.55));
#2175 = SURFACE_CURVE('',#2176,(#2181,#2187),.PCURVE_S1.);
#2176 = CIRCLE('',#2177,0.25);
#2177 = AXIS2_PLACEMENT_3D('',#2178,#2179,#2180);
#2178 = CARTESIAN_POINT('',(-1.007378472222,-14.34428530092,-10.55));
#2179 = DIRECTION('',(0.,6.123233995737E-17,1.));
#2180 = DIRECTION('',(0.,1.,-6.123233995737E-17));
#2181 = PCURVE('',#986,#2182);
#2182 = DEFINITIONAL_REPRESENTATION('',(#2183),#2186);
#2183 = B_SPLINE_CURVE_WITH_KNOTS('',1,(#2184,#2185),.UNSPECIFIED.,.F.,
  .F.,(2,2),(1.570796326795,3.14159265359),.PIECEWISE_BEZIER_KNOTS.);
#2184 = CARTESIAN_POINT('',(-1.570796326795,1.570796326795));
#2185 = CARTESIAN_POINT('',(-1.570796326795,3.14159265359));
#2186 = ( GEOMETRIC_REPRESENTATION_CONTEXT(2) 
PARAMETRIC_REPRESENTATION_CONTEXT() REPRESENTATION_CONTEXT('2D SPACE',''
  ) );
#2187 = PCURVE('',#957,#2188);
#2188 = DEFINITIONAL_REPRESENTATION('',(#2189),#2192);
#2189 = B_SPLINE_CURVE_WITH_KNOTS('',1,(#2190,#2191),.UNSPECIFIED.,.F.,
  .F.,(2,2),(1.570796326795,3.14159265359),.PIECEWISE_BEZIER_KNOTS.);
#2190 = CARTESIAN_POINT('',(0.,0.));
#2191 = CARTESIAN_POINT('',(1.570796326795,0.));
#2192 = ( GEOMETRIC_REPRESENTATION_CONTEXT(2) 
PARAMETRIC_REPRESENTATION_CONTEXT() REPRESENTATION_CONTEXT('2D SPACE',''
  ) );
#2193 = ORIENTED_EDGE('',*,*,#2194,.F.);
#2194 = EDGE_CURVE('',#2065,#2173,#2195,.T.);
#2195 = SURFACE_CURVE('',#2196,(#2201,#2208),.PCURVE_S1.);
#2196 = CIRCLE('',#2197,0.45);
#2197 = AXIS2_PLACEMENT_3D('',#2198,#2199,#2200);
#2198 = CARTESIAN_POINT('',(-1.007378472222,-15.04428530092,-10.55));
#2199 = DIRECTION('',(1.,0.,0.));
#2200 = DIRECTION('',(0.,0.,-1.));
#2201 = PCURVE('',#986,#2202);
#2202 = DEFINITIONAL_REPRESENTATION('',(#2203),#2207);
#2203 = LINE('',#2204,#2205);
#2204 = CARTESIAN_POINT('',(-0.,3.14159265359));
#2205 = VECTOR('',#2206,1.);
#2206 = DIRECTION('',(-1.,0.));
#2207 = ( GEOMETRIC_REPRESENTATION_CONTEXT(2) 
PARAMETRIC_REPRESENTATION_CONTEXT() REPRESENTATION_CONTEXT('2D SPACE',''
  ) );
#2208 = PCURVE('',#2209,#2214);
#2209 = CYLINDRICAL_SURFACE('',#2210,0.45);
#2210 = AXIS2_PLACEMENT_3D('',#2211,#2212,#2213);
#2211 = CARTESIAN_POINT('',(-1.257378472222,-15.04428530092,-10.55));
#2212 = DIRECTION('',(1.,0.,0.));
#2213 = DIRECTION('',(-0.,1.,0.));
#2214 = DEFINITIONAL_REPRESENTATION('',(#2215),#2219);
#2215 = LINE('',#2216,#2217);
#2216 = CARTESIAN_POINT('',(-1.570796326795,0.25));
#2217 = VECTOR('',#2218,1.);
#2218 = DIRECTION('',(1.,-0.));
#2219 = ( GEOMETRIC_REPRESENTATION_CONTEXT(2) 
PARAMETRIC_REPRESENTATION_CONTEXT() REPRESENTATION_CONTEXT('2D SPACE',''
  ) );
#2220 = ADVANCED_FACE('',(#2221),#889,.T.);
#2221 = FACE_BOUND('',#2222,.T.);
#2222 = EDGE_LOOP('',(#2223,#2245,#2271,#2272));
#2223 = ORIENTED_EDGE('',*,*,#2224,.T.);
#2224 = EDGE_CURVE('',#874,#2225,#2227,.T.);
#2225 = VERTEX_POINT('',#2226);
#2226 = CARTESIAN_POINT('',(-1.007378472222,-14.14428530092,-10.));
#2227 = SURFACE_CURVE('',#2228,(#2233,#2239),.PCURVE_S1.);
#2228 = CIRCLE('',#2229,0.25);
#2229 = AXIS2_PLACEMENT_3D('',#2230,#2231,#2232);
#2230 = CARTESIAN_POINT('',(-1.007378472222,-14.14428530092,-10.25));
#2231 = DIRECTION('',(-0.,1.,6.123233995737E-17));
#2232 = DIRECTION('',(0.,-6.123233995737E-17,1.));
#2233 = PCURVE('',#889,#2234);
#2234 = DEFINITIONAL_REPRESENTATION('',(#2235),#2238);
#2235 = B_SPLINE_CURVE_WITH_KNOTS('',1,(#2236,#2237),.UNSPECIFIED.,.F.,
  .F.,(2,2),(4.712388980385,6.28318530718),.PIECEWISE_BEZIER_KNOTS.);
#2236 = CARTESIAN_POINT('',(0.,0.));
#2237 = CARTESIAN_POINT('',(1.570796326795,0.));
#2238 = ( GEOMETRIC_REPRESENTATION_CONTEXT(2) 
PARAMETRIC_REPRESENTATION_CONTEXT() REPRESENTATION_CONTEXT('2D SPACE',''
  ) );
#2239 = PCURVE('',#922,#2240);
#2240 = DEFINITIONAL_REPRESENTATION('',(#2241),#2244);
#2241 = B_SPLINE_CURVE_WITH_KNOTS('',1,(#2242,#2243),.UNSPECIFIED.,.F.,
  .F.,(2,2),(4.712388980385,6.28318530718),.PIECEWISE_BEZIER_KNOTS.);
#2242 = CARTESIAN_POINT('',(-1.570796326795,4.712388980385));
#2243 = CARTESIAN_POINT('',(-1.570796326795,6.28318530718));
#2244 = ( GEOMETRIC_REPRESENTATION_CONTEXT(2) 
PARAMETRIC_REPRESENTATION_CONTEXT() REPRESENTATION_CONTEXT('2D SPACE',''
  ) );
#2245 = ORIENTED_EDGE('',*,*,#2246,.T.);
#2246 = EDGE_CURVE('',#2225,#2117,#2247,.T.);
#2247 = SURFACE_CURVE('',#2248,(#2252,#2259),.PCURVE_S1.);
#2248 = LINE('',#2249,#2250);
#2249 = CARTESIAN_POINT('',(-1.007378472222,-14.14428530092,-10.));
#2250 = VECTOR('',#2251,1.);
#2251 = DIRECTION('',(-0.,1.,-0.));
#2252 = PCURVE('',#889,#2253);
#2253 = DEFINITIONAL_REPRESENTATION('',(#2254),#2258);
#2254 = LINE('',#2255,#2256);
#2255 = CARTESIAN_POINT('',(1.570796326795,0.));
#2256 = VECTOR('',#2257,1.);
#2257 = DIRECTION('',(0.,1.));
#2258 = ( GEOMETRIC_REPRESENTATION_CONTEXT(2) 
PARAMETRIC_REPRESENTATION_CONTEXT() REPRESENTATION_CONTEXT('2D SPACE',''
  ) );
#2259 = PCURVE('',#2260,#2265);
#2260 = PLANE('',#2261);
#2261 = AXIS2_PLACEMENT_3D('',#2262,#2263,#2264);
#2262 = CARTESIAN_POINT('',(-1.257378472222,-12.99428530092,-10.));
#2263 = DIRECTION('',(0.,0.,-1.));
#2264 = DIRECTION('',(0.,-1.,0.));
#2265 = DEFINITIONAL_REPRESENTATION('',(#2266),#2270);
#2266 = LINE('',#2267,#2268);
#2267 = CARTESIAN_POINT('',(1.15,-0.25));
#2268 = VECTOR('',#2269,1.);
#2269 = DIRECTION('',(-1.,0.));
#2270 = ( GEOMETRIC_REPRESENTATION_CONTEXT(2) 
PARAMETRIC_REPRESENTATION_CONTEXT() REPRESENTATION_CONTEXT('2D SPACE',''
  ) );
#2271 = ORIENTED_EDGE('',*,*,#2116,.F.);
#2272 = ORIENTED_EDGE('',*,*,#873,.F.);
#2273 = ADVANCED_FACE('',(#2274),#957,.T.);
#2274 = FACE_BOUND('',#2275,.T.);
#2275 = EDGE_LOOP('',(#2276,#2277,#2305,#2325));
#2276 = ORIENTED_EDGE('',*,*,#2172,.T.);
#2277 = ORIENTED_EDGE('',*,*,#2278,.T.);
#2278 = EDGE_CURVE('',#2173,#2279,#2281,.T.);
#2279 = VERTEX_POINT('',#2280);
#2280 = CARTESIAN_POINT('',(-1.007378472222,-14.59428530092,-10.45));
#2281 = SURFACE_CURVE('',#2282,(#2286,#2293),.PCURVE_S1.);
#2282 = LINE('',#2283,#2284);
#2283 = CARTESIAN_POINT('',(-1.007378472222,-14.59428530092,-10.55));
#2284 = VECTOR('',#2285,1.);
#2285 = DIRECTION('',(-0.,-0.,1.));
#2286 = PCURVE('',#957,#2287);
#2287 = DEFINITIONAL_REPRESENTATION('',(#2288),#2292);
#2288 = LINE('',#2289,#2290);
#2289 = CARTESIAN_POINT('',(1.570796326795,0.));
#2290 = VECTOR('',#2291,1.);
#2291 = DIRECTION('',(0.,1.));
#2292 = ( GEOMETRIC_REPRESENTATION_CONTEXT(2) 
PARAMETRIC_REPRESENTATION_CONTEXT() REPRESENTATION_CONTEXT('2D SPACE',''
  ) );
#2293 = PCURVE('',#2294,#2299);
#2294 = PLANE('',#2295);
#2295 = AXIS2_PLACEMENT_3D('',#2296,#2297,#2298);
#2296 = CARTESIAN_POINT('',(-1.257378472222,-14.59428530092,-10.));
#2297 = DIRECTION('',(-0.,1.,0.));
#2298 = DIRECTION('',(0.,0.,-1.));
#2299 = DEFINITIONAL_REPRESENTATION('',(#2300),#2304);
#2300 = LINE('',#2301,#2302);
#2301 = CARTESIAN_POINT('',(0.55,-0.25));
#2302 = VECTOR('',#2303,1.);
#2303 = DIRECTION('',(-1.,0.));
#2304 = ( GEOMETRIC_REPRESENTATION_CONTEXT(2) 
PARAMETRIC_REPRESENTATION_CONTEXT() REPRESENTATION_CONTEXT('2D SPACE',''
  ) );
#2305 = ORIENTED_EDGE('',*,*,#2306,.F.);
#2306 = EDGE_CURVE('',#902,#2279,#2307,.T.);
#2307 = SURFACE_CURVE('',#2308,(#2313,#2319),.PCURVE_S1.);
#2308 = CIRCLE('',#2309,0.25);
#2309 = AXIS2_PLACEMENT_3D('',#2310,#2311,#2312);
#2310 = CARTESIAN_POINT('',(-1.007378472222,-14.34428530092,-10.45));
#2311 = DIRECTION('',(0.,-0.,1.));
#2312 = DIRECTION('',(-1.,0.,0.));
#2313 = PCURVE('',#957,#2314);
#2314 = DEFINITIONAL_REPRESENTATION('',(#2315),#2318);
#2315 = B_SPLINE_CURVE_WITH_KNOTS('',1,(#2316,#2317),.UNSPECIFIED.,.F.,
  .F.,(2,2),(0.,1.570796326795),.PIECEWISE_BEZIER_KNOTS.);
#2316 = CARTESIAN_POINT('',(0.,0.1));
#2317 = CARTESIAN_POINT('',(1.570796326795,0.1));
#2318 = ( GEOMETRIC_REPRESENTATION_CONTEXT(2) 
PARAMETRIC_REPRESENTATION_CONTEXT() REPRESENTATION_CONTEXT('2D SPACE',''
  ) );
#2319 = PCURVE('',#922,#2320);
#2320 = DEFINITIONAL_REPRESENTATION('',(#2321),#2324);
#2321 = B_SPLINE_CURVE_WITH_KNOTS('',1,(#2322,#2323),.UNSPECIFIED.,.F.,
  .F.,(2,2),(0.,1.570796326795),.PIECEWISE_BEZIER_KNOTS.);
#2322 = CARTESIAN_POINT('',(0.,4.712388980385));
#2323 = CARTESIAN_POINT('',(0.,6.28318530718));
#2324 = ( GEOMETRIC_REPRESENTATION_CONTEXT(2) 
PARAMETRIC_REPRESENTATION_CONTEXT() REPRESENTATION_CONTEXT('2D SPACE',''
  ) );
#2325 = ORIENTED_EDGE('',*,*,#941,.F.);
#2326 = ADVANCED_FACE('',(#2327),#922,.T.);
#2327 = FACE_BOUND('',#2328,.F.);
#2328 = EDGE_LOOP('',(#2329,#2330,#2331,#2332));
#2329 = ORIENTED_EDGE('',*,*,#2306,.F.);
#2330 = ORIENTED_EDGE('',*,*,#901,.T.);
#2331 = ORIENTED_EDGE('',*,*,#2224,.T.);
#2332 = ORIENTED_EDGE('',*,*,#2333,.F.);
#2333 = EDGE_CURVE('',#2279,#2225,#2334,.T.);
#2334 = SURFACE_CURVE('',#2335,(#2340,#2347),.PCURVE_S1.);
#2335 = CIRCLE('',#2336,0.45);
#2336 = AXIS2_PLACEMENT_3D('',#2337,#2338,#2339);
#2337 = CARTESIAN_POINT('',(-1.007378472222,-14.14428530092,-10.45));
#2338 = DIRECTION('',(-1.,-0.,0.));
#2339 = DIRECTION('',(0.,-1.,0.));
#2340 = PCURVE('',#922,#2341);
#2341 = DEFINITIONAL_REPRESENTATION('',(#2342),#2346);
#2342 = LINE('',#2343,#2344);
#2343 = CARTESIAN_POINT('',(-0.,6.28318530718));
#2344 = VECTOR('',#2345,1.);
#2345 = DIRECTION('',(-1.,0.));
#2346 = ( GEOMETRIC_REPRESENTATION_CONTEXT(2) 
PARAMETRIC_REPRESENTATION_CONTEXT() REPRESENTATION_CONTEXT('2D SPACE',''
  ) );
#2347 = PCURVE('',#2348,#2353);
#2348 = CYLINDRICAL_SURFACE('',#2349,0.45);
#2349 = AXIS2_PLACEMENT_3D('',#2350,#2351,#2352);
#2350 = CARTESIAN_POINT('',(-1.257378472222,-14.14428530092,-10.45));
#2351 = DIRECTION('',(1.,0.,0.));
#2352 = DIRECTION('',(0.,-0.,1.));
#2353 = DEFINITIONAL_REPRESENTATION('',(#2354),#2358);
#2354 = LINE('',#2355,#2356);
#2355 = CARTESIAN_POINT('',(1.570796326795,0.25));
#2356 = VECTOR('',#2357,1.);
#2357 = DIRECTION('',(-1.,-0.));
#2358 = ( GEOMETRIC_REPRESENTATION_CONTEXT(2) 
PARAMETRIC_REPRESENTATION_CONTEXT() REPRESENTATION_CONTEXT('2D SPACE',''
  ) );
#2359 = ADVANCED_FACE('',(#2360),#1165,.T.);
#2360 = FACE_BOUND('',#2361,.T.);
#2361 = EDGE_LOOP('',(#2362,#2384,#2407,#2427));
#2362 = ORIENTED_EDGE('',*,*,#2363,.T.);
#2363 = EDGE_CURVE('',#1148,#2364,#2366,.T.);
#2364 = VERTEX_POINT('',#2365);
#2365 = CARTESIAN_POINT('',(4.492621527778,-13.44428530092,-10.));
#2366 = SURFACE_CURVE('',#2367,(#2372,#2378),.PCURVE_S1.);
#2367 = CIRCLE('',#2368,0.25);
#2368 = AXIS2_PLACEMENT_3D('',#2369,#2370,#2371);
#2369 = CARTESIAN_POINT('',(4.492621527778,-13.44428530092,-10.25));
#2370 = DIRECTION('',(0.,-1.,0.));
#2371 = DIRECTION('',(1.,0.,0.));
#2372 = PCURVE('',#1165,#2373);
#2373 = DEFINITIONAL_REPRESENTATION('',(#2374),#2377);
#2374 = B_SPLINE_CURVE_WITH_KNOTS('',1,(#2375,#2376),.UNSPECIFIED.,.F.,
  .F.,(2,2),(0.,1.570796326795),.PIECEWISE_BEZIER_KNOTS.);
#2375 = CARTESIAN_POINT('',(0.,0.));
#2376 = CARTESIAN_POINT('',(1.570796326795,0.));
#2377 = ( GEOMETRIC_REPRESENTATION_CONTEXT(2) 
PARAMETRIC_REPRESENTATION_CONTEXT() REPRESENTATION_CONTEXT('2D SPACE',''
  ) );
#2378 = PCURVE('',#1553,#2379);
#2379 = DEFINITIONAL_REPRESENTATION('',(#2380),#2383);
#2380 = B_SPLINE_CURVE_WITH_KNOTS('',1,(#2381,#2382),.UNSPECIFIED.,.F.,
  .F.,(2,2),(0.,1.570796326795),.PIECEWISE_BEZIER_KNOTS.);
#2381 = CARTESIAN_POINT('',(-1.570796326795,4.712388980385));
#2382 = CARTESIAN_POINT('',(-1.570796326795,6.28318530718));
#2383 = ( GEOMETRIC_REPRESENTATION_CONTEXT(2) 
PARAMETRIC_REPRESENTATION_CONTEXT() REPRESENTATION_CONTEXT('2D SPACE',''
  ) );
#2384 = ORIENTED_EDGE('',*,*,#2385,.T.);
#2385 = EDGE_CURVE('',#2364,#2386,#2388,.T.);
#2386 = VERTEX_POINT('',#2387);
#2387 = CARTESIAN_POINT('',(4.492621527778,-14.14428530092,-10.));
#2388 = SURFACE_CURVE('',#2389,(#2393,#2400),.PCURVE_S1.);
#2389 = LINE('',#2390,#2391);
#2390 = CARTESIAN_POINT('',(4.492621527778,-13.44428530092,-10.));
#2391 = VECTOR('',#2392,1.);
#2392 = DIRECTION('',(0.,-1.,0.));
#2393 = PCURVE('',#1165,#2394);
#2394 = DEFINITIONAL_REPRESENTATION('',(#2395),#2399);
#2395 = LINE('',#2396,#2397);
#2396 = CARTESIAN_POINT('',(1.570796326795,0.));
#2397 = VECTOR('',#2398,1.);
#2398 = DIRECTION('',(0.,1.));
#2399 = ( GEOMETRIC_REPRESENTATION_CONTEXT(2) 
PARAMETRIC_REPRESENTATION_CONTEXT() REPRESENTATION_CONTEXT('2D SPACE',''
  ) );
#2400 = PCURVE('',#2260,#2401);
#2401 = DEFINITIONAL_REPRESENTATION('',(#2402),#2406);
#2402 = LINE('',#2403,#2404);
#2403 = CARTESIAN_POINT('',(0.45,-5.75));
#2404 = VECTOR('',#2405,1.);
#2405 = DIRECTION('',(1.,0.));
#2406 = ( GEOMETRIC_REPRESENTATION_CONTEXT(2) 
PARAMETRIC_REPRESENTATION_CONTEXT() REPRESENTATION_CONTEXT('2D SPACE',''
  ) );
#2407 = ORIENTED_EDGE('',*,*,#2408,.F.);
#2408 = EDGE_CURVE('',#1150,#2386,#2409,.T.);
#2409 = SURFACE_CURVE('',#2410,(#2415,#2421),.PCURVE_S1.);
#2410 = CIRCLE('',#2411,0.25);
#2411 = AXIS2_PLACEMENT_3D('',#2412,#2413,#2414);
#2412 = CARTESIAN_POINT('',(4.492621527778,-14.14428530092,-10.25));
#2413 = DIRECTION('',(0.,-1.,0.));
#2414 = DIRECTION('',(1.,0.,0.));
#2415 = PCURVE('',#1165,#2416);
#2416 = DEFINITIONAL_REPRESENTATION('',(#2417),#2420);
#2417 = B_SPLINE_CURVE_WITH_KNOTS('',1,(#2418,#2419),.UNSPECIFIED.,.F.,
  .F.,(2,2),(0.,1.570796326795),.PIECEWISE_BEZIER_KNOTS.);
#2418 = CARTESIAN_POINT('',(0.,0.7));
#2419 = CARTESIAN_POINT('',(1.570796326795,0.7));
#2420 = ( GEOMETRIC_REPRESENTATION_CONTEXT(2) 
PARAMETRIC_REPRESENTATION_CONTEXT() REPRESENTATION_CONTEXT('2D SPACE',''
  ) );
#2421 = PCURVE('',#1194,#2422);
#2422 = DEFINITIONAL_REPRESENTATION('',(#2423),#2426);
#2423 = B_SPLINE_CURVE_WITH_KNOTS('',1,(#2424,#2425),.UNSPECIFIED.,.F.,
  .F.,(2,2),(0.,1.570796326795),.PIECEWISE_BEZIER_KNOTS.);
#2424 = CARTESIAN_POINT('',(0.,4.712388980385));
#2425 = CARTESIAN_POINT('',(0.,6.28318530718));
#2426 = ( GEOMETRIC_REPRESENTATION_CONTEXT(2) 
PARAMETRIC_REPRESENTATION_CONTEXT() REPRESENTATION_CONTEXT('2D SPACE',''
  ) );
#2427 = ORIENTED_EDGE('',*,*,#1147,.F.);
#2428 = ADVANCED_FACE('',(#2429),#1553,.T.);
#2429 = FACE_BOUND('',#2430,.F.);
#2430 = EDGE_LOOP('',(#2431,#2453,#2454,#2455));
#2431 = ORIENTED_EDGE('',*,*,#2432,.F.);
#2432 = EDGE_CURVE('',#1511,#2433,#2435,.T.);
#2433 = VERTEX_POINT('',#2434);
#2434 = CARTESIAN_POINT('',(4.492621527778,-12.99428530092,-10.45));
#2435 = SURFACE_CURVE('',#2436,(#2441,#2447),.PCURVE_S1.);
#2436 = CIRCLE('',#2437,0.25);
#2437 = AXIS2_PLACEMENT_3D('',#2438,#2439,#2440);
#2438 = CARTESIAN_POINT('',(4.492621527778,-13.24428530092,-10.45));
#2439 = DIRECTION('',(0.,0.,1.));
#2440 = DIRECTION('',(1.,0.,-0.));
#2441 = PCURVE('',#1553,#2442);
#2442 = DEFINITIONAL_REPRESENTATION('',(#2443),#2446);
#2443 = B_SPLINE_CURVE_WITH_KNOTS('',1,(#2444,#2445),.UNSPECIFIED.,.F.,
  .F.,(2,2),(0.,1.570796326795),.PIECEWISE_BEZIER_KNOTS.);
#2444 = CARTESIAN_POINT('',(0.,4.712388980385));
#2445 = CARTESIAN_POINT('',(0.,6.28318530718));
#2446 = ( GEOMETRIC_REPRESENTATION_CONTEXT(2) 
PARAMETRIC_REPRESENTATION_CONTEXT() REPRESENTATION_CONTEXT('2D SPACE',''
  ) );
#2447 = PCURVE('',#1526,#2448);
#2448 = DEFINITIONAL_REPRESENTATION('',(#2449),#2452);
#2449 = B_SPLINE_CURVE_WITH_KNOTS('',1,(#2450,#2451),.UNSPECIFIED.,.F.,
  .F.,(2,2),(0.,1.570796326795),.PIECEWISE_BEZIER_KNOTS.);
#2450 = CARTESIAN_POINT('',(0.,1.7));
#2451 = CARTESIAN_POINT('',(1.570796326795,1.7));
#2452 = ( GEOMETRIC_REPRESENTATION_CONTEXT(2) 
PARAMETRIC_REPRESENTATION_CONTEXT() REPRESENTATION_CONTEXT('2D SPACE',''
  ) );
#2453 = ORIENTED_EDGE('',*,*,#1538,.T.);
#2454 = ORIENTED_EDGE('',*,*,#2363,.T.);
#2455 = ORIENTED_EDGE('',*,*,#2456,.F.);
#2456 = EDGE_CURVE('',#2433,#2364,#2457,.T.);
#2457 = SURFACE_CURVE('',#2458,(#2463,#2470),.PCURVE_S1.);
#2458 = CIRCLE('',#2459,0.45);
#2459 = AXIS2_PLACEMENT_3D('',#2460,#2461,#2462);
#2460 = CARTESIAN_POINT('',(4.492621527778,-13.44428530092,-10.45));
#2461 = DIRECTION('',(1.,0.,0.));
#2462 = DIRECTION('',(-0.,1.,0.));
#2463 = PCURVE('',#1553,#2464);
#2464 = DEFINITIONAL_REPRESENTATION('',(#2465),#2469);
#2465 = LINE('',#2466,#2467);
#2466 = CARTESIAN_POINT('',(-0.,6.28318530718));
#2467 = VECTOR('',#2468,1.);
#2468 = DIRECTION('',(-1.,0.));
#2469 = ( GEOMETRIC_REPRESENTATION_CONTEXT(2) 
PARAMETRIC_REPRESENTATION_CONTEXT() REPRESENTATION_CONTEXT('2D SPACE',''
  ) );
#2470 = PCURVE('',#2155,#2471);
#2471 = DEFINITIONAL_REPRESENTATION('',(#2472),#2476);
#2472 = LINE('',#2473,#2474);
#2473 = CARTESIAN_POINT('',(0.,5.75));
#2474 = VECTOR('',#2475,1.);
#2475 = DIRECTION('',(1.,0.));
#2476 = ( GEOMETRIC_REPRESENTATION_CONTEXT(2) 
PARAMETRIC_REPRESENTATION_CONTEXT() REPRESENTATION_CONTEXT('2D SPACE',''
  ) );
#2477 = ADVANCED_FACE('',(#2478),#1194,.T.);
#2478 = FACE_BOUND('',#2479,.F.);
#2479 = EDGE_LOOP('',(#2480,#2481,#2482,#2504));
#2480 = ORIENTED_EDGE('',*,*,#2408,.F.);
#2481 = ORIENTED_EDGE('',*,*,#1177,.T.);
#2482 = ORIENTED_EDGE('',*,*,#2483,.T.);
#2483 = EDGE_CURVE('',#1178,#2484,#2486,.T.);
#2484 = VERTEX_POINT('',#2485);
#2485 = CARTESIAN_POINT('',(4.492621527778,-14.59428530092,-10.45));
#2486 = SURFACE_CURVE('',#2487,(#2492,#2498),.PCURVE_S1.);
#2487 = CIRCLE('',#2488,0.25);
#2488 = AXIS2_PLACEMENT_3D('',#2489,#2490,#2491);
#2489 = CARTESIAN_POINT('',(4.492621527778,-14.34428530092,-10.45));
#2490 = DIRECTION('',(0.,-6.123233995737E-17,-1.));
#2491 = DIRECTION('',(0.,-1.,6.123233995737E-17));
#2492 = PCURVE('',#1194,#2493);
#2493 = DEFINITIONAL_REPRESENTATION('',(#2494),#2497);
#2494 = B_SPLINE_CURVE_WITH_KNOTS('',1,(#2495,#2496),.UNSPECIFIED.,.F.,
  .F.,(2,2),(4.712388980385,6.28318530718),.PIECEWISE_BEZIER_KNOTS.);
#2495 = CARTESIAN_POINT('',(-1.570796326795,4.712388980385));
#2496 = CARTESIAN_POINT('',(-1.570796326795,6.28318530718));
#2497 = ( GEOMETRIC_REPRESENTATION_CONTEXT(2) 
PARAMETRIC_REPRESENTATION_CONTEXT() REPRESENTATION_CONTEXT('2D SPACE',''
  ) );
#2498 = PCURVE('',#1229,#2499);
#2499 = DEFINITIONAL_REPRESENTATION('',(#2500),#2503);
#2500 = B_SPLINE_CURVE_WITH_KNOTS('',1,(#2501,#2502),.UNSPECIFIED.,.F.,
  .F.,(2,2),(4.712388980385,6.28318530718),.PIECEWISE_BEZIER_KNOTS.);
#2501 = CARTESIAN_POINT('',(0.,0.));
#2502 = CARTESIAN_POINT('',(1.570796326795,0.));
#2503 = ( GEOMETRIC_REPRESENTATION_CONTEXT(2) 
PARAMETRIC_REPRESENTATION_CONTEXT() REPRESENTATION_CONTEXT('2D SPACE',''
  ) );
#2504 = ORIENTED_EDGE('',*,*,#2505,.F.);
#2505 = EDGE_CURVE('',#2386,#2484,#2506,.T.);
#2506 = SURFACE_CURVE('',#2507,(#2512,#2519),.PCURVE_S1.);
#2507 = CIRCLE('',#2508,0.45);
#2508 = AXIS2_PLACEMENT_3D('',#2509,#2510,#2511);
#2509 = CARTESIAN_POINT('',(4.492621527778,-14.14428530092,-10.45));
#2510 = DIRECTION('',(1.,0.,0.));
#2511 = DIRECTION('',(-0.,0.,1.));
#2512 = PCURVE('',#1194,#2513);
#2513 = DEFINITIONAL_REPRESENTATION('',(#2514),#2518);
#2514 = LINE('',#2515,#2516);
#2515 = CARTESIAN_POINT('',(-0.,6.28318530718));
#2516 = VECTOR('',#2517,1.);
#2517 = DIRECTION('',(-1.,0.));
#2518 = ( GEOMETRIC_REPRESENTATION_CONTEXT(2) 
PARAMETRIC_REPRESENTATION_CONTEXT() REPRESENTATION_CONTEXT('2D SPACE',''
  ) );
#2519 = PCURVE('',#2348,#2520);
#2520 = DEFINITIONAL_REPRESENTATION('',(#2521),#2525);
#2521 = LINE('',#2522,#2523);
#2522 = CARTESIAN_POINT('',(0.,5.75));
#2523 = VECTOR('',#2524,1.);
#2524 = DIRECTION('',(1.,0.));
#2525 = ( GEOMETRIC_REPRESENTATION_CONTEXT(2) 
PARAMETRIC_REPRESENTATION_CONTEXT() REPRESENTATION_CONTEXT('2D SPACE',''
  ) );
#2526 = ADVANCED_FACE('',(#2527),#1526,.T.);
#2527 = FACE_BOUND('',#2528,.T.);
#2528 = EDGE_LOOP('',(#2529,#2551,#2572,#2573));
#2529 = ORIENTED_EDGE('',*,*,#2530,.T.);
#2530 = EDGE_CURVE('',#1475,#2531,#2533,.T.);
#2531 = VERTEX_POINT('',#2532);
#2532 = CARTESIAN_POINT('',(4.492621527778,-12.99428530092,-12.15));
#2533 = SURFACE_CURVE('',#2534,(#2539,#2545),.PCURVE_S1.);
#2534 = CIRCLE('',#2535,0.25);
#2535 = AXIS2_PLACEMENT_3D('',#2536,#2537,#2538);
#2536 = CARTESIAN_POINT('',(4.492621527778,-13.24428530092,-12.15));
#2537 = DIRECTION('',(0.,6.123233995737E-17,1.));
#2538 = DIRECTION('',(0.,1.,-6.123233995737E-17));
#2539 = PCURVE('',#1526,#2540);
#2540 = DEFINITIONAL_REPRESENTATION('',(#2541),#2544);
#2541 = B_SPLINE_CURVE_WITH_KNOTS('',1,(#2542,#2543),.UNSPECIFIED.,.F.,
  .F.,(2,2),(4.712388980385,6.28318530718),.PIECEWISE_BEZIER_KNOTS.);
#2542 = CARTESIAN_POINT('',(0.,0.));
#2543 = CARTESIAN_POINT('',(1.570796326795,0.));
#2544 = ( GEOMETRIC_REPRESENTATION_CONTEXT(2) 
PARAMETRIC_REPRESENTATION_CONTEXT() REPRESENTATION_CONTEXT('2D SPACE',''
  ) );
#2545 = PCURVE('',#1491,#2546);
#2546 = DEFINITIONAL_REPRESENTATION('',(#2547),#2550);
#2547 = B_SPLINE_CURVE_WITH_KNOTS('',1,(#2548,#2549),.UNSPECIFIED.,.F.,
  .F.,(2,2),(4.712388980385,6.28318530718),.PIECEWISE_BEZIER_KNOTS.);
#2548 = CARTESIAN_POINT('',(-1.570796326795,4.712388980385));
#2549 = CARTESIAN_POINT('',(-1.570796326795,6.28318530718));
#2550 = ( GEOMETRIC_REPRESENTATION_CONTEXT(2) 
PARAMETRIC_REPRESENTATION_CONTEXT() REPRESENTATION_CONTEXT('2D SPACE',''
  ) );
#2551 = ORIENTED_EDGE('',*,*,#2552,.T.);
#2552 = EDGE_CURVE('',#2531,#2433,#2553,.T.);
#2553 = SURFACE_CURVE('',#2554,(#2558,#2565),.PCURVE_S1.);
#2554 = LINE('',#2555,#2556);
#2555 = CARTESIAN_POINT('',(4.492621527778,-12.99428530092,-12.15));
#2556 = VECTOR('',#2557,1.);
#2557 = DIRECTION('',(0.,0.,1.));
#2558 = PCURVE('',#1526,#2559);
#2559 = DEFINITIONAL_REPRESENTATION('',(#2560),#2564);
#2560 = LINE('',#2561,#2562);
#2561 = CARTESIAN_POINT('',(1.570796326795,0.));
#2562 = VECTOR('',#2563,1.);
#2563 = DIRECTION('',(0.,1.));
#2564 = ( GEOMETRIC_REPRESENTATION_CONTEXT(2) 
PARAMETRIC_REPRESENTATION_CONTEXT() REPRESENTATION_CONTEXT('2D SPACE',''
  ) );
#2565 = PCURVE('',#2046,#2566);
#2566 = DEFINITIONAL_REPRESENTATION('',(#2567),#2571);
#2567 = LINE('',#2568,#2569);
#2568 = CARTESIAN_POINT('',(0.45,-5.75));
#2569 = VECTOR('',#2570,1.);
#2570 = DIRECTION('',(1.,0.));
#2571 = ( GEOMETRIC_REPRESENTATION_CONTEXT(2) 
PARAMETRIC_REPRESENTATION_CONTEXT() REPRESENTATION_CONTEXT('2D SPACE',''
  ) );
#2572 = ORIENTED_EDGE('',*,*,#2432,.F.);
#2573 = ORIENTED_EDGE('',*,*,#1510,.F.);
#2574 = ADVANCED_FACE('',(#2575),#1229,.T.);
#2575 = FACE_BOUND('',#2576,.T.);
#2576 = EDGE_LOOP('',(#2577,#2578,#2601,#2621));
#2577 = ORIENTED_EDGE('',*,*,#2483,.T.);
#2578 = ORIENTED_EDGE('',*,*,#2579,.T.);
#2579 = EDGE_CURVE('',#2484,#2580,#2582,.T.);
#2580 = VERTEX_POINT('',#2581);
#2581 = CARTESIAN_POINT('',(4.492621527778,-14.59428530092,-10.55));
#2582 = SURFACE_CURVE('',#2583,(#2587,#2594),.PCURVE_S1.);
#2583 = LINE('',#2584,#2585);
#2584 = CARTESIAN_POINT('',(4.492621527778,-14.59428530092,-10.45));
#2585 = VECTOR('',#2586,1.);
#2586 = DIRECTION('',(0.,0.,-1.));
#2587 = PCURVE('',#1229,#2588);
#2588 = DEFINITIONAL_REPRESENTATION('',(#2589),#2593);
#2589 = LINE('',#2590,#2591);
#2590 = CARTESIAN_POINT('',(1.570796326795,0.));
#2591 = VECTOR('',#2592,1.);
#2592 = DIRECTION('',(0.,1.));
#2593 = ( GEOMETRIC_REPRESENTATION_CONTEXT(2) 
PARAMETRIC_REPRESENTATION_CONTEXT() REPRESENTATION_CONTEXT('2D SPACE',''
  ) );
#2594 = PCURVE('',#2294,#2595);
#2595 = DEFINITIONAL_REPRESENTATION('',(#2596),#2600);
#2596 = LINE('',#2597,#2598);
#2597 = CARTESIAN_POINT('',(0.45,-5.75));
#2598 = VECTOR('',#2599,1.);
#2599 = DIRECTION('',(1.,0.));
#2600 = ( GEOMETRIC_REPRESENTATION_CONTEXT(2) 
PARAMETRIC_REPRESENTATION_CONTEXT() REPRESENTATION_CONTEXT('2D SPACE',''
  ) );
#2601 = ORIENTED_EDGE('',*,*,#2602,.F.);
#2602 = EDGE_CURVE('',#1214,#2580,#2603,.T.);
#2603 = SURFACE_CURVE('',#2604,(#2609,#2615),.PCURVE_S1.);
#2604 = CIRCLE('',#2605,0.25);
#2605 = AXIS2_PLACEMENT_3D('',#2606,#2607,#2608);
#2606 = CARTESIAN_POINT('',(4.492621527778,-14.34428530092,-10.55));
#2607 = DIRECTION('',(0.,0.,-1.));
#2608 = DIRECTION('',(1.,0.,0.));
#2609 = PCURVE('',#1229,#2610);
#2610 = DEFINITIONAL_REPRESENTATION('',(#2611),#2614);
#2611 = B_SPLINE_CURVE_WITH_KNOTS('',1,(#2612,#2613),.UNSPECIFIED.,.F.,
  .F.,(2,2),(0.,1.570796326795),.PIECEWISE_BEZIER_KNOTS.);
#2612 = CARTESIAN_POINT('',(0.,0.1));
#2613 = CARTESIAN_POINT('',(1.570796326795,0.1));
#2614 = ( GEOMETRIC_REPRESENTATION_CONTEXT(2) 
PARAMETRIC_REPRESENTATION_CONTEXT() REPRESENTATION_CONTEXT('2D SPACE',''
  ) );
#2615 = PCURVE('',#1262,#2616);
#2616 = DEFINITIONAL_REPRESENTATION('',(#2617),#2620);
#2617 = B_SPLINE_CURVE_WITH_KNOTS('',1,(#2618,#2619),.UNSPECIFIED.,.F.,
  .F.,(2,2),(0.,1.570796326795),.PIECEWISE_BEZIER_KNOTS.);
#2618 = CARTESIAN_POINT('',(0.,1.570796326795));
#2619 = CARTESIAN_POINT('',(0.,3.14159265359));
#2620 = ( GEOMETRIC_REPRESENTATION_CONTEXT(2) 
PARAMETRIC_REPRESENTATION_CONTEXT() REPRESENTATION_CONTEXT('2D SPACE',''
  ) );
#2621 = ORIENTED_EDGE('',*,*,#1213,.F.);
#2622 = ADVANCED_FACE('',(#2623),#1491,.T.);
#2623 = FACE_BOUND('',#2624,.F.);
#2624 = EDGE_LOOP('',(#2625,#2645,#2646,#2647));
#2625 = ORIENTED_EDGE('',*,*,#2626,.F.);
#2626 = EDGE_CURVE('',#1447,#1603,#2627,.T.);
#2627 = SURFACE_CURVE('',#2628,(#2633,#2639),.PCURVE_S1.);
#2628 = CIRCLE('',#2629,0.25);
#2629 = AXIS2_PLACEMENT_3D('',#2630,#2631,#2632);
#2630 = CARTESIAN_POINT('',(4.492621527778,-13.44428530092,-12.35));
#2631 = DIRECTION('',(-0.,1.,0.));
#2632 = DIRECTION('',(1.,0.,0.));
#2633 = PCURVE('',#1491,#2634);
#2634 = DEFINITIONAL_REPRESENTATION('',(#2635),#2638);
#2635 = B_SPLINE_CURVE_WITH_KNOTS('',1,(#2636,#2637),.UNSPECIFIED.,.F.,
  .F.,(2,2),(0.,1.570796326795),.PIECEWISE_BEZIER_KNOTS.);
#2636 = CARTESIAN_POINT('',(0.,4.712388980385));
#2637 = CARTESIAN_POINT('',(0.,6.28318530718));
#2638 = ( GEOMETRIC_REPRESENTATION_CONTEXT(2) 
PARAMETRIC_REPRESENTATION_CONTEXT() REPRESENTATION_CONTEXT('2D SPACE',''
  ) );
#2639 = PCURVE('',#1462,#2640);
#2640 = DEFINITIONAL_REPRESENTATION('',(#2641),#2644);
#2641 = B_SPLINE_CURVE_WITH_KNOTS('',1,(#2642,#2643),.UNSPECIFIED.,.F.,
  .F.,(2,2),(0.,1.570796326795),.PIECEWISE_BEZIER_KNOTS.);
#2642 = CARTESIAN_POINT('',(0.,5.1));
#2643 = CARTESIAN_POINT('',(1.570796326795,5.1));
#2644 = ( GEOMETRIC_REPRESENTATION_CONTEXT(2) 
PARAMETRIC_REPRESENTATION_CONTEXT() REPRESENTATION_CONTEXT('2D SPACE',''
  ) );
#2645 = ORIENTED_EDGE('',*,*,#1474,.T.);
#2646 = ORIENTED_EDGE('',*,*,#2530,.T.);
#2647 = ORIENTED_EDGE('',*,*,#2648,.F.);
#2648 = EDGE_CURVE('',#1603,#2531,#2649,.T.);
#2649 = SURFACE_CURVE('',#2650,(#2655,#2662),.PCURVE_S1.);
#2650 = CIRCLE('',#2651,0.45);
#2651 = AXIS2_PLACEMENT_3D('',#2652,#2653,#2654);
#2652 = CARTESIAN_POINT('',(4.492621527778,-13.44428530092,-12.15));
#2653 = DIRECTION('',(1.,0.,0.));
#2654 = DIRECTION('',(0.,0.,-1.));
#2655 = PCURVE('',#1491,#2656);
#2656 = DEFINITIONAL_REPRESENTATION('',(#2657),#2661);
#2657 = LINE('',#2658,#2659);
#2658 = CARTESIAN_POINT('',(-0.,6.28318530718));
#2659 = VECTOR('',#2660,1.);
#2660 = DIRECTION('',(-1.,0.));
#2661 = ( GEOMETRIC_REPRESENTATION_CONTEXT(2) 
PARAMETRIC_REPRESENTATION_CONTEXT() REPRESENTATION_CONTEXT('2D SPACE',''
  ) );
#2662 = PCURVE('',#1641,#2663);
#2663 = DEFINITIONAL_REPRESENTATION('',(#2664),#2668);
#2664 = LINE('',#2665,#2666);
#2665 = CARTESIAN_POINT('',(0.,5.75));
#2666 = VECTOR('',#2667,1.);
#2667 = DIRECTION('',(1.,0.));
#2668 = ( GEOMETRIC_REPRESENTATION_CONTEXT(2) 
PARAMETRIC_REPRESENTATION_CONTEXT() REPRESENTATION_CONTEXT('2D SPACE',''
  ) );
#2669 = ADVANCED_FACE('',(#2670),#1262,.T.);
#2670 = FACE_BOUND('',#2671,.F.);
#2671 = EDGE_LOOP('',(#2672,#2673,#2674,#2696));
#2672 = ORIENTED_EDGE('',*,*,#2602,.F.);
#2673 = ORIENTED_EDGE('',*,*,#1241,.T.);
#2674 = ORIENTED_EDGE('',*,*,#2675,.T.);
#2675 = EDGE_CURVE('',#1242,#2676,#2678,.T.);
#2676 = VERTEX_POINT('',#2677);
#2677 = CARTESIAN_POINT('',(4.492621527778,-15.04428530092,-11.));
#2678 = SURFACE_CURVE('',#2679,(#2684,#2690),.PCURVE_S1.);
#2679 = CIRCLE('',#2680,0.25);
#2680 = AXIS2_PLACEMENT_3D('',#2681,#2682,#2683);
#2681 = CARTESIAN_POINT('',(4.492621527778,-15.04428530092,-11.25));
#2682 = DIRECTION('',(0.,-1.,-6.123233995737E-17));
#2683 = DIRECTION('',(-0.,6.123233995737E-17,-1.));
#2684 = PCURVE('',#1262,#2685);
#2685 = DEFINITIONAL_REPRESENTATION('',(#2686),#2689);
#2686 = B_SPLINE_CURVE_WITH_KNOTS('',1,(#2687,#2688),.UNSPECIFIED.,.F.,
  .F.,(2,2),(1.570796326795,3.14159265359),.PIECEWISE_BEZIER_KNOTS.);
#2687 = CARTESIAN_POINT('',(-1.570796326795,1.570796326795));
#2688 = CARTESIAN_POINT('',(-1.570796326795,3.14159265359));
#2689 = ( GEOMETRIC_REPRESENTATION_CONTEXT(2) 
PARAMETRIC_REPRESENTATION_CONTEXT() REPRESENTATION_CONTEXT('2D SPACE',''
  ) );
#2690 = PCURVE('',#1290,#2691);
#2691 = DEFINITIONAL_REPRESENTATION('',(#2692),#2695);
#2692 = B_SPLINE_CURVE_WITH_KNOTS('',1,(#2693,#2694),.UNSPECIFIED.,.F.,
  .F.,(2,2),(1.570796326795,3.14159265359),.PIECEWISE_BEZIER_KNOTS.);
#2693 = CARTESIAN_POINT('',(0.,0.));
#2694 = CARTESIAN_POINT('',(1.570796326795,0.));
#2695 = ( GEOMETRIC_REPRESENTATION_CONTEXT(2) 
PARAMETRIC_REPRESENTATION_CONTEXT() REPRESENTATION_CONTEXT('2D SPACE',''
  ) );
#2696 = ORIENTED_EDGE('',*,*,#2697,.F.);
#2697 = EDGE_CURVE('',#2580,#2676,#2698,.T.);
#2698 = SURFACE_CURVE('',#2699,(#2704,#2711),.PCURVE_S1.);
#2699 = CIRCLE('',#2700,0.45);
#2700 = AXIS2_PLACEMENT_3D('',#2701,#2702,#2703);
#2701 = CARTESIAN_POINT('',(4.492621527778,-15.04428530092,-10.55));
#2702 = DIRECTION('',(-1.,0.,-0.));
#2703 = DIRECTION('',(-0.,1.,0.));
#2704 = PCURVE('',#1262,#2705);
#2705 = DEFINITIONAL_REPRESENTATION('',(#2706),#2710);
#2706 = LINE('',#2707,#2708);
#2707 = CARTESIAN_POINT('',(-0.,3.14159265359));
#2708 = VECTOR('',#2709,1.);
#2709 = DIRECTION('',(-1.,0.));
#2710 = ( GEOMETRIC_REPRESENTATION_CONTEXT(2) 
PARAMETRIC_REPRESENTATION_CONTEXT() REPRESENTATION_CONTEXT('2D SPACE',''
  ) );
#2711 = PCURVE('',#2209,#2712);
#2712 = DEFINITIONAL_REPRESENTATION('',(#2713),#2717);
#2713 = LINE('',#2714,#2715);
#2714 = CARTESIAN_POINT('',(-0.,5.75));
#2715 = VECTOR('',#2716,1.);
#2716 = DIRECTION('',(-1.,0.));
#2717 = ( GEOMETRIC_REPRESENTATION_CONTEXT(2) 
PARAMETRIC_REPRESENTATION_CONTEXT() REPRESENTATION_CONTEXT('2D SPACE',''
  ) );
#2718 = ADVANCED_FACE('',(#2719),#1462,.T.);
#2719 = FACE_BOUND('',#2720,.T.);
#2720 = EDGE_LOOP('',(#2721,#2722,#2723,#2724));
#2721 = ORIENTED_EDGE('',*,*,#1577,.T.);
#2722 = ORIENTED_EDGE('',*,*,#1602,.T.);
#2723 = ORIENTED_EDGE('',*,*,#2626,.F.);
#2724 = ORIENTED_EDGE('',*,*,#1446,.F.);
#2725 = ADVANCED_FACE('',(#2726),#1290,.T.);
#2726 = FACE_BOUND('',#2727,.T.);
#2727 = EDGE_LOOP('',(#2728,#2729,#2752,#2772));
#2728 = ORIENTED_EDGE('',*,*,#2675,.T.);
#2729 = ORIENTED_EDGE('',*,*,#2730,.T.);
#2730 = EDGE_CURVE('',#2676,#2731,#2733,.T.);
#2731 = VERTEX_POINT('',#2732);
#2732 = CARTESIAN_POINT('',(4.492621527778,-16.94428530092,-11.));
#2733 = SURFACE_CURVE('',#2734,(#2738,#2745),.PCURVE_S1.);
#2734 = LINE('',#2735,#2736);
#2735 = CARTESIAN_POINT('',(4.492621527778,-15.04428530092,-11.));
#2736 = VECTOR('',#2737,1.);
#2737 = DIRECTION('',(0.,-1.,0.));
#2738 = PCURVE('',#1290,#2739);
#2739 = DEFINITIONAL_REPRESENTATION('',(#2740),#2744);
#2740 = LINE('',#2741,#2742);
#2741 = CARTESIAN_POINT('',(1.570796326795,0.));
#2742 = VECTOR('',#2743,1.);
#2743 = DIRECTION('',(0.,1.));
#2744 = ( GEOMETRIC_REPRESENTATION_CONTEXT(2) 
PARAMETRIC_REPRESENTATION_CONTEXT() REPRESENTATION_CONTEXT('2D SPACE',''
  ) );
#2745 = PCURVE('',#2080,#2746);
#2746 = DEFINITIONAL_REPRESENTATION('',(#2747),#2751);
#2747 = LINE('',#2748,#2749);
#2748 = CARTESIAN_POINT('',(0.45,-5.75));
#2749 = VECTOR('',#2750,1.);
#2750 = DIRECTION('',(1.,0.));
#2751 = ( GEOMETRIC_REPRESENTATION_CONTEXT(2) 
PARAMETRIC_REPRESENTATION_CONTEXT() REPRESENTATION_CONTEXT('2D SPACE',''
  ) );
#2752 = ORIENTED_EDGE('',*,*,#2753,.F.);
#2753 = EDGE_CURVE('',#1275,#2731,#2754,.T.);
#2754 = SURFACE_CURVE('',#2755,(#2760,#2766),.PCURVE_S1.);
#2755 = CIRCLE('',#2756,0.25);
#2756 = AXIS2_PLACEMENT_3D('',#2757,#2758,#2759);
#2757 = CARTESIAN_POINT('',(4.492621527778,-16.94428530092,-11.25));
#2758 = DIRECTION('',(0.,-1.,0.));
#2759 = DIRECTION('',(1.,0.,0.));
#2760 = PCURVE('',#1290,#2761);
#2761 = DEFINITIONAL_REPRESENTATION('',(#2762),#2765);
#2762 = B_SPLINE_CURVE_WITH_KNOTS('',1,(#2763,#2764),.UNSPECIFIED.,.F.,
  .F.,(2,2),(0.,1.570796326795),.PIECEWISE_BEZIER_KNOTS.);
#2763 = CARTESIAN_POINT('',(0.,1.9));
#2764 = CARTESIAN_POINT('',(1.570796326795,1.9));
#2765 = ( GEOMETRIC_REPRESENTATION_CONTEXT(2) 
PARAMETRIC_REPRESENTATION_CONTEXT() REPRESENTATION_CONTEXT('2D SPACE',''
  ) );
#2766 = PCURVE('',#1323,#2767);
#2767 = DEFINITIONAL_REPRESENTATION('',(#2768),#2771);
#2768 = B_SPLINE_CURVE_WITH_KNOTS('',1,(#2769,#2770),.UNSPECIFIED.,.F.,
  .F.,(2,2),(0.,1.570796326795),.PIECEWISE_BEZIER_KNOTS.);
#2769 = CARTESIAN_POINT('',(0.,1.570796326795));
#2770 = CARTESIAN_POINT('',(0.,3.14159265359));
#2771 = ( GEOMETRIC_REPRESENTATION_CONTEXT(2) 
PARAMETRIC_REPRESENTATION_CONTEXT() REPRESENTATION_CONTEXT('2D SPACE',''
  ) );
#2772 = ORIENTED_EDGE('',*,*,#1274,.F.);
#2773 = ADVANCED_FACE('',(#2774),#1323,.T.);
#2774 = FACE_BOUND('',#2775,.F.);
#2775 = EDGE_LOOP('',(#2776,#2777,#2778,#2800));
#2776 = ORIENTED_EDGE('',*,*,#2753,.F.);
#2777 = ORIENTED_EDGE('',*,*,#1302,.T.);
#2778 = ORIENTED_EDGE('',*,*,#2779,.T.);
#2779 = EDGE_CURVE('',#1303,#2780,#2782,.T.);
#2780 = VERTEX_POINT('',#2781);
#2781 = CARTESIAN_POINT('',(4.492621527778,-17.39428530092,-10.55));
#2782 = SURFACE_CURVE('',#2783,(#2788,#2794),.PCURVE_S1.);
#2783 = CIRCLE('',#2784,0.25);
#2784 = AXIS2_PLACEMENT_3D('',#2785,#2786,#2787);
#2785 = CARTESIAN_POINT('',(4.492621527778,-17.64428530092,-10.55));
#2786 = DIRECTION('',(0.,-6.123233995737E-17,1.));
#2787 = DIRECTION('',(0.,-1.,-6.123233995737E-17));
#2788 = PCURVE('',#1323,#2789);
#2789 = DEFINITIONAL_REPRESENTATION('',(#2790),#2793);
#2790 = B_SPLINE_CURVE_WITH_KNOTS('',1,(#2791,#2792),.UNSPECIFIED.,.F.,
  .F.,(2,2),(1.570796326795,3.14159265359),.PIECEWISE_BEZIER_KNOTS.);
#2791 = CARTESIAN_POINT('',(-1.570796326795,1.570796326795));
#2792 = CARTESIAN_POINT('',(-1.570796326795,3.14159265359));
#2793 = ( GEOMETRIC_REPRESENTATION_CONTEXT(2) 
PARAMETRIC_REPRESENTATION_CONTEXT() REPRESENTATION_CONTEXT('2D SPACE',''
  ) );
#2794 = PCURVE('',#1351,#2795);
#2795 = DEFINITIONAL_REPRESENTATION('',(#2796),#2799);
#2796 = B_SPLINE_CURVE_WITH_KNOTS('',1,(#2797,#2798),.UNSPECIFIED.,.F.,
  .F.,(2,2),(1.570796326795,3.14159265359),.PIECEWISE_BEZIER_KNOTS.);
#2797 = CARTESIAN_POINT('',(0.,0.));
#2798 = CARTESIAN_POINT('',(1.570796326795,0.));
#2799 = ( GEOMETRIC_REPRESENTATION_CONTEXT(2) 
PARAMETRIC_REPRESENTATION_CONTEXT() REPRESENTATION_CONTEXT('2D SPACE',''
  ) );
#2800 = ORIENTED_EDGE('',*,*,#2801,.F.);
#2801 = EDGE_CURVE('',#2731,#2780,#2802,.T.);
#2802 = SURFACE_CURVE('',#2803,(#2808,#2815),.PCURVE_S1.);
#2803 = CIRCLE('',#2804,0.45);
#2804 = AXIS2_PLACEMENT_3D('',#2805,#2806,#2807);
#2805 = CARTESIAN_POINT('',(4.492621527778,-16.94428530092,-10.55));
#2806 = DIRECTION('',(-1.,-0.,-0.));
#2807 = DIRECTION('',(0.,0.,-1.));
#2808 = PCURVE('',#1323,#2809);
#2809 = DEFINITIONAL_REPRESENTATION('',(#2810),#2814);
#2810 = LINE('',#2811,#2812);
#2811 = CARTESIAN_POINT('',(-0.,3.14159265359));
#2812 = VECTOR('',#2813,1.);
#2813 = DIRECTION('',(-1.,0.));
#2814 = ( GEOMETRIC_REPRESENTATION_CONTEXT(2) 
PARAMETRIC_REPRESENTATION_CONTEXT() REPRESENTATION_CONTEXT('2D SPACE',''
  ) );
#2815 = PCURVE('',#1995,#2816);
#2816 = DEFINITIONAL_REPRESENTATION('',(#2817),#2821);
#2817 = LINE('',#2818,#2819);
#2818 = CARTESIAN_POINT('',(-0.,5.75));
#2819 = VECTOR('',#2820,1.);
#2820 = DIRECTION('',(-1.,0.));
#2821 = ( GEOMETRIC_REPRESENTATION_CONTEXT(2) 
PARAMETRIC_REPRESENTATION_CONTEXT() REPRESENTATION_CONTEXT('2D SPACE',''
  ) );
#2822 = ADVANCED_FACE('',(#2823),#1351,.T.);
#2823 = FACE_BOUND('',#2824,.T.);
#2824 = EDGE_LOOP('',(#2825,#2826,#2847,#2867));
#2825 = ORIENTED_EDGE('',*,*,#2779,.T.);
#2826 = ORIENTED_EDGE('',*,*,#2827,.T.);
#2827 = EDGE_CURVE('',#2780,#1732,#2828,.T.);
#2828 = SURFACE_CURVE('',#2829,(#2833,#2840),.PCURVE_S1.);
#2829 = LINE('',#2830,#2831);
#2830 = CARTESIAN_POINT('',(4.492621527778,-17.39428530092,-10.55));
#2831 = VECTOR('',#2832,1.);
#2832 = DIRECTION('',(0.,0.,1.));
#2833 = PCURVE('',#1351,#2834);
#2834 = DEFINITIONAL_REPRESENTATION('',(#2835),#2839);
#2835 = LINE('',#2836,#2837);
#2836 = CARTESIAN_POINT('',(1.570796326795,0.));
#2837 = VECTOR('',#2838,1.);
#2838 = DIRECTION('',(0.,1.));
#2839 = ( GEOMETRIC_REPRESENTATION_CONTEXT(2) 
PARAMETRIC_REPRESENTATION_CONTEXT() REPRESENTATION_CONTEXT('2D SPACE',''
  ) );
#2840 = PCURVE('',#1747,#2841);
#2841 = DEFINITIONAL_REPRESENTATION('',(#2842),#2846);
#2842 = LINE('',#2843,#2844);
#2843 = CARTESIAN_POINT('',(0.45,-5.75));
#2844 = VECTOR('',#2845,1.);
#2845 = DIRECTION('',(1.,0.));
#2846 = ( GEOMETRIC_REPRESENTATION_CONTEXT(2) 
PARAMETRIC_REPRESENTATION_CONTEXT() REPRESENTATION_CONTEXT('2D SPACE',''
  ) );
#2847 = ORIENTED_EDGE('',*,*,#2848,.F.);
#2848 = EDGE_CURVE('',#1336,#1732,#2849,.T.);
#2849 = SURFACE_CURVE('',#2850,(#2855,#2861),.PCURVE_S1.);
#2850 = CIRCLE('',#2851,0.25);
#2851 = AXIS2_PLACEMENT_3D('',#2852,#2853,#2854);
#2852 = CARTESIAN_POINT('',(4.492621527778,-17.64428530092,-7.85));
#2853 = DIRECTION('',(0.,0.,1.));
#2854 = DIRECTION('',(1.,0.,-0.));
#2855 = PCURVE('',#1351,#2856);
#2856 = DEFINITIONAL_REPRESENTATION('',(#2857),#2860);
#2857 = B_SPLINE_CURVE_WITH_KNOTS('',1,(#2858,#2859),.UNSPECIFIED.,.F.,
  .F.,(2,2),(0.,1.570796326795),.PIECEWISE_BEZIER_KNOTS.);
#2858 = CARTESIAN_POINT('',(0.,2.7));
#2859 = CARTESIAN_POINT('',(1.570796326795,2.7));
#2860 = ( GEOMETRIC_REPRESENTATION_CONTEXT(2) 
PARAMETRIC_REPRESENTATION_CONTEXT() REPRESENTATION_CONTEXT('2D SPACE',''
  ) );
#2861 = PCURVE('',#1380,#2862);
#2862 = DEFINITIONAL_REPRESENTATION('',(#2863),#2866);
#2863 = B_SPLINE_CURVE_WITH_KNOTS('',1,(#2864,#2865),.UNSPECIFIED.,.F.,
  .F.,(2,2),(0.,1.570796326795),.PIECEWISE_BEZIER_KNOTS.);
#2864 = CARTESIAN_POINT('',(0.,4.712388980385));
#2865 = CARTESIAN_POINT('',(0.,6.28318530718));
#2866 = ( GEOMETRIC_REPRESENTATION_CONTEXT(2) 
PARAMETRIC_REPRESENTATION_CONTEXT() REPRESENTATION_CONTEXT('2D SPACE',''
  ) );
#2867 = ORIENTED_EDGE('',*,*,#1335,.F.);
#2868 = ADVANCED_FACE('',(#2869),#1380,.T.);
#2869 = FACE_BOUND('',#2870,.F.);
#2870 = EDGE_LOOP('',(#2871,#2872,#2873,#2874));
#2871 = ORIENTED_EDGE('',*,*,#2848,.F.);
#2872 = ORIENTED_EDGE('',*,*,#1363,.T.);
#2873 = ORIENTED_EDGE('',*,*,#1703,.T.);
#2874 = ORIENTED_EDGE('',*,*,#1782,.F.);
#2875 = ADVANCED_FACE('',(#2876),#1641,.T.);
#2876 = FACE_BOUND('',#2877,.T.);
#2877 = EDGE_LOOP('',(#2878,#2879,#2880,#2901));
#2878 = ORIENTED_EDGE('',*,*,#1625,.F.);
#2879 = ORIENTED_EDGE('',*,*,#1931,.F.);
#2880 = ORIENTED_EDGE('',*,*,#2881,.T.);
#2881 = EDGE_CURVE('',#1908,#2531,#2882,.T.);
#2882 = SURFACE_CURVE('',#2883,(#2887,#2894),.PCURVE_S1.);
#2883 = LINE('',#2884,#2885);
#2884 = CARTESIAN_POINT('',(-1.257378472222,-12.99428530092,-12.15));
#2885 = VECTOR('',#2886,1.);
#2886 = DIRECTION('',(1.,0.,0.));
#2887 = PCURVE('',#1641,#2888);
#2888 = DEFINITIONAL_REPRESENTATION('',(#2889),#2893);
#2889 = LINE('',#2890,#2891);
#2890 = CARTESIAN_POINT('',(1.570796326795,0.));
#2891 = VECTOR('',#2892,1.);
#2892 = DIRECTION('',(0.,1.));
#2893 = ( GEOMETRIC_REPRESENTATION_CONTEXT(2) 
PARAMETRIC_REPRESENTATION_CONTEXT() REPRESENTATION_CONTEXT('2D SPACE',''
  ) );
#2894 = PCURVE('',#2046,#2895);
#2895 = DEFINITIONAL_REPRESENTATION('',(#2896),#2900);
#2896 = LINE('',#2897,#2898);
#2897 = CARTESIAN_POINT('',(0.45,0.));
#2898 = VECTOR('',#2899,1.);
#2899 = DIRECTION('',(0.,-1.));
#2900 = ( GEOMETRIC_REPRESENTATION_CONTEXT(2) 
PARAMETRIC_REPRESENTATION_CONTEXT() REPRESENTATION_CONTEXT('2D SPACE',''
  ) );
#2901 = ORIENTED_EDGE('',*,*,#2648,.F.);
#2902 = ADVANCED_FACE('',(#2903),#1747,.F.);
#2903 = FACE_BOUND('',#2904,.F.);
#2904 = EDGE_LOOP('',(#2905,#2926,#2927,#2928));
#2905 = ORIENTED_EDGE('',*,*,#2906,.T.);
#2906 = EDGE_CURVE('',#1861,#2780,#2907,.T.);
#2907 = SURFACE_CURVE('',#2908,(#2912,#2919),.PCURVE_S1.);
#2908 = LINE('',#2909,#2910);
#2909 = CARTESIAN_POINT('',(-1.257378472222,-17.39428530092,-10.55));
#2910 = VECTOR('',#2911,1.);
#2911 = DIRECTION('',(1.,0.,0.));
#2912 = PCURVE('',#1747,#2913);
#2913 = DEFINITIONAL_REPRESENTATION('',(#2914),#2918);
#2914 = LINE('',#2915,#2916);
#2915 = CARTESIAN_POINT('',(0.45,0.));
#2916 = VECTOR('',#2917,1.);
#2917 = DIRECTION('',(0.,-1.));
#2918 = ( GEOMETRIC_REPRESENTATION_CONTEXT(2) 
PARAMETRIC_REPRESENTATION_CONTEXT() REPRESENTATION_CONTEXT('2D SPACE',''
  ) );
#2919 = PCURVE('',#1995,#2920);
#2920 = DEFINITIONAL_REPRESENTATION('',(#2921),#2925);
#2921 = LINE('',#2922,#2923);
#2922 = CARTESIAN_POINT('',(-1.570796326795,0.));
#2923 = VECTOR('',#2924,1.);
#2924 = DIRECTION('',(-0.,1.));
#2925 = ( GEOMETRIC_REPRESENTATION_CONTEXT(2) 
PARAMETRIC_REPRESENTATION_CONTEXT() REPRESENTATION_CONTEXT('2D SPACE',''
  ) );
#2926 = ORIENTED_EDGE('',*,*,#2827,.T.);
#2927 = ORIENTED_EDGE('',*,*,#1729,.F.);
#2928 = ORIENTED_EDGE('',*,*,#1860,.T.);
#2929 = ADVANCED_FACE('',(#2930),#1995,.F.);
#2930 = FACE_BOUND('',#2931,.T.);
#2931 = EDGE_LOOP('',(#2932,#2953,#2954,#2955));
#2932 = ORIENTED_EDGE('',*,*,#2933,.F.);
#2933 = EDGE_CURVE('',#1959,#2731,#2934,.T.);
#2934 = SURFACE_CURVE('',#2935,(#2939,#2946),.PCURVE_S1.);
#2935 = LINE('',#2936,#2937);
#2936 = CARTESIAN_POINT('',(-1.257378472222,-16.94428530092,-11.));
#2937 = VECTOR('',#2938,1.);
#2938 = DIRECTION('',(1.,0.,0.));
#2939 = PCURVE('',#1995,#2940);
#2940 = DEFINITIONAL_REPRESENTATION('',(#2941),#2945);
#2941 = LINE('',#2942,#2943);
#2942 = CARTESIAN_POINT('',(-0.,0.));
#2943 = VECTOR('',#2944,1.);
#2944 = DIRECTION('',(-0.,1.));
#2945 = ( GEOMETRIC_REPRESENTATION_CONTEXT(2) 
PARAMETRIC_REPRESENTATION_CONTEXT() REPRESENTATION_CONTEXT('2D SPACE',''
  ) );
#2946 = PCURVE('',#2080,#2947);
#2947 = DEFINITIONAL_REPRESENTATION('',(#2948),#2952);
#2948 = LINE('',#2949,#2950);
#2949 = CARTESIAN_POINT('',(2.35,0.));
#2950 = VECTOR('',#2951,1.);
#2951 = DIRECTION('',(0.,-1.));
#2952 = ( GEOMETRIC_REPRESENTATION_CONTEXT(2) 
PARAMETRIC_REPRESENTATION_CONTEXT() REPRESENTATION_CONTEXT('2D SPACE',''
  ) );
#2953 = ORIENTED_EDGE('',*,*,#1980,.F.);
#2954 = ORIENTED_EDGE('',*,*,#2906,.T.);
#2955 = ORIENTED_EDGE('',*,*,#2801,.F.);
#2956 = ADVANCED_FACE('',(#2957),#2046,.F.);
#2957 = FACE_BOUND('',#2958,.F.);
#2958 = EDGE_LOOP('',(#2959,#2960,#2961,#2982));
#2959 = ORIENTED_EDGE('',*,*,#2881,.T.);
#2960 = ORIENTED_EDGE('',*,*,#2552,.T.);
#2961 = ORIENTED_EDGE('',*,*,#2962,.F.);
#2962 = EDGE_CURVE('',#2011,#2433,#2963,.T.);
#2963 = SURFACE_CURVE('',#2964,(#2968,#2975),.PCURVE_S1.);
#2964 = LINE('',#2965,#2966);
#2965 = CARTESIAN_POINT('',(-1.257378472222,-12.99428530092,-10.45));
#2966 = VECTOR('',#2967,1.);
#2967 = DIRECTION('',(1.,0.,0.));
#2968 = PCURVE('',#2046,#2969);
#2969 = DEFINITIONAL_REPRESENTATION('',(#2970),#2974);
#2970 = LINE('',#2971,#2972);
#2971 = CARTESIAN_POINT('',(2.15,0.));
#2972 = VECTOR('',#2973,1.);
#2973 = DIRECTION('',(0.,-1.));
#2974 = ( GEOMETRIC_REPRESENTATION_CONTEXT(2) 
PARAMETRIC_REPRESENTATION_CONTEXT() REPRESENTATION_CONTEXT('2D SPACE',''
  ) );
#2975 = PCURVE('',#2155,#2976);
#2976 = DEFINITIONAL_REPRESENTATION('',(#2977),#2981);
#2977 = LINE('',#2978,#2979);
#2978 = CARTESIAN_POINT('',(0.,0.));
#2979 = VECTOR('',#2980,1.);
#2980 = DIRECTION('',(0.,1.));
#2981 = ( GEOMETRIC_REPRESENTATION_CONTEXT(2) 
PARAMETRIC_REPRESENTATION_CONTEXT() REPRESENTATION_CONTEXT('2D SPACE',''
  ) );
#2982 = ORIENTED_EDGE('',*,*,#2032,.T.);
#2983 = ADVANCED_FACE('',(#2984),#2080,.F.);
#2984 = FACE_BOUND('',#2985,.F.);
#2985 = EDGE_LOOP('',(#2986,#3007,#3008,#3009));
#2986 = ORIENTED_EDGE('',*,*,#2987,.T.);
#2987 = EDGE_CURVE('',#2065,#2676,#2988,.T.);
#2988 = SURFACE_CURVE('',#2989,(#2993,#3000),.PCURVE_S1.);
#2989 = LINE('',#2990,#2991);
#2990 = CARTESIAN_POINT('',(-1.257378472222,-15.04428530092,-11.));
#2991 = VECTOR('',#2992,1.);
#2992 = DIRECTION('',(1.,0.,0.));
#2993 = PCURVE('',#2080,#2994);
#2994 = DEFINITIONAL_REPRESENTATION('',(#2995),#2999);
#2995 = LINE('',#2996,#2997);
#2996 = CARTESIAN_POINT('',(0.45,0.));
#2997 = VECTOR('',#2998,1.);
#2998 = DIRECTION('',(0.,-1.));
#2999 = ( GEOMETRIC_REPRESENTATION_CONTEXT(2) 
PARAMETRIC_REPRESENTATION_CONTEXT() REPRESENTATION_CONTEXT('2D SPACE',''
  ) );
#3000 = PCURVE('',#2209,#3001);
#3001 = DEFINITIONAL_REPRESENTATION('',(#3002),#3006);
#3002 = LINE('',#3003,#3004);
#3003 = CARTESIAN_POINT('',(-1.570796326795,0.));
#3004 = VECTOR('',#3005,1.);
#3005 = DIRECTION('',(-0.,1.));
#3006 = ( GEOMETRIC_REPRESENTATION_CONTEXT(2) 
PARAMETRIC_REPRESENTATION_CONTEXT() REPRESENTATION_CONTEXT('2D SPACE',''
  ) );
#3007 = ORIENTED_EDGE('',*,*,#2730,.T.);
#3008 = ORIENTED_EDGE('',*,*,#2933,.F.);
#3009 = ORIENTED_EDGE('',*,*,#2064,.T.);
#3010 = ADVANCED_FACE('',(#3011),#2155,.T.);
#3011 = FACE_BOUND('',#3012,.T.);
#3012 = EDGE_LOOP('',(#3013,#3014,#3015,#3036));
#3013 = ORIENTED_EDGE('',*,*,#2962,.F.);
#3014 = ORIENTED_EDGE('',*,*,#2140,.F.);
#3015 = ORIENTED_EDGE('',*,*,#3016,.T.);
#3016 = EDGE_CURVE('',#2117,#2364,#3017,.T.);
#3017 = SURFACE_CURVE('',#3018,(#3022,#3029),.PCURVE_S1.);
#3018 = LINE('',#3019,#3020);
#3019 = CARTESIAN_POINT('',(-1.257378472222,-13.44428530092,-10.));
#3020 = VECTOR('',#3021,1.);
#3021 = DIRECTION('',(1.,0.,0.));
#3022 = PCURVE('',#2155,#3023);
#3023 = DEFINITIONAL_REPRESENTATION('',(#3024),#3028);
#3024 = LINE('',#3025,#3026);
#3025 = CARTESIAN_POINT('',(1.570796326795,0.));
#3026 = VECTOR('',#3027,1.);
#3027 = DIRECTION('',(0.,1.));
#3028 = ( GEOMETRIC_REPRESENTATION_CONTEXT(2) 
PARAMETRIC_REPRESENTATION_CONTEXT() REPRESENTATION_CONTEXT('2D SPACE',''
  ) );
#3029 = PCURVE('',#2260,#3030);
#3030 = DEFINITIONAL_REPRESENTATION('',(#3031),#3035);
#3031 = LINE('',#3032,#3033);
#3032 = CARTESIAN_POINT('',(0.45,0.));
#3033 = VECTOR('',#3034,1.);
#3034 = DIRECTION('',(0.,-1.));
#3035 = ( GEOMETRIC_REPRESENTATION_CONTEXT(2) 
PARAMETRIC_REPRESENTATION_CONTEXT() REPRESENTATION_CONTEXT('2D SPACE',''
  ) );
#3036 = ORIENTED_EDGE('',*,*,#2456,.F.);
#3037 = ADVANCED_FACE('',(#3038),#2209,.F.);
#3038 = FACE_BOUND('',#3039,.T.);
#3039 = EDGE_LOOP('',(#3040,#3061,#3062,#3063));
#3040 = ORIENTED_EDGE('',*,*,#3041,.F.);
#3041 = EDGE_CURVE('',#2173,#2580,#3042,.T.);
#3042 = SURFACE_CURVE('',#3043,(#3047,#3054),.PCURVE_S1.);
#3043 = LINE('',#3044,#3045);
#3044 = CARTESIAN_POINT('',(-1.257378472222,-14.59428530092,-10.55));
#3045 = VECTOR('',#3046,1.);
#3046 = DIRECTION('',(1.,0.,0.));
#3047 = PCURVE('',#2209,#3048);
#3048 = DEFINITIONAL_REPRESENTATION('',(#3049),#3053);
#3049 = LINE('',#3050,#3051);
#3050 = CARTESIAN_POINT('',(-0.,0.));
#3051 = VECTOR('',#3052,1.);
#3052 = DIRECTION('',(-0.,1.));
#3053 = ( GEOMETRIC_REPRESENTATION_CONTEXT(2) 
PARAMETRIC_REPRESENTATION_CONTEXT() REPRESENTATION_CONTEXT('2D SPACE',''
  ) );
#3054 = PCURVE('',#2294,#3055);
#3055 = DEFINITIONAL_REPRESENTATION('',(#3056),#3060);
#3056 = LINE('',#3057,#3058);
#3057 = CARTESIAN_POINT('',(0.55,0.));
#3058 = VECTOR('',#3059,1.);
#3059 = DIRECTION('',(0.,-1.));
#3060 = ( GEOMETRIC_REPRESENTATION_CONTEXT(2) 
PARAMETRIC_REPRESENTATION_CONTEXT() REPRESENTATION_CONTEXT('2D SPACE',''
  ) );
#3061 = ORIENTED_EDGE('',*,*,#2194,.F.);
#3062 = ORIENTED_EDGE('',*,*,#2987,.T.);
#3063 = ORIENTED_EDGE('',*,*,#2697,.F.);
#3064 = ADVANCED_FACE('',(#3065),#2260,.F.);
#3065 = FACE_BOUND('',#3066,.F.);
#3066 = EDGE_LOOP('',(#3067,#3068,#3069,#3090));
#3067 = ORIENTED_EDGE('',*,*,#3016,.T.);
#3068 = ORIENTED_EDGE('',*,*,#2385,.T.);
#3069 = ORIENTED_EDGE('',*,*,#3070,.F.);
#3070 = EDGE_CURVE('',#2225,#2386,#3071,.T.);
#3071 = SURFACE_CURVE('',#3072,(#3076,#3083),.PCURVE_S1.);
#3072 = LINE('',#3073,#3074);
#3073 = CARTESIAN_POINT('',(-1.257378472222,-14.14428530092,-10.));
#3074 = VECTOR('',#3075,1.);
#3075 = DIRECTION('',(1.,0.,0.));
#3076 = PCURVE('',#2260,#3077);
#3077 = DEFINITIONAL_REPRESENTATION('',(#3078),#3082);
#3078 = LINE('',#3079,#3080);
#3079 = CARTESIAN_POINT('',(1.15,0.));
#3080 = VECTOR('',#3081,1.);
#3081 = DIRECTION('',(0.,-1.));
#3082 = ( GEOMETRIC_REPRESENTATION_CONTEXT(2) 
PARAMETRIC_REPRESENTATION_CONTEXT() REPRESENTATION_CONTEXT('2D SPACE',''
  ) );
#3083 = PCURVE('',#2348,#3084);
#3084 = DEFINITIONAL_REPRESENTATION('',(#3085),#3089);
#3085 = LINE('',#3086,#3087);
#3086 = CARTESIAN_POINT('',(0.,0.));
#3087 = VECTOR('',#3088,1.);
#3088 = DIRECTION('',(0.,1.));
#3089 = ( GEOMETRIC_REPRESENTATION_CONTEXT(2) 
PARAMETRIC_REPRESENTATION_CONTEXT() REPRESENTATION_CONTEXT('2D SPACE',''
  ) );
#3090 = ORIENTED_EDGE('',*,*,#2246,.T.);
#3091 = ADVANCED_FACE('',(#3092),#2294,.F.);
#3092 = FACE_BOUND('',#3093,.F.);
#3093 = EDGE_LOOP('',(#3094,#3115,#3116,#3117));
#3094 = ORIENTED_EDGE('',*,*,#3095,.T.);
#3095 = EDGE_CURVE('',#2279,#2484,#3096,.T.);
#3096 = SURFACE_CURVE('',#3097,(#3101,#3108),.PCURVE_S1.);
#3097 = LINE('',#3098,#3099);
#3098 = CARTESIAN_POINT('',(-1.257378472222,-14.59428530092,-10.45));
#3099 = VECTOR('',#3100,1.);
#3100 = DIRECTION('',(1.,0.,0.));
#3101 = PCURVE('',#2294,#3102);
#3102 = DEFINITIONAL_REPRESENTATION('',(#3103),#3107);
#3103 = LINE('',#3104,#3105);
#3104 = CARTESIAN_POINT('',(0.45,0.));
#3105 = VECTOR('',#3106,1.);
#3106 = DIRECTION('',(0.,-1.));
#3107 = ( GEOMETRIC_REPRESENTATION_CONTEXT(2) 
PARAMETRIC_REPRESENTATION_CONTEXT() REPRESENTATION_CONTEXT('2D SPACE',''
  ) );
#3108 = PCURVE('',#2348,#3109);
#3109 = DEFINITIONAL_REPRESENTATION('',(#3110),#3114);
#3110 = LINE('',#3111,#3112);
#3111 = CARTESIAN_POINT('',(1.570796326795,0.));
#3112 = VECTOR('',#3113,1.);
#3113 = DIRECTION('',(0.,1.));
#3114 = ( GEOMETRIC_REPRESENTATION_CONTEXT(2) 
PARAMETRIC_REPRESENTATION_CONTEXT() REPRESENTATION_CONTEXT('2D SPACE',''
  ) );
#3115 = ORIENTED_EDGE('',*,*,#2579,.T.);
#3116 = ORIENTED_EDGE('',*,*,#3041,.F.);
#3117 = ORIENTED_EDGE('',*,*,#2278,.T.);
#3118 = ADVANCED_FACE('',(#3119),#2348,.T.);
#3119 = FACE_BOUND('',#3120,.T.);
#3120 = EDGE_LOOP('',(#3121,#3122,#3123,#3124));
#3121 = ORIENTED_EDGE('',*,*,#3070,.F.);
#3122 = ORIENTED_EDGE('',*,*,#2333,.F.);
#3123 = ORIENTED_EDGE('',*,*,#3095,.T.);
#3124 = ORIENTED_EDGE('',*,*,#2505,.F.);
#3125 = ( GEOMETRIC_REPRESENTATION_CONTEXT(3) 
GLOBAL_UNCERTAINTY_ASSIGNED_CONTEXT((#3129)) 
GLOBAL_UNIT_ASSIGNED_CONTEXT((#3126,#3127,#3128)) REPRESENTATION_CONTEXT
('Context #1','3D Context with UNIT and UNCERTAINTY') );
#3126 = ( LENGTH_UNIT() NAMED_UNIT(*) SI_UNIT(.MILLI.,.METRE.) );
#3127 = ( NAMED_UNIT(*) PLANE_ANGLE_UNIT() SI_UNIT($,.RADIAN.) );
#3128 = ( NAMED_UNIT(*) SI_UNIT($,.STERADIAN.) SOLID_ANGLE_UNIT() );
#3129 = UNCERTAINTY_MEASURE_WITH_UNIT(LENGTH_MEASURE(1.E-07),#3126,
  'distance_accuracy_value','confusion accuracy');
#3130 = PRODUCT_RELATED_PRODUCT_CATEGORY('part',$,(#7));
ENDSEC;
END-ISO-10303-21;
