ISO-10303-21;
HEADER;
FILE_DESCRIPTION(('Open CASCADE Model'),'2;1');
FILE_NAME('Open CASCADE Shape Model','2026-09-20T03:24:07',('Author'),(
    'Open CASCADE'),'Open CASCADE STEP processor 7.9','Open CASCADE 7.9'
  ,'Unknown');
FILE_SCHEMA(('AUTOMOTIVE_DESIGN { 1 0 10303 214 1 1 1 1 }'));
ENDSEC;
DATA;
#1 = APPLICATION_PROTOCOL_DEFINITION('international standard',
  'automotive_design',2000,#2);
#2 = APPLICATION_CONTEXT(
  'core data for automotive mechanical design processes');
#3 = SHAPE_DEFINITION_REPRESENTATION(#4,#10);
#4 = PRODUCT_DEFINITION_SHAPE('','',#5);
#5 = PRODUCT_DEFINITION('design','',#6,#9);
#6 = PRODUCT_DEFINITION_FORMATION('','',#7);
#7 = PRODUCT('Open CASCADE STEP translator 7.9 2',
  'Open CASCADE STEP translator 7.9 2','',(#8));
#8 = PRODUCT_CONTEXT('',#2,'mechanical');
#9 = PRODUCT_DEFINITION_CONTEXT('part definition',#2,'design');
#10 = ADVANCED_BREP_SHAPE_REPRESENTATION('',(#11,#15),#8659);
#11 = AXIS2_PLACEMENT_3D('',#12,#13,#14);
#12 = CARTESIAN_POINT('',(0.,0.,0.));
#13 = DIRECTION('',(0.,0.,1.));
#14 = DIRECTION('',(1.,0.,-0.));
#15 = MANIFOLD_SOLID_BREP('',#16);
#16 = CLOSED_SHELL('',(#17,#165,#223,#584,#716,#2602,#2678,#2859,#3024,
    #3095,#3195,#3490,#3566,#3854,#3902,#3995,#4022,#4049,#4076,#4103,
    #4130,#4157,#4184,#4359,#4435,#4481,#4529,#4535,#4584,#4633,#4681,
    #4708,#4757,#4784,#4855,#4904,#4953,#5002,#5051,#5100,#5149,#5198,
    #5247,#5296,#5345,#5394,#5443,#5492,#5541,#5590,#5639,#5688,#5737,
    #5786,#5835,#5884,#5933,#5982,#6031,#6080,#6129,#6178,#6227,#6276,
    #6325,#6374,#6423,#6472,#6545,#6594,#6643,#6692,#6741,#6790,#6839,
    #6888,#6937,#6986,#7035,#7084,#7133,#7182,#7231,#7280,#7329,#7378,
    #7427,#7476,#7525,#7574,#7623,#7675,#7681,#7728,#7734,#7761,#7814,
    #7841,#7872,#7928,#7976,#8007,#8055,#8086,#8134,#8165,#8213,#8244,
    #8292,#8318,#8367,#8416,#8465,#8491,#8528,#8557,#8650));
#17 = ADVANCED_FACE('',(#18),#32,.T.);
#18 = FACE_BOUND('',#19,.T.);
#19 = EDGE_LOOP('',(#20,#55,#83,#111,#139));
#20 = ORIENTED_EDGE('',*,*,#21,.T.);
#21 = EDGE_CURVE('',#22,#24,#26,.T.);
#22 = VERTEX_POINT('',#23);
#23 = CARTESIAN_POINT('',(17.867376161033,-3.943599700928,
    10.548947165459));
#24 = VERTEX_POINT('',#25);
#25 = CARTESIAN_POINT('',(17.628,5.91672706604,10.572524642944));
#26 = SURFACE_CURVE('',#27,(#31,#43),.PCURVE_S1.);
#27 = LINE('',#28,#29);
#28 = CARTESIAN_POINT('',(17.91527722168,-5.916728973389,10.544229125977
    ));
#29 = VECTOR('',#30,1.);
#30 = DIRECTION('',(-2.426947656065E-02,0.99970259494,2.39043451411E-03)
  );
#31 = PCURVE('',#32,#37);
#32 = PLANE('',#33);
#33 = AXIS2_PLACEMENT_3D('',#34,#35,#36);
#34 = CARTESIAN_POINT('',(17.700695160791,-7.12876511415E-02,
    10.565364013367));
#35 = DIRECTION('',(9.801464572212E-02,-1.604066208649E-07,
    0.995184972366));
#36 = DIRECTION('',(0.995184972366,0.,-9.801464572212E-02));
#37 = DEFINITIONAL_REPRESENTATION('',(#38),#42);
#38 = LINE('',#39,#40);
#39 = CARTESIAN_POINT('',(0.215620370836,-5.845441322247));
#40 = VECTOR('',#41,1.);
#41 = DIRECTION('',(-2.438691595238E-02,0.99970259494));
#42 = ( GEOMETRIC_REPRESENTATION_CONTEXT(2) 
PARAMETRIC_REPRESENTATION_CONTEXT() REPRESENTATION_CONTEXT('2D SPACE',''
  ) );
#43 = PCURVE('',#44,#49);
#44 = PLANE('',#45);
#45 = AXIS2_PLACEMENT_3D('',#46,#47,#48);
#46 = CARTESIAN_POINT('',(17.842582060335,7.128578940521E-02,
    10.551389273096));
#47 = DIRECTION('',(9.802118967098E-02,0.,0.995184327839));
#48 = DIRECTION('',(0.995184327839,0.,-9.802118967098E-02));
#49 = DEFINITIONAL_REPRESENTATION('',(#50),#54);
#50 = LINE('',#51,#52);
#51 = CARTESIAN_POINT('',(7.304693141856E-02,-5.988014762794));
#52 = VECTOR('',#53,1.);
#53 = DIRECTION('',(-2.438691595291E-02,0.99970259494));
#54 = ( GEOMETRIC_REPRESENTATION_CONTEXT(2) 
PARAMETRIC_REPRESENTATION_CONTEXT() REPRESENTATION_CONTEXT('2D SPACE',''
  ) );
#55 = ORIENTED_EDGE('',*,*,#56,.T.);
#56 = EDGE_CURVE('',#24,#57,#59,.T.);
#57 = VERTEX_POINT('',#58);
#58 = CARTESIAN_POINT('',(17.628,-5.916728973389,10.572522735596));
#59 = SURFACE_CURVE('',#60,(#64,#71),.PCURVE_S1.);
#60 = LINE('',#61,#62);
#61 = CARTESIAN_POINT('',(17.628,5.91672706604,10.572524642944));
#62 = VECTOR('',#63,1.);
#63 = DIRECTION('',(0.,-1.,-1.611827201164E-07));
#64 = PCURVE('',#32,#65);
#65 = DEFINITIONAL_REPRESENTATION('',(#66),#70);
#66 = LINE('',#67,#68);
#67 = CARTESIAN_POINT('',(-7.304697815398E-02,5.988014717182));
#68 = VECTOR('',#69,1.);
#69 = DIRECTION('',(1.579826720873E-08,-1.));
#70 = ( GEOMETRIC_REPRESENTATION_CONTEXT(2) 
PARAMETRIC_REPRESENTATION_CONTEXT() REPRESENTATION_CONTEXT('2D SPACE',''
  ) );
#71 = PCURVE('',#72,#77);
#72 = PLANE('',#73);
#73 = AXIS2_PLACEMENT_3D('',#74,#75,#76);
#74 = CARTESIAN_POINT('',(17.555304838669,7.128578941877E-02,
    10.565363553642));
#75 = DIRECTION('',(-9.802118967098E-02,-1.604065169785E-07,
    0.995184327839));
#76 = DIRECTION('',(0.995184327839,3.308722450212E-24,9.802118967098E-02
    ));
#77 = DEFINITIONAL_REPRESENTATION('',(#78),#82);
#78 = LINE('',#79,#80);
#79 = CARTESIAN_POINT('',(7.3047023759E-02,5.845441276621));
#80 = VECTOR('',#81,1.);
#81 = DIRECTION('',(-1.579932198021E-08,-1.));
#82 = ( GEOMETRIC_REPRESENTATION_CONTEXT(2) 
PARAMETRIC_REPRESENTATION_CONTEXT() REPRESENTATION_CONTEXT('2D SPACE',''
  ) );
#83 = ORIENTED_EDGE('',*,*,#84,.T.);
#84 = EDGE_CURVE('',#57,#85,#87,.T.);
#85 = VERTEX_POINT('',#86);
#86 = CARTESIAN_POINT('',(17.864886542779,-5.916728973389,
    10.549192047119));
#87 = SURFACE_CURVE('',#88,(#92,#99),.PCURVE_S1.);
#88 = LINE('',#89,#90);
#89 = CARTESIAN_POINT('',(17.628,-5.916728973389,10.572522735596));
#90 = VECTOR('',#91,1.);
#91 = DIRECTION('',(0.995184972366,0.,-9.801464572213E-02));
#92 = PCURVE('',#32,#93);
#93 = DEFINITIONAL_REPRESENTATION('',(#94),#98);
#94 = LINE('',#95,#96);
#95 = CARTESIAN_POINT('',(-7.304679120588E-02,-5.845441322247));
#96 = VECTOR('',#97,1.);
#97 = DIRECTION('',(1.,-3.308722450212E-24));
#98 = ( GEOMETRIC_REPRESENTATION_CONTEXT(2) 
PARAMETRIC_REPRESENTATION_CONTEXT() REPRESENTATION_CONTEXT('2D SPACE',''
  ) );
#99 = PCURVE('',#100,#105);
#100 = PLANE('',#101);
#101 = AXIS2_PLACEMENT_3D('',#102,#103,#104);
#102 = CARTESIAN_POINT('',(17.911140675952,-5.916728973389,
    10.523432638718));
#103 = DIRECTION('',(-0.,-1.,-0.));
#104 = DIRECTION('',(0.,0.,-1.));
#105 = DEFINITIONAL_REPRESENTATION('',(#106),#110);
#106 = LINE('',#107,#108);
#107 = CARTESIAN_POINT('',(-4.909009687749E-02,-0.283140675952));
#108 = VECTOR('',#109,1.);
#109 = DIRECTION('',(9.801464572213E-02,0.995184972366));
#110 = ( GEOMETRIC_REPRESENTATION_CONTEXT(2) 
PARAMETRIC_REPRESENTATION_CONTEXT() REPRESENTATION_CONTEXT('2D SPACE',''
  ) );
#111 = ORIENTED_EDGE('',*,*,#112,.F.);
#112 = EDGE_CURVE('',#113,#85,#115,.T.);
#113 = VERTEX_POINT('',#114);
#114 = CARTESIAN_POINT('',(17.864889771919,-3.943599700928,
    10.549192047119));
#115 = SURFACE_CURVE('',#116,(#120,#127),.PCURVE_S1.);
#116 = LINE('',#117,#118);
#117 = CARTESIAN_POINT('',(17.864892321443,-2.385741728465,
    10.549192047119));
#118 = VECTOR('',#119,1.);
#119 = DIRECTION('',(-1.636557676487E-06,-0.999999999999,0.));
#120 = PCURVE('',#32,#121);
#121 = DEFINITIONAL_REPRESENTATION('',(#122),#126);
#122 = LINE('',#123,#124);
#123 = CARTESIAN_POINT('',(0.164991636329,-2.314454077324));
#124 = VECTOR('',#125,1.);
#125 = DIRECTION('',(-1.628677606051E-06,-0.999999999999));
#126 = ( GEOMETRIC_REPRESENTATION_CONTEXT(2) 
PARAMETRIC_REPRESENTATION_CONTEXT() REPRESENTATION_CONTEXT('2D SPACE',''
  ) );
#127 = PCURVE('',#128,#133);
#128 = PLANE('',#129);
#129 = AXIS2_PLACEMENT_3D('',#130,#131,#132);
#130 = CARTESIAN_POINT('',(18.102293368219,-4.700195925592,
    10.549192047119));
#131 = DIRECTION('',(0.,0.,1.));
#132 = DIRECTION('',(1.,0.,-0.));
#133 = DEFINITIONAL_REPRESENTATION('',(#134),#138);
#134 = LINE('',#135,#136);
#135 = CARTESIAN_POINT('',(-0.237401046775,2.314454197126));
#136 = VECTOR('',#137,1.);
#137 = DIRECTION('',(-1.636557676487E-06,-0.999999999999));
#138 = ( GEOMETRIC_REPRESENTATION_CONTEXT(2) 
PARAMETRIC_REPRESENTATION_CONTEXT() REPRESENTATION_CONTEXT('2D SPACE',''
  ) );
#139 = ORIENTED_EDGE('',*,*,#140,.F.);
#140 = EDGE_CURVE('',#22,#113,#141,.T.);
#141 = SURFACE_CURVE('',#142,(#146,#153),.PCURVE_S1.);
#142 = LINE('',#143,#144);
#143 = CARTESIAN_POINT('',(18.105948413545,-3.943599700928,
    10.525450453332));
#144 = VECTOR('',#145,1.);
#145 = DIRECTION('',(-0.995184972366,0.,9.801464572212E-02));
#146 = PCURVE('',#32,#147);
#147 = DEFINITIONAL_REPRESENTATION('',(#148),#152);
#148 = LINE('',#149,#150);
#149 = CARTESIAN_POINT('',(0.40721406059,-3.872312049786));
#150 = VECTOR('',#151,1.);
#151 = DIRECTION('',(-1.,0.));
#152 = ( GEOMETRIC_REPRESENTATION_CONTEXT(2) 
PARAMETRIC_REPRESENTATION_CONTEXT() REPRESENTATION_CONTEXT('2D SPACE',''
  ) );
#153 = PCURVE('',#154,#159);
#154 = PLANE('',#155);
#155 = AXIS2_PLACEMENT_3D('',#156,#157,#158);
#156 = CARTESIAN_POINT('',(18.010222795385,-3.943599700928,
    5.398882341486));
#157 = DIRECTION('',(0.,1.,0.));
#158 = DIRECTION('',(0.,-0.,1.));
#159 = DEFINITIONAL_REPRESENTATION('',(#160),#164);
#160 = LINE('',#161,#162);
#161 = CARTESIAN_POINT('',(5.126568111846,9.572561815979E-02));
#162 = VECTOR('',#163,1.);
#163 = DIRECTION('',(9.801464572212E-02,-0.995184972366));
#164 = ( GEOMETRIC_REPRESENTATION_CONTEXT(2) 
PARAMETRIC_REPRESENTATION_CONTEXT() REPRESENTATION_CONTEXT('2D SPACE',''
  ) );
#165 = ADVANCED_FACE('',(#166),#72,.T.);
#166 = FACE_BOUND('',#167,.T.);
#167 = EDGE_LOOP('',(#168,#196,#197));
#168 = ORIENTED_EDGE('',*,*,#169,.F.);
#169 = EDGE_CURVE('',#57,#170,#172,.T.);
#170 = VERTEX_POINT('',#171);
#171 = CARTESIAN_POINT('',(17.34072277832,5.91672706604,10.544229125977)
  );
#172 = SURFACE_CURVE('',#173,(#177,#184),.PCURVE_S1.);
#173 = LINE('',#174,#175);
#174 = CARTESIAN_POINT('',(17.628,-5.916728973389,10.572522735596));
#175 = VECTOR('',#176,1.);
#176 = DIRECTION('',(-2.426947657E-02,0.999702595325,-2.390273380248E-03
    ));
#177 = PCURVE('',#72,#178);
#178 = DEFINITIONAL_REPRESENTATION('',(#179),#183);
#179 = LINE('',#180,#181);
#180 = CARTESIAN_POINT('',(7.304683679842E-02,-5.988014762808));
#181 = VECTOR('',#182,1.);
#182 = DIRECTION('',(-2.438690016768E-02,0.999702595325));
#183 = ( GEOMETRIC_REPRESENTATION_CONTEXT(2) 
PARAMETRIC_REPRESENTATION_CONTEXT() REPRESENTATION_CONTEXT('2D SPACE',''
  ) );
#184 = PCURVE('',#185,#190);
#185 = PLANE('',#186);
#186 = AXIS2_PLACEMENT_3D('',#187,#188,#189);
#187 = CARTESIAN_POINT('',(17.413417939098,-7.128765115506E-02,
    10.551388790388));
#188 = DIRECTION('',(-9.801464572212E-02,0.,0.995184972366));
#189 = DIRECTION('',(0.995184972366,0.,9.801464572212E-02));
#190 = DEFINITIONAL_REPRESENTATION('',(#191),#195);
#191 = LINE('',#192,#193);
#192 = CARTESIAN_POINT('',(0.215620278502,-5.845441322234));
#193 = VECTOR('',#194,1.);
#194 = DIRECTION('',(-2.438690016821E-02,0.999702595325));
#195 = ( GEOMETRIC_REPRESENTATION_CONTEXT(2) 
PARAMETRIC_REPRESENTATION_CONTEXT() REPRESENTATION_CONTEXT('2D SPACE',''
  ) );
#196 = ORIENTED_EDGE('',*,*,#56,.F.);
#197 = ORIENTED_EDGE('',*,*,#198,.T.);
#198 = EDGE_CURVE('',#24,#170,#199,.T.);
#199 = SURFACE_CURVE('',#200,(#204,#211),.PCURVE_S1.);
#200 = LINE('',#201,#202);
#201 = CARTESIAN_POINT('',(17.628,5.91672706604,10.572524642944));
#202 = VECTOR('',#203,1.);
#203 = DIRECTION('',(-0.995184327839,0.,-9.802118967098E-02));
#204 = PCURVE('',#72,#205);
#205 = DEFINITIONAL_REPRESENTATION('',(#206),#210);
#206 = LINE('',#207,#208);
#207 = CARTESIAN_POINT('',(7.3047023759E-02,5.845441276621));
#208 = VECTOR('',#209,1.);
#209 = DIRECTION('',(-1.,0.));
#210 = ( GEOMETRIC_REPRESENTATION_CONTEXT(2) 
PARAMETRIC_REPRESENTATION_CONTEXT() REPRESENTATION_CONTEXT('2D SPACE',''
  ) );
#211 = PCURVE('',#212,#217);
#212 = PLANE('',#213);
#213 = AXIS2_PLACEMENT_3D('',#214,#215,#216);
#214 = CARTESIAN_POINT('',(17.628,5.91672706604,10.551320079071));
#215 = DIRECTION('',(0.,1.,0.));
#216 = DIRECTION('',(0.,-0.,1.));
#217 = DEFINITIONAL_REPRESENTATION('',(#218),#222);
#218 = LINE('',#219,#220);
#219 = CARTESIAN_POINT('',(2.120456387313E-02,3.552713678801E-15));
#220 = VECTOR('',#221,1.);
#221 = DIRECTION('',(-9.802118967098E-02,-0.995184327839));
#222 = ( GEOMETRIC_REPRESENTATION_CONTEXT(2) 
PARAMETRIC_REPRESENTATION_CONTEXT() REPRESENTATION_CONTEXT('2D SPACE',''
  ) );
#223 = ADVANCED_FACE('',(#224),#212,.T.);
#224 = FACE_BOUND('',#225,.T.);
#225 = EDGE_LOOP('',(#226,#227,#250,#278,#306,#334,#362,#390,#418,#446,
    #474,#502,#530,#558));
#226 = ORIENTED_EDGE('',*,*,#198,.F.);
#227 = ORIENTED_EDGE('',*,*,#228,.F.);
#228 = EDGE_CURVE('',#229,#24,#231,.T.);
#229 = VERTEX_POINT('',#230);
#230 = CARTESIAN_POINT('',(17.864889939522,5.91672706604,10.549192047119
    ));
#231 = SURFACE_CURVE('',#232,(#236,#243),.PCURVE_S1.);
#232 = LINE('',#233,#234);
#233 = CARTESIAN_POINT('',(17.91527722168,5.91672706604,10.544229125977)
  );
#234 = VECTOR('',#235,1.);
#235 = DIRECTION('',(-0.995184327839,0.,9.802118967098E-02));
#236 = PCURVE('',#212,#237);
#237 = DEFINITIONAL_REPRESENTATION('',(#238),#242);
#238 = LINE('',#239,#240);
#239 = CARTESIAN_POINT('',(-7.090953094647E-03,0.28727722168));
#240 = VECTOR('',#241,1.);
#241 = DIRECTION('',(9.802118967098E-02,-0.995184327839));
#242 = ( GEOMETRIC_REPRESENTATION_CONTEXT(2) 
PARAMETRIC_REPRESENTATION_CONTEXT() REPRESENTATION_CONTEXT('2D SPACE',''
  ) );
#243 = PCURVE('',#44,#244);
#244 = DEFINITIONAL_REPRESENTATION('',(#245),#249);
#245 = LINE('',#246,#247);
#246 = CARTESIAN_POINT('',(7.304693141856E-02,5.845441276635));
#247 = VECTOR('',#248,1.);
#248 = DIRECTION('',(-1.,0.));
#249 = ( GEOMETRIC_REPRESENTATION_CONTEXT(2) 
PARAMETRIC_REPRESENTATION_CONTEXT() REPRESENTATION_CONTEXT('2D SPACE',''
  ) );
#250 = ORIENTED_EDGE('',*,*,#251,.F.);
#251 = EDGE_CURVE('',#252,#229,#254,.T.);
#252 = VERTEX_POINT('',#253);
#253 = CARTESIAN_POINT('',(17.628,5.91672706604,10.549192047119));
#254 = SURFACE_CURVE('',#255,(#259,#266),.PCURVE_S1.);
#255 = LINE('',#256,#257);
#256 = CARTESIAN_POINT('',(17.796917828825,5.91672706604,10.549192047119
    ));
#257 = VECTOR('',#258,1.);
#258 = DIRECTION('',(1.,0.,0.));
#259 = PCURVE('',#212,#260);
#260 = DEFINITIONAL_REPRESENTATION('',(#261),#265);
#261 = LINE('',#262,#263);
#262 = CARTESIAN_POINT('',(-2.128031952068E-03,0.168917828825));
#263 = VECTOR('',#264,1.);
#264 = DIRECTION('',(0.,1.));
#265 = ( GEOMETRIC_REPRESENTATION_CONTEXT(2) 
PARAMETRIC_REPRESENTATION_CONTEXT() REPRESENTATION_CONTEXT('2D SPACE',''
  ) );
#266 = PCURVE('',#267,#272);
#267 = PLANE('',#268);
#268 = AXIS2_PLACEMENT_3D('',#269,#270,#271);
#269 = CARTESIAN_POINT('',(17.965835657651,5.16351665253,10.549192047119
    ));
#270 = DIRECTION('',(0.,0.,1.));
#271 = DIRECTION('',(1.,0.,-0.));
#272 = DEFINITIONAL_REPRESENTATION('',(#273),#277);
#273 = LINE('',#274,#275);
#274 = CARTESIAN_POINT('',(-0.168917828825,0.75321041351));
#275 = VECTOR('',#276,1.);
#276 = DIRECTION('',(1.,0.));
#277 = ( GEOMETRIC_REPRESENTATION_CONTEXT(2) 
PARAMETRIC_REPRESENTATION_CONTEXT() REPRESENTATION_CONTEXT('2D SPACE',''
  ) );
#278 = ORIENTED_EDGE('',*,*,#279,.F.);
#279 = EDGE_CURVE('',#280,#252,#282,.T.);
#280 = VERTEX_POINT('',#281);
#281 = CARTESIAN_POINT('',(16.192605712891,5.91672706604,9.216024017334)
  );
#282 = SURFACE_CURVE('',#283,(#287,#294),.PCURVE_S1.);
#283 = LINE('',#284,#285);
#284 = CARTESIAN_POINT('',(17.163491643784,5.91672706604,10.117765159304
    ));
#285 = VECTOR('',#286,1.);
#286 = DIRECTION('',(0.732716642032,-0.,0.680533851097));
#287 = PCURVE('',#212,#288);
#288 = DEFINITIONAL_REPRESENTATION('',(#289),#293);
#289 = LINE('',#290,#291);
#290 = CARTESIAN_POINT('',(-0.433554919767,-0.464508356216));
#291 = VECTOR('',#292,1.);
#292 = DIRECTION('',(0.680533851097,0.732716642032));
#293 = ( GEOMETRIC_REPRESENTATION_CONTEXT(2) 
PARAMETRIC_REPRESENTATION_CONTEXT() REPRESENTATION_CONTEXT('2D SPACE',''
  ) );
#294 = PCURVE('',#295,#300);
#295 = PLANE('',#296);
#296 = AXIS2_PLACEMENT_3D('',#297,#298,#299);
#297 = CARTESIAN_POINT('',(16.697922168954,5.251758304569,9.685352723877
    ));
#298 = DIRECTION('',(-0.680533851097,1.281646051022E-16,0.732716642032)
  );
#299 = DIRECTION('',(0.732716642032,0.,0.680533851097));
#300 = DEFINITIONAL_REPRESENTATION('',(#301),#305);
#301 = LINE('',#302,#303);
#302 = CARTESIAN_POINT('',(0.635401802174,0.664968761471));
#303 = VECTOR('',#304,1.);
#304 = DIRECTION('',(1.,0.));
#305 = ( GEOMETRIC_REPRESENTATION_CONTEXT(2) 
PARAMETRIC_REPRESENTATION_CONTEXT() REPRESENTATION_CONTEXT('2D SPACE',''
  ) );
#306 = ORIENTED_EDGE('',*,*,#307,.F.);
#307 = EDGE_CURVE('',#308,#280,#310,.T.);
#308 = VERTEX_POINT('',#309);
#309 = CARTESIAN_POINT('',(16.192605712891,5.91672706604,8.783568526734)
  );
#310 = SURFACE_CURVE('',#311,(#315,#322),.PCURVE_S1.);
#311 = LINE('',#312,#313);
#312 = CARTESIAN_POINT('',(16.192605712891,5.91672706604,7.863190592784)
  );
#313 = VECTOR('',#314,1.);
#314 = DIRECTION('',(0.,0.,1.));
#315 = PCURVE('',#212,#316);
#316 = DEFINITIONAL_REPRESENTATION('',(#317),#321);
#317 = LINE('',#318,#319);
#318 = CARTESIAN_POINT('',(-2.688129486288,-1.435394287109));
#319 = VECTOR('',#320,1.);
#320 = DIRECTION('',(1.,0.));
#321 = ( GEOMETRIC_REPRESENTATION_CONTEXT(2) 
PARAMETRIC_REPRESENTATION_CONTEXT() REPRESENTATION_CONTEXT('2D SPACE',''
  ) );
#322 = PCURVE('',#323,#328);
#323 = PLANE('',#324);
#324 = AXIS2_PLACEMENT_3D('',#325,#326,#327);
#325 = CARTESIAN_POINT('',(16.192605712891,4.516958928294,5.175061106496
    ));
#326 = DIRECTION('',(-1.,-0.,-0.));
#327 = DIRECTION('',(0.,0.,-1.));
#328 = DEFINITIONAL_REPRESENTATION('',(#329),#333);
#329 = LINE('',#330,#331);
#330 = CARTESIAN_POINT('',(-2.688129486288,-1.399768137746));
#331 = VECTOR('',#332,1.);
#332 = DIRECTION('',(-1.,0.));
#333 = ( GEOMETRIC_REPRESENTATION_CONTEXT(2) 
PARAMETRIC_REPRESENTATION_CONTEXT() REPRESENTATION_CONTEXT('2D SPACE',''
  ) );
#334 = ORIENTED_EDGE('',*,*,#335,.F.);
#335 = EDGE_CURVE('',#336,#308,#338,.T.);
#336 = VERTEX_POINT('',#337);
#337 = CARTESIAN_POINT('',(16.183763244629,5.91672706604,8.812718963623)
  );
#338 = SURFACE_CURVE('',#339,(#343,#350),.PCURVE_S1.);
#339 = LINE('',#340,#341);
#340 = CARTESIAN_POINT('',(16.183763244629,5.91672706604,8.812718963623)
  );
#341 = VECTOR('',#342,1.);
#342 = DIRECTION('',(0.290278060887,0.,-0.95694234276));
#343 = PCURVE('',#212,#344);
#344 = DEFINITIONAL_REPRESENTATION('',(#345),#349);
#345 = LINE('',#346,#347);
#346 = CARTESIAN_POINT('',(-1.738601115448,-1.444236755371));
#347 = VECTOR('',#348,1.);
#348 = DIRECTION('',(-0.95694234276,0.290278060887));
#349 = ( GEOMETRIC_REPRESENTATION_CONTEXT(2) 
PARAMETRIC_REPRESENTATION_CONTEXT() REPRESENTATION_CONTEXT('2D SPACE',''
  ) );
#350 = PCURVE('',#351,#356);
#351 = PLANE('',#352);
#352 = AXIS2_PLACEMENT_3D('',#353,#354,#355);
#353 = CARTESIAN_POINT('',(16.204967125689,7.128565663578E-02,
    8.74281645342));
#354 = DIRECTION('',(-0.95694234276,4.678780744551E-08,-0.290278060887)
  );
#355 = DIRECTION('',(0.290278060887,0.,-0.95694234276));
#356 = DEFINITIONAL_REPRESENTATION('',(#357),#361);
#357 = LINE('',#358,#359);
#358 = CARTESIAN_POINT('',(-7.3047693356E-02,-5.845441409404));
#359 = VECTOR('',#360,1.);
#360 = DIRECTION('',(1.,-3.308722450212E-24));
#361 = ( GEOMETRIC_REPRESENTATION_CONTEXT(2) 
PARAMETRIC_REPRESENTATION_CONTEXT() REPRESENTATION_CONTEXT('2D SPACE',''
  ) );
#362 = ORIENTED_EDGE('',*,*,#363,.F.);
#363 = EDGE_CURVE('',#364,#336,#366,.T.);
#364 = VERTEX_POINT('',#365);
#365 = CARTESIAN_POINT('',(16.155473449707,5.91672706604,9.099994277954)
  );
#366 = SURFACE_CURVE('',#367,(#371,#378),.PCURVE_S1.);
#367 = LINE('',#368,#369);
#368 = CARTESIAN_POINT('',(16.155473449707,5.91672706604,9.099994277954)
  );
#369 = VECTOR('',#370,1.);
#370 = DIRECTION('',(9.800220221286E-02,0.,-0.995186197835));
#371 = PCURVE('',#212,#372);
#372 = DEFINITIONAL_REPRESENTATION('',(#373),#377);
#373 = LINE('',#374,#375);
#374 = CARTESIAN_POINT('',(-1.451325801117,-1.472526550293));
#375 = VECTOR('',#376,1.);
#376 = DIRECTION('',(-0.995186197835,9.800220221286E-02));
#377 = ( GEOMETRIC_REPRESENTATION_CONTEXT(2) 
PARAMETRIC_REPRESENTATION_CONTEXT() REPRESENTATION_CONTEXT('2D SPACE',''
  ) );
#378 = PCURVE('',#379,#384);
#379 = PLANE('',#380);
#380 = AXIS2_PLACEMENT_3D('',#381,#382,#383);
#381 = CARTESIAN_POINT('',(16.162632148135,7.128518964879E-02,
    9.027299606721));
#382 = DIRECTION('',(-0.995186197835,-0.,-9.800220221286E-02));
#383 = DIRECTION('',(9.800220221286E-02,0.,-0.995186197835));
#384 = DEFINITIONAL_REPRESENTATION('',(#385),#389);
#385 = LINE('',#386,#387);
#386 = CARTESIAN_POINT('',(-7.304630167864E-02,-5.845441876391));
#387 = VECTOR('',#388,1.);
#388 = DIRECTION('',(1.,0.));
#389 = ( GEOMETRIC_REPRESENTATION_CONTEXT(2) 
PARAMETRIC_REPRESENTATION_CONTEXT() REPRESENTATION_CONTEXT('2D SPACE',''
  ) );
#390 = ORIENTED_EDGE('',*,*,#391,.F.);
#391 = EDGE_CURVE('',#392,#364,#394,.T.);
#392 = VERTEX_POINT('',#393);
#393 = CARTESIAN_POINT('',(16.183763244629,5.91672706604,9.387271499634)
  );
#394 = SURFACE_CURVE('',#395,(#399,#406),.PCURVE_S1.);
#395 = LINE('',#396,#397);
#396 = CARTESIAN_POINT('',(16.183763244629,5.91672706604,9.387271499634)
  );
#397 = VECTOR('',#398,1.);
#398 = DIRECTION('',(-9.800155778626E-02,0.,-0.995186261296));
#399 = PCURVE('',#212,#400);
#400 = DEFINITIONAL_REPRESENTATION('',(#401),#405);
#401 = LINE('',#402,#403);
#402 = CARTESIAN_POINT('',(-1.164048579437,-1.444236755371));
#403 = VECTOR('',#404,1.);
#404 = DIRECTION('',(-0.995186261296,-9.800155778626E-02));
#405 = ( GEOMETRIC_REPRESENTATION_CONTEXT(2) 
PARAMETRIC_REPRESENTATION_CONTEXT() REPRESENTATION_CONTEXT('2D SPACE',''
  ) );
#406 = PCURVE('',#407,#412);
#407 = PLANE('',#408);
#408 = AXIS2_PLACEMENT_3D('',#409,#410,#411);
#409 = CARTESIAN_POINT('',(16.176604545647,7.128565275574E-02,
    9.314575397943));
#410 = DIRECTION('',(-0.995186261296,-1.579615765826E-08,
    9.800155778626E-02));
#411 = DIRECTION('',(-9.800155778626E-02,0.,-0.995186261296));
#412 = DEFINITIONAL_REPRESENTATION('',(#413),#417);
#413 = LINE('',#414,#415);
#414 = CARTESIAN_POINT('',(-7.304772530396E-02,-5.845441413284));
#415 = VECTOR('',#416,1.);
#416 = DIRECTION('',(1.,1.033975765691E-24));
#417 = ( GEOMETRIC_REPRESENTATION_CONTEXT(2) 
PARAMETRIC_REPRESENTATION_CONTEXT() REPRESENTATION_CONTEXT('2D SPACE',''
  ) );
#418 = ORIENTED_EDGE('',*,*,#419,.F.);
#419 = EDGE_CURVE('',#420,#392,#422,.T.);
#420 = VERTEX_POINT('',#421);
#421 = CARTESIAN_POINT('',(16.267556884766,5.91672706604,9.663507080078)
  );
#422 = SURFACE_CURVE('',#423,(#427,#434),.PCURVE_S1.);
#423 = LINE('',#424,#425);
#424 = CARTESIAN_POINT('',(16.267556884766,5.91672706604,9.663507080078)
  );
#425 = VECTOR('',#426,1.);
#426 = DIRECTION('',(-0.290279896309,0.,-0.956941786003));
#427 = PCURVE('',#212,#428);
#428 = DEFINITIONAL_REPRESENTATION('',(#429),#433);
#429 = LINE('',#430,#431);
#430 = CARTESIAN_POINT('',(-0.887812998993,-1.360443115234));
#431 = VECTOR('',#432,1.);
#432 = DIRECTION('',(-0.956941786003,-0.290279896309));
#433 = ( GEOMETRIC_REPRESENTATION_CONTEXT(2) 
PARAMETRIC_REPRESENTATION_CONTEXT() REPRESENTATION_CONTEXT('2D SPACE',''
  ) );
#434 = PCURVE('',#435,#440);
#435 = PLANE('',#436);
#436 = AXIS2_PLACEMENT_3D('',#437,#438,#439);
#437 = CARTESIAN_POINT('',(16.246353005282,7.128521132563E-02,
    9.593605999908));
#438 = DIRECTION('',(-0.956941786003,-0.,0.290279896309));
#439 = DIRECTION('',(-0.290279896309,0.,-0.956941786003));
#440 = DEFINITIONAL_REPRESENTATION('',(#441),#445);
#441 = LINE('',#442,#443);
#442 = CARTESIAN_POINT('',(-7.304632443918E-02,-5.845441854714));
#443 = VECTOR('',#444,1.);
#444 = DIRECTION('',(1.,0.));
#445 = ( GEOMETRIC_REPRESENTATION_CONTEXT(2) 
PARAMETRIC_REPRESENTATION_CONTEXT() REPRESENTATION_CONTEXT('2D SPACE',''
  ) );
#446 = ORIENTED_EDGE('',*,*,#447,.F.);
#447 = EDGE_CURVE('',#448,#420,#450,.T.);
#448 = VERTEX_POINT('',#449);
#449 = CARTESIAN_POINT('',(16.403634765625,5.91672706604,9.918088531494)
  );
#450 = SURFACE_CURVE('',#451,(#455,#462),.PCURVE_S1.);
#451 = LINE('',#452,#453);
#452 = CARTESIAN_POINT('',(16.403634765625,5.91672706604,9.918088531494)
  );
#453 = VECTOR('',#454,1.);
#454 = DIRECTION('',(-0.471400131956,0.,-0.881919449605));
#455 = PCURVE('',#212,#456);
#456 = DEFINITIONAL_REPRESENTATION('',(#457),#461);
#457 = LINE('',#458,#459);
#458 = CARTESIAN_POINT('',(-0.633231547577,-1.224365234375));
#459 = VECTOR('',#460,1.);
#460 = DIRECTION('',(-0.881919449605,-0.471400131956));
#461 = ( GEOMETRIC_REPRESENTATION_CONTEXT(2) 
PARAMETRIC_REPRESENTATION_CONTEXT() REPRESENTATION_CONTEXT('2D SPACE',''
  ) );
#462 = PCURVE('',#463,#468);
#463 = PLANE('',#464);
#464 = AXIS2_PLACEMENT_3D('',#465,#466,#467);
#465 = CARTESIAN_POINT('',(16.369200418628,7.128581770046E-02,
    9.853666053777));
#466 = DIRECTION('',(-0.881919449605,-7.598155553442E-08,0.471400131956)
  );
#467 = DIRECTION('',(-0.471400131956,0.,-0.881919449605));
#468 = DEFINITIONAL_REPRESENTATION('',(#469),#473);
#469 = LINE('',#470,#471);
#470 = CARTESIAN_POINT('',(-7.304779180868E-02,-5.84544124834));
#471 = VECTOR('',#472,1.);
#472 = DIRECTION('',(1.,-1.323488980085E-23));
#473 = ( GEOMETRIC_REPRESENTATION_CONTEXT(2) 
PARAMETRIC_REPRESENTATION_CONTEXT() REPRESENTATION_CONTEXT('2D SPACE',''
  ) );
#474 = ORIENTED_EDGE('',*,*,#475,.F.);
#475 = EDGE_CURVE('',#476,#448,#478,.T.);
#476 = VERTEX_POINT('',#477);
#477 = CARTESIAN_POINT('',(16.586763122559,5.91672706604,10.141229248047
    ));
#478 = SURFACE_CURVE('',#479,(#483,#490),.PCURVE_S1.);
#479 = LINE('',#480,#481);
#480 = CARTESIAN_POINT('',(16.586763122559,5.91672706604,10.141229248047
    ));
#481 = VECTOR('',#482,1.);
#482 = DIRECTION('',(-0.634396396419,0.,-0.77300789919));
#483 = PCURVE('',#212,#484);
#484 = DEFINITIONAL_REPRESENTATION('',(#485),#489);
#485 = LINE('',#486,#487);
#486 = CARTESIAN_POINT('',(-0.410090831024,-1.041236877441));
#487 = VECTOR('',#488,1.);
#488 = DIRECTION('',(-0.77300789919,-0.634396396419));
#489 = ( GEOMETRIC_REPRESENTATION_CONTEXT(2) 
PARAMETRIC_REPRESENTATION_CONTEXT() REPRESENTATION_CONTEXT('2D SPACE',''
  ) );
#490 = PCURVE('',#491,#496);
#491 = PLANE('',#492);
#492 = AXIS2_PLACEMENT_3D('',#493,#494,#495);
#493 = CARTESIAN_POINT('',(16.540422711883,7.128533995263E-02,
    10.084763757848));
#494 = DIRECTION('',(-0.77300789919,-0.,0.634396396419));
#495 = DIRECTION('',(-0.634396396419,0.,-0.77300789919));
#496 = DEFINITIONAL_REPRESENTATION('',(#497),#501);
#497 = LINE('',#498,#499);
#498 = CARTESIAN_POINT('',(-7.304645949657E-02,-5.845441726087));
#499 = VECTOR('',#500,1.);
#500 = DIRECTION('',(1.,0.));
#501 = ( GEOMETRIC_REPRESENTATION_CONTEXT(2) 
PARAMETRIC_REPRESENTATION_CONTEXT() REPRESENTATION_CONTEXT('2D SPACE',''
  ) );
#502 = ORIENTED_EDGE('',*,*,#503,.F.);
#503 = EDGE_CURVE('',#504,#476,#506,.T.);
#504 = VERTEX_POINT('',#505);
#505 = CARTESIAN_POINT('',(16.809907653809,5.91672706604,10.32435760498)
  );
#506 = SURFACE_CURVE('',#507,(#511,#518),.PCURVE_S1.);
#507 = LINE('',#508,#509);
#508 = CARTESIAN_POINT('',(16.809907653809,5.91672706604,10.32435760498)
  );
#509 = VECTOR('',#510,1.);
#510 = DIRECTION('',(-0.773013217577,0.,-0.634389915943));
#511 = PCURVE('',#212,#512);
#512 = DEFINITIONAL_REPRESENTATION('',(#513),#517);
#513 = LINE('',#514,#515);
#514 = CARTESIAN_POINT('',(-0.226962474091,-0.818092346191));
#515 = VECTOR('',#516,1.);
#516 = DIRECTION('',(-0.634389915943,-0.773013217577));
#517 = ( GEOMETRIC_REPRESENTATION_CONTEXT(2) 
PARAMETRIC_REPRESENTATION_CONTEXT() REPRESENTATION_CONTEXT('2D SPACE',''
  ) );
#518 = PCURVE('',#519,#524);
#519 = PLANE('',#520);
#520 = AXIS2_PLACEMENT_3D('',#521,#522,#523);
#521 = CARTESIAN_POINT('',(16.64322958501,-7.128796652356E-02,
    10.187569664424));
#522 = DIRECTION('',(-0.634389915943,0.,0.773013217577));
#523 = DIRECTION('',(0.773013217577,0.,0.634389915943));
#524 = DEFINITIONAL_REPRESENTATION('',(#525),#529);
#525 = LINE('',#526,#527);
#526 = CARTESIAN_POINT('',(0.215621240373,5.988015032564));
#527 = VECTOR('',#528,1.);
#528 = DIRECTION('',(-1.,0.));
#529 = ( GEOMETRIC_REPRESENTATION_CONTEXT(2) 
PARAMETRIC_REPRESENTATION_CONTEXT() REPRESENTATION_CONTEXT('2D SPACE',''
  ) );
#530 = ORIENTED_EDGE('',*,*,#531,.F.);
#531 = EDGE_CURVE('',#532,#504,#534,.T.);
#532 = VERTEX_POINT('',#533);
#533 = CARTESIAN_POINT('',(17.064485290527,5.91672706604,10.460433578491
    ));
#534 = SURFACE_CURVE('',#535,(#539,#546),.PCURVE_S1.);
#535 = LINE('',#536,#537);
#536 = CARTESIAN_POINT('',(17.064485290527,5.91672706604,10.460433578491
    ));
#537 = VECTOR('',#538,1.);
#538 = DIRECTION('',(-0.881919259975,0.,-0.471400486727));
#539 = PCURVE('',#212,#540);
#540 = DEFINITIONAL_REPRESENTATION('',(#541),#545);
#541 = LINE('',#542,#543);
#542 = CARTESIAN_POINT('',(-9.088650058E-02,-0.563514709473));
#543 = VECTOR('',#544,1.);
#544 = DIRECTION('',(-0.471400486727,-0.881919259975));
#545 = ( GEOMETRIC_REPRESENTATION_CONTEXT(2) 
PARAMETRIC_REPRESENTATION_CONTEXT() REPRESENTATION_CONTEXT('2D SPACE',''
  ) );
#546 = PCURVE('',#547,#552);
#547 = PLANE('',#548);
#548 = AXIS2_PLACEMENT_3D('',#549,#550,#551);
#549 = CARTESIAN_POINT('',(16.874328212685,-7.128668507451E-02,
    10.358791463257));
#550 = DIRECTION('',(-0.471400486727,0.,0.881919259975));
#551 = DIRECTION('',(0.881919259975,0.,0.471400486727));
#552 = DEFINITIONAL_REPRESENTATION('',(#553),#557);
#553 = LINE('',#554,#555);
#554 = CARTESIAN_POINT('',(0.215617331963,5.988013751115));
#555 = VECTOR('',#556,1.);
#556 = DIRECTION('',(-1.,0.));
#557 = ( GEOMETRIC_REPRESENTATION_CONTEXT(2) 
PARAMETRIC_REPRESENTATION_CONTEXT() REPRESENTATION_CONTEXT('2D SPACE',''
  ) );
#558 = ORIENTED_EDGE('',*,*,#559,.F.);
#559 = EDGE_CURVE('',#170,#532,#560,.T.);
#560 = SURFACE_CURVE('',#561,(#565,#572),.PCURVE_S1.);
#561 = LINE('',#562,#563);
#562 = CARTESIAN_POINT('',(17.34072277832,5.91672706604,10.544229125977)
  );
#563 = VECTOR('',#564,1.);
#564 = DIRECTION('',(-0.956940507334,0.,-0.290284111558));
#565 = PCURVE('',#212,#566);
#566 = DEFINITIONAL_REPRESENTATION('',(#567),#571);
#567 = LINE('',#568,#569);
#568 = CARTESIAN_POINT('',(-7.090953094647E-03,-0.28727722168));
#569 = VECTOR('',#570,1.);
#570 = DIRECTION('',(-0.290284111558,-0.956940507334));
#571 = ( GEOMETRIC_REPRESENTATION_CONTEXT(2) 
PARAMETRIC_REPRESENTATION_CONTEXT() REPRESENTATION_CONTEXT('2D SPACE',''
  ) );
#572 = PCURVE('',#573,#578);
#573 = PLANE('',#574);
#574 = AXIS2_PLACEMENT_3D('',#575,#576,#577);
#575 = CARTESIAN_POINT('',(17.134386860288,-7.128769889323E-02,
    10.481637942732));
#576 = DIRECTION('',(-0.290284111558,0.,0.956940507334));
#577 = DIRECTION('',(0.956940507334,0.,0.290284111558));
#578 = DEFINITIONAL_REPRESENTATION('',(#579),#583);
#579 = LINE('',#580,#581);
#580 = CARTESIAN_POINT('',(0.215620424103,5.988014764933));
#581 = VECTOR('',#582,1.);
#582 = DIRECTION('',(-1.,0.));
#583 = ( GEOMETRIC_REPRESENTATION_CONTEXT(2) 
PARAMETRIC_REPRESENTATION_CONTEXT() REPRESENTATION_CONTEXT('2D SPACE',''
  ) );
#584 = ADVANCED_FACE('',(#585),#267,.T.);
#585 = FACE_BOUND('',#586,.T.);
#586 = EDGE_LOOP('',(#587,#617,#638,#639,#662,#690));
#587 = ORIENTED_EDGE('',*,*,#588,.F.);
#588 = EDGE_CURVE('',#589,#591,#593,.T.);
#589 = VERTEX_POINT('',#590);
#590 = CARTESIAN_POINT('',(17.628,5.961904525757,10.549192047119));
#591 = VERTEX_POINT('',#592);
#592 = CARTESIAN_POINT('',(19.063394287109,5.961904525757,
    10.549192047119));
#593 = SURFACE_CURVE('',#594,(#598,#605),.PCURVE_S1.);
#594 = LINE('',#595,#596);
#595 = CARTESIAN_POINT('',(17.628,5.961904525757,10.549192047119));
#596 = VECTOR('',#597,1.);
#597 = DIRECTION('',(1.,0.,0.));
#598 = PCURVE('',#267,#599);
#599 = DEFINITIONAL_REPRESENTATION('',(#600),#604);
#600 = LINE('',#601,#602);
#601 = CARTESIAN_POINT('',(-0.337835657651,0.798387873227));
#602 = VECTOR('',#603,1.);
#603 = DIRECTION('',(1.,0.));
#604 = ( GEOMETRIC_REPRESENTATION_CONTEXT(2) 
PARAMETRIC_REPRESENTATION_CONTEXT() REPRESENTATION_CONTEXT('2D SPACE',''
  ) );
#605 = PCURVE('',#606,#611);
#606 = PLANE('',#607);
#607 = AXIS2_PLACEMENT_3D('',#608,#609,#610);
#608 = CARTESIAN_POINT('',(21.518270811998,5.961904525757,5.142372384771
    ));
#609 = DIRECTION('',(0.,1.,0.));
#610 = DIRECTION('',(0.,-0.,1.));
#611 = DEFINITIONAL_REPRESENTATION('',(#612),#616);
#612 = LINE('',#613,#614);
#613 = CARTESIAN_POINT('',(5.406819662348,-3.890270811998));
#614 = VECTOR('',#615,1.);
#615 = DIRECTION('',(0.,1.));
#616 = ( GEOMETRIC_REPRESENTATION_CONTEXT(2) 
PARAMETRIC_REPRESENTATION_CONTEXT() REPRESENTATION_CONTEXT('2D SPACE',''
  ) );
#617 = ORIENTED_EDGE('',*,*,#618,.F.);
#618 = EDGE_CURVE('',#252,#589,#619,.T.);
#619 = SURFACE_CURVE('',#620,(#624,#631),.PCURVE_S1.);
#620 = LINE('',#621,#622);
#621 = CARTESIAN_POINT('',(17.628,3.961904525757,10.549192047119));
#622 = VECTOR('',#623,1.);
#623 = DIRECTION('',(0.,1.,0.));
#624 = PCURVE('',#267,#625);
#625 = DEFINITIONAL_REPRESENTATION('',(#626),#630);
#626 = LINE('',#627,#628);
#627 = CARTESIAN_POINT('',(-0.337835657651,-1.201612126773));
#628 = VECTOR('',#629,1.);
#629 = DIRECTION('',(0.,1.));
#630 = ( GEOMETRIC_REPRESENTATION_CONTEXT(2) 
PARAMETRIC_REPRESENTATION_CONTEXT() REPRESENTATION_CONTEXT('2D SPACE',''
  ) );
#631 = PCURVE('',#295,#632);
#632 = DEFINITIONAL_REPRESENTATION('',(#633),#637);
#633 = LINE('',#634,#635);
#634 = CARTESIAN_POINT('',(1.269355406568,-1.289853778812));
#635 = VECTOR('',#636,1.);
#636 = DIRECTION('',(0.,1.));
#637 = ( GEOMETRIC_REPRESENTATION_CONTEXT(2) 
PARAMETRIC_REPRESENTATION_CONTEXT() REPRESENTATION_CONTEXT('2D SPACE',''
  ) );
#638 = ORIENTED_EDGE('',*,*,#251,.T.);
#639 = ORIENTED_EDGE('',*,*,#640,.T.);
#640 = EDGE_CURVE('',#229,#641,#643,.T.);
#641 = VERTEX_POINT('',#642);
#642 = CARTESIAN_POINT('',(17.864889939522,3.961904525757,
    10.549192047119));
#643 = SURFACE_CURVE('',#644,(#648,#655),.PCURVE_S1.);
#644 = LINE('',#645,#646);
#645 = CARTESIAN_POINT('',(17.864889939522,2.617401220968,
    10.549192047119));
#646 = VECTOR('',#647,1.);
#647 = DIRECTION('',(0.,-1.,0.));
#648 = PCURVE('',#267,#649);
#649 = DEFINITIONAL_REPRESENTATION('',(#650),#654);
#650 = LINE('',#651,#652);
#651 = CARTESIAN_POINT('',(-0.100945718129,-2.546115431562));
#652 = VECTOR('',#653,1.);
#653 = DIRECTION('',(0.,-1.));
#654 = ( GEOMETRIC_REPRESENTATION_CONTEXT(2) 
PARAMETRIC_REPRESENTATION_CONTEXT() REPRESENTATION_CONTEXT('2D SPACE',''
  ) );
#655 = PCURVE('',#44,#656);
#656 = DEFINITIONAL_REPRESENTATION('',(#657),#661);
#657 = LINE('',#658,#659);
#658 = CARTESIAN_POINT('',(2.241582645821E-02,2.546115431562));
#659 = VECTOR('',#660,1.);
#660 = DIRECTION('',(0.,-1.));
#661 = ( GEOMETRIC_REPRESENTATION_CONTEXT(2) 
PARAMETRIC_REPRESENTATION_CONTEXT() REPRESENTATION_CONTEXT('2D SPACE',''
  ) );
#662 = ORIENTED_EDGE('',*,*,#663,.F.);
#663 = EDGE_CURVE('',#664,#641,#666,.T.);
#664 = VERTEX_POINT('',#665);
#665 = CARTESIAN_POINT('',(19.063394287109,3.961904525757,
    10.549192047119));
#666 = SURFACE_CURVE('',#667,(#671,#678),.PCURVE_S1.);
#667 = LINE('',#668,#669);
#668 = CARTESIAN_POINT('',(19.063394287109,3.961904525757,
    10.549192047119));
#669 = VECTOR('',#670,1.);
#670 = DIRECTION('',(-1.,0.,0.));
#671 = PCURVE('',#267,#672);
#672 = DEFINITIONAL_REPRESENTATION('',(#673),#677);
#673 = LINE('',#674,#675);
#674 = CARTESIAN_POINT('',(1.097558629459,-1.201612126773));
#675 = VECTOR('',#676,1.);
#676 = DIRECTION('',(-1.,0.));
#677 = ( GEOMETRIC_REPRESENTATION_CONTEXT(2) 
PARAMETRIC_REPRESENTATION_CONTEXT() REPRESENTATION_CONTEXT('2D SPACE',''
  ) );
#678 = PCURVE('',#679,#684);
#679 = PLANE('',#680);
#680 = AXIS2_PLACEMENT_3D('',#681,#682,#683);
#681 = CARTESIAN_POINT('',(27.178852030715,3.961904525757,
    -2.352579723203));
#682 = DIRECTION('',(-0.,-1.,-0.));
#683 = DIRECTION('',(0.,0.,-1.));
#684 = DEFINITIONAL_REPRESENTATION('',(#685),#689);
#685 = LINE('',#686,#687);
#686 = CARTESIAN_POINT('',(-12.90177177032,-8.115457743606));
#687 = VECTOR('',#688,1.);
#688 = DIRECTION('',(0.,-1.));
#689 = ( GEOMETRIC_REPRESENTATION_CONTEXT(2) 
PARAMETRIC_REPRESENTATION_CONTEXT() REPRESENTATION_CONTEXT('2D SPACE',''
  ) );
#690 = ORIENTED_EDGE('',*,*,#691,.F.);
#691 = EDGE_CURVE('',#591,#664,#692,.T.);
#692 = SURFACE_CURVE('',#693,(#697,#704),.PCURVE_S1.);
#693 = LINE('',#694,#695);
#694 = CARTESIAN_POINT('',(19.063394287109,5.961904525757,
    10.549192047119));
#695 = VECTOR('',#696,1.);
#696 = DIRECTION('',(0.,-1.,0.));
#697 = PCURVE('',#267,#698);
#698 = DEFINITIONAL_REPRESENTATION('',(#699),#703);
#699 = LINE('',#700,#701);
#700 = CARTESIAN_POINT('',(1.097558629459,0.798387873227));
#701 = VECTOR('',#702,1.);
#702 = DIRECTION('',(0.,-1.));
#703 = ( GEOMETRIC_REPRESENTATION_CONTEXT(2) 
PARAMETRIC_REPRESENTATION_CONTEXT() REPRESENTATION_CONTEXT('2D SPACE',''
  ) );
#704 = PCURVE('',#705,#710);
#705 = PLANE('',#706);
#706 = AXIS2_PLACEMENT_3D('',#707,#708,#709);
#707 = CARTESIAN_POINT('',(24.154331919505,5.429620355057,5.396132501327
    ));
#708 = DIRECTION('',(0.711381756116,-3.912622198645E-16,0.702805803238)
  );
#709 = DIRECTION('',(-0.702805803238,-2.465190328816E-32,0.711381756116)
  );
#710 = DEFINITIONAL_REPRESENTATION('',(#711),#715);
#711 = LINE('',#712,#713);
#712 = CARTESIAN_POINT('',(7.243733061028,-0.5322841707));
#713 = VECTOR('',#714,1.);
#714 = DIRECTION('',(0.,1.));
#715 = ( GEOMETRIC_REPRESENTATION_CONTEXT(2) 
PARAMETRIC_REPRESENTATION_CONTEXT() REPRESENTATION_CONTEXT('2D SPACE',''
  ) );
#716 = ADVANCED_FACE('',(#717),#679,.T.);
#717 = FACE_BOUND('',#718,.T.);
#718 = EDGE_LOOP('',(#719,#749,#777,#805,#833,#854,#855,#878,#906,#934,
    #962,#990,#1018,#1046,#1074,#1102,#1130,#1158,#1186,#1214,#1242,
    #1270,#1298,#1326,#1354,#1382,#1410,#1438,#1466,#1494,#1522,#1550,
    #1578,#1606,#1634,#1662,#1690,#1718,#1746,#1774,#1802,#1830,#1853,
    #1876,#1904,#1932,#1960,#1988,#2016,#2044,#2072,#2100,#2128,#2156,
    #2184,#2212,#2240,#2268,#2296,#2324,#2352,#2380,#2408,#2436,#2464,
    #2492,#2520,#2548,#2576));
#719 = ORIENTED_EDGE('',*,*,#720,.F.);
#720 = EDGE_CURVE('',#721,#723,#725,.T.);
#721 = VERTEX_POINT('',#722);
#722 = CARTESIAN_POINT('',(29.902696350098,3.961904525757,
    -1.942759895325));
#723 = VERTEX_POINT('',#724);
#724 = CARTESIAN_POINT('',(28.621019104004,3.961904525757,
    -3.463142776489));
#725 = SURFACE_CURVE('',#726,(#730,#737),.PCURVE_S1.);
#726 = LINE('',#727,#728);
#727 = CARTESIAN_POINT('',(29.902696350098,3.961904525757,
    -1.942759895325));
#728 = VECTOR('',#729,1.);
#729 = DIRECTION('',(-0.644534289194,0.,-0.76457540508));
#730 = PCURVE('',#679,#731);
#731 = DEFINITIONAL_REPRESENTATION('',(#732),#736);
#732 = LINE('',#733,#734);
#733 = CARTESIAN_POINT('',(-0.409819827878,2.723844319383));
#734 = VECTOR('',#735,1.);
#735 = DIRECTION('',(0.76457540508,-0.644534289194));
#736 = ( GEOMETRIC_REPRESENTATION_CONTEXT(2) 
PARAMETRIC_REPRESENTATION_CONTEXT() REPRESENTATION_CONTEXT('2D SPACE',''
  ) );
#737 = PCURVE('',#738,#743);
#738 = PLANE('',#739);
#739 = AXIS2_PLACEMENT_3D('',#740,#741,#742);
#740 = CARTESIAN_POINT('',(29.07362111481,4.669853946917,-2.926246363104
    ));
#741 = DIRECTION('',(0.76457540508,-3.073378988538E-07,-0.644534289194)
  );
#742 = DIRECTION('',(0.644534289194,2.64697796017E-23,0.76457540508));
#743 = DEFINITIONAL_REPRESENTATION('',(#744),#748);
#744 = LINE('',#745,#746);
#745 = CARTESIAN_POINT('',(1.286316981958,0.70794942116));
#746 = VECTOR('',#747,1.);
#747 = DIRECTION('',(-1.,-1.058791184068E-22));
#748 = ( GEOMETRIC_REPRESENTATION_CONTEXT(2) 
PARAMETRIC_REPRESENTATION_CONTEXT() REPRESENTATION_CONTEXT('2D SPACE',''
  ) );
#749 = ORIENTED_EDGE('',*,*,#750,.T.);
#750 = EDGE_CURVE('',#721,#751,#753,.T.);
#751 = VERTEX_POINT('',#752);
#752 = CARTESIAN_POINT('',(24.229448059082,3.961904525757,
    -1.942759895325));
#753 = SURFACE_CURVE('',#754,(#758,#765),.PCURVE_S1.);
#754 = LINE('',#755,#756);
#755 = CARTESIAN_POINT('',(29.902696350098,3.961904525757,
    -1.942759895325));
#756 = VECTOR('',#757,1.);
#757 = DIRECTION('',(-1.,0.,0.));
#758 = PCURVE('',#679,#759);
#759 = DEFINITIONAL_REPRESENTATION('',(#760),#764);
#760 = LINE('',#761,#762);
#761 = CARTESIAN_POINT('',(-0.409819827878,2.723844319383));
#762 = VECTOR('',#763,1.);
#763 = DIRECTION('',(0.,-1.));
#764 = ( GEOMETRIC_REPRESENTATION_CONTEXT(2) 
PARAMETRIC_REPRESENTATION_CONTEXT() REPRESENTATION_CONTEXT('2D SPACE',''
  ) );
#765 = PCURVE('',#766,#771);
#766 = PLANE('',#767);
#767 = AXIS2_PLACEMENT_3D('',#768,#769,#770);
#768 = CARTESIAN_POINT('',(28.04731604416,0.777710666963,-1.942759530815
    ));
#769 = DIRECTION('',(-0.,-1.144746825503E-07,-1.));
#770 = DIRECTION('',(0.,-1.,1.144746825503E-07));
#771 = DEFINITIONAL_REPRESENTATION('',(#772),#776);
#772 = LINE('',#773,#774);
#773 = CARTESIAN_POINT('',(-3.184193858794,-1.855380305938));
#774 = VECTOR('',#775,1.);
#775 = DIRECTION('',(0.,1.));
#776 = ( GEOMETRIC_REPRESENTATION_CONTEXT(2) 
PARAMETRIC_REPRESENTATION_CONTEXT() REPRESENTATION_CONTEXT('2D SPACE',''
  ) );
#777 = ORIENTED_EDGE('',*,*,#778,.T.);
#778 = EDGE_CURVE('',#751,#779,#781,.T.);
#779 = VERTEX_POINT('',#780);
#780 = CARTESIAN_POINT('',(24.229448059082,3.961904525757,
    -0.422376060486));
#781 = SURFACE_CURVE('',#782,(#786,#793),.PCURVE_S1.);
#782 = LINE('',#783,#784);
#783 = CARTESIAN_POINT('',(24.229448059082,3.961904525757,
    -1.942759895325));
#784 = VECTOR('',#785,1.);
#785 = DIRECTION('',(0.,0.,1.));
#786 = PCURVE('',#679,#787);
#787 = DEFINITIONAL_REPRESENTATION('',(#788),#792);
#788 = LINE('',#789,#790);
#789 = CARTESIAN_POINT('',(-0.409819827878,-2.949403971633));
#790 = VECTOR('',#791,1.);
#791 = DIRECTION('',(-1.,0.));
#792 = ( GEOMETRIC_REPRESENTATION_CONTEXT(2) 
PARAMETRIC_REPRESENTATION_CONTEXT() REPRESENTATION_CONTEXT('2D SPACE',''
  ) );
#793 = PCURVE('',#794,#799);
#794 = PLANE('',#795);
#795 = AXIS2_PLACEMENT_3D('',#796,#797,#798);
#796 = CARTESIAN_POINT('',(24.229448059082,0.142163138628,
    -1.528263851877));
#797 = DIRECTION('',(-1.,-0.,-0.));
#798 = DIRECTION('',(0.,0.,-1.));
#799 = DEFINITIONAL_REPRESENTATION('',(#800),#804);
#800 = LINE('',#801,#802);
#801 = CARTESIAN_POINT('',(0.414496043448,-3.819741387129));
#802 = VECTOR('',#803,1.);
#803 = DIRECTION('',(-1.,0.));
#804 = ( GEOMETRIC_REPRESENTATION_CONTEXT(2) 
PARAMETRIC_REPRESENTATION_CONTEXT() REPRESENTATION_CONTEXT('2D SPACE',''
  ) );
#805 = ORIENTED_EDGE('',*,*,#806,.T.);
#806 = EDGE_CURVE('',#779,#807,#809,.T.);
#807 = VERTEX_POINT('',#808);
#808 = CARTESIAN_POINT('',(29.902696350098,3.961904525757,
    -0.422376060486));
#809 = SURFACE_CURVE('',#810,(#814,#821),.PCURVE_S1.);
#810 = LINE('',#811,#812);
#811 = CARTESIAN_POINT('',(24.229448059082,3.961904525757,
    -0.422376060486));
#812 = VECTOR('',#813,1.);
#813 = DIRECTION('',(1.,0.,0.));
#814 = PCURVE('',#679,#815);
#815 = DEFINITIONAL_REPRESENTATION('',(#816),#820);
#816 = LINE('',#817,#818);
#817 = CARTESIAN_POINT('',(-1.930203662717,-2.949403971633));
#818 = VECTOR('',#819,1.);
#819 = DIRECTION('',(0.,1.));
#820 = ( GEOMETRIC_REPRESENTATION_CONTEXT(2) 
PARAMETRIC_REPRESENTATION_CONTEXT() REPRESENTATION_CONTEXT('2D SPACE',''
  ) );
#821 = PCURVE('',#822,#827);
#822 = PLANE('',#823);
#823 = AXIS2_PLACEMENT_3D('',#824,#825,#826);
#824 = CARTESIAN_POINT('',(26.08482836502,0.777710666963,-0.422376060486
    ));
#825 = DIRECTION('',(0.,0.,1.));
#826 = DIRECTION('',(1.,0.,-0.));
#827 = DEFINITIONAL_REPRESENTATION('',(#828),#832);
#828 = LINE('',#829,#830);
#829 = CARTESIAN_POINT('',(-1.855380305938,3.184193858794));
#830 = VECTOR('',#831,1.);
#831 = DIRECTION('',(1.,0.));
#832 = ( GEOMETRIC_REPRESENTATION_CONTEXT(2) 
PARAMETRIC_REPRESENTATION_CONTEXT() REPRESENTATION_CONTEXT('2D SPACE',''
  ) );
#833 = ORIENTED_EDGE('',*,*,#834,.F.);
#834 = EDGE_CURVE('',#664,#807,#835,.T.);
#835 = SURFACE_CURVE('',#836,(#840,#847),.PCURVE_S1.);
#836 = LINE('',#837,#838);
#837 = CARTESIAN_POINT('',(19.063394287109,3.961904525757,
    10.549192047119));
#838 = VECTOR('',#839,1.);
#839 = DIRECTION('',(0.702805803238,0.,-0.711381756116));
#840 = PCURVE('',#679,#841);
#841 = DEFINITIONAL_REPRESENTATION('',(#842),#846);
#842 = LINE('',#843,#844);
#843 = CARTESIAN_POINT('',(-12.90177177032,-8.115457743606));
#844 = VECTOR('',#845,1.);
#845 = DIRECTION('',(0.711381756116,0.702805803238));
#846 = ( GEOMETRIC_REPRESENTATION_CONTEXT(2) 
PARAMETRIC_REPRESENTATION_CONTEXT() REPRESENTATION_CONTEXT('2D SPACE',''
  ) );
#847 = PCURVE('',#705,#848);
#848 = DEFINITIONAL_REPRESENTATION('',(#849),#853);
#849 = LINE('',#850,#851);
#850 = CARTESIAN_POINT('',(7.243733061028,1.4677158293));
#851 = VECTOR('',#852,1.);
#852 = DIRECTION('',(-1.,4.930380657631E-32));
#853 = ( GEOMETRIC_REPRESENTATION_CONTEXT(2) 
PARAMETRIC_REPRESENTATION_CONTEXT() REPRESENTATION_CONTEXT('2D SPACE',''
  ) );
#854 = ORIENTED_EDGE('',*,*,#663,.T.);
#855 = ORIENTED_EDGE('',*,*,#856,.T.);
#856 = EDGE_CURVE('',#641,#857,#859,.T.);
#857 = VERTEX_POINT('',#858);
#858 = CARTESIAN_POINT('',(17.91527722168,3.961904525757,10.544229125977
    ));
#859 = SURFACE_CURVE('',#860,(#864,#871),.PCURVE_S1.);
#860 = LINE('',#861,#862);
#861 = CARTESIAN_POINT('',(23.095250502389,3.961904525757,
    10.034025006764));
#862 = VECTOR('',#863,1.);
#863 = DIRECTION('',(0.995184327839,0.,-9.802118967098E-02));
#864 = PCURVE('',#679,#865);
#865 = DEFINITIONAL_REPRESENTATION('',(#866),#870);
#866 = LINE('',#867,#868);
#867 = CARTESIAN_POINT('',(-12.38660472996,-4.083601528326));
#868 = VECTOR('',#869,1.);
#869 = DIRECTION('',(9.802118967098E-02,0.995184327839));
#870 = ( GEOMETRIC_REPRESENTATION_CONTEXT(2) 
PARAMETRIC_REPRESENTATION_CONTEXT() REPRESENTATION_CONTEXT('2D SPACE',''
  ) );
#871 = PCURVE('',#44,#872);
#872 = DEFINITIONAL_REPRESENTATION('',(#873),#877);
#873 = LINE('',#874,#875);
#874 = CARTESIAN_POINT('',(5.278085973743,3.890618736352));
#875 = VECTOR('',#876,1.);
#876 = DIRECTION('',(1.,0.));
#877 = ( GEOMETRIC_REPRESENTATION_CONTEXT(2) 
PARAMETRIC_REPRESENTATION_CONTEXT() REPRESENTATION_CONTEXT('2D SPACE',''
  ) );
#878 = ORIENTED_EDGE('',*,*,#879,.T.);
#879 = EDGE_CURVE('',#857,#880,#882,.T.);
#880 = VERTEX_POINT('',#881);
#881 = CARTESIAN_POINT('',(18.191514709473,3.961904525757,
    10.460433578491));
#882 = SURFACE_CURVE('',#883,(#887,#894),.PCURVE_S1.);
#883 = LINE('',#884,#885);
#884 = CARTESIAN_POINT('',(23.982986073606,3.961904525757,8.703613685649
    ));
#885 = VECTOR('',#886,1.);
#886 = DIRECTION('',(0.956940507334,0.,-0.290284111558));
#887 = PCURVE('',#679,#888);
#888 = DEFINITIONAL_REPRESENTATION('',(#889),#893);
#889 = LINE('',#890,#891);
#890 = CARTESIAN_POINT('',(-11.05619340885,-3.195865957109));
#891 = VECTOR('',#892,1.);
#892 = DIRECTION('',(0.290284111558,0.956940507334));
#893 = ( GEOMETRIC_REPRESENTATION_CONTEXT(2) 
PARAMETRIC_REPRESENTATION_CONTEXT() REPRESENTATION_CONTEXT('2D SPACE',''
  ) );
#894 = PCURVE('',#895,#900);
#895 = PLANE('',#896);
#896 = AXIS2_PLACEMENT_3D('',#897,#898,#899);
#897 = CARTESIAN_POINT('',(17.98517879144,-7.128769889323E-02,
    10.523024761736));
#898 = DIRECTION('',(0.290284111558,0.,0.956940507334));
#899 = DIRECTION('',(0.956940507334,0.,-0.290284111558));
#900 = DEFINITIONAL_REPRESENTATION('',(#901),#905);
#901 = LINE('',#902,#903);
#902 = CARTESIAN_POINT('',(6.267690871269,4.03319222465));
#903 = VECTOR('',#904,1.);
#904 = DIRECTION('',(1.,0.));
#905 = ( GEOMETRIC_REPRESENTATION_CONTEXT(2) 
PARAMETRIC_REPRESENTATION_CONTEXT() REPRESENTATION_CONTEXT('2D SPACE',''
  ) );
#906 = ORIENTED_EDGE('',*,*,#907,.T.);
#907 = EDGE_CURVE('',#880,#908,#910,.T.);
#908 = VERTEX_POINT('',#909);
#909 = CARTESIAN_POINT('',(18.446092346191,3.961904525757,10.32435760498
    ));
#910 = SURFACE_CURVE('',#911,(#915,#922),.PCURVE_S1.);
#911 = LINE('',#912,#913);
#912 = CARTESIAN_POINT('',(24.382240639165,3.961904525757,7.1513877861)
  );
#913 = VECTOR('',#914,1.);
#914 = DIRECTION('',(0.881919259975,0.,-0.471400486727));
#915 = PCURVE('',#679,#916);
#916 = DEFINITIONAL_REPRESENTATION('',(#917),#921);
#917 = LINE('',#918,#919);
#918 = CARTESIAN_POINT('',(-9.503967509303,-2.79661139155));
#919 = VECTOR('',#920,1.);
#920 = DIRECTION('',(0.471400486727,0.881919259975));
#921 = ( GEOMETRIC_REPRESENTATION_CONTEXT(2) 
PARAMETRIC_REPRESENTATION_CONTEXT() REPRESENTATION_CONTEXT('2D SPACE',''
  ) );
#922 = PCURVE('',#923,#928);
#923 = PLANE('',#924);
#924 = AXIS2_PLACEMENT_3D('',#925,#926,#927);
#925 = CARTESIAN_POINT('',(18.255935268349,-7.128668507451E-02,
    10.425999720215));
#926 = DIRECTION('',(0.471400486727,0.,0.881919259975));
#927 = DIRECTION('',(0.881919259975,0.,-0.471400486727));
#928 = DEFINITIONAL_REPRESENTATION('',(#929),#933);
#929 = LINE('',#930,#931);
#930 = CARTESIAN_POINT('',(6.94656035859,4.033191210831));
#931 = VECTOR('',#932,1.);
#932 = DIRECTION('',(1.,0.));
#933 = ( GEOMETRIC_REPRESENTATION_CONTEXT(2) 
PARAMETRIC_REPRESENTATION_CONTEXT() REPRESENTATION_CONTEXT('2D SPACE',''
  ) );
#934 = ORIENTED_EDGE('',*,*,#935,.T.);
#935 = EDGE_CURVE('',#908,#936,#938,.T.);
#936 = VERTEX_POINT('',#937);
#937 = CARTESIAN_POINT('',(18.669236877441,3.961904525757,
    10.141229248047));
#938 = SURFACE_CURVE('',#939,(#943,#950),.PCURVE_S1.);
#939 = LINE('',#940,#941);
#940 = CARTESIAN_POINT('',(24.191786378005,3.961904525757,5.609030271637
    ));
#941 = VECTOR('',#942,1.);
#942 = DIRECTION('',(0.773013217577,0.,-0.634389915943));
#943 = PCURVE('',#679,#944);
#944 = DEFINITIONAL_REPRESENTATION('',(#945),#949);
#945 = LINE('',#946,#947);
#946 = CARTESIAN_POINT('',(-7.961609994841,-2.98706565271));
#947 = VECTOR('',#948,1.);
#948 = DIRECTION('',(0.634389915943,0.773013217577));
#949 = ( GEOMETRIC_REPRESENTATION_CONTEXT(2) 
PARAMETRIC_REPRESENTATION_CONTEXT() REPRESENTATION_CONTEXT('2D SPACE',''
  ) );
#950 = PCURVE('',#951,#956);
#951 = PLANE('',#952);
#952 = AXIS2_PLACEMENT_3D('',#953,#954,#955);
#953 = CARTESIAN_POINT('',(18.502558808642,-7.128796652356E-02,
    10.278017188603));
#954 = DIRECTION('',(0.634389915943,0.,0.773013217577));
#955 = DIRECTION('',(0.773013217577,0.,-0.634389915943));
#956 = DEFINITIONAL_REPRESENTATION('',(#957),#961);
#957 = LINE('',#958,#959);
#958 = CARTESIAN_POINT('',(7.359806326717,4.03319249228));
#959 = VECTOR('',#960,1.);
#960 = DIRECTION('',(1.,0.));
#961 = ( GEOMETRIC_REPRESENTATION_CONTEXT(2) 
PARAMETRIC_REPRESENTATION_CONTEXT() REPRESENTATION_CONTEXT('2D SPACE',''
  ) );
#962 = ORIENTED_EDGE('',*,*,#963,.T.);
#963 = EDGE_CURVE('',#936,#964,#966,.T.);
#964 = VERTEX_POINT('',#965);
#965 = CARTESIAN_POINT('',(18.699488685426,3.961904525757,
    10.104367300916));
#966 = SURFACE_CURVE('',#967,(#971,#978),.PCURVE_S1.);
#967 = LINE('',#968,#969);
#968 = CARTESIAN_POINT('',(23.468210073438,3.961904525757,4.29366151513)
  );
#969 = VECTOR('',#970,1.);
#970 = DIRECTION('',(0.63439315617,0.,-0.773010558404));
#971 = PCURVE('',#679,#972);
#972 = DEFINITIONAL_REPRESENTATION('',(#973),#977);
#973 = LINE('',#974,#975);
#974 = CARTESIAN_POINT('',(-6.646241238333,-3.710641957277));
#975 = VECTOR('',#976,1.);
#976 = DIRECTION('',(0.773010558404,0.63439315617));
#977 = ( GEOMETRIC_REPRESENTATION_CONTEXT(2) 
PARAMETRIC_REPRESENTATION_CONTEXT() REPRESENTATION_CONTEXT('2D SPACE',''
  ) );
#978 = PCURVE('',#979,#984);
#979 = PLANE('',#980);
#980 = AXIS2_PLACEMENT_3D('',#981,#982,#983);
#981 = CARTESIAN_POINT('',(18.715577290968,-7.128760691182E-02,
    10.084763271722));
#982 = DIRECTION('',(0.773010558404,0.,0.63439315617));
#983 = DIRECTION('',(-0.63439315617,0.,0.773010558404));
#984 = DEFINITIONAL_REPRESENTATION('',(#985),#989);
#985 = LINE('',#986,#987);
#986 = CARTESIAN_POINT('',(-7.491620513628,-4.033192132669));
#987 = VECTOR('',#988,1.);
#988 = DIRECTION('',(-1.,0.));
#989 = ( GEOMETRIC_REPRESENTATION_CONTEXT(2) 
PARAMETRIC_REPRESENTATION_CONTEXT() REPRESENTATION_CONTEXT('2D SPACE',''
  ) );
#990 = ORIENTED_EDGE('',*,*,#991,.T.);
#991 = EDGE_CURVE('',#964,#992,#994,.T.);
#992 = VERTEX_POINT('',#993);
#993 = CARTESIAN_POINT('',(18.852365234375,3.961904525757,9.918088216411
    ));
#994 = SURFACE_CURVE('',#995,(#999,#1006),.PCURVE_S1.);
#995 = LINE('',#996,#997);
#996 = CARTESIAN_POINT('',(23.513456517025,3.961904525757,4.238578684715
    ));
#997 = VECTOR('',#998,1.);
#998 = DIRECTION('',(0.634396396419,0.,-0.77300789919));
#999 = PCURVE('',#679,#1000);
#1000 = DEFINITIONAL_REPRESENTATION('',(#1001),#1005);
#1001 = LINE('',#1002,#1003);
#1002 = CARTESIAN_POINT('',(-6.591158407918,-3.66539551369));
#1003 = VECTOR('',#1004,1.);
#1004 = DIRECTION('',(0.77300789919,0.634396396419));
#1005 = ( GEOMETRIC_REPRESENTATION_CONTEXT(2) 
PARAMETRIC_REPRESENTATION_CONTEXT() REPRESENTATION_CONTEXT('2D SPACE',''
  ) );
#1006 = PCURVE('',#1007,#1012);
#1007 = PLANE('',#1008);
#1008 = AXIS2_PLACEMENT_3D('',#1009,#1010,#1011);
#1009 = CARTESIAN_POINT('',(18.806024823631,7.128533984565E-02,
    9.974553079591));
#1010 = DIRECTION('',(0.77300789919,-1.022537368083E-07,0.634396396419)
  );
#1011 = DIRECTION('',(-0.634396396419,-1.323488980085E-23,0.77300789919)
  );
#1012 = DEFINITIONAL_REPRESENTATION('',(#1013),#1017);
#1013 = LINE('',#1014,#1015);
#1014 = CARTESIAN_POINT('',(-7.42033121947,-3.890619185911));
#1015 = VECTOR('',#1016,1.);
#1016 = DIRECTION('',(-1.,1.985233470127E-23));
#1017 = ( GEOMETRIC_REPRESENTATION_CONTEXT(2) 
PARAMETRIC_REPRESENTATION_CONTEXT() REPRESENTATION_CONTEXT('2D SPACE',''
  ) );
#1018 = ORIENTED_EDGE('',*,*,#1019,.T.);
#1019 = EDGE_CURVE('',#992,#1020,#1022,.T.);
#1020 = VERTEX_POINT('',#1021);
#1021 = CARTESIAN_POINT('',(18.87484455976,3.961904525757,9.876033061147
    ));
#1022 = SURFACE_CURVE('',#1023,(#1027,#1034),.PCURVE_S1.);
#1023 = LINE('',#1024,#1025);
#1024 = CARTESIAN_POINT('',(22.345436914364,3.961904525757,
    3.383120225505));
#1025 = VECTOR('',#1026,1.);
#1026 = DIRECTION('',(0.47140287892,0.,-0.881917981303));
#1027 = PCURVE('',#679,#1028);
#1028 = DEFINITIONAL_REPRESENTATION('',(#1029),#1033);
#1029 = LINE('',#1030,#1031);
#1030 = CARTESIAN_POINT('',(-5.735699948708,-4.833415116351));
#1031 = VECTOR('',#1032,1.);
#1032 = DIRECTION('',(0.881917981303,0.47140287892));
#1033 = ( GEOMETRIC_REPRESENTATION_CONTEXT(2) 
PARAMETRIC_REPRESENTATION_CONTEXT() REPRESENTATION_CONTEXT('2D SPACE',''
  ) );
#1034 = PCURVE('',#1035,#1040);
#1035 = PLANE('',#1036);
#1036 = AXIS2_PLACEMENT_3D('',#1037,#1038,#1039);
#1037 = CARTESIAN_POINT('',(18.88679957907,-7.128731452881E-02,
    9.853666517755));
#1038 = DIRECTION('',(0.881917981303,-7.598199829664E-08,0.47140287892)
  );
#1039 = DIRECTION('',(-0.47140287892,-6.617444900424E-24,0.881917981303)
  );
#1040 = DEFINITIONAL_REPRESENTATION('',(#1041),#1045);
#1041 = LINE('',#1042,#1043);
#1042 = CARTESIAN_POINT('',(-7.336902720989,-4.033191840286));
#1043 = VECTOR('',#1044,1.);
#1044 = DIRECTION('',(-1.,6.617444900424E-24));
#1045 = ( GEOMETRIC_REPRESENTATION_CONTEXT(2) 
PARAMETRIC_REPRESENTATION_CONTEXT() REPRESENTATION_CONTEXT('2D SPACE',''
  ) );
#1046 = ORIENTED_EDGE('',*,*,#1047,.T.);
#1047 = EDGE_CURVE('',#1020,#1048,#1050,.T.);
#1048 = VERTEX_POINT('',#1049);
#1049 = CARTESIAN_POINT('',(18.988443115234,3.961904525757,
    9.663507080078));
#1050 = SURFACE_CURVE('',#1051,(#1055,#1062),.PCURVE_S1.);
#1051 = LINE('',#1052,#1053);
#1052 = CARTESIAN_POINT('',(22.379020040298,3.961904525757,
    3.320242551933));
#1053 = VECTOR('',#1054,1.);
#1054 = DIRECTION('',(0.471400131956,0.,-0.881919449605));
#1055 = PCURVE('',#679,#1056);
#1056 = DEFINITIONAL_REPRESENTATION('',(#1057),#1061);
#1057 = LINE('',#1058,#1059);
#1058 = CARTESIAN_POINT('',(-5.672822275136,-4.799831990417));
#1059 = VECTOR('',#1060,1.);
#1060 = DIRECTION('',(0.881919449605,0.471400131956));
#1061 = ( GEOMETRIC_REPRESENTATION_CONTEXT(2) 
PARAMETRIC_REPRESENTATION_CONTEXT() REPRESENTATION_CONTEXT('2D SPACE',''
  ) );
#1062 = PCURVE('',#1063,#1068);
#1063 = PLANE('',#1064);
#1064 = AXIS2_PLACEMENT_3D('',#1065,#1066,#1067);
#1065 = CARTESIAN_POINT('',(18.95400876818,7.128581757841E-02,
    9.727928615719));
#1066 = DIRECTION('',(0.881919449605,0.,0.471400131956));
#1067 = DIRECTION('',(-0.471400131956,0.,0.881919449605));
#1068 = DEFINITIONAL_REPRESENTATION('',(#1069),#1073);
#1069 = LINE('',#1070,#1071);
#1070 = CARTESIAN_POINT('',(-7.265613732244,-3.890618708178));
#1071 = VECTOR('',#1072,1.);
#1072 = DIRECTION('',(-1.,0.));
#1073 = ( GEOMETRIC_REPRESENTATION_CONTEXT(2) 
PARAMETRIC_REPRESENTATION_CONTEXT() REPRESENTATION_CONTEXT('2D SPACE',''
  ) );
#1074 = ORIENTED_EDGE('',*,*,#1075,.T.);
#1075 = EDGE_CURVE('',#1048,#1076,#1078,.T.);
#1076 = VERTEX_POINT('',#1077);
#1077 = CARTESIAN_POINT('',(19.002285368582,3.961904525757,
    9.617874150374));
#1078 = SURFACE_CURVE('',#1079,(#1083,#1090),.PCURVE_S1.);
#1079 = LINE('',#1080,#1081);
#1080 = CARTESIAN_POINT('',(21.013023019543,3.961904525757,
    2.989195453445));
#1081 = VECTOR('',#1082,1.);
#1082 = DIRECTION('',(0.290278060887,0.,-0.95694234276));
#1083 = PCURVE('',#679,#1084);
#1084 = DEFINITIONAL_REPRESENTATION('',(#1085),#1089);
#1085 = LINE('',#1086,#1087);
#1086 = CARTESIAN_POINT('',(-5.341775176648,-6.165829011172));
#1087 = VECTOR('',#1088,1.);
#1088 = DIRECTION('',(0.95694234276,0.290278060887));
#1089 = ( GEOMETRIC_REPRESENTATION_CONTEXT(2) 
PARAMETRIC_REPRESENTATION_CONTEXT() REPRESENTATION_CONTEXT('2D SPACE',''
  ) );
#1090 = PCURVE('',#1091,#1096);
#1091 = PLANE('',#1092);
#1092 = AXIS2_PLACEMENT_3D('',#1093,#1094,#1095);
#1093 = CARTESIAN_POINT('',(19.009646996333,-7.128756385197E-02,
    9.593605511932));
#1094 = DIRECTION('',(0.95694234276,0.,0.290278060887));
#1095 = DIRECTION('',(-0.290278060887,0.,0.95694234276));
#1096 = DEFINITIONAL_REPRESENTATION('',(#1097),#1101);
#1097 = LINE('',#1098,#1099);
#1098 = CARTESIAN_POINT('',(-6.901575741164,-4.033192089609));
#1099 = VECTOR('',#1100,1.);
#1100 = DIRECTION('',(-1.,0.));
#1101 = ( GEOMETRIC_REPRESENTATION_CONTEXT(2) 
PARAMETRIC_REPRESENTATION_CONTEXT() REPRESENTATION_CONTEXT('2D SPACE',''
  ) );
#1102 = ORIENTED_EDGE('',*,*,#1103,.T.);
#1103 = EDGE_CURVE('',#1076,#1104,#1106,.T.);
#1104 = VERTEX_POINT('',#1105);
#1105 = CARTESIAN_POINT('',(19.072236755371,3.961904525757,9.38727118455
    ));
#1106 = SURFACE_CURVE('',#1107,(#1111,#1118),.PCURVE_S1.);
#1107 = LINE('',#1108,#1109);
#1108 = CARTESIAN_POINT('',(21.03372994785,3.961904525757,2.920978400541
    ));
#1109 = VECTOR('',#1110,1.);
#1110 = DIRECTION('',(0.290279896309,0.,-0.956941786003));
#1111 = PCURVE('',#679,#1112);
#1112 = DEFINITIONAL_REPRESENTATION('',(#1113),#1117);
#1113 = LINE('',#1114,#1115);
#1114 = CARTESIAN_POINT('',(-5.273558123744,-6.145122082865));
#1115 = VECTOR('',#1116,1.);
#1116 = DIRECTION('',(0.956941786003,0.290279896309));
#1117 = ( GEOMETRIC_REPRESENTATION_CONTEXT(2) 
PARAMETRIC_REPRESENTATION_CONTEXT() REPRESENTATION_CONTEXT('2D SPACE',''
  ) );
#1118 = PCURVE('',#1119,#1124);
#1119 = PLANE('',#1120);
#1120 = AXIS2_PLACEMENT_3D('',#1121,#1122,#1123);
#1121 = CARTESIAN_POINT('',(19.051032875849,7.12852111932E-02,
    9.457171637746));
#1122 = DIRECTION('',(0.956941786003,-4.678810328217E-08,0.290279896309)
  );
#1123 = DIRECTION('',(-0.290279896309,1.654361225106E-24,0.956941786003)
  );
#1124 = DEFINITIONAL_REPRESENTATION('',(#1125),#1129);
#1125 = LINE('',#1126,#1127);
#1126 = CARTESIAN_POINT('',(-6.830293530545,-3.890619314564));
#1127 = VECTOR('',#1128,1.);
#1128 = DIRECTION('',(-1.,-3.308722450212E-24));
#1129 = ( GEOMETRIC_REPRESENTATION_CONTEXT(2) 
PARAMETRIC_REPRESENTATION_CONTEXT() REPRESENTATION_CONTEXT('2D SPACE',''
  ) );
#1130 = ORIENTED_EDGE('',*,*,#1131,.T.);
#1131 = EDGE_CURVE('',#1104,#1132,#1134,.T.);
#1132 = VERTEX_POINT('',#1133);
#1133 = CARTESIAN_POINT('',(19.07691007554,3.961904525757,9.339814865969
    ));
#1134 = SURFACE_CURVE('',#1135,(#1139,#1146),.PCURVE_S1.);
#1135 = LINE('',#1136,#1137);
#1136 = CARTESIAN_POINT('',(19.687242258821,3.961904525757,
    3.142054497512));
#1137 = VECTOR('',#1138,1.);
#1138 = DIRECTION('',(9.800220221286E-02,0.,-0.995186197835));
#1139 = PCURVE('',#679,#1140);
#1140 = DEFINITIONAL_REPRESENTATION('',(#1141),#1145);
#1141 = LINE('',#1142,#1143);
#1142 = CARTESIAN_POINT('',(-5.494634220715,-7.491609771894));
#1143 = VECTOR('',#1144,1.);
#1144 = DIRECTION('',(0.995186197835,9.800220221286E-02));
#1145 = ( GEOMETRIC_REPRESENTATION_CONTEXT(2) 
PARAMETRIC_REPRESENTATION_CONTEXT() REPRESENTATION_CONTEXT('2D SPACE',''
  ) );
#1146 = PCURVE('',#1147,#1152);
#1147 = PLANE('',#1148);
#1148 = AXIS2_PLACEMENT_3D('',#1149,#1150,#1151);
#1149 = CARTESIAN_POINT('',(19.079395453813,-7.128709685969E-02,
    9.314575863099));
#1150 = DIRECTION('',(0.995186197835,-1.579626153052E-08,
    9.800220221286E-02));
#1151 = DIRECTION('',(-9.800220221286E-02,0.,0.995186197835));
#1152 = DEFINITIONAL_REPRESENTATION('',(#1153),#1157);
#1153 = LINE('',#1154,#1155);
#1154 = CARTESIAN_POINT('',(-6.202378394373,-4.033191622617));
#1155 = VECTOR('',#1156,1.);
#1156 = DIRECTION('',(-1.,-2.067951531383E-25));
#1157 = ( GEOMETRIC_REPRESENTATION_CONTEXT(2) 
PARAMETRIC_REPRESENTATION_CONTEXT() REPRESENTATION_CONTEXT('2D SPACE',''
  ) );
#1158 = ORIENTED_EDGE('',*,*,#1159,.T.);
#1159 = EDGE_CURVE('',#1132,#1160,#1162,.T.);
#1160 = VERTEX_POINT('',#1161);
#1161 = CARTESIAN_POINT('',(19.100526550293,3.961904525757,
    9.099994277954));
#1162 = SURFACE_CURVE('',#1163,(#1167,#1174),.PCURVE_S1.);
#1163 = LINE('',#1164,#1165);
#1164 = CARTESIAN_POINT('',(19.694224201234,3.961904525757,
    3.071113115999));
#1165 = VECTOR('',#1166,1.);
#1166 = DIRECTION('',(9.800155778626E-02,0.,-0.995186261296));
#1167 = PCURVE('',#679,#1168);
#1168 = DEFINITIONAL_REPRESENTATION('',(#1169),#1173);
#1169 = LINE('',#1170,#1171);
#1170 = CARTESIAN_POINT('',(-5.423692839202,-7.484627829481));
#1171 = VECTOR('',#1172,1.);
#1172 = DIRECTION('',(0.995186261296,9.800155778626E-02));
#1173 = ( GEOMETRIC_REPRESENTATION_CONTEXT(2) 
PARAMETRIC_REPRESENTATION_CONTEXT() REPRESENTATION_CONTEXT('2D SPACE',''
  ) );
#1174 = PCURVE('',#1175,#1180);
#1175 = PLANE('',#1176);
#1176 = AXIS2_PLACEMENT_3D('',#1177,#1178,#1179);
#1177 = CARTESIAN_POINT('',(19.093367851298,7.128565261801E-02,
    9.172689437597));
#1178 = DIRECTION('',(0.995186261296,0.,9.800155778626E-02));
#1179 = DIRECTION('',(-9.800155778626E-02,0.,0.995186261296));
#1180 = DEFINITIONAL_REPRESENTATION('',(#1181),#1185);
#1181 = LINE('',#1182,#1183);
#1182 = CARTESIAN_POINT('',(-6.131089785801,-3.890618873139));
#1183 = VECTOR('',#1184,1.);
#1184 = DIRECTION('',(-1.,0.));
#1185 = ( GEOMETRIC_REPRESENTATION_CONTEXT(2) 
PARAMETRIC_REPRESENTATION_CONTEXT() REPRESENTATION_CONTEXT('2D SPACE',''
  ) );
#1186 = ORIENTED_EDGE('',*,*,#1187,.T.);
#1187 = EDGE_CURVE('',#1160,#1188,#1190,.T.);
#1188 = VERTEX_POINT('',#1189);
#1189 = CARTESIAN_POINT('',(19.095853230124,3.961904525757,
    9.052537644289));
#1190 = SURFACE_CURVE('',#1191,(#1195,#1202),.PCURVE_S1.);
#1191 = LINE('',#1192,#1193);
#1192 = CARTESIAN_POINT('',(18.577256904814,3.961904525757,
    3.786295456257));
#1193 = VECTOR('',#1194,1.);
#1194 = DIRECTION('',(-9.800155778626E-02,0.,-0.995186261296));
#1195 = PCURVE('',#679,#1196);
#1196 = DEFINITIONAL_REPRESENTATION('',(#1197),#1201);
#1197 = LINE('',#1198,#1199);
#1198 = CARTESIAN_POINT('',(-6.13887517946,-8.601595125901));
#1199 = VECTOR('',#1200,1.);
#1200 = DIRECTION('',(0.995186261296,-9.800155778626E-02));
#1201 = ( GEOMETRIC_REPRESENTATION_CONTEXT(2) 
PARAMETRIC_REPRESENTATION_CONTEXT() REPRESENTATION_CONTEXT('2D SPACE',''
  ) );
#1202 = PCURVE('',#1203,#1208);
#1203 = PLANE('',#1204);
#1204 = AXIS2_PLACEMENT_3D('',#1205,#1206,#1207);
#1205 = CARTESIAN_POINT('',(19.093367851298,-7.128755996664E-02,
    9.027299118311));
#1206 = DIRECTION('',(0.995186261296,0.,-9.800155778626E-02));
#1207 = DIRECTION('',(9.800155778626E-02,0.,0.995186261296));
#1208 = DEFINITIONAL_REPRESENTATION('',(#1209),#1213);
#1209 = LINE('',#1210,#1211);
#1210 = CARTESIAN_POINT('',(-5.266354516622,-4.033192085723));
#1211 = VECTOR('',#1212,1.);
#1212 = DIRECTION('',(-1.,-0.));
#1213 = ( GEOMETRIC_REPRESENTATION_CONTEXT(2) 
PARAMETRIC_REPRESENTATION_CONTEXT() REPRESENTATION_CONTEXT('2D SPACE',''
  ) );
#1214 = ORIENTED_EDGE('',*,*,#1215,.T.);
#1215 = EDGE_CURVE('',#1188,#1216,#1218,.T.);
#1216 = VERTEX_POINT('',#1217);
#1217 = CARTESIAN_POINT('',(19.072236755371,3.961904525757,
    8.812718648539));
#1218 = SURFACE_CURVE('',#1219,(#1223,#1230),.PCURVE_S1.);
#1219 = LINE('',#1220,#1221);
#1220 = CARTESIAN_POINT('',(18.570267564248,3.961904525757,
    3.715355533585));
#1221 = VECTOR('',#1222,1.);
#1222 = DIRECTION('',(-9.800220221286E-02,0.,-0.995186197835));
#1223 = PCURVE('',#679,#1224);
#1224 = DEFINITIONAL_REPRESENTATION('',(#1225),#1229);
#1225 = LINE('',#1226,#1227);
#1226 = CARTESIAN_POINT('',(-6.067935256788,-8.608584466467));
#1227 = VECTOR('',#1228,1.);
#1228 = DIRECTION('',(0.995186197835,-9.800220221286E-02));
#1229 = ( GEOMETRIC_REPRESENTATION_CONTEXT(2) 
PARAMETRIC_REPRESENTATION_CONTEXT() REPRESENTATION_CONTEXT('2D SPACE',''
  ) );
#1230 = PCURVE('',#1231,#1236);
#1231 = PLANE('',#1232);
#1232 = AXIS2_PLACEMENT_3D('',#1233,#1234,#1235);
#1233 = CARTESIAN_POINT('',(19.079395453813,7.128518951106E-02,
    8.885412692809));
#1234 = DIRECTION('',(0.995186197835,1.579626152987E-08,
    -9.800220221286E-02));
#1235 = DIRECTION('',(9.800220221286E-02,-2.067951531383E-25,
    0.995186197835));
#1236 = DEFINITIONAL_REPRESENTATION('',(#1237),#1241);
#1237 = LINE('',#1238,#1239);
#1238 = CARTESIAN_POINT('',(-5.195065181264,-3.890619336246));
#1239 = VECTOR('',#1240,1.);
#1240 = DIRECTION('',(-1.,2.067951531383E-25));
#1241 = ( GEOMETRIC_REPRESENTATION_CONTEXT(2) 
PARAMETRIC_REPRESENTATION_CONTEXT() REPRESENTATION_CONTEXT('2D SPACE',''
  ) );
#1242 = ORIENTED_EDGE('',*,*,#1243,.T.);
#1243 = EDGE_CURVE('',#1216,#1244,#1246,.T.);
#1244 = VERTEX_POINT('',#1245);
#1245 = CARTESIAN_POINT('',(19.058394502024,3.961904525757,
    8.767086033919));
#1246 = SURFACE_CURVE('',#1247,(#1251,#1258),.PCURVE_S1.);
#1247 = LINE('',#1248,#1249);
#1248 = CARTESIAN_POINT('',(17.852422564909,3.961904525757,
    4.791457841792));
#1249 = VECTOR('',#1250,1.);
#1250 = DIRECTION('',(-0.290279896309,0.,-0.956941786003));
#1251 = PCURVE('',#679,#1252);
#1252 = DEFINITIONAL_REPRESENTATION('',(#1253),#1257);
#1253 = LINE('',#1254,#1255);
#1254 = CARTESIAN_POINT('',(-7.144037564995,-9.326429465806));
#1255 = VECTOR('',#1256,1.);
#1256 = DIRECTION('',(0.956941786003,-0.290279896309));
#1257 = ( GEOMETRIC_REPRESENTATION_CONTEXT(2) 
PARAMETRIC_REPRESENTATION_CONTEXT() REPRESENTATION_CONTEXT('2D SPACE',''
  ) );
#1258 = PCURVE('',#1259,#1264);
#1259 = PLANE('',#1260);
#1260 = AXIS2_PLACEMENT_3D('',#1261,#1262,#1263);
#1261 = CARTESIAN_POINT('',(19.051032875849,-7.128711854183E-02,
    8.742816918162));
#1262 = DIRECTION('',(0.956941786003,4.678810328174E-08,-0.290279896309)
  );
#1263 = DIRECTION('',(0.290279896309,0.,0.956941786003));
#1264 = DEFINITIONAL_REPRESENTATION('',(#1265),#1269);
#1265 = LINE('',#1266,#1267);
#1266 = CARTESIAN_POINT('',(-4.129153088456,-4.033191644299));
#1267 = VECTOR('',#1268,1.);
#1268 = DIRECTION('',(-1.,0.));
#1269 = ( GEOMETRIC_REPRESENTATION_CONTEXT(2) 
PARAMETRIC_REPRESENTATION_CONTEXT() REPRESENTATION_CONTEXT('2D SPACE',''
  ) );
#1270 = ORIENTED_EDGE('',*,*,#1271,.T.);
#1271 = EDGE_CURVE('',#1244,#1272,#1274,.T.);
#1272 = VERTEX_POINT('',#1273);
#1273 = CARTESIAN_POINT('',(18.988443115234,3.961904525757,8.53648147583
    ));
#1274 = SURFACE_CURVE('',#1275,(#1279,#1286),.PCURVE_S1.);
#1275 = LINE('',#1276,#1277);
#1276 = CARTESIAN_POINT('',(17.831734255684,3.961904525757,
    4.723228477766));
#1277 = VECTOR('',#1278,1.);
#1278 = DIRECTION('',(-0.290278060887,0.,-0.95694234276));
#1279 = PCURVE('',#679,#1280);
#1280 = DEFINITIONAL_REPRESENTATION('',(#1281),#1285);
#1281 = LINE('',#1282,#1283);
#1282 = CARTESIAN_POINT('',(-7.075808200969,-9.347117775031));
#1283 = VECTOR('',#1284,1.);
#1284 = DIRECTION('',(0.95694234276,-0.290278060887));
#1285 = ( GEOMETRIC_REPRESENTATION_CONTEXT(2) 
PARAMETRIC_REPRESENTATION_CONTEXT() REPRESENTATION_CONTEXT('2D SPACE',''
  ) );
#1286 = PCURVE('',#1287,#1292);
#1287 = PLANE('',#1288);
#1288 = AXIS2_PLACEMENT_3D('',#1289,#1290,#1291);
#1289 = CARTESIAN_POINT('',(19.009646996333,7.128565650334E-02,
    8.606383043976));
#1290 = DIRECTION('',(0.95694234276,0.,-0.290278060887));
#1291 = DIRECTION('',(0.290278060887,0.,0.95694234276));
#1292 = DEFINITIONAL_REPRESENTATION('',(#1293),#1297);
#1293 = LINE('',#1294,#1295);
#1294 = CARTESIAN_POINT('',(-4.057877254139,-3.890618869253));
#1295 = VECTOR('',#1296,1.);
#1296 = DIRECTION('',(-1.,-0.));
#1297 = ( GEOMETRIC_REPRESENTATION_CONTEXT(2) 
PARAMETRIC_REPRESENTATION_CONTEXT() REPRESENTATION_CONTEXT('2D SPACE',''
  ) );
#1298 = ORIENTED_EDGE('',*,*,#1299,.T.);
#1299 = EDGE_CURVE('',#1272,#1300,#1302,.T.);
#1300 = VERTEX_POINT('',#1301);
#1301 = CARTESIAN_POINT('',(18.96596378985,3.961904525757,8.494426005483
    ));
#1302 = SURFACE_CURVE('',#1303,(#1307,#1314),.PCURVE_S1.);
#1303 = LINE('',#1304,#1305);
#1304 = CARTESIAN_POINT('',(17.617761913608,3.961904525757,
    5.972141058894));
#1305 = VECTOR('',#1306,1.);
#1306 = DIRECTION('',(-0.471400131956,0.,-0.881919449605));
#1307 = PCURVE('',#679,#1308);
#1308 = DEFINITIONAL_REPRESENTATION('',(#1309),#1313);
#1309 = LINE('',#1310,#1311);
#1310 = CARTESIAN_POINT('',(-8.324720782097,-9.561090117107));
#1311 = VECTOR('',#1312,1.);
#1312 = DIRECTION('',(0.881919449605,-0.471400131956));
#1313 = ( GEOMETRIC_REPRESENTATION_CONTEXT(2) 
PARAMETRIC_REPRESENTATION_CONTEXT() REPRESENTATION_CONTEXT('2D SPACE',''
  ) );
#1314 = PCURVE('',#1315,#1320);
#1315 = PLANE('',#1316);
#1316 = AXIS2_PLACEMENT_3D('',#1317,#1318,#1319);
#1317 = CARTESIAN_POINT('',(18.95400876818,-7.128772492704E-02,
    8.472059940189));
#1318 = DIRECTION('',(0.881919449605,0.,-0.471400131956));
#1319 = DIRECTION('',(0.471400131956,0.,0.881919449605));
#1320 = DEFINITIONAL_REPRESENTATION('',(#1321),#1325);
#1321 = LINE('',#1322,#1323);
#1322 = CARTESIAN_POINT('',(-2.834634027421,-4.033192250684));
#1323 = VECTOR('',#1324,1.);
#1324 = DIRECTION('',(-1.,-0.));
#1325 = ( GEOMETRIC_REPRESENTATION_CONTEXT(2) 
PARAMETRIC_REPRESENTATION_CONTEXT() REPRESENTATION_CONTEXT('2D SPACE',''
  ) );
#1326 = ORIENTED_EDGE('',*,*,#1327,.T.);
#1327 = EDGE_CURVE('',#1300,#1328,#1330,.T.);
#1328 = VERTEX_POINT('',#1329);
#1329 = CARTESIAN_POINT('',(18.852365234375,3.961904525757,
    8.281901616679));
#1330 = SURFACE_CURVE('',#1331,(#1335,#1342),.PCURVE_S1.);
#1331 = LINE('',#1332,#1333);
#1332 = CARTESIAN_POINT('',(17.584158438714,3.961904525757,
    5.909293329545));
#1333 = VECTOR('',#1334,1.);
#1334 = DIRECTION('',(-0.47140287892,0.,-0.881917981303));
#1335 = PCURVE('',#679,#1336);
#1336 = DEFINITIONAL_REPRESENTATION('',(#1337),#1341);
#1337 = LINE('',#1338,#1339);
#1338 = CARTESIAN_POINT('',(-8.261873052748,-9.594693592001));
#1339 = VECTOR('',#1340,1.);
#1340 = DIRECTION('',(0.881917981303,-0.47140287892));
#1341 = ( GEOMETRIC_REPRESENTATION_CONTEXT(2) 
PARAMETRIC_REPRESENTATION_CONTEXT() REPRESENTATION_CONTEXT('2D SPACE',''
  ) );
#1342 = PCURVE('',#1343,#1348);
#1343 = PLANE('',#1344);
#1344 = AXIS2_PLACEMENT_3D('',#1345,#1346,#1347);
#1345 = CARTESIAN_POINT('',(18.88679957907,7.128540718018E-02,
    8.346322038153));
#1346 = DIRECTION('',(0.881917981303,7.598199829664E-08,-0.47140287892)
  );
#1347 = DIRECTION('',(0.47140287892,-6.617444900424E-24,0.881917981303)
  );
#1348 = DEFINITIONAL_REPRESENTATION('',(#1349),#1353);
#1349 = LINE('',#1350,#1351);
#1350 = CARTESIAN_POINT('',(-2.763328222837,-3.890619118577));
#1351 = VECTOR('',#1352,1.);
#1352 = DIRECTION('',(-1.,6.617444900424E-24));
#1353 = ( GEOMETRIC_REPRESENTATION_CONTEXT(2) 
PARAMETRIC_REPRESENTATION_CONTEXT() REPRESENTATION_CONTEXT('2D SPACE',''
  ) );
#1354 = ORIENTED_EDGE('',*,*,#1355,.T.);
#1355 = EDGE_CURVE('',#1328,#1356,#1358,.T.);
#1356 = VERTEX_POINT('',#1357);
#1357 = CARTESIAN_POINT('',(18.82211342639,3.961904525757,8.245039984632
    ));
#1358 = SURFACE_CURVE('',#1359,(#1363,#1370),.PCURVE_S1.);
#1359 = LINE('',#1360,#1361);
#1360 = CARTESIAN_POINT('',(17.897188893769,3.961904525757,
    7.118025433624));
#1361 = VECTOR('',#1362,1.);
#1362 = DIRECTION('',(-0.634396396419,0.,-0.77300789919));
#1363 = PCURVE('',#679,#1364);
#1364 = DEFINITIONAL_REPRESENTATION('',(#1365),#1369);
#1365 = LINE('',#1366,#1367);
#1366 = CARTESIAN_POINT('',(-9.470605156827,-9.281663136946));
#1367 = VECTOR('',#1368,1.);
#1368 = DIRECTION('',(0.77300789919,-0.634396396419));
#1369 = ( GEOMETRIC_REPRESENTATION_CONTEXT(2) 
PARAMETRIC_REPRESENTATION_CONTEXT() REPRESENTATION_CONTEXT('2D SPACE',''
  ) );
#1370 = PCURVE('',#1371,#1376);
#1371 = PLANE('',#1372);
#1372 = AXIS2_PLACEMENT_3D('',#1373,#1374,#1375);
#1373 = CARTESIAN_POINT('',(18.806024823631,-7.128724719428E-02,
    8.225435476317));
#1374 = DIRECTION('',(0.77300789919,1.022537368075E-07,-0.634396396419)
  );
#1375 = DIRECTION('',(0.634396396419,0.,0.77300789919));
#1376 = DEFINITIONAL_REPRESENTATION('',(#1377),#1381);
#1377 = LINE('',#1378,#1379);
#1378 = CARTESIAN_POINT('',(-1.432598949486,-4.033191772951));
#1379 = VECTOR('',#1380,1.);
#1380 = DIRECTION('',(-1.,-6.617444900424E-24));
#1381 = ( GEOMETRIC_REPRESENTATION_CONTEXT(2) 
PARAMETRIC_REPRESENTATION_CONTEXT() REPRESENTATION_CONTEXT('2D SPACE',''
  ) );
#1382 = ORIENTED_EDGE('',*,*,#1383,.T.);
#1383 = EDGE_CURVE('',#1356,#1384,#1386,.T.);
#1384 = VERTEX_POINT('',#1385);
#1385 = CARTESIAN_POINT('',(18.669236877441,3.961904525757,
    8.058759307861));
#1386 = SURFACE_CURVE('',#1387,(#1391,#1398),.PCURVE_S1.);
#1387 = LINE('',#1388,#1389);
#1388 = CARTESIAN_POINT('',(17.851952441855,3.961904525757,
    7.062895005444));
#1389 = VECTOR('',#1390,1.);
#1390 = DIRECTION('',(-0.63439315617,0.,-0.773010558404));
#1391 = PCURVE('',#679,#1392);
#1392 = DEFINITIONAL_REPRESENTATION('',(#1393),#1397);
#1393 = LINE('',#1394,#1395);
#1394 = CARTESIAN_POINT('',(-9.415474728647,-9.32689958886));
#1395 = VECTOR('',#1396,1.);
#1396 = DIRECTION('',(0.773010558404,-0.63439315617));
#1397 = ( GEOMETRIC_REPRESENTATION_CONTEXT(2) 
PARAMETRIC_REPRESENTATION_CONTEXT() REPRESENTATION_CONTEXT('2D SPACE',''
  ) );
#1398 = PCURVE('',#1399,#1404);
#1399 = PLANE('',#1400);
#1400 = AXIS2_PLACEMENT_3D('',#1401,#1402,#1403);
#1401 = CARTESIAN_POINT('',(18.715577290968,7.128569956319E-02,
    8.115225284186));
#1402 = DIRECTION('',(0.773010558404,0.,-0.63439315617));
#1403 = DIRECTION('',(0.63439315617,0.,0.773010558404));
#1404 = DEFINITIONAL_REPRESENTATION('',(#1405),#1409);
#1405 = LINE('',#1406,#1407);
#1406 = CARTESIAN_POINT('',(-1.361340110173,-3.890618826194));
#1407 = VECTOR('',#1408,1.);
#1408 = DIRECTION('',(-1.,-0.));
#1409 = ( GEOMETRIC_REPRESENTATION_CONTEXT(2) 
PARAMETRIC_REPRESENTATION_CONTEXT() REPRESENTATION_CONTEXT('2D SPACE',''
  ) );
#1410 = ORIENTED_EDGE('',*,*,#1411,.T.);
#1411 = EDGE_CURVE('',#1384,#1412,#1414,.T.);
#1412 = VERTEX_POINT('',#1413);
#1413 = CARTESIAN_POINT('',(18.446092346191,3.961904525757,
    7.875630950928));
#1414 = SURFACE_CURVE('',#1415,(#1419,#1426),.PCURVE_S1.);
#1415 = LINE('',#1416,#1417);
#1416 = CARTESIAN_POINT('',(18.630643915246,3.961904525757,
    8.027087163729));
#1417 = VECTOR('',#1418,1.);
#1418 = DIRECTION('',(-0.773013217577,0.,-0.634389915943));
#1419 = PCURVE('',#679,#1420);
#1420 = DEFINITIONAL_REPRESENTATION('',(#1421),#1425);
#1421 = LINE('',#1422,#1423);
#1422 = CARTESIAN_POINT('',(-10.37966688693,-8.548208115469));
#1423 = VECTOR('',#1424,1.);
#1424 = DIRECTION('',(0.634389915943,-0.773013217577));
#1425 = ( GEOMETRIC_REPRESENTATION_CONTEXT(2) 
PARAMETRIC_REPRESENTATION_CONTEXT() REPRESENTATION_CONTEXT('2D SPACE',''
  ) );
#1426 = PCURVE('',#1427,#1432);
#1427 = PLANE('',#1428);
#1428 = AXIS2_PLACEMENT_3D('',#1429,#1430,#1431);
#1429 = CARTESIAN_POINT('',(18.61277041499,-7.128796652356E-02,
    8.012418891484));
#1430 = DIRECTION('',(0.634389915943,-0.,-0.773013217577));
#1431 = DIRECTION('',(-0.773013217577,0.,-0.634389915943));
#1432 = DEFINITIONAL_REPRESENTATION('',(#1433),#1437);
#1433 = LINE('',#1434,#1435);
#1434 = CARTESIAN_POINT('',(-2.312185593895E-02,4.03319249228));
#1435 = VECTOR('',#1436,1.);
#1436 = DIRECTION('',(1.,0.));
#1437 = ( GEOMETRIC_REPRESENTATION_CONTEXT(2) 
PARAMETRIC_REPRESENTATION_CONTEXT() REPRESENTATION_CONTEXT('2D SPACE',''
  ) );
#1438 = ORIENTED_EDGE('',*,*,#1439,.T.);
#1439 = EDGE_CURVE('',#1412,#1440,#1442,.T.);
#1440 = VERTEX_POINT('',#1441);
#1441 = CARTESIAN_POINT('',(18.191514709473,3.961904525757,
    7.739554977417));
#1442 = SURFACE_CURVE('',#1443,(#1447,#1454),.PCURVE_S1.);
#1443 = LINE('',#1444,#1445);
#1444 = CARTESIAN_POINT('',(19.683848212453,3.961904525757,
    8.537232011575));
#1445 = VECTOR('',#1446,1.);
#1446 = DIRECTION('',(-0.881919259975,0.,-0.471400486727));
#1447 = PCURVE('',#679,#1448);
#1448 = DEFINITIONAL_REPRESENTATION('',(#1449),#1453);
#1449 = LINE('',#1450,#1451);
#1450 = CARTESIAN_POINT('',(-10.88981173477,-7.495003818262));
#1451 = VECTOR('',#1452,1.);
#1452 = DIRECTION('',(0.471400486727,-0.881919259975));
#1453 = ( GEOMETRIC_REPRESENTATION_CONTEXT(2) 
PARAMETRIC_REPRESENTATION_CONTEXT() REPRESENTATION_CONTEXT('2D SPACE',''
  ) );
#1454 = PCURVE('',#1455,#1460);
#1455 = PLANE('',#1456);
#1456 = AXIS2_PLACEMENT_3D('',#1457,#1458,#1459);
#1457 = CARTESIAN_POINT('',(18.381671787315,-7.128668507451E-02,
    7.841197092651));
#1458 = DIRECTION('',(0.471400486727,-0.,-0.881919259975));
#1459 = DIRECTION('',(-0.881919259975,0.,-0.471400486727));
#1460 = DEFINITIONAL_REPRESENTATION('',(#1461),#1465);
#1461 = LINE('',#1462,#1463);
#1462 = CARTESIAN_POINT('',(-1.476525668773,4.033191210831));
#1463 = VECTOR('',#1464,1.);
#1464 = DIRECTION('',(1.,0.));
#1465 = ( GEOMETRIC_REPRESENTATION_CONTEXT(2) 
PARAMETRIC_REPRESENTATION_CONTEXT() REPRESENTATION_CONTEXT('2D SPACE',''
  ) );
#1466 = ORIENTED_EDGE('',*,*,#1467,.T.);
#1467 = EDGE_CURVE('',#1440,#1468,#1470,.T.);
#1468 = VERTEX_POINT('',#1469);
#1469 = CARTESIAN_POINT('',(17.91527722168,3.961904525757,7.655759429932
    ));
#1470 = SURFACE_CURVE('',#1471,(#1475,#1482),.PCURVE_S1.);
#1471 = LINE('',#1472,#1473);
#1472 = CARTESIAN_POINT('',(20.869854273714,3.961904525757,
    8.552018672806));
#1473 = VECTOR('',#1474,1.);
#1474 = DIRECTION('',(-0.956940507334,0.,-0.290284111558));
#1475 = PCURVE('',#679,#1476);
#1476 = DEFINITIONAL_REPRESENTATION('',(#1477),#1481);
#1477 = LINE('',#1478,#1479);
#1478 = CARTESIAN_POINT('',(-10.904598396,-6.308997757001));
#1479 = VECTOR('',#1480,1.);
#1480 = DIRECTION('',(0.290284111558,-0.956940507334));
#1481 = ( GEOMETRIC_REPRESENTATION_CONTEXT(2) 
PARAMETRIC_REPRESENTATION_CONTEXT() REPRESENTATION_CONTEXT('2D SPACE',''
  ) );
#1482 = PCURVE('',#1483,#1488);
#1483 = PLANE('',#1484);
#1484 = AXIS2_PLACEMENT_3D('',#1485,#1486,#1487);
#1485 = CARTESIAN_POINT('',(18.121613139712,-7.128769889323E-02,
    7.718350613176));
#1486 = DIRECTION('',(0.290284111558,-0.,-0.956940507334));
#1487 = DIRECTION('',(-0.956940507334,0.,-0.290284111558));
#1488 = DEFINITIONAL_REPRESENTATION('',(#1489),#1493);
#1489 = LINE('',#1490,#1491);
#1490 = CARTESIAN_POINT('',(-2.871903857073,4.03319222465));
#1491 = VECTOR('',#1492,1.);
#1492 = DIRECTION('',(1.,0.));
#1493 = ( GEOMETRIC_REPRESENTATION_CONTEXT(2) 
PARAMETRIC_REPRESENTATION_CONTEXT() REPRESENTATION_CONTEXT('2D SPACE',''
  ) );
#1494 = ORIENTED_EDGE('',*,*,#1495,.T.);
#1495 = EDGE_CURVE('',#1468,#1496,#1498,.T.);
#1496 = VERTEX_POINT('',#1497);
#1497 = CARTESIAN_POINT('',(17.867820588015,3.961904525757,
    7.651085164512));
#1498 = SURFACE_CURVE('',#1499,(#1503,#1510),.PCURVE_S1.);
#1499 = LINE('',#1500,#1501);
#1500 = CARTESIAN_POINT('',(21.978061623146,3.961904525757,
    8.055925458745));
#1501 = VECTOR('',#1502,1.);
#1502 = DIRECTION('',(-0.995184327839,0.,-9.802118967098E-02));
#1503 = PCURVE('',#679,#1504);
#1504 = DEFINITIONAL_REPRESENTATION('',(#1505),#1509);
#1505 = LINE('',#1506,#1507);
#1506 = CARTESIAN_POINT('',(-10.40850518194,-5.200790407569));
#1507 = VECTOR('',#1508,1.);
#1508 = DIRECTION('',(9.802118967098E-02,-0.995184327839));
#1509 = ( GEOMETRIC_REPRESENTATION_CONTEXT(2) 
PARAMETRIC_REPRESENTATION_CONTEXT() REPRESENTATION_CONTEXT('2D SPACE',''
  ) );
#1510 = PCURVE('',#1511,#1516);
#1511 = PLANE('',#1512);
#1512 = AXIS2_PLACEMENT_3D('',#1513,#1514,#1515);
#1513 = CARTESIAN_POINT('',(17.842582060335,-7.128769675384E-02,
    7.648599282812));
#1514 = DIRECTION('',(9.802118967098E-02,-0.,-0.995184327839));
#1515 = DIRECTION('',(-0.995184327839,0.,-9.802118967098E-02));
#1516 = DEFINITIONAL_REPRESENTATION('',(#1517),#1521);
#1517 = LINE('',#1518,#1519);
#1518 = CARTESIAN_POINT('',(-4.155491045355,4.033192222511));
#1519 = VECTOR('',#1520,1.);
#1520 = DIRECTION('',(1.,0.));
#1521 = ( GEOMETRIC_REPRESENTATION_CONTEXT(2) 
PARAMETRIC_REPRESENTATION_CONTEXT() REPRESENTATION_CONTEXT('2D SPACE',''
  ) );
#1522 = ORIENTED_EDGE('',*,*,#1523,.T.);
#1523 = EDGE_CURVE('',#1496,#1524,#1526,.T.);
#1524 = VERTEX_POINT('',#1525);
#1525 = CARTESIAN_POINT('',(17.628,3.961904525757,7.627465505229));
#1526 = SURFACE_CURVE('',#1527,(#1531,#1538),.PCURVE_S1.);
#1527 = LINE('',#1528,#1529);
#1528 = CARTESIAN_POINT('',(21.907156373239,3.961904525757,
    8.048914791099));
#1529 = VECTOR('',#1530,1.);
#1530 = DIRECTION('',(-0.995184972366,0.,-9.801464572212E-02));
#1531 = PCURVE('',#679,#1532);
#1532 = DEFINITIONAL_REPRESENTATION('',(#1533),#1537);
#1533 = LINE('',#1534,#1535);
#1534 = CARTESIAN_POINT('',(-10.4014945143,-5.271695657476));
#1535 = VECTOR('',#1536,1.);
#1536 = DIRECTION('',(9.801464572212E-02,-0.995184972366));
#1537 = ( GEOMETRIC_REPRESENTATION_CONTEXT(2) 
PARAMETRIC_REPRESENTATION_CONTEXT() REPRESENTATION_CONTEXT('2D SPACE',''
  ) );
#1538 = PCURVE('',#1539,#1544);
#1539 = PLANE('',#1540);
#1540 = AXIS2_PLACEMENT_3D('',#1541,#1542,#1543);
#1541 = CARTESIAN_POINT('',(17.700695160791,7.128574379286E-02,
    7.634624542541));
#1542 = DIRECTION('',(9.801464572212E-02,1.604066208649E-07,
    -0.995184972366));
#1543 = DIRECTION('',(-0.995184972366,0.,-9.801464572212E-02));
#1544 = DEFINITIONAL_REPRESENTATION('',(#1545),#1549);
#1545 = LINE('',#1546,#1547);
#1546 = CARTESIAN_POINT('',(-4.226813497409,3.890618781964));
#1547 = VECTOR('',#1548,1.);
#1548 = DIRECTION('',(1.,0.));
#1549 = ( GEOMETRIC_REPRESENTATION_CONTEXT(2) 
PARAMETRIC_REPRESENTATION_CONTEXT() REPRESENTATION_CONTEXT('2D SPACE',''
  ) );
#1550 = ORIENTED_EDGE('',*,*,#1551,.T.);
#1551 = EDGE_CURVE('',#1524,#1552,#1554,.T.);
#1552 = VERTEX_POINT('',#1553);
#1553 = CARTESIAN_POINT('',(17.580543366335,3.961904525757,
    7.632139770648));
#1554 = SURFACE_CURVE('',#1555,(#1559,#1566),.PCURVE_S1.);
#1555 = LINE('',#1556,#1557);
#1556 = CARTESIAN_POINT('',(22.807967912885,3.961904525757,
    7.117261914723));
#1557 = VECTOR('',#1558,1.);
#1558 = DIRECTION('',(-0.995184327839,0.,9.802118967098E-02));
#1559 = PCURVE('',#679,#1560);
#1560 = DEFINITIONAL_REPRESENTATION('',(#1561),#1565);
#1561 = LINE('',#1562,#1563);
#1562 = CARTESIAN_POINT('',(-9.469841637926,-4.37088411783));
#1563 = VECTOR('',#1564,1.);
#1564 = DIRECTION('',(-9.802118967098E-02,-0.995184327839));
#1565 = ( GEOMETRIC_REPRESENTATION_CONTEXT(2) 
PARAMETRIC_REPRESENTATION_CONTEXT() REPRESENTATION_CONTEXT('2D SPACE',''
  ) );
#1566 = PCURVE('',#1567,#1572);
#1567 = PLANE('',#1568);
#1568 = AXIS2_PLACEMENT_3D('',#1569,#1570,#1571);
#1569 = CARTESIAN_POINT('',(17.555304838669,-7.12876967674E-02,
    7.634625002266));
#1570 = DIRECTION('',(-9.802118967098E-02,1.604065169779E-07,
    -0.995184327839));
#1571 = DIRECTION('',(-0.995184327839,0.,9.802118967098E-02));
#1572 = DEFINITIONAL_REPRESENTATION('',(#1573),#1577);
#1573 = LINE('',#1574,#1575);
#1574 = CARTESIAN_POINT('',(-5.278080516209,4.033192222524));
#1575 = VECTOR('',#1576,1.);
#1576 = DIRECTION('',(1.,3.308722450212E-24));
#1577 = ( GEOMETRIC_REPRESENTATION_CONTEXT(2) 
PARAMETRIC_REPRESENTATION_CONTEXT() REPRESENTATION_CONTEXT('2D SPACE',''
  ) );
#1578 = ORIENTED_EDGE('',*,*,#1579,.T.);
#1579 = EDGE_CURVE('',#1552,#1580,#1582,.T.);
#1580 = VERTEX_POINT('',#1581);
#1581 = CARTESIAN_POINT('',(17.34072277832,3.961904525757,7.655759429932
    ));
#1582 = SURFACE_CURVE('',#1583,(#1587,#1594),.PCURVE_S1.);
#1583 = LINE('',#1584,#1585);
#1584 = CARTESIAN_POINT('',(22.736998390943,3.961904525757,
    7.124286329878));
#1585 = VECTOR('',#1586,1.);
#1586 = DIRECTION('',(-0.995184972366,0.,9.801464572212E-02));
#1587 = PCURVE('',#679,#1588);
#1588 = DEFINITIONAL_REPRESENTATION('',(#1589),#1593);
#1589 = LINE('',#1590,#1591);
#1590 = CARTESIAN_POINT('',(-9.476866053081,-4.441853639772));
#1591 = VECTOR('',#1592,1.);
#1592 = DIRECTION('',(-9.801464572212E-02,-0.995184972366));
#1593 = ( GEOMETRIC_REPRESENTATION_CONTEXT(2) 
PARAMETRIC_REPRESENTATION_CONTEXT() REPRESENTATION_CONTEXT('2D SPACE',''
  ) );
#1594 = PCURVE('',#1595,#1600);
#1595 = PLANE('',#1596);
#1596 = AXIS2_PLACEMENT_3D('',#1597,#1598,#1599);
#1597 = CARTESIAN_POINT('',(17.413417939098,7.128574380643E-02,
    7.64859976552));
#1598 = DIRECTION('',(-9.801464572212E-02,-0.,-0.995184972366));
#1599 = DIRECTION('',(-0.995184972366,0.,9.801464572212E-02));
#1600 = DEFINITIONAL_REPRESENTATION('',(#1601),#1605);
#1601 = LINE('',#1602,#1603);
#1602 = CARTESIAN_POINT('',(-5.349337660502,3.89061878195));
#1603 = VECTOR('',#1604,1.);
#1604 = DIRECTION('',(1.,0.));
#1605 = ( GEOMETRIC_REPRESENTATION_CONTEXT(2) 
PARAMETRIC_REPRESENTATION_CONTEXT() REPRESENTATION_CONTEXT('2D SPACE',''
  ) );
#1606 = ORIENTED_EDGE('',*,*,#1607,.T.);
#1607 = EDGE_CURVE('',#1580,#1608,#1610,.T.);
#1608 = VERTEX_POINT('',#1609);
#1609 = CARTESIAN_POINT('',(17.064485290527,3.961904525757,
    7.739554977417));
#1610 = SURFACE_CURVE('',#1611,(#1615,#1622),.PCURVE_S1.);
#1611 = LINE('',#1612,#1613);
#1612 = CARTESIAN_POINT('',(23.200413670094,3.961904525757,
    5.878245413662));
#1613 = VECTOR('',#1614,1.);
#1614 = DIRECTION('',(-0.956940507334,0.,0.290284111558));
#1615 = PCURVE('',#679,#1616);
#1616 = DEFINITIONAL_REPRESENTATION('',(#1617),#1621);
#1617 = LINE('',#1618,#1619);
#1618 = CARTESIAN_POINT('',(-8.230825136865,-3.978438360621));
#1619 = VECTOR('',#1620,1.);
#1620 = DIRECTION('',(-0.290284111558,-0.956940507334));
#1621 = ( GEOMETRIC_REPRESENTATION_CONTEXT(2) 
PARAMETRIC_REPRESENTATION_CONTEXT() REPRESENTATION_CONTEXT('2D SPACE',''
  ) );
#1622 = PCURVE('',#1623,#1628);
#1623 = PLANE('',#1624);
#1624 = AXIS2_PLACEMENT_3D('',#1625,#1626,#1627);
#1625 = CARTESIAN_POINT('',(17.27082120856,-7.128769889323E-02,
    7.676963794173));
#1626 = DIRECTION('',(-0.290284111558,-0.,-0.956940507334));
#1627 = DIRECTION('',(-0.956940507334,0.,0.290284111558));
#1628 = DEFINITIONAL_REPRESENTATION('',(#1629),#1633);
#1629 = LINE('',#1630,#1631);
#1630 = CARTESIAN_POINT('',(-6.196406585455,4.03319222465));
#1631 = VECTOR('',#1632,1.);
#1632 = DIRECTION('',(1.,0.));
#1633 = ( GEOMETRIC_REPRESENTATION_CONTEXT(2) 
PARAMETRIC_REPRESENTATION_CONTEXT() REPRESENTATION_CONTEXT('2D SPACE',''
  ) );
#1634 = ORIENTED_EDGE('',*,*,#1635,.T.);
#1635 = EDGE_CURVE('',#1608,#1636,#1638,.T.);
#1636 = VERTEX_POINT('',#1637);
#1637 = CARTESIAN_POINT('',(16.809907653809,3.961904525757,
    7.875630950928));
#1638 = SURFACE_CURVE('',#1639,(#1643,#1650),.PCURVE_S1.);
#1639 = LINE('',#1640,#1641);
#1640 = CARTESIAN_POINT('',(23.063496840466,3.961904525757,
    4.532983703987));
#1641 = VECTOR('',#1642,1.);
#1642 = DIRECTION('',(-0.881919259975,0.,0.471400486727));
#1643 = PCURVE('',#679,#1644);
#1644 = DEFINITIONAL_REPRESENTATION('',(#1645),#1649);
#1645 = LINE('',#1646,#1647);
#1646 = CARTESIAN_POINT('',(-6.88556342719,-4.11535519025));
#1647 = VECTOR('',#1648,1.);
#1648 = DIRECTION('',(-0.471400486727,-0.881919259975));
#1649 = ( GEOMETRIC_REPRESENTATION_CONTEXT(2) 
PARAMETRIC_REPRESENTATION_CONTEXT() REPRESENTATION_CONTEXT('2D SPACE',''
  ) );
#1650 = PCURVE('',#1651,#1656);
#1651 = PLANE('',#1652);
#1652 = AXIS2_PLACEMENT_3D('',#1653,#1654,#1655);
#1653 = CARTESIAN_POINT('',(17.000064731651,-7.128668507451E-02,
    7.773988835694));
#1654 = DIRECTION('',(-0.471400486727,-0.,-0.881919259975));
#1655 = DIRECTION('',(-0.881919259975,0.,0.471400486727));
#1656 = DEFINITIONAL_REPRESENTATION('',(#1657),#1661);
#1657 = LINE('',#1658,#1659);
#1658 = CARTESIAN_POINT('',(-6.875268954881,4.033191210831));
#1659 = VECTOR('',#1660,1.);
#1660 = DIRECTION('',(1.,0.));
#1661 = ( GEOMETRIC_REPRESENTATION_CONTEXT(2) 
PARAMETRIC_REPRESENTATION_CONTEXT() REPRESENTATION_CONTEXT('2D SPACE',''
  ) );
#1662 = ORIENTED_EDGE('',*,*,#1663,.T.);
#1663 = EDGE_CURVE('',#1636,#1664,#1666,.T.);
#1664 = VERTEX_POINT('',#1665);
#1665 = CARTESIAN_POINT('',(16.586763122559,3.961904525757,
    8.058759307861));
#1666 = SURFACE_CURVE('',#1667,(#1671,#1678),.PCURVE_S1.);
#1667 = LINE('',#1668,#1669);
#1668 = CARTESIAN_POINT('',(22.387568118347,3.961904525757,
    3.298203977107));
#1669 = VECTOR('',#1670,1.);
#1670 = DIRECTION('',(-0.773013217577,0.,0.634389915943));
#1671 = PCURVE('',#679,#1672);
#1672 = DEFINITIONAL_REPRESENTATION('',(#1673),#1677);
#1673 = LINE('',#1674,#1675);
#1674 = CARTESIAN_POINT('',(-5.65078370031,-4.791283912368));
#1675 = VECTOR('',#1676,1.);
#1676 = DIRECTION('',(-0.634389915943,-0.773013217577));
#1677 = ( GEOMETRIC_REPRESENTATION_CONTEXT(2) 
PARAMETRIC_REPRESENTATION_CONTEXT() REPRESENTATION_CONTEXT('2D SPACE',''
  ) );
#1678 = PCURVE('',#1679,#1684);
#1679 = PLANE('',#1680);
#1680 = AXIS2_PLACEMENT_3D('',#1681,#1682,#1683);
#1681 = CARTESIAN_POINT('',(16.753441191358,-7.128796652356E-02,
    7.921971367305));
#1682 = DIRECTION('',(-0.634389915943,-0.,-0.773013217577));
#1683 = DIRECTION('',(-0.773013217577,0.,0.634389915943));
#1684 = DEFINITIONAL_REPRESENTATION('',(#1685),#1689);
#1685 = LINE('',#1686,#1687);
#1686 = CARTESIAN_POINT('',(-7.288525990081,4.03319249228));
#1687 = VECTOR('',#1688,1.);
#1688 = DIRECTION('',(1.,0.));
#1689 = ( GEOMETRIC_REPRESENTATION_CONTEXT(2) 
PARAMETRIC_REPRESENTATION_CONTEXT() REPRESENTATION_CONTEXT('2D SPACE',''
  ) );
#1690 = ORIENTED_EDGE('',*,*,#1691,.T.);
#1691 = EDGE_CURVE('',#1664,#1692,#1694,.T.);
#1692 = VERTEX_POINT('',#1693);
#1693 = CARTESIAN_POINT('',(16.556511314574,3.961904525757,
    8.095620939909));
#1694 = SURFACE_CURVE('',#1695,(#1699,#1706),.PCURVE_S1.);
#1695 = LINE('',#1696,#1697);
#1696 = CARTESIAN_POINT('',(21.24785865481,3.961904525757,2.379244598053
    ));
#1697 = VECTOR('',#1698,1.);
#1698 = DIRECTION('',(-0.634396396419,0.,0.77300789919));
#1699 = PCURVE('',#679,#1700);
#1700 = DEFINITIONAL_REPRESENTATION('',(#1701),#1705);
#1701 = LINE('',#1702,#1703);
#1702 = CARTESIAN_POINT('',(-4.731824321256,-5.930993375905));
#1703 = VECTOR('',#1704,1.);
#1704 = DIRECTION('',(-0.77300789919,-0.634396396419));
#1705 = ( GEOMETRIC_REPRESENTATION_CONTEXT(2) 
PARAMETRIC_REPRESENTATION_CONTEXT() REPRESENTATION_CONTEXT('2D SPACE',''
  ) );
#1706 = PCURVE('',#1707,#1712);
#1707 = PLANE('',#1708);
#1708 = AXIS2_PLACEMENT_3D('',#1709,#1710,#1711);
#1709 = CARTESIAN_POINT('',(16.540422711883,-7.128724730127E-02,
    8.11522479806));
#1710 = DIRECTION('',(-0.77300789919,-0.,-0.634396396419));
#1711 = DIRECTION('',(0.634396396419,0.,-0.77300789919));
#1712 = DEFINITIONAL_REPRESENTATION('',(#1713),#1717);
#1713 = LINE('',#1714,#1715);
#1714 = CARTESIAN_POINT('',(7.420338402771,-4.033191773058));
#1715 = VECTOR('',#1716,1.);
#1716 = DIRECTION('',(-1.,0.));
#1717 = ( GEOMETRIC_REPRESENTATION_CONTEXT(2) 
PARAMETRIC_REPRESENTATION_CONTEXT() REPRESENTATION_CONTEXT('2D SPACE',''
  ) );
#1718 = ORIENTED_EDGE('',*,*,#1719,.T.);
#1719 = EDGE_CURVE('',#1692,#1720,#1722,.T.);
#1720 = VERTEX_POINT('',#1721);
#1721 = CARTESIAN_POINT('',(16.403634765625,3.961904525757,
    8.281901616679));
#1722 = SURFACE_CURVE('',#1723,(#1727,#1734),.PCURVE_S1.);
#1723 = LINE('',#1724,#1725);
#1724 = CARTESIAN_POINT('',(21.20260893491,3.961904525757,2.434332697806
    ));
#1725 = VECTOR('',#1726,1.);
#1726 = DIRECTION('',(-0.63439315617,0.,0.773010558404));
#1727 = PCURVE('',#679,#1728);
#1728 = DEFINITIONAL_REPRESENTATION('',(#1729),#1733);
#1729 = LINE('',#1730,#1731);
#1730 = CARTESIAN_POINT('',(-4.786912421009,-5.976243095805));
#1731 = VECTOR('',#1732,1.);
#1732 = DIRECTION('',(-0.773010558404,-0.63439315617));
#1733 = ( GEOMETRIC_REPRESENTATION_CONTEXT(2) 
PARAMETRIC_REPRESENTATION_CONTEXT() REPRESENTATION_CONTEXT('2D SPACE',''
  ) );
#1734 = PCURVE('',#1735,#1740);
#1735 = PLANE('',#1736);
#1736 = AXIS2_PLACEMENT_3D('',#1737,#1738,#1739);
#1737 = CARTESIAN_POINT('',(16.449975179084,7.128569967017E-02,
    8.225435013336));
#1738 = DIRECTION('',(-0.773010558404,1.022532145329E-07,-0.63439315617)
  );
#1739 = DIRECTION('',(0.63439315617,-6.617444900424E-24,-0.773010558404)
  );
#1740 = DEFINITIONAL_REPRESENTATION('',(#1741),#1745);
#1741 = LINE('',#1742,#1743);
#1742 = CARTESIAN_POINT('',(7.491621563184,-3.890618826087));
#1743 = VECTOR('',#1744,1.);
#1744 = DIRECTION('',(-1.,-2.64697796017E-23));
#1745 = ( GEOMETRIC_REPRESENTATION_CONTEXT(2) 
PARAMETRIC_REPRESENTATION_CONTEXT() REPRESENTATION_CONTEXT('2D SPACE',''
  ) );
#1746 = ORIENTED_EDGE('',*,*,#1747,.T.);
#1747 = EDGE_CURVE('',#1720,#1748,#1750,.T.);
#1748 = VERTEX_POINT('',#1749);
#1749 = CARTESIAN_POINT('',(16.38115544024,3.961904525757,8.323957087026
    ));
#1750 = SURFACE_CURVE('',#1751,(#1755,#1762),.PCURVE_S1.);
#1751 = LINE('',#1752,#1753);
#1752 = CARTESIAN_POINT('',(19.794215188637,3.961904525757,
    1.938630544394));
#1753 = VECTOR('',#1754,1.);
#1754 = DIRECTION('',(-0.471400131956,0.,0.881919449605));
#1755 = PCURVE('',#679,#1756);
#1756 = DEFINITIONAL_REPRESENTATION('',(#1757),#1761);
#1757 = LINE('',#1758,#1759);
#1758 = CARTESIAN_POINT('',(-4.291210267597,-7.384636842078));
#1759 = VECTOR('',#1760,1.);
#1760 = DIRECTION('',(-0.881919449605,-0.471400131956));
#1761 = ( GEOMETRIC_REPRESENTATION_CONTEXT(2) 
PARAMETRIC_REPRESENTATION_CONTEXT() REPRESENTATION_CONTEXT('2D SPACE',''
  ) );
#1762 = PCURVE('',#1763,#1768);
#1763 = PLANE('',#1764);
#1764 = AXIS2_PLACEMENT_3D('',#1765,#1766,#1767);
#1765 = CARTESIAN_POINT('',(16.369200418628,-7.128772504909E-02,
    8.346322502131));
#1766 = DIRECTION('',(-0.881919449605,7.598155553442E-08,-0.471400131956
    ));
#1767 = DIRECTION('',(0.471400131956,0.,-0.881919449605));
#1768 = DEFINITIONAL_REPRESENTATION('',(#1769),#1773);
#1769 = LINE('',#1770,#1771);
#1770 = CARTESIAN_POINT('',(7.26562057914,-4.033192250806));
#1771 = VECTOR('',#1772,1.);
#1772 = DIRECTION('',(-1.,6.617444900424E-24));
#1773 = ( GEOMETRIC_REPRESENTATION_CONTEXT(2) 
PARAMETRIC_REPRESENTATION_CONTEXT() REPRESENTATION_CONTEXT('2D SPACE',''
  ) );
#1774 = ORIENTED_EDGE('',*,*,#1775,.T.);
#1775 = EDGE_CURVE('',#1748,#1776,#1778,.T.);
#1776 = VERTEX_POINT('',#1777);
#1777 = CARTESIAN_POINT('',(16.267556884766,3.961904525757,8.53648147583
    ));
#1778 = SURFACE_CURVE('',#1779,(#1783,#1790),.PCURVE_S1.);
#1779 = LINE('',#1780,#1781);
#1780 = CARTESIAN_POINT('',(19.760633678631,3.961904525757,
    2.001503917695));
#1781 = VECTOR('',#1782,1.);
#1782 = DIRECTION('',(-0.47140287892,0.,0.881917981303));
#1783 = PCURVE('',#679,#1784);
#1784 = DEFINITIONAL_REPRESENTATION('',(#1785),#1789);
#1785 = LINE('',#1786,#1787);
#1786 = CARTESIAN_POINT('',(-4.354083640898,-7.418218352084));
#1787 = VECTOR('',#1788,1.);
#1788 = DIRECTION('',(-0.881917981303,-0.47140287892));
#1789 = ( GEOMETRIC_REPRESENTATION_CONTEXT(2) 
PARAMETRIC_REPRESENTATION_CONTEXT() REPRESENTATION_CONTEXT('2D SPACE',''
  ) );
#1790 = PCURVE('',#1791,#1796);
#1791 = PLANE('',#1792);
#1792 = AXIS2_PLACEMENT_3D('',#1793,#1794,#1795);
#1793 = CARTESIAN_POINT('',(16.301991229403,7.128540730224E-02,
    8.472060427363));
#1794 = DIRECTION('',(-0.881917981303,-0.,-0.47140287892));
#1795 = DIRECTION('',(0.47140287892,0.,-0.881917981303));
#1796 = DEFINITIONAL_REPRESENTATION('',(#1797),#1801);
#1797 = LINE('',#1798,#1799);
#1798 = CARTESIAN_POINT('',(7.336914142636,-3.890619118455));
#1799 = VECTOR('',#1800,1.);
#1800 = DIRECTION('',(-1.,0.));
#1801 = ( GEOMETRIC_REPRESENTATION_CONTEXT(2) 
PARAMETRIC_REPRESENTATION_CONTEXT() REPRESENTATION_CONTEXT('2D SPACE',''
  ) );
#1802 = ORIENTED_EDGE('',*,*,#1803,.T.);
#1803 = EDGE_CURVE('',#1776,#1804,#1806,.T.);
#1804 = VERTEX_POINT('',#1805);
#1805 = CARTESIAN_POINT('',(16.253714631418,3.961904525757,
    8.582114090451));
#1806 = SURFACE_CURVE('',#1807,(#1811,#1818),.PCURVE_S1.);
#1807 = LINE('',#1808,#1809);
#1808 = CARTESIAN_POINT('',(18.229047952203,3.961904525757,
    2.070195697268));
#1809 = VECTOR('',#1810,1.);
#1810 = DIRECTION('',(-0.290279896309,0.,0.956941786003));
#1811 = PCURVE('',#679,#1812);
#1812 = DEFINITIONAL_REPRESENTATION('',(#1813),#1817);
#1813 = LINE('',#1814,#1815);
#1814 = CARTESIAN_POINT('',(-4.422775420471,-8.949804078512));
#1815 = VECTOR('',#1816,1.);
#1816 = DIRECTION('',(-0.956941786003,-0.290279896309));
#1817 = ( GEOMETRIC_REPRESENTATION_CONTEXT(2) 
PARAMETRIC_REPRESENTATION_CONTEXT() REPRESENTATION_CONTEXT('2D SPACE',''
  ) );
#1818 = PCURVE('',#1819,#1824);
#1819 = PLANE('',#1820);
#1820 = AXIS2_PLACEMENT_3D('',#1821,#1822,#1823);
#1821 = CARTESIAN_POINT('',(16.246353005282,-7.128711867427E-02,
    8.606382556));
#1822 = DIRECTION('',(-0.956941786003,-0.,-0.290279896309));
#1823 = DIRECTION('',(0.290279896309,0.,-0.956941786003));
#1824 = DEFINITIONAL_REPRESENTATION('',(#1825),#1829);
#1825 = LINE('',#1826,#1827);
#1826 = CARTESIAN_POINT('',(6.83028680985,-4.033191644431));
#1827 = VECTOR('',#1828,1.);
#1828 = DIRECTION('',(-1.,0.));
#1829 = ( GEOMETRIC_REPRESENTATION_CONTEXT(2) 
PARAMETRIC_REPRESENTATION_CONTEXT() REPRESENTATION_CONTEXT('2D SPACE',''
  ) );
#1830 = ORIENTED_EDGE('',*,*,#1831,.T.);
#1831 = EDGE_CURVE('',#1804,#1832,#1834,.T.);
#1832 = VERTEX_POINT('',#1833);
#1833 = CARTESIAN_POINT('',(16.192605712891,3.961904525757,8.78356821165
    ));
#1834 = SURFACE_CURVE('',#1835,(#1839,#1846),.PCURVE_S1.);
#1835 = LINE('',#1836,#1837);
#1836 = CARTESIAN_POINT('',(18.208340559563,3.961904525757,
    2.138415558145));
#1837 = VECTOR('',#1838,1.);
#1838 = DIRECTION('',(-0.290278060887,0.,0.95694234276));
#1839 = PCURVE('',#679,#1840);
#1840 = DEFINITIONAL_REPRESENTATION('',(#1841),#1845);
#1841 = LINE('',#1842,#1843);
#1842 = CARTESIAN_POINT('',(-4.490995281348,-8.970511471153));
#1843 = VECTOR('',#1844,1.);
#1844 = DIRECTION('',(-0.95694234276,-0.290278060887));
#1845 = ( GEOMETRIC_REPRESENTATION_CONTEXT(2) 
PARAMETRIC_REPRESENTATION_CONTEXT() REPRESENTATION_CONTEXT('2D SPACE',''
  ) );
#1846 = PCURVE('',#351,#1847);
#1847 = DEFINITIONAL_REPRESENTATION('',(#1848),#1852);
#1848 = LINE('',#1849,#1850);
#1849 = CARTESIAN_POINT('',(6.90156622087,-3.890618869121));
#1850 = VECTOR('',#1851,1.);
#1851 = DIRECTION('',(-1.,0.));
#1852 = ( GEOMETRIC_REPRESENTATION_CONTEXT(2) 
PARAMETRIC_REPRESENTATION_CONTEXT() REPRESENTATION_CONTEXT('2D SPACE',''
  ) );
#1853 = ORIENTED_EDGE('',*,*,#1854,.T.);
#1854 = EDGE_CURVE('',#1832,#1855,#1857,.T.);
#1855 = VERTEX_POINT('',#1856);
#1856 = CARTESIAN_POINT('',(16.192605712891,3.961904525757,
    -1.66089836363));
#1857 = SURFACE_CURVE('',#1858,(#1862,#1869),.PCURVE_S1.);
#1858 = LINE('',#1859,#1860);
#1859 = CARTESIAN_POINT('',(16.192605712891,3.961904525757,
    9.216024017334));
#1860 = VECTOR('',#1861,1.);
#1861 = DIRECTION('',(0.,0.,-1.));
#1862 = PCURVE('',#679,#1863);
#1863 = DEFINITIONAL_REPRESENTATION('',(#1864),#1868);
#1864 = LINE('',#1865,#1866);
#1865 = CARTESIAN_POINT('',(-11.56860374053,-10.98624631782));
#1866 = VECTOR('',#1867,1.);
#1867 = DIRECTION('',(1.,0.));
#1868 = ( GEOMETRIC_REPRESENTATION_CONTEXT(2) 
PARAMETRIC_REPRESENTATION_CONTEXT() REPRESENTATION_CONTEXT('2D SPACE',''
  ) );
#1869 = PCURVE('',#323,#1870);
#1870 = DEFINITIONAL_REPRESENTATION('',(#1871),#1875);
#1871 = LINE('',#1872,#1873);
#1872 = CARTESIAN_POINT('',(-4.040962910838,0.555054402537));
#1873 = VECTOR('',#1874,1.);
#1874 = DIRECTION('',(1.,0.));
#1875 = ( GEOMETRIC_REPRESENTATION_CONTEXT(2) 
PARAMETRIC_REPRESENTATION_CONTEXT() REPRESENTATION_CONTEXT('2D SPACE',''
  ) );
#1876 = ORIENTED_EDGE('',*,*,#1877,.T.);
#1877 = EDGE_CURVE('',#1855,#1878,#1880,.T.);
#1878 = VERTEX_POINT('',#1879);
#1879 = CARTESIAN_POINT('',(16.267556884766,3.961904525757,
    -1.413813018799));
#1880 = SURFACE_CURVE('',#1881,(#1885,#1892),.PCURVE_S1.);
#1881 = LINE('',#1882,#1883);
#1882 = CARTESIAN_POINT('',(16.565582302474,3.961904525757,
    -0.431337211404));
#1883 = VECTOR('',#1884,1.);
#1884 = DIRECTION('',(0.290279896309,-0.,0.956941786003));
#1885 = PCURVE('',#679,#1886);
#1886 = DEFINITIONAL_REPRESENTATION('',(#1887),#1891);
#1887 = LINE('',#1888,#1889);
#1888 = CARTESIAN_POINT('',(-1.9212425118,-10.61326972824));
#1889 = VECTOR('',#1890,1.);
#1890 = DIRECTION('',(-0.956941786003,0.290279896309));
#1891 = ( GEOMETRIC_REPRESENTATION_CONTEXT(2) 
PARAMETRIC_REPRESENTATION_CONTEXT() REPRESENTATION_CONTEXT('2D SPACE',''
  ) );
#1892 = PCURVE('',#1893,#1898);
#1893 = PLANE('',#1894);
#1894 = AXIS2_PLACEMENT_3D('',#1895,#1896,#1897);
#1895 = CARTESIAN_POINT('',(16.204967124113,-7.128711867427E-02,
    -1.620147519073));
#1896 = DIRECTION('',(-0.956941786003,-0.,0.290279896309));
#1897 = DIRECTION('',(-0.290279896309,0.,-0.956941786003));
#1898 = DEFINITIONAL_REPRESENTATION('',(#1899),#1903);
#1899 = LINE('',#1900,#1901);
#1900 = CARTESIAN_POINT('',(-1.242301595623,-4.033191644431));
#1901 = VECTOR('',#1902,1.);
#1902 = DIRECTION('',(-1.,0.));
#1903 = ( GEOMETRIC_REPRESENTATION_CONTEXT(2) 
PARAMETRIC_REPRESENTATION_CONTEXT() REPRESENTATION_CONTEXT('2D SPACE',''
  ) );
#1904 = ORIENTED_EDGE('',*,*,#1905,.T.);
#1905 = EDGE_CURVE('',#1878,#1906,#1908,.T.);
#1906 = VERTEX_POINT('',#1907);
#1907 = CARTESIAN_POINT('',(16.403634765625,3.961904525757,
    -1.159231567383));
#1908 = SURFACE_CURVE('',#1909,(#1913,#1920),.PCURVE_S1.);
#1909 = LINE('',#1910,#1911);
#1910 = CARTESIAN_POINT('',(17.301977610323,3.961904525757,
    0.521434120737));
#1911 = VECTOR('',#1912,1.);
#1912 = DIRECTION('',(0.471400131956,-0.,0.881919449605));
#1913 = PCURVE('',#679,#1914);
#1914 = DEFINITIONAL_REPRESENTATION('',(#1915),#1919);
#1915 = LINE('',#1916,#1917);
#1916 = CARTESIAN_POINT('',(-2.874013843941,-9.876874420392));
#1917 = VECTOR('',#1918,1.);
#1918 = DIRECTION('',(-0.881919449605,0.471400131956));
#1919 = ( GEOMETRIC_REPRESENTATION_CONTEXT(2) 
PARAMETRIC_REPRESENTATION_CONTEXT() REPRESENTATION_CONTEXT('2D SPACE',''
  ) );
#1920 = PCURVE('',#1921,#1926);
#1921 = PLANE('',#1922);
#1922 = AXIS2_PLACEMENT_3D('',#1923,#1924,#1925);
#1923 = CARTESIAN_POINT('',(16.30199123182,-7.128772492704E-02,
    -1.349391483158));
#1924 = DIRECTION('',(-0.881919449605,-0.,0.471400131956));
#1925 = DIRECTION('',(-0.471400131956,0.,-0.881919449605));
#1926 = DEFINITIONAL_REPRESENTATION('',(#1927),#1931);
#1927 = LINE('',#1928,#1929);
#1928 = CARTESIAN_POINT('',(-2.121311197675,-4.033192250684));
#1929 = VECTOR('',#1930,1.);
#1930 = DIRECTION('',(-1.,0.));
#1931 = ( GEOMETRIC_REPRESENTATION_CONTEXT(2) 
PARAMETRIC_REPRESENTATION_CONTEXT() REPRESENTATION_CONTEXT('2D SPACE',''
  ) );
#1932 = ORIENTED_EDGE('',*,*,#1933,.T.);
#1933 = EDGE_CURVE('',#1906,#1934,#1936,.T.);
#1934 = VERTEX_POINT('',#1935);
#1935 = CARTESIAN_POINT('',(16.586763122559,3.961904525757,
    -0.936089897156));
#1936 = SURFACE_CURVE('',#1937,(#1941,#1948),.PCURVE_S1.);
#1937 = LINE('',#1938,#1939);
#1938 = CARTESIAN_POINT('',(18.302479535129,3.961904525757,
    1.154508371445));
#1939 = VECTOR('',#1940,1.);
#1940 = DIRECTION('',(0.634394776292,-0.,0.773009228802));
#1941 = PCURVE('',#679,#1942);
#1942 = DEFINITIONAL_REPRESENTATION('',(#1943),#1947);
#1943 = LINE('',#1944,#1945);
#1944 = CARTESIAN_POINT('',(-3.507088094648,-8.876372495586));
#1945 = VECTOR('',#1946,1.);
#1946 = DIRECTION('',(-0.773009228802,0.634394776292));
#1947 = ( GEOMETRIC_REPRESENTATION_CONTEXT(2) 
PARAMETRIC_REPRESENTATION_CONTEXT() REPRESENTATION_CONTEXT('2D SPACE',''
  ) );
#1948 = PCURVE('',#1949,#1954);
#1949 = PLANE('',#1950);
#1950 = AXIS2_PLACEMENT_3D('',#1951,#1952,#1953);
#1951 = CARTESIAN_POINT('',(16.449975177726,-7.128742710639E-02,
    -1.102765834121));
#1952 = DIRECTION('',(-0.773009228802,-0.,0.634394776292));
#1953 = DIRECTION('',(-0.634394776292,0.,-0.773009228802));
#1954 = DEFINITIONAL_REPRESENTATION('',(#1955),#1959);
#1955 = LINE('',#1956,#1957);
#1956 = CARTESIAN_POINT('',(-2.920112880234,-4.033191952863));
#1957 = VECTOR('',#1958,1.);
#1958 = DIRECTION('',(-1.,0.));
#1959 = ( GEOMETRIC_REPRESENTATION_CONTEXT(2) 
PARAMETRIC_REPRESENTATION_CONTEXT() REPRESENTATION_CONTEXT('2D SPACE',''
  ) );
#1960 = ORIENTED_EDGE('',*,*,#1961,.T.);
#1961 = EDGE_CURVE('',#1934,#1962,#1964,.T.);
#1962 = VERTEX_POINT('',#1963);
#1963 = CARTESIAN_POINT('',(16.809907653809,3.961904525757,
    -0.752961540222));
#1964 = SURFACE_CURVE('',#1965,(#1969,#1976),.PCURVE_S1.);
#1965 = LINE('',#1966,#1967);
#1966 = CARTESIAN_POINT('',(19.432327231924,3.961904525757,1.39918346571
    ));
#1967 = VECTOR('',#1968,1.);
#1968 = DIRECTION('',(0.773013217577,-0.,0.634389915943));
#1969 = PCURVE('',#679,#1970);
#1970 = DEFINITIONAL_REPRESENTATION('',(#1971),#1975);
#1971 = LINE('',#1972,#1973);
#1972 = CARTESIAN_POINT('',(-3.751763188914,-7.746524798791));
#1973 = VECTOR('',#1974,1.);
#1974 = DIRECTION('',(-0.634389915943,0.773013217577));
#1975 = ( GEOMETRIC_REPRESENTATION_CONTEXT(2) 
PARAMETRIC_REPRESENTATION_CONTEXT() REPRESENTATION_CONTEXT('2D SPACE',''
  ) );
#1976 = PCURVE('',#1977,#1982);
#1977 = PLANE('',#1978);
#1978 = AXIS2_PLACEMENT_3D('',#1979,#1980,#1981);
#1979 = CARTESIAN_POINT('',(16.64322958501,-7.128796652356E-02,
    -0.889749480778));
#1980 = DIRECTION('',(-0.634389915943,0.,0.773013217577));
#1981 = DIRECTION('',(0.773013217577,0.,0.634389915943));
#1982 = DEFINITIONAL_REPRESENTATION('',(#1983),#1987);
#1983 = LINE('',#1984,#1985);
#1984 = CARTESIAN_POINT('',(3.608085325702,4.03319249228));
#1985 = VECTOR('',#1986,1.);
#1986 = DIRECTION('',(1.,0.));
#1987 = ( GEOMETRIC_REPRESENTATION_CONTEXT(2) 
PARAMETRIC_REPRESENTATION_CONTEXT() REPRESENTATION_CONTEXT('2D SPACE',''
  ) );
#1988 = ORIENTED_EDGE('',*,*,#1989,.T.);
#1989 = EDGE_CURVE('',#1962,#1990,#1992,.T.);
#1990 = VERTEX_POINT('',#1991);
#1991 = CARTESIAN_POINT('',(17.064485290527,3.961904525757,
    -0.616885566711));
#1992 = SURFACE_CURVE('',#1993,(#1997,#2004),.PCURVE_S1.);
#1993 = LINE('',#1994,#1995);
#1994 = CARTESIAN_POINT('',(20.541994542262,3.961904525757,
    1.241900864499));
#1995 = VECTOR('',#1996,1.);
#1996 = DIRECTION('',(0.881919259975,-0.,0.471400486727));
#1997 = PCURVE('',#679,#1998);
#1998 = DEFINITIONAL_REPRESENTATION('',(#1999),#2003);
#1999 = LINE('',#2000,#2001);
#2000 = CARTESIAN_POINT('',(-3.594480587702,-6.636857488453));
#2001 = VECTOR('',#2002,1.);
#2002 = DIRECTION('',(-0.471400486727,0.881919259975));
#2003 = ( GEOMETRIC_REPRESENTATION_CONTEXT(2) 
PARAMETRIC_REPRESENTATION_CONTEXT() REPRESENTATION_CONTEXT('2D SPACE',''
  ) );
#2004 = PCURVE('',#2005,#2010);
#2005 = PLANE('',#2006);
#2006 = AXIS2_PLACEMENT_3D('',#2007,#2008,#2009);
#2007 = CARTESIAN_POINT('',(16.874328212685,-7.128668507451E-02,
    -0.718527681946));
#2008 = DIRECTION('',(-0.471400486727,0.,0.881919259975));
#2009 = DIRECTION('',(0.881919259975,0.,0.471400486727));
#2010 = DEFINITIONAL_REPRESENTATION('',(#2011),#2015);
#2011 = LINE('',#2012,#2013);
#2012 = CARTESIAN_POINT('',(4.158732546201,4.033191210831));
#2013 = VECTOR('',#2014,1.);
#2014 = DIRECTION('',(1.,0.));
#2015 = ( GEOMETRIC_REPRESENTATION_CONTEXT(2) 
PARAMETRIC_REPRESENTATION_CONTEXT() REPRESENTATION_CONTEXT('2D SPACE',''
  ) );
#2016 = ORIENTED_EDGE('',*,*,#2017,.T.);
#2017 = EDGE_CURVE('',#1990,#2018,#2020,.T.);
#2018 = VERTEX_POINT('',#2019);
#2019 = CARTESIAN_POINT('',(17.34072277832,3.961904525757,
    -0.533090019226));
#2020 = SURFACE_CURVE('',#2021,(#2025,#2032),.PCURVE_S1.);
#2021 = LINE('',#2022,#2023);
#2022 = CARTESIAN_POINT('',(21.489401994226,3.961904525757,
    0.725395384096));
#2023 = VECTOR('',#2024,1.);
#2024 = DIRECTION('',(0.956940507334,-0.,0.290284111558));
#2025 = PCURVE('',#679,#2026);
#2026 = DEFINITIONAL_REPRESENTATION('',(#2027),#2031);
#2027 = LINE('',#2028,#2029);
#2028 = CARTESIAN_POINT('',(-3.0779751073,-5.689450036489));
#2029 = VECTOR('',#2030,1.);
#2030 = DIRECTION('',(-0.290284111558,0.956940507334));
#2031 = ( GEOMETRIC_REPRESENTATION_CONTEXT(2) 
PARAMETRIC_REPRESENTATION_CONTEXT() REPRESENTATION_CONTEXT('2D SPACE',''
  ) );
#2032 = PCURVE('',#2033,#2038);
#2033 = PLANE('',#2034);
#2034 = AXIS2_PLACEMENT_3D('',#2035,#2036,#2037);
#2035 = CARTESIAN_POINT('',(17.134386860288,-7.128769889323E-02,
    -0.59568120247));
#2036 = DIRECTION('',(-0.290284111558,0.,0.956940507334));
#2037 = DIRECTION('',(0.956940507334,0.,0.290284111558));
#2038 = DEFINITIONAL_REPRESENTATION('',(#2039),#2043);
#2039 = LINE('',#2040,#2041);
#2040 = CARTESIAN_POINT('',(4.55097793495,4.03319222465));
#2041 = VECTOR('',#2042,1.);
#2042 = DIRECTION('',(1.,0.));
#2043 = ( GEOMETRIC_REPRESENTATION_CONTEXT(2) 
PARAMETRIC_REPRESENTATION_CONTEXT() REPRESENTATION_CONTEXT('2D SPACE',''
  ) );
#2044 = ORIENTED_EDGE('',*,*,#2045,.T.);
#2045 = EDGE_CURVE('',#2018,#2046,#2048,.T.);
#2046 = VERTEX_POINT('',#2047);
#2047 = CARTESIAN_POINT('',(17.628,3.961904525757,-0.504795455933));
#2048 = SURFACE_CURVE('',#2049,(#2053,#2060),.PCURVE_S1.);
#2049 = LINE('',#2050,#2051);
#2050 = CARTESIAN_POINT('',(22.160133106651,3.961904525757,
    -5.841573153003E-02));
#2051 = VECTOR('',#2052,1.);
#2052 = DIRECTION('',(0.995184650108,-0.,9.801791769814E-02));
#2053 = PCURVE('',#679,#2054);
#2054 = DEFINITIONAL_REPRESENTATION('',(#2055),#2059);
#2055 = LINE('',#2056,#2057);
#2056 = CARTESIAN_POINT('',(-2.294163991673,-5.018718924064));
#2057 = VECTOR('',#2058,1.);
#2058 = DIRECTION('',(-9.801791769814E-02,0.995184650108));
#2059 = ( GEOMETRIC_REPRESENTATION_CONTEXT(2) 
PARAMETRIC_REPRESENTATION_CONTEXT() REPRESENTATION_CONTEXT('2D SPACE',''
  ) );
#2060 = PCURVE('',#2061,#2066);
#2061 = PLANE('',#2062);
#2062 = AXIS2_PLACEMENT_3D('',#2063,#2064,#2065);
#2063 = CARTESIAN_POINT('',(17.413417939381,-7.128767395407E-02,
    -0.525930113461));
#2064 = DIRECTION('',(-9.801791769814E-02,0.,0.995184650108));
#2065 = DIRECTION('',(0.995184650108,0.,9.801791769814E-02));
#2066 = DEFINITIONAL_REPRESENTATION('',(#2067),#2071);
#2067 = LINE('',#2068,#2069);
#2068 = CARTESIAN_POINT('',(4.769682859112,4.033192199711));
#2069 = VECTOR('',#2070,1.);
#2070 = DIRECTION('',(1.,0.));
#2071 = ( GEOMETRIC_REPRESENTATION_CONTEXT(2) 
PARAMETRIC_REPRESENTATION_CONTEXT() REPRESENTATION_CONTEXT('2D SPACE',''
  ) );
#2072 = ORIENTED_EDGE('',*,*,#2073,.T.);
#2073 = EDGE_CURVE('',#2046,#2074,#2076,.T.);
#2074 = VERTEX_POINT('',#2075);
#2075 = CARTESIAN_POINT('',(17.91527722168,3.961904525757,
    -0.533090019226));
#2076 = SURFACE_CURVE('',#2077,(#2081,#2088),.PCURVE_S1.);
#2077 = LINE('',#2078,#2079);
#2078 = CARTESIAN_POINT('',(22.484015546976,3.961904525757,
    -0.983075071854));
#2079 = VECTOR('',#2080,1.);
#2080 = DIRECTION('',(0.995184650108,0.,-9.801791769814E-02));
#2081 = PCURVE('',#679,#2082);
#2082 = DEFINITIONAL_REPRESENTATION('',(#2083),#2087);
#2083 = LINE('',#2084,#2085);
#2084 = CARTESIAN_POINT('',(-1.369504651349,-4.694836483739));
#2085 = VECTOR('',#2086,1.);
#2086 = DIRECTION('',(9.801791769814E-02,0.995184650108));
#2087 = ( GEOMETRIC_REPRESENTATION_CONTEXT(2) 
PARAMETRIC_REPRESENTATION_CONTEXT() REPRESENTATION_CONTEXT('2D SPACE',''
  ) );
#2088 = PCURVE('',#2089,#2094);
#2089 = PLANE('',#2090);
#2090 = AXIS2_PLACEMENT_3D('',#2091,#2092,#2093);
#2091 = CARTESIAN_POINT('',(17.700695161061,-7.128767395407E-02,
    -0.511955361698));
#2092 = DIRECTION('',(9.801791769814E-02,0.,0.995184650108));
#2093 = DIRECTION('',(0.995184650108,0.,-9.801791769814E-02));
#2094 = DEFINITIONAL_REPRESENTATION('',(#2095),#2099);
#2095 = LINE('',#2096,#2097);
#2096 = CARTESIAN_POINT('',(4.806465197586,4.033192199711));
#2097 = VECTOR('',#2098,1.);
#2098 = DIRECTION('',(1.,0.));
#2099 = ( GEOMETRIC_REPRESENTATION_CONTEXT(2) 
PARAMETRIC_REPRESENTATION_CONTEXT() REPRESENTATION_CONTEXT('2D SPACE',''
  ) );
#2100 = ORIENTED_EDGE('',*,*,#2101,.T.);
#2101 = EDGE_CURVE('',#2074,#2102,#2104,.T.);
#2102 = VERTEX_POINT('',#2103);
#2103 = CARTESIAN_POINT('',(18.191514709473,3.961904525757,
    -0.616885566711));
#2104 = SURFACE_CURVE('',#2105,(#2109,#2116),.PCURVE_S1.);
#2105 = LINE('',#2106,#2107);
#2106 = CARTESIAN_POINT('',(22.44443160131,3.961904525757,
    -1.906991056044));
#2107 = VECTOR('',#2108,1.);
#2108 = DIRECTION('',(0.956940507334,0.,-0.290284111558));
#2109 = PCURVE('',#679,#2110);
#2110 = DEFINITIONAL_REPRESENTATION('',(#2111),#2115);
#2111 = LINE('',#2112,#2113);
#2112 = CARTESIAN_POINT('',(-0.445588667159,-4.734420429405));
#2113 = VECTOR('',#2114,1.);
#2114 = DIRECTION('',(0.290284111558,0.956940507334));
#2115 = ( GEOMETRIC_REPRESENTATION_CONTEXT(2) 
PARAMETRIC_REPRESENTATION_CONTEXT() REPRESENTATION_CONTEXT('2D SPACE',''
  ) );
#2116 = PCURVE('',#2117,#2122);
#2117 = PLANE('',#2118);
#2118 = AXIS2_PLACEMENT_3D('',#2119,#2120,#2121);
#2119 = CARTESIAN_POINT('',(17.98517879144,-7.128769889323E-02,
    -0.554294383467));
#2120 = DIRECTION('',(0.290284111558,0.,0.956940507334));
#2121 = DIRECTION('',(0.956940507334,0.,-0.290284111558));
#2122 = DEFINITIONAL_REPRESENTATION('',(#2123),#2127);
#2123 = LINE('',#2124,#2125);
#2124 = CARTESIAN_POINT('',(4.659905998015,4.03319222465));
#2125 = VECTOR('',#2126,1.);
#2126 = DIRECTION('',(1.,0.));
#2127 = ( GEOMETRIC_REPRESENTATION_CONTEXT(2) 
PARAMETRIC_REPRESENTATION_CONTEXT() REPRESENTATION_CONTEXT('2D SPACE',''
  ) );
#2128 = ORIENTED_EDGE('',*,*,#2129,.T.);
#2129 = EDGE_CURVE('',#2102,#2130,#2132,.T.);
#2130 = VERTEX_POINT('',#2131);
#2131 = CARTESIAN_POINT('',(18.446092346191,3.961904525757,
    -0.752961540222));
#2132 = SURFACE_CURVE('',#2133,(#2137,#2144),.PCURVE_S1.);
#2133 = LINE('',#2134,#2135);
#2134 = CARTESIAN_POINT('',(22.07961399169,3.961904525757,
    -2.695139186131));
#2135 = VECTOR('',#2136,1.);
#2136 = DIRECTION('',(0.881919259975,0.,-0.471400486727));
#2137 = PCURVE('',#679,#2138);
#2138 = DEFINITIONAL_REPRESENTATION('',(#2139),#2143);
#2139 = LINE('',#2140,#2141);
#2140 = CARTESIAN_POINT('',(0.342559462928,-5.099238039025));
#2141 = VECTOR('',#2142,1.);
#2142 = DIRECTION('',(0.471400486727,0.881919259975));
#2143 = ( GEOMETRIC_REPRESENTATION_CONTEXT(2) 
PARAMETRIC_REPRESENTATION_CONTEXT() REPRESENTATION_CONTEXT('2D SPACE',''
  ) );
#2144 = PCURVE('',#2145,#2150);
#2145 = PLANE('',#2146);
#2146 = AXIS2_PLACEMENT_3D('',#2147,#2148,#2149);
#2147 = CARTESIAN_POINT('',(18.255935268349,-7.128668507451E-02,
    -0.651319424988));
#2148 = DIRECTION('',(0.471400486727,0.,0.881919259975));
#2149 = DIRECTION('',(0.881919259975,0.,-0.471400486727));
#2150 = DEFINITIONAL_REPRESENTATION('',(#2151),#2155);
#2151 = LINE('',#2152,#2153);
#2152 = CARTESIAN_POINT('',(4.335633540254,4.033191210831));
#2153 = VECTOR('',#2154,1.);
#2154 = DIRECTION('',(1.,0.));
#2155 = ( GEOMETRIC_REPRESENTATION_CONTEXT(2) 
PARAMETRIC_REPRESENTATION_CONTEXT() REPRESENTATION_CONTEXT('2D SPACE',''
  ) );
#2156 = ORIENTED_EDGE('',*,*,#2157,.T.);
#2157 = EDGE_CURVE('',#2130,#2158,#2160,.T.);
#2158 = VERTEX_POINT('',#2159);
#2159 = CARTESIAN_POINT('',(18.669236877441,3.961904525757,
    -0.936089897156));
#2160 = SURFACE_CURVE('',#2161,(#2165,#2172),.PCURVE_S1.);
#2161 = LINE('',#2162,#2163);
#2162 = CARTESIAN_POINT('',(21.47567319532,3.961904525757,
    -3.239252196733));
#2163 = VECTOR('',#2164,1.);
#2164 = DIRECTION('',(0.773013217577,0.,-0.634389915943));
#2165 = PCURVE('',#679,#2166);
#2166 = DEFINITIONAL_REPRESENTATION('',(#2167),#2171);
#2167 = LINE('',#2168,#2169);
#2168 = CARTESIAN_POINT('',(0.88667247353,-5.703178835395));
#2169 = VECTOR('',#2170,1.);
#2170 = DIRECTION('',(0.634389915943,0.773013217577));
#2171 = ( GEOMETRIC_REPRESENTATION_CONTEXT(2) 
PARAMETRIC_REPRESENTATION_CONTEXT() REPRESENTATION_CONTEXT('2D SPACE',''
  ) );
#2172 = PCURVE('',#2173,#2178);
#2173 = PLANE('',#2174);
#2174 = AXIS2_PLACEMENT_3D('',#2175,#2176,#2177);
#2175 = CARTESIAN_POINT('',(18.502558808642,-7.128796652356E-02,
    -0.7993019566));
#2176 = DIRECTION('',(0.634389915943,0.,0.773013217577));
#2177 = DIRECTION('',(0.773013217577,0.,-0.634389915943));
#2178 = DEFINITIONAL_REPRESENTATION('',(#2179),#2183);
#2179 = LINE('',#2180,#2181);
#2180 = CARTESIAN_POINT('',(3.846136546016,4.03319249228));
#2181 = VECTOR('',#2182,1.);
#2182 = DIRECTION('',(1.,0.));
#2183 = ( GEOMETRIC_REPRESENTATION_CONTEXT(2) 
PARAMETRIC_REPRESENTATION_CONTEXT() REPRESENTATION_CONTEXT('2D SPACE',''
  ) );
#2184 = ORIENTED_EDGE('',*,*,#2185,.T.);
#2185 = EDGE_CURVE('',#2158,#2186,#2188,.T.);
#2186 = VERTEX_POINT('',#2187);
#2187 = CARTESIAN_POINT('',(18.852365234375,3.961904525757,
    -1.159231567383));
#2188 = SURFACE_CURVE('',#2189,(#2193,#2200),.PCURVE_S1.);
#2189 = LINE('',#2190,#2191);
#2190 = CARTESIAN_POINT('',(20.752101396382,3.961904525757,
    -3.474057666842));
#2191 = VECTOR('',#2192,1.);
#2192 = DIRECTION('',(0.634394776292,0.,-0.773009228802));
#2193 = PCURVE('',#679,#2194);
#2194 = DEFINITIONAL_REPRESENTATION('',(#2195),#2199);
#2195 = LINE('',#2196,#2197);
#2196 = CARTESIAN_POINT('',(1.121477943639,-6.426750634333));
#2197 = VECTOR('',#2198,1.);
#2198 = DIRECTION('',(0.773009228802,0.634394776292));
#2199 = ( GEOMETRIC_REPRESENTATION_CONTEXT(2) 
PARAMETRIC_REPRESENTATION_CONTEXT() REPRESENTATION_CONTEXT('2D SPACE',''
  ) );
#2200 = PCURVE('',#2201,#2206);
#2201 = PLANE('',#2202);
#2202 = AXIS2_PLACEMENT_3D('',#2203,#2204,#2205);
#2203 = CARTESIAN_POINT('',(18.715577289543,-7.128742710639E-02,
    -0.992555630418));
#2204 = DIRECTION('',(0.773009228802,0.,0.634394776292));
#2205 = DIRECTION('',(-0.634394776292,0.,0.773009228802));
#2206 = DEFINITIONAL_REPRESENTATION('',(#2207),#2211);
#2207 = LINE('',#2208,#2209);
#2208 = CARTESIAN_POINT('',(-3.21018423062,-4.033191952863));
#2209 = VECTOR('',#2210,1.);
#2210 = DIRECTION('',(-1.,0.));
#2211 = ( GEOMETRIC_REPRESENTATION_CONTEXT(2) 
PARAMETRIC_REPRESENTATION_CONTEXT() REPRESENTATION_CONTEXT('2D SPACE',''
  ) );
#2212 = ORIENTED_EDGE('',*,*,#2213,.T.);
#2213 = EDGE_CURVE('',#2186,#2214,#2216,.T.);
#2214 = VERTEX_POINT('',#2215);
#2215 = CARTESIAN_POINT('',(18.988443115234,3.961904525757,
    -1.413813018799));
#2216 = SURFACE_CURVE('',#2217,(#2221,#2228),.PCURVE_S1.);
#2217 = LINE('',#2218,#2219);
#2218 = CARTESIAN_POINT('',(20.042789839029,3.961904525757,
    -3.38633873381));
#2219 = VECTOR('',#2220,1.);
#2220 = DIRECTION('',(0.471400131956,0.,-0.881919449605));
#2221 = PCURVE('',#679,#2222);
#2222 = DEFINITIONAL_REPRESENTATION('',(#2223),#2227);
#2223 = LINE('',#2224,#2225);
#2224 = CARTESIAN_POINT('',(1.033759010607,-7.136062191686));
#2225 = VECTOR('',#2226,1.);
#2226 = DIRECTION('',(0.881919449605,0.471400131956));
#2227 = ( GEOMETRIC_REPRESENTATION_CONTEXT(2) 
PARAMETRIC_REPRESENTATION_CONTEXT() REPRESENTATION_CONTEXT('2D SPACE',''
  ) );
#2228 = PCURVE('',#2229,#2234);
#2229 = PLANE('',#2230);
#2230 = AXIS2_PLACEMENT_3D('',#2231,#2232,#2233);
#2231 = CARTESIAN_POINT('',(18.886799581429,-7.128772492704E-02,
    -1.223653103023));
#2232 = DIRECTION('',(0.881919449605,0.,0.471400131956));
#2233 = DIRECTION('',(-0.471400131956,0.,0.881919449605));
#2234 = DEFINITIONAL_REPRESENTATION('',(#2235),#2239);
#2235 = LINE('',#2236,#2237);
#2236 = CARTESIAN_POINT('',(-2.452248481145,-4.033192250684));
#2237 = VECTOR('',#2238,1.);
#2238 = DIRECTION('',(-1.,0.));
#2239 = ( GEOMETRIC_REPRESENTATION_CONTEXT(2) 
PARAMETRIC_REPRESENTATION_CONTEXT() REPRESENTATION_CONTEXT('2D SPACE',''
  ) );
#2240 = ORIENTED_EDGE('',*,*,#2241,.T.);
#2241 = EDGE_CURVE('',#2214,#2242,#2244,.T.);
#2242 = VERTEX_POINT('',#2243);
#2243 = CARTESIAN_POINT('',(19.072236755371,3.961904525757,
    -1.690048599243));
#2244 = SURFACE_CURVE('',#2245,(#2249,#2256),.PCURVE_S1.);
#2245 = LINE('',#2246,#2247);
#2246 = CARTESIAN_POINT('',(19.474502644929,3.961904525757,
    -3.016165370321));
#2247 = VECTOR('',#2248,1.);
#2248 = DIRECTION('',(0.290279896309,0.,-0.956941786003));
#2249 = PCURVE('',#679,#2250);
#2250 = DEFINITIONAL_REPRESENTATION('',(#2251),#2255);
#2251 = LINE('',#2252,#2253);
#2252 = CARTESIAN_POINT('',(0.663585647118,-7.704349385786));
#2253 = VECTOR('',#2254,1.);
#2254 = DIRECTION('',(0.956941786003,0.290279896309));
#2255 = ( GEOMETRIC_REPRESENTATION_CONTEXT(2) 
PARAMETRIC_REPRESENTATION_CONTEXT() REPRESENTATION_CONTEXT('2D SPACE',''
  ) );
#2256 = PCURVE('',#2257,#2262);
#2257 = PLANE('',#2258);
#2258 = AXIS2_PLACEMENT_3D('',#2259,#2260,#2261);
#2259 = CARTESIAN_POINT('',(19.009646994718,-7.128711867427E-02,
    -1.483714098969));
#2260 = DIRECTION('',(0.956941786003,0.,0.290279896309));
#2261 = DIRECTION('',(-0.290279896309,0.,0.956941786003));
#2262 = DEFINITIONAL_REPRESENTATION('',(#2263),#2267);
#2263 = LINE('',#2264,#2265);
#2264 = CARTESIAN_POINT('',(-1.601404906513,-4.033191644431));
#2265 = VECTOR('',#2266,1.);
#2266 = DIRECTION('',(-1.,0.));
#2267 = ( GEOMETRIC_REPRESENTATION_CONTEXT(2) 
PARAMETRIC_REPRESENTATION_CONTEXT() REPRESENTATION_CONTEXT('2D SPACE',''
  ) );
#2268 = ORIENTED_EDGE('',*,*,#2269,.T.);
#2269 = EDGE_CURVE('',#2242,#2270,#2272,.T.);
#2270 = VERTEX_POINT('',#2271);
#2271 = CARTESIAN_POINT('',(19.100526550293,3.961904525757,
    -1.977324867249));
#2272 = SURFACE_CURVE('',#2273,(#2277,#2284),.PCURVE_S1.);
#2273 = LINE('',#2274,#2275);
#2274 = CARTESIAN_POINT('',(19.147053935346,3.961904525757,
    -2.44979960858));
#2275 = VECTOR('',#2276,1.);
#2276 = DIRECTION('',(9.800187999851E-02,0.,-0.995186229565));
#2277 = PCURVE('',#679,#2278);
#2278 = DEFINITIONAL_REPRESENTATION('',(#2279),#2283);
#2279 = LINE('',#2280,#2281);
#2280 = CARTESIAN_POINT('',(9.721988537644E-02,-8.031798095369));
#2281 = VECTOR('',#2282,1.);
#2282 = DIRECTION('',(0.995186229565,9.800187999851E-02));
#2283 = ( GEOMETRIC_REPRESENTATION_CONTEXT(2) 
PARAMETRIC_REPRESENTATION_CONTEXT() REPRESENTATION_CONTEXT('2D SPACE',''
  ) );
#2284 = PCURVE('',#2285,#2290);
#2285 = PLANE('',#2286);
#2286 = AXIS2_PLACEMENT_3D('',#2287,#2288,#2289);
#2287 = CARTESIAN_POINT('',(19.079395454083,-7.128732848204E-02,
    -1.762743514682));
#2288 = DIRECTION('',(0.995186229565,0.,9.800187999851E-02));
#2289 = DIRECTION('',(-9.800187999851E-02,0.,0.995186229565));
#2290 = DEFINITIONAL_REPRESENTATION('',(#2291),#2295);
#2291 = LINE('',#2292,#2293);
#2292 = CARTESIAN_POINT('',(-0.690379421948,-4.033191854239));
#2293 = VECTOR('',#2294,1.);
#2294 = DIRECTION('',(-1.,0.));
#2295 = ( GEOMETRIC_REPRESENTATION_CONTEXT(2) 
PARAMETRIC_REPRESENTATION_CONTEXT() REPRESENTATION_CONTEXT('2D SPACE',''
  ) );
#2296 = ORIENTED_EDGE('',*,*,#2297,.T.);
#2297 = EDGE_CURVE('',#2270,#2298,#2300,.T.);
#2298 = VERTEX_POINT('',#2299);
#2299 = CARTESIAN_POINT('',(19.072236755371,3.961904525757,
    -2.264601135254));
#2300 = SURFACE_CURVE('',#2301,(#2305,#2312),.PCURVE_S1.);
#2301 = LINE('',#2302,#2303);
#2302 = CARTESIAN_POINT('',(19.117441482421,3.961904525757,
    -1.805557677396));
#2303 = VECTOR('',#2304,1.);
#2304 = DIRECTION('',(-9.800187999851E-02,0.,-0.995186229565));
#2305 = PCURVE('',#679,#2306);
#2306 = DEFINITIONAL_REPRESENTATION('',(#2307),#2311);
#2307 = LINE('',#2308,#2309);
#2308 = CARTESIAN_POINT('',(-0.547022045807,-8.061410548294));
#2309 = VECTOR('',#2310,1.);
#2310 = DIRECTION('',(0.995186229565,-9.800187999851E-02));
#2311 = ( GEOMETRIC_REPRESENTATION_CONTEXT(2) 
PARAMETRIC_REPRESENTATION_CONTEXT() REPRESENTATION_CONTEXT('2D SPACE',''
  ) );
#2312 = PCURVE('',#2313,#2318);
#2313 = PLANE('',#2314);
#2314 = AXIS2_PLACEMENT_3D('',#2315,#2316,#2317);
#2315 = CARTESIAN_POINT('',(19.093367851581,-7.128732848204E-02,
    -2.050019782687));
#2316 = DIRECTION('',(0.995186229565,0.,-9.800187999851E-02));
#2317 = DIRECTION('',(9.800187999851E-02,0.,0.995186229565));
#2318 = DEFINITIONAL_REPRESENTATION('',(#2319),#2323);
#2319 = LINE('',#2320,#2321);
#2320 = CARTESIAN_POINT('',(0.245644581917,-4.033191854239));
#2321 = VECTOR('',#2322,1.);
#2322 = DIRECTION('',(-1.,-0.));
#2323 = ( GEOMETRIC_REPRESENTATION_CONTEXT(2) 
PARAMETRIC_REPRESENTATION_CONTEXT() REPRESENTATION_CONTEXT('2D SPACE',''
  ) );
#2324 = ORIENTED_EDGE('',*,*,#2325,.T.);
#2325 = EDGE_CURVE('',#2298,#2326,#2328,.T.);
#2326 = VERTEX_POINT('',#2327);
#2327 = CARTESIAN_POINT('',(18.988443115234,3.961904525757,
    -2.540836715698));
#2328 = SURFACE_CURVE('',#2329,(#2333,#2340),.PCURVE_S1.);
#2329 = LINE('',#2330,#2331);
#2330 = CARTESIAN_POINT('',(19.390956930476,3.961904525757,
    -1.213902628474));
#2331 = VECTOR('',#2332,1.);
#2332 = DIRECTION('',(-0.290279896309,0.,-0.956941786003));
#2333 = PCURVE('',#679,#2334);
#2334 = DEFINITIONAL_REPRESENTATION('',(#2335),#2339);
#2335 = LINE('',#2336,#2337);
#2336 = CARTESIAN_POINT('',(-1.138677094729,-7.787895100239));
#2337 = VECTOR('',#2338,1.);
#2338 = DIRECTION('',(0.956941786003,-0.290279896309));
#2339 = ( GEOMETRIC_REPRESENTATION_CONTEXT(2) 
PARAMETRIC_REPRESENTATION_CONTEXT() REPRESENTATION_CONTEXT('2D SPACE',''
  ) );
#2340 = PCURVE('',#2341,#2346);
#2341 = PLANE('',#2342);
#2342 = AXIS2_PLACEMENT_3D('',#2343,#2344,#2345);
#2343 = CARTESIAN_POINT('',(19.051032875887,-7.128711867427E-02,
    -2.334502215424));
#2344 = DIRECTION('',(0.956941786003,0.,-0.290279896309));
#2345 = DIRECTION('',(0.290279896309,0.,0.956941786003));
#2346 = DEFINITIONAL_REPRESENTATION('',(#2347),#2351);
#2347 = LINE('',#2348,#2349);
#2348 = CARTESIAN_POINT('',(1.171021689449,-4.033191644431));
#2349 = VECTOR('',#2350,1.);
#2350 = DIRECTION('',(-1.,-0.));
#2351 = ( GEOMETRIC_REPRESENTATION_CONTEXT(2) 
PARAMETRIC_REPRESENTATION_CONTEXT() REPRESENTATION_CONTEXT('2D SPACE',''
  ) );
#2352 = ORIENTED_EDGE('',*,*,#2353,.T.);
#2353 = EDGE_CURVE('',#2326,#2354,#2356,.T.);
#2354 = VERTEX_POINT('',#2355);
#2355 = CARTESIAN_POINT('',(18.852365234375,3.961904525757,
    -2.795418167114));
#2356 = SURFACE_CURVE('',#2357,(#2361,#2368),.PCURVE_S1.);
#2357 = LINE('',#2358,#2359);
#2358 = CARTESIAN_POINT('',(19.920387125024,3.961904525757,
    -0.797308251319));
#2359 = VECTOR('',#2360,1.);
#2360 = DIRECTION('',(-0.471400131956,0.,-0.881919449605));
#2361 = PCURVE('',#679,#2362);
#2362 = DEFINITIONAL_REPRESENTATION('',(#2363),#2367);
#2363 = LINE('',#2364,#2365);
#2364 = CARTESIAN_POINT('',(-1.555271471884,-7.258464905691));
#2365 = VECTOR('',#2366,1.);
#2366 = DIRECTION('',(0.881919449605,-0.471400131956));
#2367 = ( GEOMETRIC_REPRESENTATION_CONTEXT(2) 
PARAMETRIC_REPRESENTATION_CONTEXT() REPRESENTATION_CONTEXT('2D SPACE',''
  ) );
#2368 = PCURVE('',#2369,#2374);
#2369 = PLANE('',#2370);
#2370 = AXIS2_PLACEMENT_3D('',#2371,#2372,#2373);
#2371 = CARTESIAN_POINT('',(18.95400876818,-7.128772492704E-02,
    -2.605258251339));
#2372 = DIRECTION('',(0.881919449605,0.,-0.471400131956));
#2373 = DIRECTION('',(0.471400131956,0.,0.881919449605));
#2374 = DEFINITIONAL_REPRESENTATION('',(#2375),#2379);
#2375 = LINE('',#2376,#2377);
#2376 = CARTESIAN_POINT('',(2.050017153867,-4.033192250684));
#2377 = VECTOR('',#2378,1.);
#2378 = DIRECTION('',(-1.,-0.));
#2379 = ( GEOMETRIC_REPRESENTATION_CONTEXT(2) 
PARAMETRIC_REPRESENTATION_CONTEXT() REPRESENTATION_CONTEXT('2D SPACE',''
  ) );
#2380 = ORIENTED_EDGE('',*,*,#2381,.T.);
#2381 = EDGE_CURVE('',#2354,#2382,#2384,.T.);
#2382 = VERTEX_POINT('',#2383);
#2383 = CARTESIAN_POINT('',(18.669236877441,3.961904525757,
    -3.018560791016));
#2384 = SURFACE_CURVE('',#2385,(#2389,#2396),.PCURVE_S1.);
#2385 = LINE('',#2386,#2387);
#2386 = CARTESIAN_POINT('',(20.613294152705,3.961904525757,
    -0.649719347339));
#2387 = VECTOR('',#2388,1.);
#2388 = DIRECTION('',(-0.63439315617,0.,-0.773010558404));
#2389 = PCURVE('',#679,#2390);
#2390 = DEFINITIONAL_REPRESENTATION('',(#2391),#2395);
#2391 = LINE('',#2392,#2393);
#2392 = CARTESIAN_POINT('',(-1.702860375865,-6.56555787801));
#2393 = VECTOR('',#2394,1.);
#2394 = DIRECTION('',(0.773010558404,-0.63439315617));
#2395 = ( GEOMETRIC_REPRESENTATION_CONTEXT(2) 
PARAMETRIC_REPRESENTATION_CONTEXT() REPRESENTATION_CONTEXT('2D SPACE',''
  ) );
#2396 = PCURVE('',#2397,#2402);
#2397 = PLANE('',#2398);
#2398 = AXIS2_PLACEMENT_3D('',#2399,#2400,#2401);
#2399 = CARTESIAN_POINT('',(18.806024820848,-7.128760691182E-02,
    -2.851884143439));
#2400 = DIRECTION('',(0.773010558404,0.,-0.63439315617));
#2401 = DIRECTION('',(0.63439315617,0.,0.773010558404));
#2402 = DEFINITIONAL_REPRESENTATION('',(#2403),#2407);
#2403 = LINE('',#2404,#2405);
#2404 = CARTESIAN_POINT('',(2.848815934218,-4.033192132669));
#2405 = VECTOR('',#2406,1.);
#2406 = DIRECTION('',(-1.,-0.));
#2407 = ( GEOMETRIC_REPRESENTATION_CONTEXT(2) 
PARAMETRIC_REPRESENTATION_CONTEXT() REPRESENTATION_CONTEXT('2D SPACE',''
  ) );
#2408 = ORIENTED_EDGE('',*,*,#2409,.T.);
#2409 = EDGE_CURVE('',#2382,#2410,#2412,.T.);
#2410 = VERTEX_POINT('',#2411);
#2411 = CARTESIAN_POINT('',(18.446092346191,3.961904525757,
    -3.201689147949));
#2412 = SURFACE_CURVE('',#2413,(#2417,#2424),.PCURVE_S1.);
#2413 = LINE('',#2414,#2415);
#2414 = CARTESIAN_POINT('',(21.346757331768,3.961904525757,
    -0.821196066412));
#2415 = VECTOR('',#2416,1.);
#2416 = DIRECTION('',(-0.773013217577,0.,-0.634389915943));
#2417 = PCURVE('',#679,#2418);
#2418 = DEFINITIONAL_REPRESENTATION('',(#2419),#2423);
#2419 = LINE('',#2420,#2421);
#2420 = CARTESIAN_POINT('',(-1.531383656791,-5.832094698947));
#2421 = VECTOR('',#2422,1.);
#2422 = DIRECTION('',(0.634389915943,-0.773013217577));
#2423 = ( GEOMETRIC_REPRESENTATION_CONTEXT(2) 
PARAMETRIC_REPRESENTATION_CONTEXT() REPRESENTATION_CONTEXT('2D SPACE',''
  ) );
#2424 = PCURVE('',#2425,#2430);
#2425 = PLANE('',#2426);
#2426 = AXIS2_PLACEMENT_3D('',#2427,#2428,#2429);
#2427 = CARTESIAN_POINT('',(18.61277041499,-7.128796652356E-02,
    -3.064901207393));
#2428 = DIRECTION('',(0.634389915943,-0.,-0.773013217577));
#2429 = DIRECTION('',(-0.773013217577,0.,-0.634389915943));
#2430 = DEFINITIONAL_REPRESENTATION('',(#2431),#2435);
#2431 = LINE('',#2432,#2433);
#2432 = CARTESIAN_POINT('',(-3.536791939141,4.03319249228));
#2433 = VECTOR('',#2434,1.);
#2434 = DIRECTION('',(1.,0.));
#2435 = ( GEOMETRIC_REPRESENTATION_CONTEXT(2) 
PARAMETRIC_REPRESENTATION_CONTEXT() REPRESENTATION_CONTEXT('2D SPACE',''
  ) );
#2436 = ORIENTED_EDGE('',*,*,#2437,.T.);
#2437 = EDGE_CURVE('',#2410,#2438,#2440,.T.);
#2438 = VERTEX_POINT('',#2439);
#2439 = CARTESIAN_POINT('',(18.191514709473,3.961904525757,
    -3.33776512146));
#2440 = SURFACE_CURVE('',#2441,(#2445,#2452),.PCURVE_S1.);
#2441 = LINE('',#2442,#2443);
#2442 = CARTESIAN_POINT('',(21.986475058167,3.961904525757,
    -1.309295808369));
#2443 = VECTOR('',#2444,1.);
#2444 = DIRECTION('',(-0.881919259975,0.,-0.471400486727));
#2445 = PCURVE('',#679,#2446);
#2446 = DEFINITIONAL_REPRESENTATION('',(#2447),#2451);
#2447 = LINE('',#2448,#2449);
#2448 = CARTESIAN_POINT('',(-1.043283914834,-5.192376972548));
#2449 = VECTOR('',#2450,1.);
#2450 = DIRECTION('',(0.471400486727,-0.881919259975));
#2451 = ( GEOMETRIC_REPRESENTATION_CONTEXT(2) 
PARAMETRIC_REPRESENTATION_CONTEXT() REPRESENTATION_CONTEXT('2D SPACE',''
  ) );
#2452 = PCURVE('',#2453,#2458);
#2453 = PLANE('',#2454);
#2454 = AXIS2_PLACEMENT_3D('',#2455,#2456,#2457);
#2455 = CARTESIAN_POINT('',(18.381671787315,-7.128668507451E-02,
    -3.236123006226));
#2456 = DIRECTION('',(0.471400486727,-0.,-0.881919259975));
#2457 = DIRECTION('',(-0.881919259975,0.,-0.471400486727));
#2458 = DEFINITIONAL_REPRESENTATION('',(#2459),#2463);
#2459 = LINE('',#2460,#2461);
#2460 = CARTESIAN_POINT('',(-4.087452711891,4.033191210831));
#2461 = VECTOR('',#2462,1.);
#2462 = DIRECTION('',(1.,0.));
#2463 = ( GEOMETRIC_REPRESENTATION_CONTEXT(2) 
PARAMETRIC_REPRESENTATION_CONTEXT() REPRESENTATION_CONTEXT('2D SPACE',''
  ) );
#2464 = ORIENTED_EDGE('',*,*,#2465,.T.);
#2465 = EDGE_CURVE('',#2438,#2466,#2468,.T.);
#2466 = VERTEX_POINT('',#2467);
#2467 = CARTESIAN_POINT('',(17.91527722168,3.961904525757,
    -3.421560668945));
#2468 = SURFACE_CURVE('',#2469,(#2473,#2480),.PCURVE_S1.);
#2469 = LINE('',#2470,#2471);
#2470 = CARTESIAN_POINT('',(22.408408878469,3.961904525757,
    -2.058586982381));
#2471 = VECTOR('',#2472,1.);
#2472 = DIRECTION('',(-0.956940507334,0.,-0.290284111558));
#2473 = PCURVE('',#679,#2474);
#2474 = DEFINITIONAL_REPRESENTATION('',(#2475),#2479);
#2475 = LINE('',#2476,#2477);
#2476 = CARTESIAN_POINT('',(-0.293992740822,-4.770443152246));
#2477 = VECTOR('',#2478,1.);
#2478 = DIRECTION('',(0.290284111558,-0.956940507334));
#2479 = ( GEOMETRIC_REPRESENTATION_CONTEXT(2) 
PARAMETRIC_REPRESENTATION_CONTEXT() REPRESENTATION_CONTEXT('2D SPACE',''
  ) );
#2480 = PCURVE('',#2481,#2486);
#2481 = PLANE('',#2482);
#2482 = AXIS2_PLACEMENT_3D('',#2483,#2484,#2485);
#2483 = CARTESIAN_POINT('',(18.121613139712,-7.128769889323E-02,
    -3.358969485701));
#2484 = DIRECTION('',(0.290284111558,-0.,-0.956940507334));
#2485 = DIRECTION('',(-0.956940507334,0.,-0.290284111558));
#2486 = DEFINITIONAL_REPRESENTATION('',(#2487),#2491);
#2487 = LINE('',#2488,#2489);
#2488 = CARTESIAN_POINT('',(-4.479688868745,4.03319222465));
#2489 = VECTOR('',#2490,1.);
#2490 = DIRECTION('',(1.,0.));
#2491 = ( GEOMETRIC_REPRESENTATION_CONTEXT(2) 
PARAMETRIC_REPRESENTATION_CONTEXT() REPRESENTATION_CONTEXT('2D SPACE',''
  ) );
#2492 = ORIENTED_EDGE('',*,*,#2493,.T.);
#2493 = EDGE_CURVE('',#2466,#2494,#2496,.T.);
#2494 = VERTEX_POINT('',#2495);
#2495 = CARTESIAN_POINT('',(17.628,3.961904525757,-3.449854278564));
#2496 = SURFACE_CURVE('',#2497,(#2501,#2508),.PCURVE_S1.);
#2497 = LINE('',#2498,#2499);
#2498 = CARTESIAN_POINT('',(22.518355707933,3.961904525757,
    -2.968208659431));
#2499 = VECTOR('',#2500,1.);
#2500 = DIRECTION('',(-0.995184972366,0.,-9.801464572212E-02));
#2501 = PCURVE('',#679,#2502);
#2502 = DEFINITIONAL_REPRESENTATION('',(#2503),#2507);
#2503 = LINE('',#2504,#2505);
#2504 = CARTESIAN_POINT('',(0.615628936227,-4.660496322782));
#2505 = VECTOR('',#2506,1.);
#2506 = DIRECTION('',(9.801464572212E-02,-0.995184972366));
#2507 = ( GEOMETRIC_REPRESENTATION_CONTEXT(2) 
PARAMETRIC_REPRESENTATION_CONTEXT() REPRESENTATION_CONTEXT('2D SPACE',''
  ) );
#2508 = PCURVE('',#2509,#2514);
#2509 = PLANE('',#2510);
#2510 = AXIS2_PLACEMENT_3D('',#2511,#2512,#2513);
#2511 = CARTESIAN_POINT('',(17.842582060902,-7.128765115506E-02,
    -3.428720333357));
#2512 = DIRECTION('',(9.801464572212E-02,-0.,-0.995184972366));
#2513 = DIRECTION('',(-0.995184972366,0.,-9.801464572212E-02));
#2514 = DEFINITIONAL_REPRESENTATION('',(#2515),#2519);
#2515 = LINE('',#2516,#2517);
#2516 = CARTESIAN_POINT('',(-4.698396556282,4.033192176912));
#2517 = VECTOR('',#2518,1.);
#2518 = DIRECTION('',(1.,0.));
#2519 = ( GEOMETRIC_REPRESENTATION_CONTEXT(2) 
PARAMETRIC_REPRESENTATION_CONTEXT() REPRESENTATION_CONTEXT('2D SPACE',''
  ) );
#2520 = ORIENTED_EDGE('',*,*,#2521,.T.);
#2521 = EDGE_CURVE('',#2494,#2522,#2524,.T.);
#2522 = VERTEX_POINT('',#2523);
#2523 = CARTESIAN_POINT('',(17.61199540915,3.961904525757,
    -3.448278004459));
#2524 = SURFACE_CURVE('',#2525,(#2529,#2536),.PCURVE_S1.);
#2525 = LINE('',#2526,#2527);
#2526 = CARTESIAN_POINT('',(22.267685971585,3.961904525757,
    -3.90681171803));
#2527 = VECTOR('',#2528,1.);
#2528 = DIRECTION('',(-0.995184972366,0.,9.801464572212E-02));
#2529 = PCURVE('',#679,#2530);
#2530 = DEFINITIONAL_REPRESENTATION('',(#2531),#2535);
#2531 = LINE('',#2532,#2533);
#2532 = CARTESIAN_POINT('',(1.554231994826,-4.91116605913));
#2533 = VECTOR('',#2534,1.);
#2534 = DIRECTION('',(-9.801464572212E-02,-0.995184972366));
#2535 = ( GEOMETRIC_REPRESENTATION_CONTEXT(2) 
PARAMETRIC_REPRESENTATION_CONTEXT() REPRESENTATION_CONTEXT('2D SPACE',''
  ) );
#2536 = PCURVE('',#2537,#2542);
#2537 = PLANE('',#2538);
#2538 = AXIS2_PLACEMENT_3D('',#2539,#2540,#2541);
#2539 = CARTESIAN_POINT('',(17.555304839223,-7.128765115506E-02,
    -3.442694614153));
#2540 = DIRECTION('',(-9.801464572212E-02,-0.,-0.995184972366));
#2541 = DIRECTION('',(-0.995184972366,0.,9.801464572212E-02));
#2542 = DEFINITIONAL_REPRESENTATION('',(#2543),#2547);
#2543 = LINE('',#2544,#2545);
#2544 = CARTESIAN_POINT('',(-4.7351811605,4.033192176912));
#2545 = VECTOR('',#2546,1.);
#2546 = DIRECTION('',(1.,0.));
#2547 = ( GEOMETRIC_REPRESENTATION_CONTEXT(2) 
PARAMETRIC_REPRESENTATION_CONTEXT() REPRESENTATION_CONTEXT('2D SPACE',''
  ) );
#2548 = ORIENTED_EDGE('',*,*,#2549,.F.);
#2549 = EDGE_CURVE('',#2550,#2522,#2552,.T.);
#2550 = VERTEX_POINT('',#2551);
#2551 = CARTESIAN_POINT('',(17.628,3.961904525757,-3.463142776489));
#2552 = SURFACE_CURVE('',#2553,(#2557,#2564),.PCURVE_S1.);
#2553 = LINE('',#2554,#2555);
#2554 = CARTESIAN_POINT('',(17.628,3.961904525757,-3.463142776489));
#2555 = VECTOR('',#2556,1.);
#2556 = DIRECTION('',(-0.732716642032,0.,0.680533851097));
#2557 = PCURVE('',#679,#2558);
#2558 = DEFINITIONAL_REPRESENTATION('',(#2559),#2563);
#2559 = LINE('',#2560,#2561);
#2560 = CARTESIAN_POINT('',(1.110563053286,-9.550852030715));
#2561 = VECTOR('',#2562,1.);
#2562 = DIRECTION('',(-0.680533851097,-0.732716642032));
#2563 = ( GEOMETRIC_REPRESENTATION_CONTEXT(2) 
PARAMETRIC_REPRESENTATION_CONTEXT() REPRESENTATION_CONTEXT('2D SPACE',''
  ) );
#2564 = PCURVE('',#2565,#2570);
#2565 = PLANE('',#2566);
#2566 = AXIS2_PLACEMENT_3D('',#2567,#2568,#2569);
#2567 = CARTESIAN_POINT('',(16.697922168954,4.672050746945,
    -2.599303453247));
#2568 = DIRECTION('',(-0.680533851097,-0.,-0.732716642032));
#2569 = DIRECTION('',(-0.732716642032,0.,0.680533851097));
#2570 = DEFINITIONAL_REPRESENTATION('',(#2571),#2575);
#2571 = LINE('',#2572,#2573);
#2572 = CARTESIAN_POINT('',(-1.269355406568,-0.710146221188));
#2573 = VECTOR('',#2574,1.);
#2574 = DIRECTION('',(1.,0.));
#2575 = ( GEOMETRIC_REPRESENTATION_CONTEXT(2) 
PARAMETRIC_REPRESENTATION_CONTEXT() REPRESENTATION_CONTEXT('2D SPACE',''
  ) );
#2576 = ORIENTED_EDGE('',*,*,#2577,.F.);
#2577 = EDGE_CURVE('',#723,#2550,#2578,.T.);
#2578 = SURFACE_CURVE('',#2579,(#2583,#2590),.PCURVE_S1.);
#2579 = LINE('',#2580,#2581);
#2580 = CARTESIAN_POINT('',(28.621019104004,3.961904525757,
    -3.463142776489));
#2581 = VECTOR('',#2582,1.);
#2582 = DIRECTION('',(-1.,0.,0.));
#2583 = PCURVE('',#679,#2584);
#2584 = DEFINITIONAL_REPRESENTATION('',(#2585),#2589);
#2585 = LINE('',#2586,#2587);
#2586 = CARTESIAN_POINT('',(1.110563053286,1.442167073289));
#2587 = VECTOR('',#2588,1.);
#2588 = DIRECTION('',(0.,-1.));
#2589 = ( GEOMETRIC_REPRESENTATION_CONTEXT(2) 
PARAMETRIC_REPRESENTATION_CONTEXT() REPRESENTATION_CONTEXT('2D SPACE',''
  ) );
#2590 = PCURVE('',#2591,#2596);
#2591 = PLANE('',#2592);
#2592 = AXIS2_PLACEMENT_3D('',#2593,#2594,#2595);
#2593 = CARTESIAN_POINT('',(27.380216342532,5.318292621219,
    -3.463143423266));
#2594 = DIRECTION('',(-0.,-4.768371582031E-07,-1.));
#2595 = DIRECTION('',(0.,-1.,4.768371582031E-07));
#2596 = DEFINITIONAL_REPRESENTATION('',(#2597),#2601);
#2597 = LINE('',#2598,#2599);
#2598 = CARTESIAN_POINT('',(1.356388095462,-1.240802761472));
#2599 = VECTOR('',#2600,1.);
#2600 = DIRECTION('',(0.,1.));
#2601 = ( GEOMETRIC_REPRESENTATION_CONTEXT(2) 
PARAMETRIC_REPRESENTATION_CONTEXT() REPRESENTATION_CONTEXT('2D SPACE',''
  ) );
#2602 = ADVANCED_FACE('',(#2603),#766,.T.);
#2603 = FACE_BOUND('',#2604,.T.);
#2604 = EDGE_LOOP('',(#2605,#2606,#2634,#2657));
#2605 = ORIENTED_EDGE('',*,*,#750,.F.);
#2606 = ORIENTED_EDGE('',*,*,#2607,.T.);
#2607 = EDGE_CURVE('',#721,#2608,#2610,.T.);
#2608 = VERTEX_POINT('',#2609);
#2609 = CARTESIAN_POINT('',(29.902696350098,-3.943599700928,
    -1.94275894165));
#2610 = SURFACE_CURVE('',#2611,(#2615,#2622),.PCURVE_S1.);
#2611 = LINE('',#2612,#2613);
#2612 = CARTESIAN_POINT('',(29.902696350098,3.961904525757,
    -1.942759895325));
#2613 = VECTOR('',#2614,1.);
#2614 = DIRECTION('',(0.,-1.,1.144746825503E-07));
#2615 = PCURVE('',#766,#2616);
#2616 = DEFINITIONAL_REPRESENTATION('',(#2617),#2621);
#2617 = LINE('',#2618,#2619);
#2618 = CARTESIAN_POINT('',(-3.184193858794,-1.855380305938));
#2619 = VECTOR('',#2620,1.);
#2620 = DIRECTION('',(1.,0.));
#2621 = ( GEOMETRIC_REPRESENTATION_CONTEXT(2) 
PARAMETRIC_REPRESENTATION_CONTEXT() REPRESENTATION_CONTEXT('2D SPACE',''
  ) );
#2622 = PCURVE('',#2623,#2628);
#2623 = PLANE('',#2624);
#2624 = AXIS2_PLACEMENT_3D('',#2625,#2626,#2627);
#2625 = CARTESIAN_POINT('',(29.902696350098,-4.691573786289,
    -0.930542540104));
#2626 = DIRECTION('',(1.,0.,0.));
#2627 = DIRECTION('',(-0.,0.,1.));
#2628 = DEFINITIONAL_REPRESENTATION('',(#2629),#2633);
#2629 = LINE('',#2630,#2631);
#2630 = CARTESIAN_POINT('',(-1.012217355221,-8.653478312046));
#2631 = VECTOR('',#2632,1.);
#2632 = DIRECTION('',(1.144746825503E-07,1.));
#2633 = ( GEOMETRIC_REPRESENTATION_CONTEXT(2) 
PARAMETRIC_REPRESENTATION_CONTEXT() REPRESENTATION_CONTEXT('2D SPACE',''
  ) );
#2634 = ORIENTED_EDGE('',*,*,#2635,.T.);
#2635 = EDGE_CURVE('',#2608,#2636,#2638,.T.);
#2636 = VERTEX_POINT('',#2637);
#2637 = CARTESIAN_POINT('',(24.229448059082,-3.943599700928,
    -1.942758990345));
#2638 = SURFACE_CURVE('',#2639,(#2643,#2650),.PCURVE_S1.);
#2639 = LINE('',#2640,#2641);
#2640 = CARTESIAN_POINT('',(23.028769419773,-3.943599700928,
    -1.942758990345));
#2641 = VECTOR('',#2642,1.);
#2642 = DIRECTION('',(-1.,0.,0.));
#2643 = PCURVE('',#766,#2644);
#2644 = DEFINITIONAL_REPRESENTATION('',(#2645),#2649);
#2645 = LINE('',#2646,#2647);
#2646 = CARTESIAN_POINT('',(4.72131036789,5.018546624387));
#2647 = VECTOR('',#2648,1.);
#2648 = DIRECTION('',(0.,1.));
#2649 = ( GEOMETRIC_REPRESENTATION_CONTEXT(2) 
PARAMETRIC_REPRESENTATION_CONTEXT() REPRESENTATION_CONTEXT('2D SPACE',''
  ) );
#2650 = PCURVE('',#154,#2651);
#2651 = DEFINITIONAL_REPRESENTATION('',(#2652),#2656);
#2652 = LINE('',#2653,#2654);
#2653 = CARTESIAN_POINT('',(-7.341641331831,5.018546624387));
#2654 = VECTOR('',#2655,1.);
#2655 = DIRECTION('',(0.,-1.));
#2656 = ( GEOMETRIC_REPRESENTATION_CONTEXT(2) 
PARAMETRIC_REPRESENTATION_CONTEXT() REPRESENTATION_CONTEXT('2D SPACE',''
  ) );
#2657 = ORIENTED_EDGE('',*,*,#2658,.F.);
#2658 = EDGE_CURVE('',#751,#2636,#2659,.T.);
#2659 = SURFACE_CURVE('',#2660,(#2664,#2671),.PCURVE_S1.);
#2660 = LINE('',#2661,#2662);
#2661 = CARTESIAN_POINT('',(24.229448059082,3.961904525757,
    -1.942759895325));
#2662 = VECTOR('',#2663,1.);
#2663 = DIRECTION('',(0.,-1.,1.144746825503E-07));
#2664 = PCURVE('',#766,#2665);
#2665 = DEFINITIONAL_REPRESENTATION('',(#2666),#2670);
#2666 = LINE('',#2667,#2668);
#2667 = CARTESIAN_POINT('',(-3.184193858794,3.817867985078));
#2668 = VECTOR('',#2669,1.);
#2669 = DIRECTION('',(1.,0.));
#2670 = ( GEOMETRIC_REPRESENTATION_CONTEXT(2) 
PARAMETRIC_REPRESENTATION_CONTEXT() REPRESENTATION_CONTEXT('2D SPACE',''
  ) );
#2671 = PCURVE('',#794,#2672);
#2672 = DEFINITIONAL_REPRESENTATION('',(#2673),#2677);
#2673 = LINE('',#2674,#2675);
#2674 = CARTESIAN_POINT('',(0.414496043448,-3.819741387129));
#2675 = VECTOR('',#2676,1.);
#2676 = DIRECTION('',(-1.144746825503E-07,1.));
#2677 = ( GEOMETRIC_REPRESENTATION_CONTEXT(2) 
PARAMETRIC_REPRESENTATION_CONTEXT() REPRESENTATION_CONTEXT('2D SPACE',''
  ) );
#2678 = ADVANCED_FACE('',(#2679),#2623,.T.);
#2679 = FACE_BOUND('',#2680,.T.);
#2680 = EDGE_LOOP('',(#2681,#2709,#2710,#2738,#2761,#2782,#2805,#2833));
#2681 = ORIENTED_EDGE('',*,*,#2682,.F.);
#2682 = EDGE_CURVE('',#2608,#2683,#2685,.T.);
#2683 = VERTEX_POINT('',#2684);
#2684 = CARTESIAN_POINT('',(29.902696350098,-5.943597793579,
    -1.94275894165));
#2685 = SURFACE_CURVE('',#2686,(#2690,#2697),.PCURVE_S1.);
#2686 = LINE('',#2687,#2688);
#2687 = CARTESIAN_POINT('',(29.902696350098,-3.943599700928,
    -1.94275894165));
#2688 = VECTOR('',#2689,1.);
#2689 = DIRECTION('',(0.,-1.,0.));
#2690 = PCURVE('',#2623,#2691);
#2691 = DEFINITIONAL_REPRESENTATION('',(#2692),#2696);
#2692 = LINE('',#2693,#2694);
#2693 = CARTESIAN_POINT('',(-1.012216401547,-0.747974085361));
#2694 = VECTOR('',#2695,1.);
#2695 = DIRECTION('',(0.,1.));
#2696 = ( GEOMETRIC_REPRESENTATION_CONTEXT(2) 
PARAMETRIC_REPRESENTATION_CONTEXT() REPRESENTATION_CONTEXT('2D SPACE',''
  ) );
#2697 = PCURVE('',#2698,#2703);
#2698 = PLANE('',#2699);
#2699 = AXIS2_PLACEMENT_3D('',#2700,#2701,#2702);
#2700 = CARTESIAN_POINT('',(29.45009422974,-4.651548231294,
    -2.479656159341));
#2701 = DIRECTION('',(0.764575604312,1.708507373013E-16,-0.644534052856)
  );
#2702 = DIRECTION('',(0.644534052856,0.,0.764575604312));
#2703 = DEFINITIONAL_REPRESENTATION('',(#2704),#2708);
#2704 = LINE('',#2705,#2706);
#2705 = CARTESIAN_POINT('',(0.702215993634,-0.707948530367));
#2706 = VECTOR('',#2707,1.);
#2707 = DIRECTION('',(0.,1.));
#2708 = ( GEOMETRIC_REPRESENTATION_CONTEXT(2) 
PARAMETRIC_REPRESENTATION_CONTEXT() REPRESENTATION_CONTEXT('2D SPACE',''
  ) );
#2709 = ORIENTED_EDGE('',*,*,#2607,.F.);
#2710 = ORIENTED_EDGE('',*,*,#2711,.T.);
#2711 = EDGE_CURVE('',#721,#2712,#2714,.T.);
#2712 = VERTEX_POINT('',#2713);
#2713 = CARTESIAN_POINT('',(29.902696350098,5.961904525757,
    -1.942759895325));
#2714 = SURFACE_CURVE('',#2715,(#2719,#2726),.PCURVE_S1.);
#2715 = LINE('',#2716,#2717);
#2716 = CARTESIAN_POINT('',(29.902696350098,3.961904525757,
    -1.942759895325));
#2717 = VECTOR('',#2718,1.);
#2718 = DIRECTION('',(0.,1.,0.));
#2719 = PCURVE('',#2623,#2720);
#2720 = DEFINITIONAL_REPRESENTATION('',(#2721),#2725);
#2721 = LINE('',#2722,#2723);
#2722 = CARTESIAN_POINT('',(-1.012217355221,-8.653478312046));
#2723 = VECTOR('',#2724,1.);
#2724 = DIRECTION('',(0.,-1.));
#2725 = ( GEOMETRIC_REPRESENTATION_CONTEXT(2) 
PARAMETRIC_REPRESENTATION_CONTEXT() REPRESENTATION_CONTEXT('2D SPACE',''
  ) );
#2726 = PCURVE('',#2727,#2732);
#2727 = PLANE('',#2728);
#2728 = AXIS2_PLACEMENT_3D('',#2729,#2730,#2731);
#2729 = CARTESIAN_POINT('',(29.450094319134,5.25395518041,
    -2.479657006973));
#2730 = DIRECTION('',(0.764575604312,0.,-0.644534052856));
#2731 = DIRECTION('',(0.644534052856,0.,0.764575604312));
#2732 = DEFINITIONAL_REPRESENTATION('',(#2733),#2737);
#2733 = LINE('',#2734,#2735);
#2734 = CARTESIAN_POINT('',(0.70221585494,1.292050654653));
#2735 = VECTOR('',#2736,1.);
#2736 = DIRECTION('',(0.,-1.));
#2737 = ( GEOMETRIC_REPRESENTATION_CONTEXT(2) 
PARAMETRIC_REPRESENTATION_CONTEXT() REPRESENTATION_CONTEXT('2D SPACE',''
  ) );
#2738 = ORIENTED_EDGE('',*,*,#2739,.T.);
#2739 = EDGE_CURVE('',#2712,#2740,#2742,.T.);
#2740 = VERTEX_POINT('',#2741);
#2741 = CARTESIAN_POINT('',(29.902696350098,5.961904525757,
    -0.422376060486));
#2742 = SURFACE_CURVE('',#2743,(#2747,#2754),.PCURVE_S1.);
#2743 = LINE('',#2744,#2745);
#2744 = CARTESIAN_POINT('',(29.902696350098,5.961904525757,
    -1.942759895325));
#2745 = VECTOR('',#2746,1.);
#2746 = DIRECTION('',(0.,0.,1.));
#2747 = PCURVE('',#2623,#2748);
#2748 = DEFINITIONAL_REPRESENTATION('',(#2749),#2753);
#2749 = LINE('',#2750,#2751);
#2750 = CARTESIAN_POINT('',(-1.012217355221,-10.65347831204));
#2751 = VECTOR('',#2752,1.);
#2752 = DIRECTION('',(1.,0.));
#2753 = ( GEOMETRIC_REPRESENTATION_CONTEXT(2) 
PARAMETRIC_REPRESENTATION_CONTEXT() REPRESENTATION_CONTEXT('2D SPACE',''
  ) );
#2754 = PCURVE('',#606,#2755);
#2755 = DEFINITIONAL_REPRESENTATION('',(#2756),#2760);
#2756 = LINE('',#2757,#2758);
#2757 = CARTESIAN_POINT('',(-7.085132280095,8.3844255381));
#2758 = VECTOR('',#2759,1.);
#2759 = DIRECTION('',(1.,0.));
#2760 = ( GEOMETRIC_REPRESENTATION_CONTEXT(2) 
PARAMETRIC_REPRESENTATION_CONTEXT() REPRESENTATION_CONTEXT('2D SPACE',''
  ) );
#2761 = ORIENTED_EDGE('',*,*,#2762,.F.);
#2762 = EDGE_CURVE('',#807,#2740,#2763,.T.);
#2763 = SURFACE_CURVE('',#2764,(#2768,#2775),.PCURVE_S1.);
#2764 = LINE('',#2765,#2766);
#2765 = CARTESIAN_POINT('',(29.902696350098,3.961904525757,
    -0.422376060486));
#2766 = VECTOR('',#2767,1.);
#2767 = DIRECTION('',(0.,1.,0.));
#2768 = PCURVE('',#2623,#2769);
#2769 = DEFINITIONAL_REPRESENTATION('',(#2770),#2774);
#2770 = LINE('',#2771,#2772);
#2771 = CARTESIAN_POINT('',(0.508166479618,-8.653478312046));
#2772 = VECTOR('',#2773,1.);
#2773 = DIRECTION('',(0.,-1.));
#2774 = ( GEOMETRIC_REPRESENTATION_CONTEXT(2) 
PARAMETRIC_REPRESENTATION_CONTEXT() REPRESENTATION_CONTEXT('2D SPACE',''
  ) );
#2775 = PCURVE('',#705,#2776);
#2776 = DEFINITIONAL_REPRESENTATION('',(#2777),#2781);
#2777 = LINE('',#2778,#2779);
#2778 = CARTESIAN_POINT('',(-8.179164719627,1.4677158293));
#2779 = VECTOR('',#2780,1.);
#2780 = DIRECTION('',(0.,-1.));
#2781 = ( GEOMETRIC_REPRESENTATION_CONTEXT(2) 
PARAMETRIC_REPRESENTATION_CONTEXT() REPRESENTATION_CONTEXT('2D SPACE',''
  ) );
#2782 = ORIENTED_EDGE('',*,*,#2783,.T.);
#2783 = EDGE_CURVE('',#807,#2784,#2786,.T.);
#2784 = VERTEX_POINT('',#2785);
#2785 = CARTESIAN_POINT('',(29.902696350098,-3.943599700928,
    -0.422376060486));
#2786 = SURFACE_CURVE('',#2787,(#2791,#2798),.PCURVE_S1.);
#2787 = LINE('',#2788,#2789);
#2788 = CARTESIAN_POINT('',(29.902696350098,3.961904525757,
    -0.422376060486));
#2789 = VECTOR('',#2790,1.);
#2790 = DIRECTION('',(0.,-1.,0.));
#2791 = PCURVE('',#2623,#2792);
#2792 = DEFINITIONAL_REPRESENTATION('',(#2793),#2797);
#2793 = LINE('',#2794,#2795);
#2794 = CARTESIAN_POINT('',(0.508166479618,-8.653478312046));
#2795 = VECTOR('',#2796,1.);
#2796 = DIRECTION('',(0.,1.));
#2797 = ( GEOMETRIC_REPRESENTATION_CONTEXT(2) 
PARAMETRIC_REPRESENTATION_CONTEXT() REPRESENTATION_CONTEXT('2D SPACE',''
  ) );
#2798 = PCURVE('',#822,#2799);
#2799 = DEFINITIONAL_REPRESENTATION('',(#2800),#2804);
#2800 = LINE('',#2801,#2802);
#2801 = CARTESIAN_POINT('',(3.817867985078,3.184193858794));
#2802 = VECTOR('',#2803,1.);
#2803 = DIRECTION('',(0.,-1.));
#2804 = ( GEOMETRIC_REPRESENTATION_CONTEXT(2) 
PARAMETRIC_REPRESENTATION_CONTEXT() REPRESENTATION_CONTEXT('2D SPACE',''
  ) );
#2805 = ORIENTED_EDGE('',*,*,#2806,.F.);
#2806 = EDGE_CURVE('',#2807,#2784,#2809,.T.);
#2807 = VERTEX_POINT('',#2808);
#2808 = CARTESIAN_POINT('',(29.902696350098,-5.943597793579,
    -0.422376060486));
#2809 = SURFACE_CURVE('',#2810,(#2814,#2821),.PCURVE_S1.);
#2810 = LINE('',#2811,#2812);
#2811 = CARTESIAN_POINT('',(29.902696350098,-5.943597793579,
    -0.422376060486));
#2812 = VECTOR('',#2813,1.);
#2813 = DIRECTION('',(0.,1.,0.));
#2814 = PCURVE('',#2623,#2815);
#2815 = DEFINITIONAL_REPRESENTATION('',(#2816),#2820);
#2816 = LINE('',#2817,#2818);
#2817 = CARTESIAN_POINT('',(0.508166479618,1.25202400729));
#2818 = VECTOR('',#2819,1.);
#2819 = DIRECTION('',(0.,-1.));
#2820 = ( GEOMETRIC_REPRESENTATION_CONTEXT(2) 
PARAMETRIC_REPRESENTATION_CONTEXT() REPRESENTATION_CONTEXT('2D SPACE',''
  ) );
#2821 = PCURVE('',#2822,#2827);
#2822 = PLANE('',#2823);
#2823 = AXIS2_PLACEMENT_3D('',#2824,#2825,#2826);
#2824 = CARTESIAN_POINT('',(24.154331919505,-4.475883871628,
    5.396132501327));
#2825 = DIRECTION('',(0.711381756116,-3.912622198645E-16,0.702805803238)
  );
#2826 = DIRECTION('',(-0.702805803238,-2.465190328816E-32,0.711381756116
    ));
#2827 = DEFINITIONAL_REPRESENTATION('',(#2828),#2832);
#2828 = LINE('',#2829,#2830);
#2829 = CARTESIAN_POINT('',(-8.179164719627,1.467713921951));
#2830 = VECTOR('',#2831,1.);
#2831 = DIRECTION('',(0.,-1.));
#2832 = ( GEOMETRIC_REPRESENTATION_CONTEXT(2) 
PARAMETRIC_REPRESENTATION_CONTEXT() REPRESENTATION_CONTEXT('2D SPACE',''
  ) );
#2833 = ORIENTED_EDGE('',*,*,#2834,.F.);
#2834 = EDGE_CURVE('',#2683,#2807,#2835,.T.);
#2835 = SURFACE_CURVE('',#2836,(#2840,#2847),.PCURVE_S1.);
#2836 = LINE('',#2837,#2838);
#2837 = CARTESIAN_POINT('',(29.902696350098,-5.943597793579,
    -1.94275894165));
#2838 = VECTOR('',#2839,1.);
#2839 = DIRECTION('',(0.,0.,1.));
#2840 = PCURVE('',#2623,#2841);
#2841 = DEFINITIONAL_REPRESENTATION('',(#2842),#2846);
#2842 = LINE('',#2843,#2844);
#2843 = CARTESIAN_POINT('',(-1.012216401547,1.25202400729));
#2844 = VECTOR('',#2845,1.);
#2845 = DIRECTION('',(1.,0.));
#2846 = ( GEOMETRIC_REPRESENTATION_CONTEXT(2) 
PARAMETRIC_REPRESENTATION_CONTEXT() REPRESENTATION_CONTEXT('2D SPACE',''
  ) );
#2847 = PCURVE('',#2848,#2853);
#2848 = PLANE('',#2849);
#2849 = AXIS2_PLACEMENT_3D('',#2850,#2851,#2852);
#2850 = CARTESIAN_POINT('',(24.12199356557,-5.943597793579,
    -0.825922110547));
#2851 = DIRECTION('',(-0.,-1.,-0.));
#2852 = DIRECTION('',(0.,0.,-1.));
#2853 = DEFINITIONAL_REPRESENTATION('',(#2854),#2858);
#2854 = LINE('',#2855,#2856);
#2855 = CARTESIAN_POINT('',(1.116836831104,5.780702784528));
#2856 = VECTOR('',#2857,1.);
#2857 = DIRECTION('',(-1.,0.));
#2858 = ( GEOMETRIC_REPRESENTATION_CONTEXT(2) 
PARAMETRIC_REPRESENTATION_CONTEXT() REPRESENTATION_CONTEXT('2D SPACE',''
  ) );
#2859 = ADVANCED_FACE('',(#2860),#2848,.T.);
#2860 = FACE_BOUND('',#2861,.T.);
#2861 = EDGE_LOOP('',(#2862,#2863,#2891,#2919,#2947,#2975,#3003));
#2862 = ORIENTED_EDGE('',*,*,#2834,.T.);
#2863 = ORIENTED_EDGE('',*,*,#2864,.F.);
#2864 = EDGE_CURVE('',#2865,#2807,#2867,.T.);
#2865 = VERTEX_POINT('',#2866);
#2866 = CARTESIAN_POINT('',(17.628,-5.943597793579,-0.422376060486));
#2867 = SURFACE_CURVE('',#2868,(#2872,#2879),.PCURVE_S1.);
#2868 = LINE('',#2869,#2870);
#2869 = CARTESIAN_POINT('',(17.628,-5.943597793579,-0.422376060486));
#2870 = VECTOR('',#2871,1.);
#2871 = DIRECTION('',(1.,0.,0.));
#2872 = PCURVE('',#2848,#2873);
#2873 = DEFINITIONAL_REPRESENTATION('',(#2874),#2878);
#2874 = LINE('',#2875,#2876);
#2875 = CARTESIAN_POINT('',(-0.403546050061,-6.49399356557));
#2876 = VECTOR('',#2877,1.);
#2877 = DIRECTION('',(0.,1.));
#2878 = ( GEOMETRIC_REPRESENTATION_CONTEXT(2) 
PARAMETRIC_REPRESENTATION_CONTEXT() REPRESENTATION_CONTEXT('2D SPACE',''
  ) );
#2879 = PCURVE('',#2880,#2885);
#2880 = PLANE('',#2881);
#2881 = AXIS2_PLACEMENT_3D('',#2882,#2883,#2884);
#2882 = CARTESIAN_POINT('',(23.86407166526,-5.943598788335,
    5.299718428047));
#2883 = DIRECTION('',(-0.,-1.,-1.738446696138E-07));
#2884 = DIRECTION('',(0.,1.738446696138E-07,-1.));
#2885 = DEFINITIONAL_REPRESENTATION('',(#2886),#2890);
#2886 = LINE('',#2887,#2888);
#2887 = CARTESIAN_POINT('',(5.722094488533,-6.23607166526));
#2888 = VECTOR('',#2889,1.);
#2889 = DIRECTION('',(0.,1.));
#2890 = ( GEOMETRIC_REPRESENTATION_CONTEXT(2) 
PARAMETRIC_REPRESENTATION_CONTEXT() REPRESENTATION_CONTEXT('2D SPACE',''
  ) );
#2891 = ORIENTED_EDGE('',*,*,#2892,.F.);
#2892 = EDGE_CURVE('',#2893,#2865,#2895,.T.);
#2893 = VERTEX_POINT('',#2894);
#2894 = CARTESIAN_POINT('',(16.192605712891,-5.943597793579,
    0.244207000732));
#2895 = SURFACE_CURVE('',#2896,(#2900,#2907),.PCURVE_S1.);
#2896 = LINE('',#2897,#2898);
#2897 = CARTESIAN_POINT('',(16.192605712891,-5.943597793579,
    0.244207000732));
#2898 = VECTOR('',#2899,1.);
#2899 = DIRECTION('',(0.906972763371,0.,-0.421189276339));
#2900 = PCURVE('',#2848,#2901);
#2901 = DEFINITIONAL_REPRESENTATION('',(#2902),#2906);
#2902 = LINE('',#2903,#2904);
#2903 = CARTESIAN_POINT('',(-1.070129111279,-7.929387852679));
#2904 = VECTOR('',#2905,1.);
#2905 = DIRECTION('',(0.421189276339,0.906972763371));
#2906 = ( GEOMETRIC_REPRESENTATION_CONTEXT(2) 
PARAMETRIC_REPRESENTATION_CONTEXT() REPRESENTATION_CONTEXT('2D SPACE',''
  ) );
#2907 = PCURVE('',#2908,#2913);
#2908 = PLANE('',#2909);
#2909 = AXIS2_PLACEMENT_3D('',#2910,#2911,#2912);
#2910 = CARTESIAN_POINT('',(16.593094873674,-5.9435986729,4.194389545421
    ));
#2911 = DIRECTION('',(-9.872625034811E-08,-1.,-2.125933045439E-07));
#2912 = DIRECTION('',(0.,2.125933045439E-07,-1.));
#2913 = DEFINITIONAL_REPRESENTATION('',(#2914),#2918);
#2914 = LINE('',#2915,#2916);
#2915 = CARTESIAN_POINT('',(3.950182544689,-0.400489160783));
#2916 = VECTOR('',#2917,1.);
#2917 = DIRECTION('',(0.421189276339,0.906972763371));
#2918 = ( GEOMETRIC_REPRESENTATION_CONTEXT(2) 
PARAMETRIC_REPRESENTATION_CONTEXT() REPRESENTATION_CONTEXT('2D SPACE',''
  ) );
#2919 = ORIENTED_EDGE('',*,*,#2920,.F.);
#2920 = EDGE_CURVE('',#2921,#2893,#2923,.T.);
#2921 = VERTEX_POINT('',#2922);
#2922 = CARTESIAN_POINT('',(16.192605712891,-5.943597793579,
    -2.12997379303));
#2923 = SURFACE_CURVE('',#2924,(#2928,#2935),.PCURVE_S1.);
#2924 = LINE('',#2925,#2926);
#2925 = CARTESIAN_POINT('',(16.192605712891,-5.943597793579,
    -2.12997379303));
#2926 = VECTOR('',#2927,1.);
#2927 = DIRECTION('',(0.,0.,1.));
#2928 = PCURVE('',#2848,#2929);
#2929 = DEFINITIONAL_REPRESENTATION('',(#2930),#2934);
#2930 = LINE('',#2931,#2932);
#2931 = CARTESIAN_POINT('',(1.304051682483,-7.929387852679));
#2932 = VECTOR('',#2933,1.);
#2933 = DIRECTION('',(-1.,0.));
#2934 = ( GEOMETRIC_REPRESENTATION_CONTEXT(2) 
PARAMETRIC_REPRESENTATION_CONTEXT() REPRESENTATION_CONTEXT('2D SPACE',''
  ) );
#2935 = PCURVE('',#2936,#2941);
#2936 = PLANE('',#2937);
#2937 = AXIS2_PLACEMENT_3D('',#2938,#2939,#2940);
#2938 = CARTESIAN_POINT('',(16.192605712891,-5.38854445989,
    5.175062080752));
#2939 = DIRECTION('',(-1.,-0.,-0.));
#2940 = DIRECTION('',(0.,0.,-1.));
#2941 = DEFINITIONAL_REPRESENTATION('',(#2942),#2946);
#2942 = LINE('',#2943,#2944);
#2943 = CARTESIAN_POINT('',(7.305035873781,0.555053333689));
#2944 = VECTOR('',#2945,1.);
#2945 = DIRECTION('',(-1.,0.));
#2946 = ( GEOMETRIC_REPRESENTATION_CONTEXT(2) 
PARAMETRIC_REPRESENTATION_CONTEXT() REPRESENTATION_CONTEXT('2D SPACE',''
  ) );
#2947 = ORIENTED_EDGE('',*,*,#2948,.F.);
#2948 = EDGE_CURVE('',#2949,#2921,#2951,.T.);
#2949 = VERTEX_POINT('',#2950);
#2950 = CARTESIAN_POINT('',(17.628,-5.943597793579,-3.463142776489));
#2951 = SURFACE_CURVE('',#2952,(#2956,#2963),.PCURVE_S1.);
#2952 = LINE('',#2953,#2954);
#2953 = CARTESIAN_POINT('',(17.628,-5.943597793579,-3.463142776489));
#2954 = VECTOR('',#2955,1.);
#2955 = DIRECTION('',(-0.732716399287,0.,0.680534112456));
#2956 = PCURVE('',#2848,#2957);
#2957 = DEFINITIONAL_REPRESENTATION('',(#2958),#2962);
#2958 = LINE('',#2959,#2960);
#2959 = CARTESIAN_POINT('',(2.637220665942,-6.49399356557));
#2960 = VECTOR('',#2961,1.);
#2961 = DIRECTION('',(-0.680534112456,-0.732716399287));
#2962 = ( GEOMETRIC_REPRESENTATION_CONTEXT(2) 
PARAMETRIC_REPRESENTATION_CONTEXT() REPRESENTATION_CONTEXT('2D SPACE',''
  ) );
#2963 = PCURVE('',#2964,#2969);
#2964 = PLANE('',#2965);
#2965 = AXIS2_PLACEMENT_3D('',#2966,#2967,#2968);
#2966 = CARTESIAN_POINT('',(17.122683409484,-4.653745055914,
    -2.993813609337));
#2967 = DIRECTION('',(-0.680534112456,-0.,-0.732716399287));
#2968 = DIRECTION('',(-0.732716399287,0.,0.680534112456));
#2969 = DEFINITIONAL_REPRESENTATION('',(#2970),#2974);
#2970 = LINE('',#2971,#2972);
#2971 = CARTESIAN_POINT('',(-0.689648260921,-1.289852737665));
#2972 = VECTOR('',#2973,1.);
#2973 = DIRECTION('',(1.,0.));
#2974 = ( GEOMETRIC_REPRESENTATION_CONTEXT(2) 
PARAMETRIC_REPRESENTATION_CONTEXT() REPRESENTATION_CONTEXT('2D SPACE',''
  ) );
#2975 = ORIENTED_EDGE('',*,*,#2976,.F.);
#2976 = EDGE_CURVE('',#2977,#2949,#2979,.T.);
#2977 = VERTEX_POINT('',#2978);
#2978 = CARTESIAN_POINT('',(28.621019104004,-5.943597793579,
    -3.463142776489));
#2979 = SURFACE_CURVE('',#2980,(#2984,#2991),.PCURVE_S1.);
#2980 = LINE('',#2981,#2982);
#2981 = CARTESIAN_POINT('',(28.621019104004,-5.943597793579,
    -3.463142776489));
#2982 = VECTOR('',#2983,1.);
#2983 = DIRECTION('',(-1.,0.,0.));
#2984 = PCURVE('',#2848,#2985);
#2985 = DEFINITIONAL_REPRESENTATION('',(#2986),#2990);
#2986 = LINE('',#2987,#2988);
#2987 = CARTESIAN_POINT('',(2.637220665942,4.499025538434));
#2988 = VECTOR('',#2989,1.);
#2989 = DIRECTION('',(0.,-1.));
#2990 = ( GEOMETRIC_REPRESENTATION_CONTEXT(2) 
PARAMETRIC_REPRESENTATION_CONTEXT() REPRESENTATION_CONTEXT('2D SPACE',''
  ) );
#2991 = PCURVE('',#2992,#2997);
#2992 = PLANE('',#2993);
#2993 = AXIS2_PLACEMENT_3D('',#2994,#2995,#2996);
#2994 = CARTESIAN_POINT('',(23.579396020576,-4.48871227868,
    -3.463142776489));
#2995 = DIRECTION('',(-0.,-0.,-1.));
#2996 = DIRECTION('',(-1.,0.,0.));
#2997 = DEFINITIONAL_REPRESENTATION('',(#2998),#3002);
#2998 = LINE('',#2999,#3000);
#2999 = CARTESIAN_POINT('',(-5.041623083428,-1.454885514899));
#3000 = VECTOR('',#3001,1.);
#3001 = DIRECTION('',(1.,0.));
#3002 = ( GEOMETRIC_REPRESENTATION_CONTEXT(2) 
PARAMETRIC_REPRESENTATION_CONTEXT() REPRESENTATION_CONTEXT('2D SPACE',''
  ) );
#3003 = ORIENTED_EDGE('',*,*,#3004,.F.);
#3004 = EDGE_CURVE('',#2683,#2977,#3005,.T.);
#3005 = SURFACE_CURVE('',#3006,(#3010,#3017),.PCURVE_S1.);
#3006 = LINE('',#3007,#3008);
#3007 = CARTESIAN_POINT('',(29.902696350098,-5.943597793579,
    -1.94275894165));
#3008 = VECTOR('',#3009,1.);
#3009 = DIRECTION('',(-0.644534052856,0.,-0.764575604312));
#3010 = PCURVE('',#2848,#3011);
#3011 = DEFINITIONAL_REPRESENTATION('',(#3012),#3016);
#3012 = LINE('',#3013,#3014);
#3013 = CARTESIAN_POINT('',(1.116836831104,5.780702784528));
#3014 = VECTOR('',#3015,1.);
#3015 = DIRECTION('',(0.764575604312,-0.644534052856));
#3016 = ( GEOMETRIC_REPRESENTATION_CONTEXT(2) 
PARAMETRIC_REPRESENTATION_CONTEXT() REPRESENTATION_CONTEXT('2D SPACE',''
  ) );
#3017 = PCURVE('',#2698,#3018);
#3018 = DEFINITIONAL_REPRESENTATION('',(#3019),#3023);
#3019 = LINE('',#3020,#3021);
#3020 = CARTESIAN_POINT('',(0.702215993634,1.292049562285));
#3021 = VECTOR('',#3022,1.);
#3022 = DIRECTION('',(-1.,-2.465190328816E-32));
#3023 = ( GEOMETRIC_REPRESENTATION_CONTEXT(2) 
PARAMETRIC_REPRESENTATION_CONTEXT() REPRESENTATION_CONTEXT('2D SPACE',''
  ) );
#3024 = ADVANCED_FACE('',(#3025),#2992,.T.);
#3025 = FACE_BOUND('',#3026,.T.);
#3026 = EDGE_LOOP('',(#3027,#3052,#3073,#3074));
#3027 = ORIENTED_EDGE('',*,*,#3028,.T.);
#3028 = EDGE_CURVE('',#3029,#3031,#3033,.T.);
#3029 = VERTEX_POINT('',#3030);
#3030 = CARTESIAN_POINT('',(17.628,-3.943599700928,-3.463142776489));
#3031 = VERTEX_POINT('',#3032);
#3032 = CARTESIAN_POINT('',(28.621019104004,-3.943599700928,
    -3.463142776489));
#3033 = SURFACE_CURVE('',#3034,(#3038,#3045),.PCURVE_S1.);
#3034 = LINE('',#3035,#3036);
#3035 = CARTESIAN_POINT('',(17.628,-3.943599700928,-3.463142776489));
#3036 = VECTOR('',#3037,1.);
#3037 = DIRECTION('',(1.,0.,0.));
#3038 = PCURVE('',#2992,#3039);
#3039 = DEFINITIONAL_REPRESENTATION('',(#3040),#3044);
#3040 = LINE('',#3041,#3042);
#3041 = CARTESIAN_POINT('',(5.951396020576,0.545112577752));
#3042 = VECTOR('',#3043,1.);
#3043 = DIRECTION('',(-1.,0.));
#3044 = ( GEOMETRIC_REPRESENTATION_CONTEXT(2) 
PARAMETRIC_REPRESENTATION_CONTEXT() REPRESENTATION_CONTEXT('2D SPACE',''
  ) );
#3045 = PCURVE('',#154,#3046);
#3046 = DEFINITIONAL_REPRESENTATION('',(#3047),#3051);
#3047 = LINE('',#3048,#3049);
#3048 = CARTESIAN_POINT('',(-8.862025117976,-0.382222795385));
#3049 = VECTOR('',#3050,1.);
#3050 = DIRECTION('',(0.,1.));
#3051 = ( GEOMETRIC_REPRESENTATION_CONTEXT(2) 
PARAMETRIC_REPRESENTATION_CONTEXT() REPRESENTATION_CONTEXT('2D SPACE',''
  ) );
#3052 = ORIENTED_EDGE('',*,*,#3053,.T.);
#3053 = EDGE_CURVE('',#3031,#2977,#3054,.T.);
#3054 = SURFACE_CURVE('',#3055,(#3059,#3066),.PCURVE_S1.);
#3055 = LINE('',#3056,#3057);
#3056 = CARTESIAN_POINT('',(28.621019104004,-3.943599700928,
    -3.463142776489));
#3057 = VECTOR('',#3058,1.);
#3058 = DIRECTION('',(0.,-1.,0.));
#3059 = PCURVE('',#2992,#3060);
#3060 = DEFINITIONAL_REPRESENTATION('',(#3061),#3065);
#3061 = LINE('',#3062,#3063);
#3062 = CARTESIAN_POINT('',(-5.041623083428,0.545112577752));
#3063 = VECTOR('',#3064,1.);
#3064 = DIRECTION('',(0.,-1.));
#3065 = ( GEOMETRIC_REPRESENTATION_CONTEXT(2) 
PARAMETRIC_REPRESENTATION_CONTEXT() REPRESENTATION_CONTEXT('2D SPACE',''
  ) );
#3066 = PCURVE('',#2698,#3067);
#3067 = DEFINITIONAL_REPRESENTATION('',(#3068),#3072);
#3068 = LINE('',#3069,#3070);
#3069 = CARTESIAN_POINT('',(-1.286317025552,-0.707948530367));
#3070 = VECTOR('',#3071,1.);
#3071 = DIRECTION('',(0.,1.));
#3072 = ( GEOMETRIC_REPRESENTATION_CONTEXT(2) 
PARAMETRIC_REPRESENTATION_CONTEXT() REPRESENTATION_CONTEXT('2D SPACE',''
  ) );
#3073 = ORIENTED_EDGE('',*,*,#2976,.T.);
#3074 = ORIENTED_EDGE('',*,*,#3075,.T.);
#3075 = EDGE_CURVE('',#2949,#3029,#3076,.T.);
#3076 = SURFACE_CURVE('',#3077,(#3081,#3088),.PCURVE_S1.);
#3077 = LINE('',#3078,#3079);
#3078 = CARTESIAN_POINT('',(17.628,-5.943597793579,-3.463142776489));
#3079 = VECTOR('',#3080,1.);
#3080 = DIRECTION('',(0.,1.,0.));
#3081 = PCURVE('',#2992,#3082);
#3082 = DEFINITIONAL_REPRESENTATION('',(#3083),#3087);
#3083 = LINE('',#3084,#3085);
#3084 = CARTESIAN_POINT('',(5.951396020576,-1.454885514899));
#3085 = VECTOR('',#3086,1.);
#3086 = DIRECTION('',(0.,1.));
#3087 = ( GEOMETRIC_REPRESENTATION_CONTEXT(2) 
PARAMETRIC_REPRESENTATION_CONTEXT() REPRESENTATION_CONTEXT('2D SPACE',''
  ) );
#3088 = PCURVE('',#2964,#3089);
#3089 = DEFINITIONAL_REPRESENTATION('',(#3090),#3094);
#3090 = LINE('',#3091,#3092);
#3091 = CARTESIAN_POINT('',(-0.689648260921,-1.289852737665));
#3092 = VECTOR('',#3093,1.);
#3093 = DIRECTION('',(0.,1.));
#3094 = ( GEOMETRIC_REPRESENTATION_CONTEXT(2) 
PARAMETRIC_REPRESENTATION_CONTEXT() REPRESENTATION_CONTEXT('2D SPACE',''
  ) );
#3095 = ADVANCED_FACE('',(#3096),#2964,.T.);
#3096 = FACE_BOUND('',#3097,.T.);
#3097 = EDGE_LOOP('',(#3098,#3123,#3144,#3145,#3146,#3169));
#3098 = ORIENTED_EDGE('',*,*,#3099,.T.);
#3099 = EDGE_CURVE('',#3100,#3102,#3104,.T.);
#3100 = VERTEX_POINT('',#3101);
#3101 = CARTESIAN_POINT('',(17.611995421956,-5.916728973389,
    -3.44827800572));
#3102 = VERTEX_POINT('',#3103);
#3103 = CARTESIAN_POINT('',(17.611995421956,-3.943599700928,
    -3.44827800572));
#3104 = SURFACE_CURVE('',#3105,(#3109,#3116),.PCURVE_S1.);
#3105 = LINE('',#3106,#3107);
#3106 = CARTESIAN_POINT('',(17.611995421956,-2.362516353535,
    -3.44827800572));
#3107 = VECTOR('',#3108,1.);
#3108 = DIRECTION('',(0.,1.,0.));
#3109 = PCURVE('',#2964,#3110);
#3110 = DEFINITIONAL_REPRESENTATION('',(#3111),#3115);
#3111 = LINE('',#3112,#3113);
#3112 = CARTESIAN_POINT('',(-0.667805460542,2.291228702379));
#3113 = VECTOR('',#3114,1.);
#3114 = DIRECTION('',(0.,1.));
#3115 = ( GEOMETRIC_REPRESENTATION_CONTEXT(2) 
PARAMETRIC_REPRESENTATION_CONTEXT() REPRESENTATION_CONTEXT('2D SPACE',''
  ) );
#3116 = PCURVE('',#2537,#3117);
#3117 = DEFINITIONAL_REPRESENTATION('',(#3118),#3122);
#3118 = LINE('',#3119,#3120);
#3119 = CARTESIAN_POINT('',(-5.696487015782E-02,-2.291228702379));
#3120 = VECTOR('',#3121,1.);
#3121 = DIRECTION('',(0.,1.));
#3122 = ( GEOMETRIC_REPRESENTATION_CONTEXT(2) 
PARAMETRIC_REPRESENTATION_CONTEXT() REPRESENTATION_CONTEXT('2D SPACE',''
  ) );
#3123 = ORIENTED_EDGE('',*,*,#3124,.T.);
#3124 = EDGE_CURVE('',#3102,#3029,#3125,.T.);
#3125 = SURFACE_CURVE('',#3126,(#3130,#3137),.PCURVE_S1.);
#3126 = LINE('',#3127,#3128);
#3127 = CARTESIAN_POINT('',(16.192605712891,-3.943599700928,
    -2.12997379303));
#3128 = VECTOR('',#3129,1.);
#3129 = DIRECTION('',(0.732716399287,0.,-0.680534112456));
#3130 = PCURVE('',#2964,#3131);
#3131 = DEFINITIONAL_REPRESENTATION('',(#3132),#3136);
#3132 = LINE('',#3133,#3134);
#3133 = CARTESIAN_POINT('',(1.269355643599,0.710145354986));
#3134 = VECTOR('',#3135,1.);
#3135 = DIRECTION('',(-1.,0.));
#3136 = ( GEOMETRIC_REPRESENTATION_CONTEXT(2) 
PARAMETRIC_REPRESENTATION_CONTEXT() REPRESENTATION_CONTEXT('2D SPACE',''
  ) );
#3137 = PCURVE('',#154,#3138);
#3138 = DEFINITIONAL_REPRESENTATION('',(#3139),#3143);
#3139 = LINE('',#3140,#3141);
#3140 = CARTESIAN_POINT('',(-7.528856134516,-1.817617082494));
#3141 = VECTOR('',#3142,1.);
#3142 = DIRECTION('',(-0.680534112456,0.732716399287));
#3143 = ( GEOMETRIC_REPRESENTATION_CONTEXT(2) 
PARAMETRIC_REPRESENTATION_CONTEXT() REPRESENTATION_CONTEXT('2D SPACE',''
  ) );
#3144 = ORIENTED_EDGE('',*,*,#3075,.F.);
#3145 = ORIENTED_EDGE('',*,*,#2948,.T.);
#3146 = ORIENTED_EDGE('',*,*,#3147,.T.);
#3147 = EDGE_CURVE('',#2921,#3148,#3150,.T.);
#3148 = VERTEX_POINT('',#3149);
#3149 = CARTESIAN_POINT('',(16.192605712891,-5.916728973389,
    -2.12997379303));
#3150 = SURFACE_CURVE('',#3151,(#3155,#3162),.PCURVE_S1.);
#3151 = LINE('',#3152,#3153);
#3152 = CARTESIAN_POINT('',(16.192605712891,-5.943597793579,
    -2.12997379303));
#3153 = VECTOR('',#3154,1.);
#3154 = DIRECTION('',(0.,1.,0.));
#3155 = PCURVE('',#2964,#3156);
#3156 = DEFINITIONAL_REPRESENTATION('',(#3157),#3161);
#3157 = LINE('',#3158,#3159);
#3158 = CARTESIAN_POINT('',(1.269355643599,-1.289852737665));
#3159 = VECTOR('',#3160,1.);
#3160 = DIRECTION('',(0.,1.));
#3161 = ( GEOMETRIC_REPRESENTATION_CONTEXT(2) 
PARAMETRIC_REPRESENTATION_CONTEXT() REPRESENTATION_CONTEXT('2D SPACE',''
  ) );
#3162 = PCURVE('',#2936,#3163);
#3163 = DEFINITIONAL_REPRESENTATION('',(#3164),#3168);
#3164 = LINE('',#3165,#3166);
#3165 = CARTESIAN_POINT('',(7.305035873781,0.555053333689));
#3166 = VECTOR('',#3167,1.);
#3167 = DIRECTION('',(0.,-1.));
#3168 = ( GEOMETRIC_REPRESENTATION_CONTEXT(2) 
PARAMETRIC_REPRESENTATION_CONTEXT() REPRESENTATION_CONTEXT('2D SPACE',''
  ) );
#3169 = ORIENTED_EDGE('',*,*,#3170,.T.);
#3170 = EDGE_CURVE('',#3148,#3100,#3171,.T.);
#3171 = SURFACE_CURVE('',#3172,(#3176,#3183),.PCURVE_S1.);
#3172 = LINE('',#3173,#3174);
#3173 = CARTESIAN_POINT('',(16.726013351941,-5.916728973389,
    -2.625393432295));
#3174 = VECTOR('',#3175,1.);
#3175 = DIRECTION('',(0.732716399287,0.,-0.680534112456));
#3176 = PCURVE('',#2964,#3177);
#3177 = DEFINITIONAL_REPRESENTATION('',(#3178),#3182);
#3178 = LINE('',#3179,#3180);
#3179 = CARTESIAN_POINT('',(0.541369154462,-1.262983917475));
#3180 = VECTOR('',#3181,1.);
#3181 = DIRECTION('',(-1.,0.));
#3182 = ( GEOMETRIC_REPRESENTATION_CONTEXT(2) 
PARAMETRIC_REPRESENTATION_CONTEXT() REPRESENTATION_CONTEXT('2D SPACE',''
  ) );
#3183 = PCURVE('',#3184,#3189);
#3184 = PLANE('',#3185);
#3185 = AXIS2_PLACEMENT_3D('',#3186,#3187,#3188);
#3186 = CARTESIAN_POINT('',(17.911140664408,-5.916728973389,
    -0.553886147432));
#3187 = DIRECTION('',(-0.,-1.,-0.));
#3188 = DIRECTION('',(0.,0.,-1.));
#3189 = DEFINITIONAL_REPRESENTATION('',(#3190),#3194);
#3190 = LINE('',#3191,#3192);
#3191 = CARTESIAN_POINT('',(2.071507284863,-1.185127312467));
#3192 = VECTOR('',#3193,1.);
#3193 = DIRECTION('',(0.680534112456,0.732716399287));
#3194 = ( GEOMETRIC_REPRESENTATION_CONTEXT(2) 
PARAMETRIC_REPRESENTATION_CONTEXT() REPRESENTATION_CONTEXT('2D SPACE',''
  ) );
#3195 = ADVANCED_FACE('',(#3196),#3184,.T.);
#3196 = FACE_BOUND('',#3197,.T.);
#3197 = EDGE_LOOP('',(#3198,#3221,#3244,#3272,#3300,#3328,#3356,#3384,
    #3412,#3440,#3468,#3489));
#3198 = ORIENTED_EDGE('',*,*,#3199,.F.);
#3199 = EDGE_CURVE('',#3200,#3148,#3202,.T.);
#3200 = VERTEX_POINT('',#3201);
#3201 = CARTESIAN_POINT('',(16.192605712891,-5.916728973389,
    -1.66089836363));
#3202 = SURFACE_CURVE('',#3203,(#3207,#3214),.PCURVE_S1.);
#3203 = LINE('',#3204,#3205);
#3204 = CARTESIAN_POINT('',(16.192605712891,-5.916728973389,
    2.31058796666));
#3205 = VECTOR('',#3206,1.);
#3206 = DIRECTION('',(0.,0.,-1.));
#3207 = PCURVE('',#3184,#3208);
#3208 = DEFINITIONAL_REPRESENTATION('',(#3209),#3213);
#3209 = LINE('',#3210,#3211);
#3210 = CARTESIAN_POINT('',(-2.864474114092,-1.718534951517));
#3211 = VECTOR('',#3212,1.);
#3212 = DIRECTION('',(1.,0.));
#3213 = ( GEOMETRIC_REPRESENTATION_CONTEXT(2) 
PARAMETRIC_REPRESENTATION_CONTEXT() REPRESENTATION_CONTEXT('2D SPACE',''
  ) );
#3214 = PCURVE('',#2936,#3215);
#3215 = DEFINITIONAL_REPRESENTATION('',(#3216),#3220);
#3216 = LINE('',#3217,#3218);
#3217 = CARTESIAN_POINT('',(2.864474114092,0.528184513499));
#3218 = VECTOR('',#3219,1.);
#3219 = DIRECTION('',(1.,0.));
#3220 = ( GEOMETRIC_REPRESENTATION_CONTEXT(2) 
PARAMETRIC_REPRESENTATION_CONTEXT() REPRESENTATION_CONTEXT('2D SPACE',''
  ) );
#3221 = ORIENTED_EDGE('',*,*,#3222,.F.);
#3222 = EDGE_CURVE('',#3223,#3200,#3225,.T.);
#3223 = VERTEX_POINT('',#3224);
#3224 = CARTESIAN_POINT('',(16.183763244629,-5.916728973389,
    -1.690048599243));
#3225 = SURFACE_CURVE('',#3226,(#3230,#3237),.PCURVE_S1.);
#3226 = LINE('',#3227,#3228);
#3227 = CARTESIAN_POINT('',(16.183763244629,-5.916728973389,
    -1.690048599243));
#3228 = VECTOR('',#3229,1.);
#3229 = DIRECTION('',(0.290279896309,0.,0.956941786003));
#3230 = PCURVE('',#3184,#3231);
#3231 = DEFINITIONAL_REPRESENTATION('',(#3232),#3236);
#3232 = LINE('',#3233,#3234);
#3233 = CARTESIAN_POINT('',(1.136162451811,-1.727377419779));
#3234 = VECTOR('',#3235,1.);
#3235 = DIRECTION('',(-0.956941786003,0.290279896309));
#3236 = ( GEOMETRIC_REPRESENTATION_CONTEXT(2) 
PARAMETRIC_REPRESENTATION_CONTEXT() REPRESENTATION_CONTEXT('2D SPACE',''
  ) );
#3237 = PCURVE('',#1893,#3238);
#3238 = DEFINITIONAL_REPRESENTATION('',(#3239),#3243);
#3239 = LINE('',#3240,#3241);
#3240 = CARTESIAN_POINT('',(7.304632443917E-02,5.845441854714));
#3241 = VECTOR('',#3242,1.);
#3242 = DIRECTION('',(-1.,0.));
#3243 = ( GEOMETRIC_REPRESENTATION_CONTEXT(2) 
PARAMETRIC_REPRESENTATION_CONTEXT() REPRESENTATION_CONTEXT('2D SPACE',''
  ) );
#3244 = ORIENTED_EDGE('',*,*,#3245,.F.);
#3245 = EDGE_CURVE('',#3246,#3223,#3248,.T.);
#3246 = VERTEX_POINT('',#3247);
#3247 = CARTESIAN_POINT('',(16.155473449707,-5.916728973389,
    -1.977324867249));
#3248 = SURFACE_CURVE('',#3249,(#3253,#3260),.PCURVE_S1.);
#3249 = LINE('',#3250,#3251);
#3250 = CARTESIAN_POINT('',(16.155473449707,-5.916728973389,
    -1.977324867249));
#3251 = VECTOR('',#3252,1.);
#3252 = DIRECTION('',(9.800187999851E-02,0.,0.995186229565));
#3253 = PCURVE('',#3184,#3254);
#3254 = DEFINITIONAL_REPRESENTATION('',(#3255),#3259);
#3255 = LINE('',#3256,#3257);
#3256 = CARTESIAN_POINT('',(1.423438719817,-1.755667214701));
#3257 = VECTOR('',#3258,1.);
#3258 = DIRECTION('',(-0.995186229565,9.800187999851E-02));
#3259 = ( GEOMETRIC_REPRESENTATION_CONTEXT(2) 
PARAMETRIC_REPRESENTATION_CONTEXT() REPRESENTATION_CONTEXT('2D SPACE',''
  ) );
#3260 = PCURVE('',#3261,#3266);
#3261 = PLANE('',#3262);
#3262 = AXIS2_PLACEMENT_3D('',#3263,#3264,#3265);
#3263 = CARTESIAN_POINT('',(16.162632148419,-7.128732848204E-02,
    -1.90462995181));
#3264 = DIRECTION('',(-0.995186229565,-0.,9.800187999851E-02));
#3265 = DIRECTION('',(-9.800187999851E-02,0.,-0.995186229565));
#3266 = DEFINITIONAL_REPRESENTATION('',(#3267),#3271);
#3267 = LINE('',#3268,#3269);
#3268 = CARTESIAN_POINT('',(7.304654473579E-02,5.845441644907));
#3269 = VECTOR('',#3270,1.);
#3270 = DIRECTION('',(-1.,0.));
#3271 = ( GEOMETRIC_REPRESENTATION_CONTEXT(2) 
PARAMETRIC_REPRESENTATION_CONTEXT() REPRESENTATION_CONTEXT('2D SPACE',''
  ) );
#3272 = ORIENTED_EDGE('',*,*,#3273,.F.);
#3273 = EDGE_CURVE('',#3274,#3246,#3276,.T.);
#3274 = VERTEX_POINT('',#3275);
#3275 = CARTESIAN_POINT('',(16.183763244629,-5.916728973389,
    -2.264601135254));
#3276 = SURFACE_CURVE('',#3277,(#3281,#3288),.PCURVE_S1.);
#3277 = LINE('',#3278,#3279);
#3278 = CARTESIAN_POINT('',(16.183763244629,-5.916728973389,
    -2.264601135254));
#3279 = VECTOR('',#3280,1.);
#3280 = DIRECTION('',(-9.800187999851E-02,0.,0.995186229565));
#3281 = PCURVE('',#3184,#3282);
#3282 = DEFINITIONAL_REPRESENTATION('',(#3283),#3287);
#3283 = LINE('',#3284,#3285);
#3284 = CARTESIAN_POINT('',(1.710714987822,-1.727377419779));
#3285 = VECTOR('',#3286,1.);
#3286 = DIRECTION('',(-0.995186229565,-9.800187999851E-02));
#3287 = ( GEOMETRIC_REPRESENTATION_CONTEXT(2) 
PARAMETRIC_REPRESENTATION_CONTEXT() REPRESENTATION_CONTEXT('2D SPACE',''
  ) );
#3288 = PCURVE('',#3289,#3294);
#3289 = PLANE('',#3290);
#3290 = AXIS2_PLACEMENT_3D('',#3291,#3292,#3293);
#3291 = CARTESIAN_POINT('',(16.176604545917,-7.128732848204E-02,
    -2.191906219816));
#3292 = DIRECTION('',(-0.995186229565,-0.,-9.800187999851E-02));
#3293 = DIRECTION('',(9.800187999851E-02,0.,-0.995186229565));
#3294 = DEFINITIONAL_REPRESENTATION('',(#3295),#3299);
#3295 = LINE('',#3296,#3297);
#3296 = CARTESIAN_POINT('',(7.304654473579E-02,5.845441644907));
#3297 = VECTOR('',#3298,1.);
#3298 = DIRECTION('',(-1.,0.));
#3299 = ( GEOMETRIC_REPRESENTATION_CONTEXT(2) 
PARAMETRIC_REPRESENTATION_CONTEXT() REPRESENTATION_CONTEXT('2D SPACE',''
  ) );
#3300 = ORIENTED_EDGE('',*,*,#3301,.F.);
#3301 = EDGE_CURVE('',#3302,#3274,#3304,.T.);
#3302 = VERTEX_POINT('',#3303);
#3303 = CARTESIAN_POINT('',(16.267556884766,-5.916728973389,
    -2.540836715698));
#3304 = SURFACE_CURVE('',#3305,(#3309,#3316),.PCURVE_S1.);
#3305 = LINE('',#3306,#3307);
#3306 = CARTESIAN_POINT('',(16.267556884766,-5.916728973389,
    -2.540836715698));
#3307 = VECTOR('',#3308,1.);
#3308 = DIRECTION('',(-0.290279896309,0.,0.956941786003));
#3309 = PCURVE('',#3184,#3310);
#3310 = DEFINITIONAL_REPRESENTATION('',(#3311),#3315);
#3311 = LINE('',#3312,#3313);
#3312 = CARTESIAN_POINT('',(1.986950568266,-1.643583779642));
#3313 = VECTOR('',#3314,1.);
#3314 = DIRECTION('',(-0.956941786003,-0.290279896309));
#3315 = ( GEOMETRIC_REPRESENTATION_CONTEXT(2) 
PARAMETRIC_REPRESENTATION_CONTEXT() REPRESENTATION_CONTEXT('2D SPACE',''
  ) );
#3316 = PCURVE('',#3317,#3322);
#3317 = PLANE('',#3318);
#3318 = AXIS2_PLACEMENT_3D('',#3319,#3320,#3321);
#3319 = CARTESIAN_POINT('',(16.246353005282,-7.128711867427E-02,
    -2.470935635528));
#3320 = DIRECTION('',(-0.956941786003,-0.,-0.290279896309));
#3321 = DIRECTION('',(0.290279896309,0.,-0.956941786003));
#3322 = DEFINITIONAL_REPRESENTATION('',(#3323),#3327);
#3323 = LINE('',#3324,#3325);
#3324 = CARTESIAN_POINT('',(7.304632443917E-02,5.845441854714));
#3325 = VECTOR('',#3326,1.);
#3326 = DIRECTION('',(-1.,0.));
#3327 = ( GEOMETRIC_REPRESENTATION_CONTEXT(2) 
PARAMETRIC_REPRESENTATION_CONTEXT() REPRESENTATION_CONTEXT('2D SPACE',''
  ) );
#3328 = ORIENTED_EDGE('',*,*,#3329,.F.);
#3329 = EDGE_CURVE('',#3330,#3302,#3332,.T.);
#3330 = VERTEX_POINT('',#3331);
#3331 = CARTESIAN_POINT('',(16.403634765625,-5.916728973389,
    -2.795418167114));
#3332 = SURFACE_CURVE('',#3333,(#3337,#3344),.PCURVE_S1.);
#3333 = LINE('',#3334,#3335);
#3334 = CARTESIAN_POINT('',(16.403634765625,-5.916728973389,
    -2.795418167114));
#3335 = VECTOR('',#3336,1.);
#3336 = DIRECTION('',(-0.471400131956,0.,0.881919449605));
#3337 = PCURVE('',#3184,#3338);
#3338 = DEFINITIONAL_REPRESENTATION('',(#3339),#3343);
#3339 = LINE('',#3340,#3341);
#3340 = CARTESIAN_POINT('',(2.241532019682,-1.507505898783));
#3341 = VECTOR('',#3342,1.);
#3342 = DIRECTION('',(-0.881919449605,-0.471400131956));
#3343 = ( GEOMETRIC_REPRESENTATION_CONTEXT(2) 
PARAMETRIC_REPRESENTATION_CONTEXT() REPRESENTATION_CONTEXT('2D SPACE',''
  ) );
#3344 = PCURVE('',#3345,#3350);
#3345 = PLANE('',#3346);
#3346 = AXIS2_PLACEMENT_3D('',#3347,#3348,#3349);
#3347 = CARTESIAN_POINT('',(16.369200418571,-7.128772492704E-02,
    -2.730996631474));
#3348 = DIRECTION('',(-0.881919449605,-0.,-0.471400131956));
#3349 = DIRECTION('',(0.471400131956,0.,-0.881919449605));
#3350 = DEFINITIONAL_REPRESENTATION('',(#3351),#3355);
#3351 = LINE('',#3352,#3353);
#3352 = CARTESIAN_POINT('',(7.304696100023E-02,5.845441248462));
#3353 = VECTOR('',#3354,1.);
#3354 = DIRECTION('',(-1.,0.));
#3355 = ( GEOMETRIC_REPRESENTATION_CONTEXT(2) 
PARAMETRIC_REPRESENTATION_CONTEXT() REPRESENTATION_CONTEXT('2D SPACE',''
  ) );
#3356 = ORIENTED_EDGE('',*,*,#3357,.F.);
#3357 = EDGE_CURVE('',#3358,#3330,#3360,.T.);
#3358 = VERTEX_POINT('',#3359);
#3359 = CARTESIAN_POINT('',(16.586763122559,-5.916728973389,
    -3.018560791016));
#3360 = SURFACE_CURVE('',#3361,(#3365,#3372),.PCURVE_S1.);
#3361 = LINE('',#3362,#3363);
#3362 = CARTESIAN_POINT('',(16.586763122559,-5.916728973389,
    -3.018560791016));
#3363 = VECTOR('',#3364,1.);
#3364 = DIRECTION('',(-0.63439315617,0.,0.773010558404));
#3365 = PCURVE('',#3184,#3366);
#3366 = DEFINITIONAL_REPRESENTATION('',(#3367),#3371);
#3367 = LINE('',#3368,#3369);
#3368 = CARTESIAN_POINT('',(2.464674643584,-1.324377541849));
#3369 = VECTOR('',#3370,1.);
#3370 = DIRECTION('',(-0.773010558404,-0.63439315617));
#3371 = ( GEOMETRIC_REPRESENTATION_CONTEXT(2) 
PARAMETRIC_REPRESENTATION_CONTEXT() REPRESENTATION_CONTEXT('2D SPACE',''
  ) );
#3372 = PCURVE('',#3373,#3378);
#3373 = PLANE('',#3374);
#3374 = AXIS2_PLACEMENT_3D('',#3375,#3376,#3377);
#3375 = CARTESIAN_POINT('',(16.540422709032,-7.128760691182E-02,
    -2.962094814691));
#3376 = DIRECTION('',(-0.773010558404,-0.,-0.63439315617));
#3377 = DIRECTION('',(0.63439315617,0.,-0.773010558404));
#3378 = DEFINITIONAL_REPRESENTATION('',(#3379),#3383);
#3379 = LINE('',#3380,#3381);
#3380 = CARTESIAN_POINT('',(7.304683708507E-02,5.845441366477));
#3381 = VECTOR('',#3382,1.);
#3382 = DIRECTION('',(-1.,0.));
#3383 = ( GEOMETRIC_REPRESENTATION_CONTEXT(2) 
PARAMETRIC_REPRESENTATION_CONTEXT() REPRESENTATION_CONTEXT('2D SPACE',''
  ) );
#3384 = ORIENTED_EDGE('',*,*,#3385,.F.);
#3385 = EDGE_CURVE('',#3386,#3358,#3388,.T.);
#3386 = VERTEX_POINT('',#3387);
#3387 = CARTESIAN_POINT('',(16.809907653809,-5.916728973389,
    -3.201689147949));
#3388 = SURFACE_CURVE('',#3389,(#3393,#3400),.PCURVE_S1.);
#3389 = LINE('',#3390,#3391);
#3390 = CARTESIAN_POINT('',(16.809907653809,-5.916728973389,
    -3.201689147949));
#3391 = VECTOR('',#3392,1.);
#3392 = DIRECTION('',(-0.773013217577,0.,0.634389915943));
#3393 = PCURVE('',#3184,#3394);
#3394 = DEFINITIONAL_REPRESENTATION('',(#3395),#3399);
#3395 = LINE('',#3396,#3397);
#3396 = CARTESIAN_POINT('',(2.647803000517,-1.101233010599));
#3397 = VECTOR('',#3398,1.);
#3398 = DIRECTION('',(-0.634389915943,-0.773013217577));
#3399 = ( GEOMETRIC_REPRESENTATION_CONTEXT(2) 
PARAMETRIC_REPRESENTATION_CONTEXT() REPRESENTATION_CONTEXT('2D SPACE',''
  ) );
#3400 = PCURVE('',#3401,#3406);
#3401 = PLANE('',#3402);
#3402 = AXIS2_PLACEMENT_3D('',#3403,#3404,#3405);
#3403 = CARTESIAN_POINT('',(16.753441191358,-7.128796652356E-02,
    -3.155348731572));
#3404 = DIRECTION('',(-0.634389915943,-0.,-0.773013217577));
#3405 = DIRECTION('',(-0.773013217577,0.,0.634389915943));
#3406 = DEFINITIONAL_REPRESENTATION('',(#3407),#3411);
#3407 = LINE('',#3408,#3409);
#3408 = CARTESIAN_POINT('',(-7.304721467491E-02,-5.845441006865));
#3409 = VECTOR('',#3410,1.);
#3410 = DIRECTION('',(1.,0.));
#3411 = ( GEOMETRIC_REPRESENTATION_CONTEXT(2) 
PARAMETRIC_REPRESENTATION_CONTEXT() REPRESENTATION_CONTEXT('2D SPACE',''
  ) );
#3412 = ORIENTED_EDGE('',*,*,#3413,.F.);
#3413 = EDGE_CURVE('',#3414,#3386,#3416,.T.);
#3414 = VERTEX_POINT('',#3415);
#3415 = CARTESIAN_POINT('',(17.064485290527,-5.916728973389,
    -3.33776512146));
#3416 = SURFACE_CURVE('',#3417,(#3421,#3428),.PCURVE_S1.);
#3417 = LINE('',#3418,#3419);
#3418 = CARTESIAN_POINT('',(17.064485290527,-5.916728973389,
    -3.33776512146));
#3419 = VECTOR('',#3420,1.);
#3420 = DIRECTION('',(-0.881919259975,0.,0.471400486727));
#3421 = PCURVE('',#3184,#3422);
#3422 = DEFINITIONAL_REPRESENTATION('',(#3423),#3427);
#3423 = LINE('',#3424,#3425);
#3424 = CARTESIAN_POINT('',(2.783878974028,-0.846655373881));
#3425 = VECTOR('',#3426,1.);
#3426 = DIRECTION('',(-0.471400486727,-0.881919259975));
#3427 = ( GEOMETRIC_REPRESENTATION_CONTEXT(2) 
PARAMETRIC_REPRESENTATION_CONTEXT() REPRESENTATION_CONTEXT('2D SPACE',''
  ) );
#3428 = PCURVE('',#3429,#3434);
#3429 = PLANE('',#3430);
#3430 = AXIS2_PLACEMENT_3D('',#3431,#3432,#3433);
#3431 = CARTESIAN_POINT('',(17.000064731651,-7.128668507451E-02,
    -3.303331263183));
#3432 = DIRECTION('',(-0.471400486727,-0.,-0.881919259975));
#3433 = DIRECTION('',(-0.881919259975,0.,0.471400486727));
#3434 = DEFINITIONAL_REPRESENTATION('',(#3435),#3439);
#3435 = LINE('',#3436,#3437);
#3436 = CARTESIAN_POINT('',(-7.304586916271E-02,-5.845442288314));
#3437 = VECTOR('',#3438,1.);
#3438 = DIRECTION('',(1.,0.));
#3439 = ( GEOMETRIC_REPRESENTATION_CONTEXT(2) 
PARAMETRIC_REPRESENTATION_CONTEXT() REPRESENTATION_CONTEXT('2D SPACE',''
  ) );
#3440 = ORIENTED_EDGE('',*,*,#3441,.F.);
#3441 = EDGE_CURVE('',#3442,#3414,#3444,.T.);
#3442 = VERTEX_POINT('',#3443);
#3443 = CARTESIAN_POINT('',(17.34072277832,-5.916728973389,
    -3.421560668945));
#3444 = SURFACE_CURVE('',#3445,(#3449,#3456),.PCURVE_S1.);
#3445 = LINE('',#3446,#3447);
#3446 = CARTESIAN_POINT('',(17.34072277832,-5.916728973389,
    -3.421560668945));
#3447 = VECTOR('',#3448,1.);
#3448 = DIRECTION('',(-0.956940507334,0.,0.290284111558));
#3449 = PCURVE('',#3184,#3450);
#3450 = DEFINITIONAL_REPRESENTATION('',(#3451),#3455);
#3451 = LINE('',#3452,#3453);
#3452 = CARTESIAN_POINT('',(2.867674521513,-0.570417886088));
#3453 = VECTOR('',#3454,1.);
#3454 = DIRECTION('',(-0.290284111558,-0.956940507334));
#3455 = ( GEOMETRIC_REPRESENTATION_CONTEXT(2) 
PARAMETRIC_REPRESENTATION_CONTEXT() REPRESENTATION_CONTEXT('2D SPACE',''
  ) );
#3456 = PCURVE('',#3457,#3462);
#3457 = PLANE('',#3458);
#3458 = AXIS2_PLACEMENT_3D('',#3459,#3460,#3461);
#3459 = CARTESIAN_POINT('',(17.27082120856,-7.128769889323E-02,
    -3.400356304704));
#3460 = DIRECTION('',(-0.290284111558,-0.,-0.956940507334));
#3461 = DIRECTION('',(-0.956940507334,0.,0.290284111558));
#3462 = DEFINITIONAL_REPRESENTATION('',(#3463),#3467);
#3463 = LINE('',#3464,#3465);
#3464 = CARTESIAN_POINT('',(-7.30469336649E-02,-5.845441274495));
#3465 = VECTOR('',#3466,1.);
#3466 = DIRECTION('',(1.,0.));
#3467 = ( GEOMETRIC_REPRESENTATION_CONTEXT(2) 
PARAMETRIC_REPRESENTATION_CONTEXT() REPRESENTATION_CONTEXT('2D SPACE',''
  ) );
#3468 = ORIENTED_EDGE('',*,*,#3469,.F.);
#3469 = EDGE_CURVE('',#3100,#3442,#3470,.T.);
#3470 = SURFACE_CURVE('',#3471,(#3475,#3482),.PCURVE_S1.);
#3471 = LINE('',#3472,#3473);
#3472 = CARTESIAN_POINT('',(17.628,-5.916728973389,-3.449854278564));
#3473 = VECTOR('',#3474,1.);
#3474 = DIRECTION('',(-0.995184972366,0.,9.801464572213E-02));
#3475 = PCURVE('',#3184,#3476);
#3476 = DEFINITIONAL_REPRESENTATION('',(#3477),#3481);
#3477 = LINE('',#3478,#3479);
#3478 = CARTESIAN_POINT('',(2.895968131133,-0.283140664408));
#3479 = VECTOR('',#3480,1.);
#3480 = DIRECTION('',(-9.801464572213E-02,-0.995184972366));
#3481 = ( GEOMETRIC_REPRESENTATION_CONTEXT(2) 
PARAMETRIC_REPRESENTATION_CONTEXT() REPRESENTATION_CONTEXT('2D SPACE',''
  ) );
#3482 = PCURVE('',#2537,#3483);
#3483 = DEFINITIONAL_REPRESENTATION('',(#3484),#3488);
#3484 = LINE('',#3485,#3486);
#3485 = CARTESIAN_POINT('',(-7.304688354017E-02,-5.845441322234));
#3486 = VECTOR('',#3487,1.);
#3487 = DIRECTION('',(1.,0.));
#3488 = ( GEOMETRIC_REPRESENTATION_CONTEXT(2) 
PARAMETRIC_REPRESENTATION_CONTEXT() REPRESENTATION_CONTEXT('2D SPACE',''
  ) );
#3489 = ORIENTED_EDGE('',*,*,#3170,.F.);
#3490 = ADVANCED_FACE('',(#3491),#3261,.T.);
#3491 = FACE_BOUND('',#3492,.T.);
#3492 = EDGE_LOOP('',(#3493,#3516,#3517,#3540));
#3493 = ORIENTED_EDGE('',*,*,#3494,.F.);
#3494 = EDGE_CURVE('',#3246,#3495,#3497,.T.);
#3495 = VERTEX_POINT('',#3496);
#3496 = CARTESIAN_POINT('',(16.155473449707,5.91672706604,
    -1.977324867249));
#3497 = SURFACE_CURVE('',#3498,(#3502,#3509),.PCURVE_S1.);
#3498 = LINE('',#3499,#3500);
#3499 = CARTESIAN_POINT('',(16.155473449707,-5.916728973389,
    -1.977324867249));
#3500 = VECTOR('',#3501,1.);
#3501 = DIRECTION('',(0.,1.,0.));
#3502 = PCURVE('',#3261,#3503);
#3503 = DEFINITIONAL_REPRESENTATION('',(#3504),#3508);
#3504 = LINE('',#3505,#3506);
#3505 = CARTESIAN_POINT('',(7.304654473579E-02,5.845441644907));
#3506 = VECTOR('',#3507,1.);
#3507 = DIRECTION('',(0.,-1.));
#3508 = ( GEOMETRIC_REPRESENTATION_CONTEXT(2) 
PARAMETRIC_REPRESENTATION_CONTEXT() REPRESENTATION_CONTEXT('2D SPACE',''
  ) );
#3509 = PCURVE('',#3289,#3510);
#3510 = DEFINITIONAL_REPRESENTATION('',(#3511),#3515);
#3511 = LINE('',#3512,#3513);
#3512 = CARTESIAN_POINT('',(-0.215619294351,5.845441644907));
#3513 = VECTOR('',#3514,1.);
#3514 = DIRECTION('',(0.,-1.));
#3515 = ( GEOMETRIC_REPRESENTATION_CONTEXT(2) 
PARAMETRIC_REPRESENTATION_CONTEXT() REPRESENTATION_CONTEXT('2D SPACE',''
  ) );
#3516 = ORIENTED_EDGE('',*,*,#3245,.T.);
#3517 = ORIENTED_EDGE('',*,*,#3518,.T.);
#3518 = EDGE_CURVE('',#3223,#3519,#3521,.T.);
#3519 = VERTEX_POINT('',#3520);
#3520 = CARTESIAN_POINT('',(16.183763244629,5.91672706604,
    -1.690048599243));
#3521 = SURFACE_CURVE('',#3522,(#3526,#3533),.PCURVE_S1.);
#3522 = LINE('',#3523,#3524);
#3523 = CARTESIAN_POINT('',(16.183763244629,-5.916728973389,
    -1.690048599243));
#3524 = VECTOR('',#3525,1.);
#3525 = DIRECTION('',(0.,1.,0.));
#3526 = PCURVE('',#3261,#3527);
#3527 = DEFINITIONAL_REPRESENTATION('',(#3528),#3532);
#3528 = LINE('',#3529,#3530);
#3529 = CARTESIAN_POINT('',(-0.215619294351,5.845441644907));
#3530 = VECTOR('',#3531,1.);
#3531 = DIRECTION('',(0.,-1.));
#3532 = ( GEOMETRIC_REPRESENTATION_CONTEXT(2) 
PARAMETRIC_REPRESENTATION_CONTEXT() REPRESENTATION_CONTEXT('2D SPACE',''
  ) );
#3533 = PCURVE('',#1893,#3534);
#3534 = DEFINITIONAL_REPRESENTATION('',(#3535),#3539);
#3535 = LINE('',#3536,#3537);
#3536 = CARTESIAN_POINT('',(7.304632443917E-02,5.845441854714));
#3537 = VECTOR('',#3538,1.);
#3538 = DIRECTION('',(0.,-1.));
#3539 = ( GEOMETRIC_REPRESENTATION_CONTEXT(2) 
PARAMETRIC_REPRESENTATION_CONTEXT() REPRESENTATION_CONTEXT('2D SPACE',''
  ) );
#3540 = ORIENTED_EDGE('',*,*,#3541,.T.);
#3541 = EDGE_CURVE('',#3519,#3495,#3542,.T.);
#3542 = SURFACE_CURVE('',#3543,(#3547,#3554),.PCURVE_S1.);
#3543 = LINE('',#3544,#3545);
#3544 = CARTESIAN_POINT('',(16.183763244629,5.91672706604,
    -1.690048599243));
#3545 = VECTOR('',#3546,1.);
#3546 = DIRECTION('',(-9.800187999851E-02,0.,-0.995186229565));
#3547 = PCURVE('',#3261,#3548);
#3548 = DEFINITIONAL_REPRESENTATION('',(#3549),#3553);
#3549 = LINE('',#3550,#3551);
#3550 = CARTESIAN_POINT('',(-0.215619294351,-5.988014394522));
#3551 = VECTOR('',#3552,1.);
#3552 = DIRECTION('',(1.,0.));
#3553 = ( GEOMETRIC_REPRESENTATION_CONTEXT(2) 
PARAMETRIC_REPRESENTATION_CONTEXT() REPRESENTATION_CONTEXT('2D SPACE',''
  ) );
#3554 = PCURVE('',#3555,#3560);
#3555 = PLANE('',#3556);
#3556 = AXIS2_PLACEMENT_3D('',#3557,#3558,#3559);
#3557 = CARTESIAN_POINT('',(17.628,5.91672706604,-0.525999306271));
#3558 = DIRECTION('',(0.,1.,0.));
#3559 = DIRECTION('',(0.,-0.,1.));
#3560 = DEFINITIONAL_REPRESENTATION('',(#3561),#3565);
#3561 = LINE('',#3562,#3563);
#3562 = CARTESIAN_POINT('',(-1.164049292972,-1.444236755371));
#3563 = VECTOR('',#3564,1.);
#3564 = DIRECTION('',(-0.995186229565,-9.800187999851E-02));
#3565 = ( GEOMETRIC_REPRESENTATION_CONTEXT(2) 
PARAMETRIC_REPRESENTATION_CONTEXT() REPRESENTATION_CONTEXT('2D SPACE',''
  ) );
#3566 = ADVANCED_FACE('',(#3567),#3555,.T.);
#3567 = FACE_BOUND('',#3568,.T.);
#3568 = EDGE_LOOP('',(#3569,#3592,#3615,#3643,#3671,#3694,#3717,#3740,
    #3763,#3786,#3809,#3832,#3853));
#3569 = ORIENTED_EDGE('',*,*,#3570,.F.);
#3570 = EDGE_CURVE('',#3571,#3519,#3573,.T.);
#3571 = VERTEX_POINT('',#3572);
#3572 = CARTESIAN_POINT('',(16.192605712891,5.91672706604,-1.66089836363
    ));
#3573 = SURFACE_CURVE('',#3574,(#3578,#3585),.PCURVE_S1.);
#3574 = LINE('',#3575,#3576);
#3575 = CARTESIAN_POINT('',(16.267556884766,5.91672706604,
    -1.413813018799));
#3576 = VECTOR('',#3577,1.);
#3577 = DIRECTION('',(-0.290279896309,0.,-0.956941786003));
#3578 = PCURVE('',#3555,#3579);
#3579 = DEFINITIONAL_REPRESENTATION('',(#3580),#3584);
#3580 = LINE('',#3581,#3582);
#3581 = CARTESIAN_POINT('',(-0.887813712528,-1.360443115234));
#3582 = VECTOR('',#3583,1.);
#3583 = DIRECTION('',(-0.956941786003,-0.290279896309));
#3584 = ( GEOMETRIC_REPRESENTATION_CONTEXT(2) 
PARAMETRIC_REPRESENTATION_CONTEXT() REPRESENTATION_CONTEXT('2D SPACE',''
  ) );
#3585 = PCURVE('',#1893,#3586);
#3586 = DEFINITIONAL_REPRESENTATION('',(#3587),#3591);
#3587 = LINE('',#3588,#3589);
#3588 = CARTESIAN_POINT('',(-0.215618654439,-5.988014184714));
#3589 = VECTOR('',#3590,1.);
#3590 = DIRECTION('',(1.,0.));
#3591 = ( GEOMETRIC_REPRESENTATION_CONTEXT(2) 
PARAMETRIC_REPRESENTATION_CONTEXT() REPRESENTATION_CONTEXT('2D SPACE',''
  ) );
#3592 = ORIENTED_EDGE('',*,*,#3593,.F.);
#3593 = EDGE_CURVE('',#3594,#3571,#3596,.T.);
#3594 = VERTEX_POINT('',#3595);
#3595 = CARTESIAN_POINT('',(16.192605712891,5.91672706604,
    -2.129974746704));
#3596 = SURFACE_CURVE('',#3597,(#3601,#3608),.PCURVE_S1.);
#3597 = LINE('',#3598,#3599);
#3598 = CARTESIAN_POINT('',(16.192605712891,5.91672706604,2.324530900113
    ));
#3599 = VECTOR('',#3600,1.);
#3600 = DIRECTION('',(0.,0.,1.));
#3601 = PCURVE('',#3555,#3602);
#3602 = DEFINITIONAL_REPRESENTATION('',(#3603),#3607);
#3603 = LINE('',#3604,#3605);
#3604 = CARTESIAN_POINT('',(2.850530206383,-1.435394287109));
#3605 = VECTOR('',#3606,1.);
#3606 = DIRECTION('',(1.,0.));
#3607 = ( GEOMETRIC_REPRESENTATION_CONTEXT(2) 
PARAMETRIC_REPRESENTATION_CONTEXT() REPRESENTATION_CONTEXT('2D SPACE',''
  ) );
#3608 = PCURVE('',#323,#3609);
#3609 = DEFINITIONAL_REPRESENTATION('',(#3610),#3614);
#3610 = LINE('',#3611,#3612);
#3611 = CARTESIAN_POINT('',(2.850530206383,-1.399768137746));
#3612 = VECTOR('',#3613,1.);
#3613 = DIRECTION('',(-1.,0.));
#3614 = ( GEOMETRIC_REPRESENTATION_CONTEXT(2) 
PARAMETRIC_REPRESENTATION_CONTEXT() REPRESENTATION_CONTEXT('2D SPACE',''
  ) );
#3615 = ORIENTED_EDGE('',*,*,#3616,.F.);
#3616 = EDGE_CURVE('',#3617,#3594,#3619,.T.);
#3617 = VERTEX_POINT('',#3618);
#3618 = CARTESIAN_POINT('',(16.225029446682,5.91672706604,
    -2.160089319185));
#3619 = SURFACE_CURVE('',#3620,(#3624,#3631),.PCURVE_S1.);
#3620 = LINE('',#3621,#3622);
#3621 = CARTESIAN_POINT('',(16.430674709406,5.91672706604,
    -2.351088887876));
#3622 = VECTOR('',#3623,1.);
#3623 = DIRECTION('',(-0.732716642032,0.,0.680533851097));
#3624 = PCURVE('',#3555,#3625);
#3625 = DEFINITIONAL_REPRESENTATION('',(#3626),#3630);
#3626 = LINE('',#3627,#3628);
#3627 = CARTESIAN_POINT('',(-1.825089581605,-1.197325290594));
#3628 = VECTOR('',#3629,1.);
#3629 = DIRECTION('',(0.680533851097,-0.732716642032));
#3630 = ( GEOMETRIC_REPRESENTATION_CONTEXT(2) 
PARAMETRIC_REPRESENTATION_CONTEXT() REPRESENTATION_CONTEXT('2D SPACE',''
  ) );
#3631 = PCURVE('',#3632,#3637);
#3632 = PLANE('',#3633);
#3633 = AXIS2_PLACEMENT_3D('',#3634,#3635,#3636);
#3634 = CARTESIAN_POINT('',(16.697922168954,4.672050746945,
    -2.599303453247));
#3635 = DIRECTION('',(-0.680533851097,-0.,-0.732716642032));
#3636 = DIRECTION('',(-0.732716642032,0.,0.680533851097));
#3637 = DEFINITIONAL_REPRESENTATION('',(#3638),#3642);
#3638 = LINE('',#3639,#3640);
#3639 = CARTESIAN_POINT('',(0.364735075222,1.244676319095));
#3640 = VECTOR('',#3641,1.);
#3641 = DIRECTION('',(1.,0.));
#3642 = ( GEOMETRIC_REPRESENTATION_CONTEXT(2) 
PARAMETRIC_REPRESENTATION_CONTEXT() REPRESENTATION_CONTEXT('2D SPACE',''
  ) );
#3643 = ORIENTED_EDGE('',*,*,#3644,.F.);
#3644 = EDGE_CURVE('',#3645,#3617,#3647,.T.);
#3645 = VERTEX_POINT('',#3646);
#3646 = CARTESIAN_POINT('',(17.611994299303,5.91672706604,
    -3.448277895151));
#3647 = SURFACE_CURVE('',#3648,(#3652,#3659),.PCURVE_S1.);
#3648 = LINE('',#3649,#3650);
#3649 = CARTESIAN_POINT('',(16.643055036616,5.91672706604,
    -2.548344139339));
#3650 = VECTOR('',#3651,1.);
#3651 = DIRECTION('',(-0.732716399287,0.,0.680534112456));
#3652 = PCURVE('',#3555,#3653);
#3653 = DEFINITIONAL_REPRESENTATION('',(#3654),#3658);
#3654 = LINE('',#3655,#3656);
#3655 = CARTESIAN_POINT('',(-2.022344833068,-0.984944963384));
#3656 = VECTOR('',#3657,1.);
#3657 = DIRECTION('',(0.680534112456,-0.732716399287));
#3658 = ( GEOMETRIC_REPRESENTATION_CONTEXT(2) 
PARAMETRIC_REPRESENTATION_CONTEXT() REPRESENTATION_CONTEXT('2D SPACE',''
  ) );
#3659 = PCURVE('',#3660,#3665);
#3660 = PLANE('',#3661);
#3661 = AXIS2_PLACEMENT_3D('',#3662,#3663,#3664);
#3662 = CARTESIAN_POINT('',(17.122683523543,5.251758372762,
    -2.993814330323));
#3663 = DIRECTION('',(-0.680534112456,-3.493864054738E-07,
    -0.732716399287));
#3664 = DIRECTION('',(-0.732716399287,0.,0.680534112456));
#3665 = DEFINITIONAL_REPRESENTATION('',(#3666),#3670);
#3666 = LINE('',#3667,#3668);
#3667 = CARTESIAN_POINT('',(0.654589318984,0.664968693278));
#3668 = VECTOR('',#3669,1.);
#3669 = DIRECTION('',(1.,-2.64697796017E-23));
#3670 = ( GEOMETRIC_REPRESENTATION_CONTEXT(2) 
PARAMETRIC_REPRESENTATION_CONTEXT() REPRESENTATION_CONTEXT('2D SPACE',''
  ) );
#3671 = ORIENTED_EDGE('',*,*,#3672,.F.);
#3672 = EDGE_CURVE('',#3673,#3645,#3675,.T.);
#3673 = VERTEX_POINT('',#3674);
#3674 = CARTESIAN_POINT('',(17.34072277832,5.91672706604,-3.421560668945
    ));
#3675 = SURFACE_CURVE('',#3676,(#3680,#3687),.PCURVE_S1.);
#3676 = LINE('',#3677,#3678);
#3677 = CARTESIAN_POINT('',(17.34072277832,5.91672706604,-3.421560668945
    ));
#3678 = VECTOR('',#3679,1.);
#3679 = DIRECTION('',(0.995184972366,0.,-9.801464572213E-02));
#3680 = PCURVE('',#3555,#3681);
#3681 = DEFINITIONAL_REPRESENTATION('',(#3682),#3686);
#3682 = LINE('',#3683,#3684);
#3683 = CARTESIAN_POINT('',(-2.895561362675,-0.28727722168));
#3684 = VECTOR('',#3685,1.);
#3685 = DIRECTION('',(-9.801464572213E-02,0.995184972366));
#3686 = ( GEOMETRIC_REPRESENTATION_CONTEXT(2) 
PARAMETRIC_REPRESENTATION_CONTEXT() REPRESENTATION_CONTEXT('2D SPACE',''
  ) );
#3687 = PCURVE('',#2537,#3688);
#3688 = DEFINITIONAL_REPRESENTATION('',(#3689),#3693);
#3689 = LINE('',#3690,#3691);
#3690 = CARTESIAN_POINT('',(0.215620278502,5.988014717195));
#3691 = VECTOR('',#3692,1.);
#3692 = DIRECTION('',(-1.,0.));
#3693 = ( GEOMETRIC_REPRESENTATION_CONTEXT(2) 
PARAMETRIC_REPRESENTATION_CONTEXT() REPRESENTATION_CONTEXT('2D SPACE',''
  ) );
#3694 = ORIENTED_EDGE('',*,*,#3695,.F.);
#3695 = EDGE_CURVE('',#3696,#3673,#3698,.T.);
#3696 = VERTEX_POINT('',#3697);
#3697 = CARTESIAN_POINT('',(17.064485290527,5.91672706604,-3.33776512146
    ));
#3698 = SURFACE_CURVE('',#3699,(#3703,#3710),.PCURVE_S1.);
#3699 = LINE('',#3700,#3701);
#3700 = CARTESIAN_POINT('',(17.064485290527,5.91672706604,-3.33776512146
    ));
#3701 = VECTOR('',#3702,1.);
#3702 = DIRECTION('',(0.956940507334,0.,-0.290284111558));
#3703 = PCURVE('',#3555,#3704);
#3704 = DEFINITIONAL_REPRESENTATION('',(#3705),#3709);
#3705 = LINE('',#3706,#3707);
#3706 = CARTESIAN_POINT('',(-2.811765815189,-0.563514709473));
#3707 = VECTOR('',#3708,1.);
#3708 = DIRECTION('',(-0.290284111558,0.956940507334));
#3709 = ( GEOMETRIC_REPRESENTATION_CONTEXT(2) 
PARAMETRIC_REPRESENTATION_CONTEXT() REPRESENTATION_CONTEXT('2D SPACE',''
  ) );
#3710 = PCURVE('',#3457,#3711);
#3711 = DEFINITIONAL_REPRESENTATION('',(#3712),#3716);
#3712 = LINE('',#3713,#3714);
#3713 = CARTESIAN_POINT('',(0.215620424103,5.988014764933));
#3714 = VECTOR('',#3715,1.);
#3715 = DIRECTION('',(-1.,0.));
#3716 = ( GEOMETRIC_REPRESENTATION_CONTEXT(2) 
PARAMETRIC_REPRESENTATION_CONTEXT() REPRESENTATION_CONTEXT('2D SPACE',''
  ) );
#3717 = ORIENTED_EDGE('',*,*,#3718,.F.);
#3718 = EDGE_CURVE('',#3719,#3696,#3721,.T.);
#3719 = VERTEX_POINT('',#3720);
#3720 = CARTESIAN_POINT('',(16.809907653809,5.91672706604,
    -3.201689147949));
#3721 = SURFACE_CURVE('',#3722,(#3726,#3733),.PCURVE_S1.);
#3722 = LINE('',#3723,#3724);
#3723 = CARTESIAN_POINT('',(16.809907653809,5.91672706604,
    -3.201689147949));
#3724 = VECTOR('',#3725,1.);
#3725 = DIRECTION('',(0.881919259975,0.,-0.471400486727));
#3726 = PCURVE('',#3555,#3727);
#3727 = DEFINITIONAL_REPRESENTATION('',(#3728),#3732);
#3728 = LINE('',#3729,#3730);
#3729 = CARTESIAN_POINT('',(-2.675689841678,-0.818092346191));
#3730 = VECTOR('',#3731,1.);
#3731 = DIRECTION('',(-0.471400486727,0.881919259975));
#3732 = ( GEOMETRIC_REPRESENTATION_CONTEXT(2) 
PARAMETRIC_REPRESENTATION_CONTEXT() REPRESENTATION_CONTEXT('2D SPACE',''
  ) );
#3733 = PCURVE('',#3429,#3734);
#3734 = DEFINITIONAL_REPRESENTATION('',(#3735),#3739);
#3735 = LINE('',#3736,#3737);
#3736 = CARTESIAN_POINT('',(0.215617331963,5.988013751115));
#3737 = VECTOR('',#3738,1.);
#3738 = DIRECTION('',(-1.,0.));
#3739 = ( GEOMETRIC_REPRESENTATION_CONTEXT(2) 
PARAMETRIC_REPRESENTATION_CONTEXT() REPRESENTATION_CONTEXT('2D SPACE',''
  ) );
#3740 = ORIENTED_EDGE('',*,*,#3741,.F.);
#3741 = EDGE_CURVE('',#3742,#3719,#3744,.T.);
#3742 = VERTEX_POINT('',#3743);
#3743 = CARTESIAN_POINT('',(16.586763122559,5.91672706604,
    -3.018560791016));
#3744 = SURFACE_CURVE('',#3745,(#3749,#3756),.PCURVE_S1.);
#3745 = LINE('',#3746,#3747);
#3746 = CARTESIAN_POINT('',(16.586763122559,5.91672706604,
    -3.018560791016));
#3747 = VECTOR('',#3748,1.);
#3748 = DIRECTION('',(0.773013217577,0.,-0.634389915943));
#3749 = PCURVE('',#3555,#3750);
#3750 = DEFINITIONAL_REPRESENTATION('',(#3751),#3755);
#3751 = LINE('',#3752,#3753);
#3752 = CARTESIAN_POINT('',(-2.492561484745,-1.041236877441));
#3753 = VECTOR('',#3754,1.);
#3754 = DIRECTION('',(-0.634389915943,0.773013217577));
#3755 = ( GEOMETRIC_REPRESENTATION_CONTEXT(2) 
PARAMETRIC_REPRESENTATION_CONTEXT() REPRESENTATION_CONTEXT('2D SPACE',''
  ) );
#3756 = PCURVE('',#3401,#3757);
#3757 = DEFINITIONAL_REPRESENTATION('',(#3758),#3762);
#3758 = LINE('',#3759,#3760);
#3759 = CARTESIAN_POINT('',(0.215621240373,5.988015032564));
#3760 = VECTOR('',#3761,1.);
#3761 = DIRECTION('',(-1.,0.));
#3762 = ( GEOMETRIC_REPRESENTATION_CONTEXT(2) 
PARAMETRIC_REPRESENTATION_CONTEXT() REPRESENTATION_CONTEXT('2D SPACE',''
  ) );
#3763 = ORIENTED_EDGE('',*,*,#3764,.F.);
#3764 = EDGE_CURVE('',#3765,#3742,#3767,.T.);
#3765 = VERTEX_POINT('',#3766);
#3766 = CARTESIAN_POINT('',(16.403634765625,5.91672706604,
    -2.795418167114));
#3767 = SURFACE_CURVE('',#3768,(#3772,#3779),.PCURVE_S1.);
#3768 = LINE('',#3769,#3770);
#3769 = CARTESIAN_POINT('',(16.403634765625,5.91672706604,
    -2.795418167114));
#3770 = VECTOR('',#3771,1.);
#3771 = DIRECTION('',(0.63439315617,0.,-0.773010558404));
#3772 = PCURVE('',#3555,#3773);
#3773 = DEFINITIONAL_REPRESENTATION('',(#3774),#3778);
#3774 = LINE('',#3775,#3776);
#3775 = CARTESIAN_POINT('',(-2.269418860843,-1.224365234375));
#3776 = VECTOR('',#3777,1.);
#3777 = DIRECTION('',(-0.773010558404,0.63439315617));
#3778 = ( GEOMETRIC_REPRESENTATION_CONTEXT(2) 
PARAMETRIC_REPRESENTATION_CONTEXT() REPRESENTATION_CONTEXT('2D SPACE',''
  ) );
#3779 = PCURVE('',#3373,#3780);
#3780 = DEFINITIONAL_REPRESENTATION('',(#3781),#3785);
#3781 = LINE('',#3782,#3783);
#3782 = CARTESIAN_POINT('',(-0.21562014356,-5.988014672952));
#3783 = VECTOR('',#3784,1.);
#3784 = DIRECTION('',(1.,0.));
#3785 = ( GEOMETRIC_REPRESENTATION_CONTEXT(2) 
PARAMETRIC_REPRESENTATION_CONTEXT() REPRESENTATION_CONTEXT('2D SPACE',''
  ) );
#3786 = ORIENTED_EDGE('',*,*,#3787,.F.);
#3787 = EDGE_CURVE('',#3788,#3765,#3790,.T.);
#3788 = VERTEX_POINT('',#3789);
#3789 = CARTESIAN_POINT('',(16.267556884766,5.91672706604,
    -2.540836715698));
#3790 = SURFACE_CURVE('',#3791,(#3795,#3802),.PCURVE_S1.);
#3791 = LINE('',#3792,#3793);
#3792 = CARTESIAN_POINT('',(16.267556884766,5.91672706604,
    -2.540836715698));
#3793 = VECTOR('',#3794,1.);
#3794 = DIRECTION('',(0.471400131956,0.,-0.881919449605));
#3795 = PCURVE('',#3555,#3796);
#3796 = DEFINITIONAL_REPRESENTATION('',(#3797),#3801);
#3797 = LINE('',#3798,#3799);
#3798 = CARTESIAN_POINT('',(-2.014837409427,-1.360443115234));
#3799 = VECTOR('',#3800,1.);
#3800 = DIRECTION('',(-0.881919449605,0.471400131956));
#3801 = ( GEOMETRIC_REPRESENTATION_CONTEXT(2) 
PARAMETRIC_REPRESENTATION_CONTEXT() REPRESENTATION_CONTEXT('2D SPACE',''
  ) );
#3802 = PCURVE('',#3345,#3803);
#3803 = DEFINITIONAL_REPRESENTATION('',(#3804),#3808);
#3804 = LINE('',#3805,#3806);
#3805 = CARTESIAN_POINT('',(-0.215620503506,-5.988014790967));
#3806 = VECTOR('',#3807,1.);
#3807 = DIRECTION('',(1.,0.));
#3808 = ( GEOMETRIC_REPRESENTATION_CONTEXT(2) 
PARAMETRIC_REPRESENTATION_CONTEXT() REPRESENTATION_CONTEXT('2D SPACE',''
  ) );
#3809 = ORIENTED_EDGE('',*,*,#3810,.F.);
#3810 = EDGE_CURVE('',#3811,#3788,#3813,.T.);
#3811 = VERTEX_POINT('',#3812);
#3812 = CARTESIAN_POINT('',(16.183763244629,5.91672706604,
    -2.264601135254));
#3813 = SURFACE_CURVE('',#3814,(#3818,#3825),.PCURVE_S1.);
#3814 = LINE('',#3815,#3816);
#3815 = CARTESIAN_POINT('',(16.183763244629,5.91672706604,
    -2.264601135254));
#3816 = VECTOR('',#3817,1.);
#3817 = DIRECTION('',(0.290279896309,0.,-0.956941786003));
#3818 = PCURVE('',#3555,#3819);
#3819 = DEFINITIONAL_REPRESENTATION('',(#3820),#3824);
#3820 = LINE('',#3821,#3822);
#3821 = CARTESIAN_POINT('',(-1.738601828983,-1.444236755371));
#3822 = VECTOR('',#3823,1.);
#3823 = DIRECTION('',(-0.956941786003,0.290279896309));
#3824 = ( GEOMETRIC_REPRESENTATION_CONTEXT(2) 
PARAMETRIC_REPRESENTATION_CONTEXT() REPRESENTATION_CONTEXT('2D SPACE',''
  ) );
#3825 = PCURVE('',#3317,#3826);
#3826 = DEFINITIONAL_REPRESENTATION('',(#3827),#3831);
#3827 = LINE('',#3828,#3829);
#3828 = CARTESIAN_POINT('',(-0.215618654439,-5.988014184714));
#3829 = VECTOR('',#3830,1.);
#3830 = DIRECTION('',(1.,0.));
#3831 = ( GEOMETRIC_REPRESENTATION_CONTEXT(2) 
PARAMETRIC_REPRESENTATION_CONTEXT() REPRESENTATION_CONTEXT('2D SPACE',''
  ) );
#3832 = ORIENTED_EDGE('',*,*,#3833,.F.);
#3833 = EDGE_CURVE('',#3495,#3811,#3834,.T.);
#3834 = SURFACE_CURVE('',#3835,(#3839,#3846),.PCURVE_S1.);
#3835 = LINE('',#3836,#3837);
#3836 = CARTESIAN_POINT('',(16.155473449707,5.91672706604,
    -1.977324867249));
#3837 = VECTOR('',#3838,1.);
#3838 = DIRECTION('',(9.800187999851E-02,0.,-0.995186229565));
#3839 = PCURVE('',#3555,#3840);
#3840 = DEFINITIONAL_REPRESENTATION('',(#3841),#3845);
#3841 = LINE('',#3842,#3843);
#3842 = CARTESIAN_POINT('',(-1.451325560978,-1.472526550293));
#3843 = VECTOR('',#3844,1.);
#3844 = DIRECTION('',(-0.995186229565,9.800187999851E-02));
#3845 = ( GEOMETRIC_REPRESENTATION_CONTEXT(2) 
PARAMETRIC_REPRESENTATION_CONTEXT() REPRESENTATION_CONTEXT('2D SPACE',''
  ) );
#3846 = PCURVE('',#3289,#3847);
#3847 = DEFINITIONAL_REPRESENTATION('',(#3848),#3852);
#3848 = LINE('',#3849,#3850);
#3849 = CARTESIAN_POINT('',(-0.215619294351,-5.988014394522));
#3850 = VECTOR('',#3851,1.);
#3851 = DIRECTION('',(1.,0.));
#3852 = ( GEOMETRIC_REPRESENTATION_CONTEXT(2) 
PARAMETRIC_REPRESENTATION_CONTEXT() REPRESENTATION_CONTEXT('2D SPACE',''
  ) );
#3853 = ORIENTED_EDGE('',*,*,#3541,.F.);
#3854 = ADVANCED_FACE('',(#3855),#3632,.T.);
#3855 = FACE_BOUND('',#3856,.T.);
#3856 = EDGE_LOOP('',(#3857,#3880,#3881));
#3857 = ORIENTED_EDGE('',*,*,#3858,.F.);
#3858 = EDGE_CURVE('',#3617,#3859,#3861,.T.);
#3859 = VERTEX_POINT('',#3860);
#3860 = CARTESIAN_POINT('',(16.192605712891,5.961904525757,
    -2.129974746704));
#3861 = SURFACE_CURVE('',#3862,(#3866,#3873),.PCURVE_S1.);
#3862 = LINE('',#3863,#3864);
#3863 = CARTESIAN_POINT('',(17.628,3.961904525757,-3.463142776489));
#3864 = VECTOR('',#3865,1.);
#3865 = DIRECTION('',(-0.512716233672,0.714390796002,0.476201485001));
#3866 = PCURVE('',#3632,#3867);
#3867 = DEFINITIONAL_REPRESENTATION('',(#3868),#3872);
#3868 = LINE('',#3869,#3870);
#3869 = CARTESIAN_POINT('',(-1.269355406568,-0.710146221188));
#3870 = VECTOR('',#3871,1.);
#3871 = DIRECTION('',(0.699746947538,0.714390796002));
#3872 = ( GEOMETRIC_REPRESENTATION_CONTEXT(2) 
PARAMETRIC_REPRESENTATION_CONTEXT() REPRESENTATION_CONTEXT('2D SPACE',''
  ) );
#3873 = PCURVE('',#3660,#3874);
#3874 = DEFINITIONAL_REPRESENTATION('',(#3875),#3879);
#3875 = LINE('',#3876,#3877);
#3876 = CARTESIAN_POINT('',(-0.689647686692,-1.289853847005));
#3877 = VECTOR('',#3878,1.);
#3878 = DIRECTION('',(0.699746947538,0.714390796002));
#3879 = ( GEOMETRIC_REPRESENTATION_CONTEXT(2) 
PARAMETRIC_REPRESENTATION_CONTEXT() REPRESENTATION_CONTEXT('2D SPACE',''
  ) );
#3880 = ORIENTED_EDGE('',*,*,#3616,.T.);
#3881 = ORIENTED_EDGE('',*,*,#3882,.T.);
#3882 = EDGE_CURVE('',#3594,#3859,#3883,.T.);
#3883 = SURFACE_CURVE('',#3884,(#3888,#3895),.PCURVE_S1.);
#3884 = LINE('',#3885,#3886);
#3885 = CARTESIAN_POINT('',(16.192605712891,3.961904525757,
    -2.129974746704));
#3886 = VECTOR('',#3887,1.);
#3887 = DIRECTION('',(0.,1.,0.));
#3888 = PCURVE('',#3632,#3889);
#3889 = DEFINITIONAL_REPRESENTATION('',(#3890),#3894);
#3890 = LINE('',#3891,#3892);
#3891 = CARTESIAN_POINT('',(0.689647848944,-0.710146221188));
#3892 = VECTOR('',#3893,1.);
#3893 = DIRECTION('',(0.,1.));
#3894 = ( GEOMETRIC_REPRESENTATION_CONTEXT(2) 
PARAMETRIC_REPRESENTATION_CONTEXT() REPRESENTATION_CONTEXT('2D SPACE',''
  ) );
#3895 = PCURVE('',#323,#3896);
#3896 = DEFINITIONAL_REPRESENTATION('',(#3897),#3901);
#3897 = LINE('',#3898,#3899);
#3898 = CARTESIAN_POINT('',(7.3050358532,0.555054402537));
#3899 = VECTOR('',#3900,1.);
#3900 = DIRECTION('',(0.,-1.));
#3901 = ( GEOMETRIC_REPRESENTATION_CONTEXT(2) 
PARAMETRIC_REPRESENTATION_CONTEXT() REPRESENTATION_CONTEXT('2D SPACE',''
  ) );
#3902 = ADVANCED_FACE('',(#3903),#3660,.T.);
#3903 = FACE_BOUND('',#3904,.T.);
#3904 = EDGE_LOOP('',(#3905,#3906,#3929,#3950,#3973,#3994));
#3905 = ORIENTED_EDGE('',*,*,#3858,.T.);
#3906 = ORIENTED_EDGE('',*,*,#3907,.T.);
#3907 = EDGE_CURVE('',#3859,#3908,#3910,.T.);
#3908 = VERTEX_POINT('',#3909);
#3909 = CARTESIAN_POINT('',(17.628,5.961904525757,-3.463143730164));
#3910 = SURFACE_CURVE('',#3911,(#3915,#3922),.PCURVE_S1.);
#3911 = LINE('',#3912,#3913);
#3912 = CARTESIAN_POINT('',(16.192605712891,5.961904525757,
    -2.129974746704));
#3913 = VECTOR('',#3914,1.);
#3914 = DIRECTION('',(0.732716399287,0.,-0.680534112456));
#3915 = PCURVE('',#3660,#3916);
#3916 = DEFINITIONAL_REPRESENTATION('',(#3917),#3921);
#3917 = LINE('',#3918,#3919);
#3918 = CARTESIAN_POINT('',(1.26935556882,0.710146152995));
#3919 = VECTOR('',#3920,1.);
#3920 = DIRECTION('',(-1.,2.64697796017E-23));
#3921 = ( GEOMETRIC_REPRESENTATION_CONTEXT(2) 
PARAMETRIC_REPRESENTATION_CONTEXT() REPRESENTATION_CONTEXT('2D SPACE',''
  ) );
#3922 = PCURVE('',#606,#3923);
#3923 = DEFINITIONAL_REPRESENTATION('',(#3924),#3928);
#3924 = LINE('',#3925,#3926);
#3925 = CARTESIAN_POINT('',(-7.272347131475,-5.325665099107));
#3926 = VECTOR('',#3927,1.);
#3927 = DIRECTION('',(-0.680534112456,0.732716399287));
#3928 = ( GEOMETRIC_REPRESENTATION_CONTEXT(2) 
PARAMETRIC_REPRESENTATION_CONTEXT() REPRESENTATION_CONTEXT('2D SPACE',''
  ) );
#3929 = ORIENTED_EDGE('',*,*,#3930,.T.);
#3930 = EDGE_CURVE('',#3908,#2550,#3931,.T.);
#3931 = SURFACE_CURVE('',#3932,(#3936,#3943),.PCURVE_S1.);
#3932 = LINE('',#3933,#3934);
#3933 = CARTESIAN_POINT('',(17.628,5.961904525757,-3.463143730164));
#3934 = VECTOR('',#3935,1.);
#3935 = DIRECTION('',(0.,-1.,4.768371582031E-07));
#3936 = PCURVE('',#3660,#3937);
#3937 = DEFINITIONAL_REPRESENTATION('',(#3938),#3942);
#3938 = LINE('',#3939,#3940);
#3939 = CARTESIAN_POINT('',(-0.6896483357,0.710146152995));
#3940 = VECTOR('',#3941,1.);
#3941 = DIRECTION('',(3.245039522436E-07,-1.));
#3942 = ( GEOMETRIC_REPRESENTATION_CONTEXT(2) 
PARAMETRIC_REPRESENTATION_CONTEXT() REPRESENTATION_CONTEXT('2D SPACE',''
  ) );
#3943 = PCURVE('',#2591,#3944);
#3944 = DEFINITIONAL_REPRESENTATION('',(#3945),#3949);
#3945 = LINE('',#3946,#3947);
#3946 = CARTESIAN_POINT('',(-0.643611904538,9.752216342532));
#3947 = VECTOR('',#3948,1.);
#3948 = DIRECTION('',(1.,0.));
#3949 = ( GEOMETRIC_REPRESENTATION_CONTEXT(2) 
PARAMETRIC_REPRESENTATION_CONTEXT() REPRESENTATION_CONTEXT('2D SPACE',''
  ) );
#3950 = ORIENTED_EDGE('',*,*,#3951,.T.);
#3951 = EDGE_CURVE('',#2550,#3952,#3954,.T.);
#3952 = VERTEX_POINT('',#3953);
#3953 = CARTESIAN_POINT('',(17.61199540915,3.984204448495,
    -3.448278004459));
#3954 = SURFACE_CURVE('',#3955,(#3959,#3966),.PCURVE_S1.);
#3955 = LINE('',#3956,#3957);
#3956 = CARTESIAN_POINT('',(17.628,3.961904525757,-3.463142776489));
#3957 = VECTOR('',#3958,1.);
#3958 = DIRECTION('',(-0.512716233672,0.714390796002,0.476201485001));
#3959 = PCURVE('',#3660,#3960);
#3960 = DEFINITIONAL_REPRESENTATION('',(#3961),#3965);
#3961 = LINE('',#3962,#3963);
#3962 = CARTESIAN_POINT('',(-0.689647686692,-1.289853847005));
#3963 = VECTOR('',#3964,1.);
#3964 = DIRECTION('',(0.699746947538,0.714390796002));
#3965 = ( GEOMETRIC_REPRESENTATION_CONTEXT(2) 
PARAMETRIC_REPRESENTATION_CONTEXT() REPRESENTATION_CONTEXT('2D SPACE',''
  ) );
#3966 = PCURVE('',#2565,#3967);
#3967 = DEFINITIONAL_REPRESENTATION('',(#3968),#3972);
#3968 = LINE('',#3969,#3970);
#3969 = CARTESIAN_POINT('',(-1.269355406568,-0.710146221188));
#3970 = VECTOR('',#3971,1.);
#3971 = DIRECTION('',(0.699746947538,0.714390796002));
#3972 = ( GEOMETRIC_REPRESENTATION_CONTEXT(2) 
PARAMETRIC_REPRESENTATION_CONTEXT() REPRESENTATION_CONTEXT('2D SPACE',''
  ) );
#3973 = ORIENTED_EDGE('',*,*,#3974,.T.);
#3974 = EDGE_CURVE('',#3952,#3645,#3975,.T.);
#3975 = SURFACE_CURVE('',#3976,(#3980,#3987),.PCURVE_S1.);
#3976 = LINE('',#3977,#3978);
#3977 = CARTESIAN_POINT('',(17.611996209705,2.590235530599,
    -3.448278083305));
#3978 = VECTOR('',#3979,1.);
#3979 = DIRECTION('',(-5.742994846243E-07,1.,5.656210863997E-08));
#3980 = PCURVE('',#3660,#3981);
#3981 = DEFINITIONAL_REPRESENTATION('',(#3982),#3986);
#3982 = LINE('',#3983,#3984);
#3983 = CARTESIAN_POINT('',(-0.667805516309,-2.661522842163));
#3984 = VECTOR('',#3985,1.);
#3985 = DIRECTION('',(4.592910948883E-07,1.));
#3986 = ( GEOMETRIC_REPRESENTATION_CONTEXT(2) 
PARAMETRIC_REPRESENTATION_CONTEXT() REPRESENTATION_CONTEXT('2D SPACE',''
  ) );
#3987 = PCURVE('',#2537,#3988);
#3988 = DEFINITIONAL_REPRESENTATION('',(#3989),#3993);
#3989 = LINE('',#3990,#3991);
#3990 = CARTESIAN_POINT('',(-5.696566171799E-02,2.661523181754));
#3991 = VECTOR('',#3992,1.);
#3992 = DIRECTION('',(5.770781317755E-07,1.));
#3993 = ( GEOMETRIC_REPRESENTATION_CONTEXT(2) 
PARAMETRIC_REPRESENTATION_CONTEXT() REPRESENTATION_CONTEXT('2D SPACE',''
  ) );
#3994 = ORIENTED_EDGE('',*,*,#3644,.T.);
#3995 = ADVANCED_FACE('',(#3996),#3289,.T.);
#3996 = FACE_BOUND('',#3997,.T.);
#3997 = EDGE_LOOP('',(#3998,#4019,#4020,#4021));
#3998 = ORIENTED_EDGE('',*,*,#3999,.F.);
#3999 = EDGE_CURVE('',#3274,#3811,#4000,.T.);
#4000 = SURFACE_CURVE('',#4001,(#4005,#4012),.PCURVE_S1.);
#4001 = LINE('',#4002,#4003);
#4002 = CARTESIAN_POINT('',(16.183763244629,-5.916728973389,
    -2.264601135254));
#4003 = VECTOR('',#4004,1.);
#4004 = DIRECTION('',(0.,1.,0.));
#4005 = PCURVE('',#3289,#4006);
#4006 = DEFINITIONAL_REPRESENTATION('',(#4007),#4011);
#4007 = LINE('',#4008,#4009);
#4008 = CARTESIAN_POINT('',(7.304654473579E-02,5.845441644907));
#4009 = VECTOR('',#4010,1.);
#4010 = DIRECTION('',(0.,-1.));
#4011 = ( GEOMETRIC_REPRESENTATION_CONTEXT(2) 
PARAMETRIC_REPRESENTATION_CONTEXT() REPRESENTATION_CONTEXT('2D SPACE',''
  ) );
#4012 = PCURVE('',#3317,#4013);
#4013 = DEFINITIONAL_REPRESENTATION('',(#4014),#4018);
#4014 = LINE('',#4015,#4016);
#4015 = CARTESIAN_POINT('',(-0.215618654439,5.845441854714));
#4016 = VECTOR('',#4017,1.);
#4017 = DIRECTION('',(0.,-1.));
#4018 = ( GEOMETRIC_REPRESENTATION_CONTEXT(2) 
PARAMETRIC_REPRESENTATION_CONTEXT() REPRESENTATION_CONTEXT('2D SPACE',''
  ) );
#4019 = ORIENTED_EDGE('',*,*,#3273,.T.);
#4020 = ORIENTED_EDGE('',*,*,#3494,.T.);
#4021 = ORIENTED_EDGE('',*,*,#3833,.T.);
#4022 = ADVANCED_FACE('',(#4023),#3317,.T.);
#4023 = FACE_BOUND('',#4024,.T.);
#4024 = EDGE_LOOP('',(#4025,#4046,#4047,#4048));
#4025 = ORIENTED_EDGE('',*,*,#4026,.F.);
#4026 = EDGE_CURVE('',#3302,#3788,#4027,.T.);
#4027 = SURFACE_CURVE('',#4028,(#4032,#4039),.PCURVE_S1.);
#4028 = LINE('',#4029,#4030);
#4029 = CARTESIAN_POINT('',(16.267556884766,-5.916728973389,
    -2.540836715698));
#4030 = VECTOR('',#4031,1.);
#4031 = DIRECTION('',(0.,1.,0.));
#4032 = PCURVE('',#3317,#4033);
#4033 = DEFINITIONAL_REPRESENTATION('',(#4034),#4038);
#4034 = LINE('',#4035,#4036);
#4035 = CARTESIAN_POINT('',(7.304632443917E-02,5.845441854714));
#4036 = VECTOR('',#4037,1.);
#4037 = DIRECTION('',(0.,-1.));
#4038 = ( GEOMETRIC_REPRESENTATION_CONTEXT(2) 
PARAMETRIC_REPRESENTATION_CONTEXT() REPRESENTATION_CONTEXT('2D SPACE',''
  ) );
#4039 = PCURVE('',#3345,#4040);
#4040 = DEFINITIONAL_REPRESENTATION('',(#4041),#4045);
#4041 = LINE('',#4042,#4043);
#4042 = CARTESIAN_POINT('',(-0.215620503506,5.845441248462));
#4043 = VECTOR('',#4044,1.);
#4044 = DIRECTION('',(0.,-1.));
#4045 = ( GEOMETRIC_REPRESENTATION_CONTEXT(2) 
PARAMETRIC_REPRESENTATION_CONTEXT() REPRESENTATION_CONTEXT('2D SPACE',''
  ) );
#4046 = ORIENTED_EDGE('',*,*,#3301,.T.);
#4047 = ORIENTED_EDGE('',*,*,#3999,.T.);
#4048 = ORIENTED_EDGE('',*,*,#3810,.T.);
#4049 = ADVANCED_FACE('',(#4050),#3345,.T.);
#4050 = FACE_BOUND('',#4051,.T.);
#4051 = EDGE_LOOP('',(#4052,#4073,#4074,#4075));
#4052 = ORIENTED_EDGE('',*,*,#4053,.F.);
#4053 = EDGE_CURVE('',#3330,#3765,#4054,.T.);
#4054 = SURFACE_CURVE('',#4055,(#4059,#4066),.PCURVE_S1.);
#4055 = LINE('',#4056,#4057);
#4056 = CARTESIAN_POINT('',(16.403634765625,-5.916728973389,
    -2.795418167114));
#4057 = VECTOR('',#4058,1.);
#4058 = DIRECTION('',(0.,1.,0.));
#4059 = PCURVE('',#3345,#4060);
#4060 = DEFINITIONAL_REPRESENTATION('',(#4061),#4065);
#4061 = LINE('',#4062,#4063);
#4062 = CARTESIAN_POINT('',(7.304696100023E-02,5.845441248462));
#4063 = VECTOR('',#4064,1.);
#4064 = DIRECTION('',(0.,-1.));
#4065 = ( GEOMETRIC_REPRESENTATION_CONTEXT(2) 
PARAMETRIC_REPRESENTATION_CONTEXT() REPRESENTATION_CONTEXT('2D SPACE',''
  ) );
#4066 = PCURVE('',#3373,#4067);
#4067 = DEFINITIONAL_REPRESENTATION('',(#4068),#4072);
#4068 = LINE('',#4069,#4070);
#4069 = CARTESIAN_POINT('',(-0.21562014356,5.845441366477));
#4070 = VECTOR('',#4071,1.);
#4071 = DIRECTION('',(0.,-1.));
#4072 = ( GEOMETRIC_REPRESENTATION_CONTEXT(2) 
PARAMETRIC_REPRESENTATION_CONTEXT() REPRESENTATION_CONTEXT('2D SPACE',''
  ) );
#4073 = ORIENTED_EDGE('',*,*,#3329,.T.);
#4074 = ORIENTED_EDGE('',*,*,#4026,.T.);
#4075 = ORIENTED_EDGE('',*,*,#3787,.T.);
#4076 = ADVANCED_FACE('',(#4077),#3373,.T.);
#4077 = FACE_BOUND('',#4078,.T.);
#4078 = EDGE_LOOP('',(#4079,#4100,#4101,#4102));
#4079 = ORIENTED_EDGE('',*,*,#4080,.F.);
#4080 = EDGE_CURVE('',#3358,#3742,#4081,.T.);
#4081 = SURFACE_CURVE('',#4082,(#4086,#4093),.PCURVE_S1.);
#4082 = LINE('',#4083,#4084);
#4083 = CARTESIAN_POINT('',(16.586763122559,-5.916728973389,
    -3.018560791016));
#4084 = VECTOR('',#4085,1.);
#4085 = DIRECTION('',(0.,1.,0.));
#4086 = PCURVE('',#3373,#4087);
#4087 = DEFINITIONAL_REPRESENTATION('',(#4088),#4092);
#4088 = LINE('',#4089,#4090);
#4089 = CARTESIAN_POINT('',(7.304683708507E-02,5.845441366477));
#4090 = VECTOR('',#4091,1.);
#4091 = DIRECTION('',(0.,-1.));
#4092 = ( GEOMETRIC_REPRESENTATION_CONTEXT(2) 
PARAMETRIC_REPRESENTATION_CONTEXT() REPRESENTATION_CONTEXT('2D SPACE',''
  ) );
#4093 = PCURVE('',#3401,#4094);
#4094 = DEFINITIONAL_REPRESENTATION('',(#4095),#4099);
#4095 = LINE('',#4096,#4097);
#4096 = CARTESIAN_POINT('',(0.215621240373,-5.845441006865));
#4097 = VECTOR('',#4098,1.);
#4098 = DIRECTION('',(0.,1.));
#4099 = ( GEOMETRIC_REPRESENTATION_CONTEXT(2) 
PARAMETRIC_REPRESENTATION_CONTEXT() REPRESENTATION_CONTEXT('2D SPACE',''
  ) );
#4100 = ORIENTED_EDGE('',*,*,#3357,.T.);
#4101 = ORIENTED_EDGE('',*,*,#4053,.T.);
#4102 = ORIENTED_EDGE('',*,*,#3764,.T.);
#4103 = ADVANCED_FACE('',(#4104),#3401,.T.);
#4104 = FACE_BOUND('',#4105,.T.);
#4105 = EDGE_LOOP('',(#4106,#4127,#4128,#4129));
#4106 = ORIENTED_EDGE('',*,*,#4107,.F.);
#4107 = EDGE_CURVE('',#3386,#3719,#4108,.T.);
#4108 = SURFACE_CURVE('',#4109,(#4113,#4120),.PCURVE_S1.);
#4109 = LINE('',#4110,#4111);
#4110 = CARTESIAN_POINT('',(16.809907653809,-5.916728973389,
    -3.201689147949));
#4111 = VECTOR('',#4112,1.);
#4112 = DIRECTION('',(0.,1.,0.));
#4113 = PCURVE('',#3401,#4114);
#4114 = DEFINITIONAL_REPRESENTATION('',(#4115),#4119);
#4115 = LINE('',#4116,#4117);
#4116 = CARTESIAN_POINT('',(-7.304721467491E-02,-5.845441006865));
#4117 = VECTOR('',#4118,1.);
#4118 = DIRECTION('',(0.,1.));
#4119 = ( GEOMETRIC_REPRESENTATION_CONTEXT(2) 
PARAMETRIC_REPRESENTATION_CONTEXT() REPRESENTATION_CONTEXT('2D SPACE',''
  ) );
#4120 = PCURVE('',#3429,#4121);
#4121 = DEFINITIONAL_REPRESENTATION('',(#4122),#4126);
#4122 = LINE('',#4123,#4124);
#4123 = CARTESIAN_POINT('',(0.215617331963,-5.845442288314));
#4124 = VECTOR('',#4125,1.);
#4125 = DIRECTION('',(0.,1.));
#4126 = ( GEOMETRIC_REPRESENTATION_CONTEXT(2) 
PARAMETRIC_REPRESENTATION_CONTEXT() REPRESENTATION_CONTEXT('2D SPACE',''
  ) );
#4127 = ORIENTED_EDGE('',*,*,#3385,.T.);
#4128 = ORIENTED_EDGE('',*,*,#4080,.T.);
#4129 = ORIENTED_EDGE('',*,*,#3741,.T.);
#4130 = ADVANCED_FACE('',(#4131),#3429,.T.);
#4131 = FACE_BOUND('',#4132,.T.);
#4132 = EDGE_LOOP('',(#4133,#4154,#4155,#4156));
#4133 = ORIENTED_EDGE('',*,*,#4134,.F.);
#4134 = EDGE_CURVE('',#3414,#3696,#4135,.T.);
#4135 = SURFACE_CURVE('',#4136,(#4140,#4147),.PCURVE_S1.);
#4136 = LINE('',#4137,#4138);
#4137 = CARTESIAN_POINT('',(17.064485290527,-5.916728973389,
    -3.33776512146));
#4138 = VECTOR('',#4139,1.);
#4139 = DIRECTION('',(0.,1.,0.));
#4140 = PCURVE('',#3429,#4141);
#4141 = DEFINITIONAL_REPRESENTATION('',(#4142),#4146);
#4142 = LINE('',#4143,#4144);
#4143 = CARTESIAN_POINT('',(-7.304586916271E-02,-5.845442288314));
#4144 = VECTOR('',#4145,1.);
#4145 = DIRECTION('',(0.,1.));
#4146 = ( GEOMETRIC_REPRESENTATION_CONTEXT(2) 
PARAMETRIC_REPRESENTATION_CONTEXT() REPRESENTATION_CONTEXT('2D SPACE',''
  ) );
#4147 = PCURVE('',#3457,#4148);
#4148 = DEFINITIONAL_REPRESENTATION('',(#4149),#4153);
#4149 = LINE('',#4150,#4151);
#4150 = CARTESIAN_POINT('',(0.215620424103,-5.845441274495));
#4151 = VECTOR('',#4152,1.);
#4152 = DIRECTION('',(0.,1.));
#4153 = ( GEOMETRIC_REPRESENTATION_CONTEXT(2) 
PARAMETRIC_REPRESENTATION_CONTEXT() REPRESENTATION_CONTEXT('2D SPACE',''
  ) );
#4154 = ORIENTED_EDGE('',*,*,#3413,.T.);
#4155 = ORIENTED_EDGE('',*,*,#4107,.T.);
#4156 = ORIENTED_EDGE('',*,*,#3718,.T.);
#4157 = ADVANCED_FACE('',(#4158),#3457,.T.);
#4158 = FACE_BOUND('',#4159,.T.);
#4159 = EDGE_LOOP('',(#4160,#4181,#4182,#4183));
#4160 = ORIENTED_EDGE('',*,*,#4161,.F.);
#4161 = EDGE_CURVE('',#3442,#3673,#4162,.T.);
#4162 = SURFACE_CURVE('',#4163,(#4167,#4174),.PCURVE_S1.);
#4163 = LINE('',#4164,#4165);
#4164 = CARTESIAN_POINT('',(17.34072277832,-5.916728973389,
    -3.421560668945));
#4165 = VECTOR('',#4166,1.);
#4166 = DIRECTION('',(0.,1.,0.));
#4167 = PCURVE('',#3457,#4168);
#4168 = DEFINITIONAL_REPRESENTATION('',(#4169),#4173);
#4169 = LINE('',#4170,#4171);
#4170 = CARTESIAN_POINT('',(-7.30469336649E-02,-5.845441274495));
#4171 = VECTOR('',#4172,1.);
#4172 = DIRECTION('',(0.,1.));
#4173 = ( GEOMETRIC_REPRESENTATION_CONTEXT(2) 
PARAMETRIC_REPRESENTATION_CONTEXT() REPRESENTATION_CONTEXT('2D SPACE',''
  ) );
#4174 = PCURVE('',#2537,#4175);
#4175 = DEFINITIONAL_REPRESENTATION('',(#4176),#4180);
#4176 = LINE('',#4177,#4178);
#4177 = CARTESIAN_POINT('',(0.215620278502,-5.845441322234));
#4178 = VECTOR('',#4179,1.);
#4179 = DIRECTION('',(0.,1.));
#4180 = ( GEOMETRIC_REPRESENTATION_CONTEXT(2) 
PARAMETRIC_REPRESENTATION_CONTEXT() REPRESENTATION_CONTEXT('2D SPACE',''
  ) );
#4181 = ORIENTED_EDGE('',*,*,#3441,.T.);
#4182 = ORIENTED_EDGE('',*,*,#4134,.T.);
#4183 = ORIENTED_EDGE('',*,*,#3695,.T.);
#4184 = ADVANCED_FACE('',(#4185),#2936,.T.);
#4185 = FACE_BOUND('',#4186,.T.);
#4186 = EDGE_LOOP('',(#4187,#4188,#4211,#4239,#4262,#4290,#4313,#4336,
    #4357,#4358));
#4187 = ORIENTED_EDGE('',*,*,#2920,.T.);
#4188 = ORIENTED_EDGE('',*,*,#4189,.T.);
#4189 = EDGE_CURVE('',#2893,#4190,#4192,.T.);
#4190 = VERTEX_POINT('',#4191);
#4191 = CARTESIAN_POINT('',(16.192605712891,-5.943599700928,
    9.216025924683));
#4192 = SURFACE_CURVE('',#4193,(#4197,#4204),.PCURVE_S1.);
#4193 = LINE('',#4194,#4195);
#4194 = CARTESIAN_POINT('',(16.192605712891,-5.943597793579,
    0.244207000732));
#4195 = VECTOR('',#4196,1.);
#4196 = DIRECTION('',(0.,-2.125933045439E-07,1.));
#4197 = PCURVE('',#2936,#4198);
#4198 = DEFINITIONAL_REPRESENTATION('',(#4199),#4203);
#4199 = LINE('',#4200,#4201);
#4200 = CARTESIAN_POINT('',(4.930855080019,0.555053333689));
#4201 = VECTOR('',#4202,1.);
#4202 = DIRECTION('',(-1.,2.125933045439E-07));
#4203 = ( GEOMETRIC_REPRESENTATION_CONTEXT(2) 
PARAMETRIC_REPRESENTATION_CONTEXT() REPRESENTATION_CONTEXT('2D SPACE',''
  ) );
#4204 = PCURVE('',#2908,#4205);
#4205 = DEFINITIONAL_REPRESENTATION('',(#4206),#4210);
#4206 = LINE('',#4207,#4208);
#4207 = CARTESIAN_POINT('',(3.950182544689,-0.400489160783));
#4208 = VECTOR('',#4209,1.);
#4209 = DIRECTION('',(-1.,6.310887241768E-30));
#4210 = ( GEOMETRIC_REPRESENTATION_CONTEXT(2) 
PARAMETRIC_REPRESENTATION_CONTEXT() REPRESENTATION_CONTEXT('2D SPACE',''
  ) );
#4211 = ORIENTED_EDGE('',*,*,#4212,.T.);
#4212 = EDGE_CURVE('',#4190,#4213,#4215,.T.);
#4213 = VERTEX_POINT('',#4214);
#4214 = CARTESIAN_POINT('',(16.192605712891,-5.916728973389,
    9.216025924683));
#4215 = SURFACE_CURVE('',#4216,(#4220,#4227),.PCURVE_S1.);
#4216 = LINE('',#4217,#4218);
#4217 = CARTESIAN_POINT('',(16.192605712891,-5.943599700928,
    9.216025924683));
#4218 = VECTOR('',#4219,1.);
#4219 = DIRECTION('',(0.,1.,0.));
#4220 = PCURVE('',#2936,#4221);
#4221 = DEFINITIONAL_REPRESENTATION('',(#4222),#4226);
#4222 = LINE('',#4223,#4224);
#4223 = CARTESIAN_POINT('',(-4.040963843931,0.555055241038));
#4224 = VECTOR('',#4225,1.);
#4225 = DIRECTION('',(0.,-1.));
#4226 = ( GEOMETRIC_REPRESENTATION_CONTEXT(2) 
PARAMETRIC_REPRESENTATION_CONTEXT() REPRESENTATION_CONTEXT('2D SPACE',''
  ) );
#4227 = PCURVE('',#4228,#4233);
#4228 = PLANE('',#4229);
#4229 = AXIS2_PLACEMENT_3D('',#4230,#4231,#4232);
#4230 = CARTESIAN_POINT('',(16.697922099624,-4.653746019549,
    9.685353895369));
#4231 = DIRECTION('',(-0.680533328379,-0.,0.732717127523));
#4232 = DIRECTION('',(0.732717127523,0.,0.680533328379));
#4233 = DEFINITIONAL_REPRESENTATION('',(#4234),#4238);
#4234 = LINE('',#4235,#4236);
#4235 = CARTESIAN_POINT('',(-0.68964729737,-1.289853681379));
#4236 = VECTOR('',#4237,1.);
#4237 = DIRECTION('',(0.,1.));
#4238 = ( GEOMETRIC_REPRESENTATION_CONTEXT(2) 
PARAMETRIC_REPRESENTATION_CONTEXT() REPRESENTATION_CONTEXT('2D SPACE',''
  ) );
#4239 = ORIENTED_EDGE('',*,*,#4240,.T.);
#4240 = EDGE_CURVE('',#4213,#4241,#4243,.T.);
#4241 = VERTEX_POINT('',#4242);
#4242 = CARTESIAN_POINT('',(16.192605712891,-5.916728973389,
    8.783566820662));
#4243 = SURFACE_CURVE('',#4244,(#4248,#4255),.PCURVE_S1.);
#4244 = LINE('',#4245,#4246);
#4245 = CARTESIAN_POINT('',(16.192605712891,-5.916728973389,
    7.849247359735));
#4246 = VECTOR('',#4247,1.);
#4247 = DIRECTION('',(0.,0.,-1.));
#4248 = PCURVE('',#2936,#4249);
#4249 = DEFINITIONAL_REPRESENTATION('',(#4250),#4254);
#4250 = LINE('',#4251,#4252);
#4251 = CARTESIAN_POINT('',(-2.674185278983,0.528184513499));
#4252 = VECTOR('',#4253,1.);
#4253 = DIRECTION('',(1.,0.));
#4254 = ( GEOMETRIC_REPRESENTATION_CONTEXT(2) 
PARAMETRIC_REPRESENTATION_CONTEXT() REPRESENTATION_CONTEXT('2D SPACE',''
  ) );
#4255 = PCURVE('',#100,#4256);
#4256 = DEFINITIONAL_REPRESENTATION('',(#4257),#4261);
#4257 = LINE('',#4258,#4259);
#4258 = CARTESIAN_POINT('',(2.674185278983,-1.718534963061));
#4259 = VECTOR('',#4260,1.);
#4260 = DIRECTION('',(1.,0.));
#4261 = ( GEOMETRIC_REPRESENTATION_CONTEXT(2) 
PARAMETRIC_REPRESENTATION_CONTEXT() REPRESENTATION_CONTEXT('2D SPACE',''
  ) );
#4262 = ORIENTED_EDGE('',*,*,#4263,.T.);
#4263 = EDGE_CURVE('',#4241,#4264,#4266,.T.);
#4264 = VERTEX_POINT('',#4265);
#4265 = CARTESIAN_POINT('',(16.192605712891,-4.667983134392,
    8.783566820662));
#4266 = SURFACE_CURVE('',#4267,(#4271,#4278),.PCURVE_S1.);
#4267 = LINE('',#4268,#4269);
#4268 = CARTESIAN_POINT('',(16.192605712891,-2.729915789282,
    8.783566820662));
#4269 = VECTOR('',#4270,1.);
#4270 = DIRECTION('',(0.,1.,0.));
#4271 = PCURVE('',#2936,#4272);
#4272 = DEFINITIONAL_REPRESENTATION('',(#4273),#4277);
#4273 = LINE('',#4274,#4275);
#4274 = CARTESIAN_POINT('',(-3.60850473991,-2.658628670608));
#4275 = VECTOR('',#4276,1.);
#4276 = DIRECTION('',(0.,-1.));
#4277 = ( GEOMETRIC_REPRESENTATION_CONTEXT(2) 
PARAMETRIC_REPRESENTATION_CONTEXT() REPRESENTATION_CONTEXT('2D SPACE',''
  ) );
#4278 = PCURVE('',#4279,#4284);
#4279 = PLANE('',#4280);
#4280 = AXIS2_PLACEMENT_3D('',#4281,#4282,#4283);
#4281 = CARTESIAN_POINT('',(16.246353005282,-7.128711867427E-02,
    8.606382556));
#4282 = DIRECTION('',(-0.956941786003,-0.,-0.290279896309));
#4283 = DIRECTION('',(0.290279896309,0.,-0.956941786003));
#4284 = DEFINITIONAL_REPRESENTATION('',(#4285),#4289);
#4285 = LINE('',#4286,#4287);
#4286 = CARTESIAN_POINT('',(-0.185156785139,2.658628670608));
#4287 = VECTOR('',#4288,1.);
#4288 = DIRECTION('',(0.,-1.));
#4289 = ( GEOMETRIC_REPRESENTATION_CONTEXT(2) 
PARAMETRIC_REPRESENTATION_CONTEXT() REPRESENTATION_CONTEXT('2D SPACE',''
  ) );
#4290 = ORIENTED_EDGE('',*,*,#4291,.T.);
#4291 = EDGE_CURVE('',#4264,#4292,#4294,.T.);
#4292 = VERTEX_POINT('',#4293);
#4293 = CARTESIAN_POINT('',(16.192605712891,-3.943599700928,
    8.78356693742));
#4294 = SURFACE_CURVE('',#4295,(#4299,#4306),.PCURVE_S1.);
#4295 = LINE('',#4296,#4297);
#4296 = CARTESIAN_POINT('',(16.192605712891,-2.658629695726,
    8.783567144535));
#4297 = VECTOR('',#4298,1.);
#4298 = DIRECTION('',(-0.,1.,1.61182720122E-07));
#4299 = PCURVE('',#2936,#4300);
#4300 = DEFINITIONAL_REPRESENTATION('',(#4301),#4305);
#4301 = LINE('',#4302,#4303);
#4302 = CARTESIAN_POINT('',(-3.608505063783,-2.729914764164));
#4303 = VECTOR('',#4304,1.);
#4304 = DIRECTION('',(-1.61182720122E-07,-1.));
#4305 = ( GEOMETRIC_REPRESENTATION_CONTEXT(2) 
PARAMETRIC_REPRESENTATION_CONTEXT() REPRESENTATION_CONTEXT('2D SPACE',''
  ) );
#4306 = PCURVE('',#351,#4307);
#4307 = DEFINITIONAL_REPRESENTATION('',(#4308),#4312);
#4308 = LINE('',#4309,#4310);
#4309 = CARTESIAN_POINT('',(-4.258430876142E-02,2.729915352361));
#4310 = VECTOR('',#4311,1.);
#4311 = DIRECTION('',(-1.54242569806E-07,-1.));
#4312 = ( GEOMETRIC_REPRESENTATION_CONTEXT(2) 
PARAMETRIC_REPRESENTATION_CONTEXT() REPRESENTATION_CONTEXT('2D SPACE',''
  ) );
#4313 = ORIENTED_EDGE('',*,*,#4314,.F.);
#4314 = EDGE_CURVE('',#4315,#4292,#4317,.T.);
#4315 = VERTEX_POINT('',#4316);
#4316 = CARTESIAN_POINT('',(16.192605712891,-3.943599700928,
    -1.66089836363));
#4317 = SURFACE_CURVE('',#4318,(#4322,#4329),.PCURVE_S1.);
#4318 = LINE('',#4319,#4320);
#4319 = CARTESIAN_POINT('',(16.192605712891,-3.943599700928,
    -2.12997379303));
#4320 = VECTOR('',#4321,1.);
#4321 = DIRECTION('',(0.,0.,1.));
#4322 = PCURVE('',#2936,#4323);
#4323 = DEFINITIONAL_REPRESENTATION('',(#4324),#4328);
#4324 = LINE('',#4325,#4326);
#4325 = CARTESIAN_POINT('',(7.305035873781,-1.444944758962));
#4326 = VECTOR('',#4327,1.);
#4327 = DIRECTION('',(-1.,0.));
#4328 = ( GEOMETRIC_REPRESENTATION_CONTEXT(2) 
PARAMETRIC_REPRESENTATION_CONTEXT() REPRESENTATION_CONTEXT('2D SPACE',''
  ) );
#4329 = PCURVE('',#154,#4330);
#4330 = DEFINITIONAL_REPRESENTATION('',(#4331),#4335);
#4331 = LINE('',#4332,#4333);
#4332 = CARTESIAN_POINT('',(-7.528856134516,-1.817617082494));
#4333 = VECTOR('',#4334,1.);
#4334 = DIRECTION('',(1.,0.));
#4335 = ( GEOMETRIC_REPRESENTATION_CONTEXT(2) 
PARAMETRIC_REPRESENTATION_CONTEXT() REPRESENTATION_CONTEXT('2D SPACE',''
  ) );
#4336 = ORIENTED_EDGE('',*,*,#4337,.T.);
#4337 = EDGE_CURVE('',#4315,#3200,#4338,.T.);
#4338 = SURFACE_CURVE('',#4339,(#4343,#4350),.PCURVE_S1.);
#4339 = LINE('',#4340,#4341);
#4340 = CARTESIAN_POINT('',(16.192605712891,-2.729915789282,
    -1.66089836363));
#4341 = VECTOR('',#4342,1.);
#4342 = DIRECTION('',(0.,-1.,0.));
#4343 = PCURVE('',#2936,#4344);
#4344 = DEFINITIONAL_REPRESENTATION('',(#4345),#4349);
#4345 = LINE('',#4346,#4347);
#4346 = CARTESIAN_POINT('',(6.835960444382,-2.658628670608));
#4347 = VECTOR('',#4348,1.);
#4348 = DIRECTION('',(0.,1.));
#4349 = ( GEOMETRIC_REPRESENTATION_CONTEXT(2) 
PARAMETRIC_REPRESENTATION_CONTEXT() REPRESENTATION_CONTEXT('2D SPACE',''
  ) );
#4350 = PCURVE('',#1893,#4351);
#4351 = DEFINITIONAL_REPRESENTATION('',(#4352),#4356);
#4352 = LINE('',#4353,#4354);
#4353 = CARTESIAN_POINT('',(4.258445513935E-02,2.658628670608));
#4354 = VECTOR('',#4355,1.);
#4355 = DIRECTION('',(-0.,1.));
#4356 = ( GEOMETRIC_REPRESENTATION_CONTEXT(2) 
PARAMETRIC_REPRESENTATION_CONTEXT() REPRESENTATION_CONTEXT('2D SPACE',''
  ) );
#4357 = ORIENTED_EDGE('',*,*,#3199,.T.);
#4358 = ORIENTED_EDGE('',*,*,#3147,.F.);
#4359 = ADVANCED_FACE('',(#4360),#4228,.T.);
#4360 = FACE_BOUND('',#4361,.T.);
#4361 = EDGE_LOOP('',(#4362,#4387,#4408,#4409));
#4362 = ORIENTED_EDGE('',*,*,#4363,.T.);
#4363 = EDGE_CURVE('',#4364,#4366,#4368,.T.);
#4364 = VERTEX_POINT('',#4365);
#4365 = CARTESIAN_POINT('',(17.628,-5.943599700928,10.549192047119));
#4366 = VERTEX_POINT('',#4367);
#4367 = CARTESIAN_POINT('',(17.628,-5.916728973389,10.549192047119));
#4368 = SURFACE_CURVE('',#4369,(#4373,#4380),.PCURVE_S1.);
#4369 = LINE('',#4370,#4371);
#4370 = CARTESIAN_POINT('',(17.628,-5.943599700928,10.549192047119));
#4371 = VECTOR('',#4372,1.);
#4372 = DIRECTION('',(0.,1.,0.));
#4373 = PCURVE('',#4228,#4374);
#4374 = DEFINITIONAL_REPRESENTATION('',(#4375),#4379);
#4375 = LINE('',#4376,#4377);
#4376 = CARTESIAN_POINT('',(1.269354660127,-1.289853681379));
#4377 = VECTOR('',#4378,1.);
#4378 = DIRECTION('',(0.,1.));
#4379 = ( GEOMETRIC_REPRESENTATION_CONTEXT(2) 
PARAMETRIC_REPRESENTATION_CONTEXT() REPRESENTATION_CONTEXT('2D SPACE',''
  ) );
#4380 = PCURVE('',#128,#4381);
#4381 = DEFINITIONAL_REPRESENTATION('',(#4382),#4386);
#4382 = LINE('',#4383,#4384);
#4383 = CARTESIAN_POINT('',(-0.474293368219,-1.243403775336));
#4384 = VECTOR('',#4385,1.);
#4385 = DIRECTION('',(0.,1.));
#4386 = ( GEOMETRIC_REPRESENTATION_CONTEXT(2) 
PARAMETRIC_REPRESENTATION_CONTEXT() REPRESENTATION_CONTEXT('2D SPACE',''
  ) );
#4387 = ORIENTED_EDGE('',*,*,#4388,.T.);
#4388 = EDGE_CURVE('',#4366,#4213,#4389,.T.);
#4389 = SURFACE_CURVE('',#4390,(#4394,#4401),.PCURVE_S1.);
#4390 = LINE('',#4391,#4392);
#4391 = CARTESIAN_POINT('',(17.232544223084,-5.916728973389,
    10.1819004608));
#4392 = VECTOR('',#4393,1.);
#4393 = DIRECTION('',(-0.732717127523,0.,-0.680533328379));
#4394 = PCURVE('',#4228,#4395);
#4395 = DEFINITIONAL_REPRESENTATION('',(#4396),#4400);
#4396 = LINE('',#4397,#4398);
#4397 = CARTESIAN_POINT('',(0.72964327348,-1.26298295384));
#4398 = VECTOR('',#4399,1.);
#4399 = DIRECTION('',(-1.,0.));
#4400 = ( GEOMETRIC_REPRESENTATION_CONTEXT(2) 
PARAMETRIC_REPRESENTATION_CONTEXT() REPRESENTATION_CONTEXT('2D SPACE',''
  ) );
#4401 = PCURVE('',#100,#4402);
#4402 = DEFINITIONAL_REPRESENTATION('',(#4403),#4407);
#4403 = LINE('',#4404,#4405);
#4404 = CARTESIAN_POINT('',(0.341532177918,-0.678596452868));
#4405 = VECTOR('',#4406,1.);
#4406 = DIRECTION('',(0.680533328379,-0.732717127523));
#4407 = ( GEOMETRIC_REPRESENTATION_CONTEXT(2) 
PARAMETRIC_REPRESENTATION_CONTEXT() REPRESENTATION_CONTEXT('2D SPACE',''
  ) );
#4408 = ORIENTED_EDGE('',*,*,#4212,.F.);
#4409 = ORIENTED_EDGE('',*,*,#4410,.F.);
#4410 = EDGE_CURVE('',#4364,#4190,#4411,.T.);
#4411 = SURFACE_CURVE('',#4412,(#4416,#4423),.PCURVE_S1.);
#4412 = LINE('',#4413,#4414);
#4413 = CARTESIAN_POINT('',(17.628,-5.943599700928,10.549192047119));
#4414 = VECTOR('',#4415,1.);
#4415 = DIRECTION('',(-0.732717127523,0.,-0.680533328379));
#4416 = PCURVE('',#4228,#4417);
#4417 = DEFINITIONAL_REPRESENTATION('',(#4418),#4422);
#4418 = LINE('',#4419,#4420);
#4419 = CARTESIAN_POINT('',(1.269354660127,-1.289853681379));
#4420 = VECTOR('',#4421,1.);
#4421 = DIRECTION('',(-1.,0.));
#4422 = ( GEOMETRIC_REPRESENTATION_CONTEXT(2) 
PARAMETRIC_REPRESENTATION_CONTEXT() REPRESENTATION_CONTEXT('2D SPACE',''
  ) );
#4423 = PCURVE('',#4424,#4429);
#4424 = PLANE('',#4425);
#4425 = AXIS2_PLACEMENT_3D('',#4426,#4427,#4428);
#4426 = CARTESIAN_POINT('',(17.257565031335,-5.943598829645,
    5.193292813994));
#4427 = DIRECTION('',(1.614635269046E-07,-1.,-1.738446696139E-07));
#4428 = DIRECTION('',(0.,1.738446696139E-07,-1.));
#4429 = DEFINITIONAL_REPRESENTATION('',(#4430),#4434);
#4430 = LINE('',#4431,#4432);
#4431 = CARTESIAN_POINT('',(-5.355899233126,0.370434968665));
#4432 = VECTOR('',#4433,1.);
#4433 = DIRECTION('',(0.680533328379,-0.732717127523));
#4434 = ( GEOMETRIC_REPRESENTATION_CONTEXT(2) 
PARAMETRIC_REPRESENTATION_CONTEXT() REPRESENTATION_CONTEXT('2D SPACE',''
  ) );
#4435 = ADVANCED_FACE('',(#4436),#4424,.T.);
#4436 = FACE_BOUND('',#4437,.T.);
#4437 = EDGE_LOOP('',(#4438,#4459,#4460));
#4438 = ORIENTED_EDGE('',*,*,#4439,.T.);
#4439 = EDGE_CURVE('',#2865,#4364,#4440,.T.);
#4440 = SURFACE_CURVE('',#4441,(#4445,#4452),.PCURVE_S1.);
#4441 = LINE('',#4442,#4443);
#4442 = CARTESIAN_POINT('',(17.628,-5.943597793579,-0.422376060486));
#4443 = VECTOR('',#4444,1.);
#4444 = DIRECTION('',(0.,-1.738446696139E-07,1.));
#4445 = PCURVE('',#4424,#4446);
#4446 = DEFINITIONAL_REPRESENTATION('',(#4447),#4451);
#4447 = LINE('',#4448,#4449);
#4448 = CARTESIAN_POINT('',(5.61566887448,0.370434968665));
#4449 = VECTOR('',#4450,1.);
#4450 = DIRECTION('',(-1.,-3.155443620884E-30));
#4451 = ( GEOMETRIC_REPRESENTATION_CONTEXT(2) 
PARAMETRIC_REPRESENTATION_CONTEXT() REPRESENTATION_CONTEXT('2D SPACE',''
  ) );
#4452 = PCURVE('',#2880,#4453);
#4453 = DEFINITIONAL_REPRESENTATION('',(#4454),#4458);
#4454 = LINE('',#4455,#4456);
#4455 = CARTESIAN_POINT('',(5.722094488533,-6.23607166526));
#4456 = VECTOR('',#4457,1.);
#4457 = DIRECTION('',(-1.,0.));
#4458 = ( GEOMETRIC_REPRESENTATION_CONTEXT(2) 
PARAMETRIC_REPRESENTATION_CONTEXT() REPRESENTATION_CONTEXT('2D SPACE',''
  ) );
#4459 = ORIENTED_EDGE('',*,*,#4410,.T.);
#4460 = ORIENTED_EDGE('',*,*,#4461,.T.);
#4461 = EDGE_CURVE('',#4190,#2865,#4462,.T.);
#4462 = SURFACE_CURVE('',#4463,(#4467,#4474),.PCURVE_S1.);
#4463 = LINE('',#4464,#4465);
#4464 = CARTESIAN_POINT('',(16.192605712891,-5.943599700928,
    9.216025924683));
#4465 = VECTOR('',#4466,1.);
#4466 = DIRECTION('',(0.147300019758,1.957319280292E-07,-0.989091858312)
  );
#4467 = PCURVE('',#4424,#4468);
#4468 = DEFINITIONAL_REPRESENTATION('',(#4469),#4473);
#4469 = LINE('',#4470,#4471);
#4470 = CARTESIAN_POINT('',(-4.022733110689,-1.064959318444));
#4471 = VECTOR('',#4472,1.);
#4472 = DIRECTION('',(0.989091858312,0.147300019758));
#4473 = ( GEOMETRIC_REPRESENTATION_CONTEXT(2) 
PARAMETRIC_REPRESENTATION_CONTEXT() REPRESENTATION_CONTEXT('2D SPACE',''
  ) );
#4474 = PCURVE('',#2908,#4475);
#4475 = DEFINITIONAL_REPRESENTATION('',(#4476),#4480);
#4476 = LINE('',#4477,#4478);
#4477 = CARTESIAN_POINT('',(-5.021636379262,-0.400489160783));
#4478 = VECTOR('',#4479,1.);
#4479 = DIRECTION('',(0.989091858312,0.147300019758));
#4480 = ( GEOMETRIC_REPRESENTATION_CONTEXT(2) 
PARAMETRIC_REPRESENTATION_CONTEXT() REPRESENTATION_CONTEXT('2D SPACE',''
  ) );
#4481 = ADVANCED_FACE('',(#4482),#4279,.T.);
#4482 = FACE_BOUND('',#4483,.T.);
#4483 = EDGE_LOOP('',(#4484,#4485,#4508));
#4484 = ORIENTED_EDGE('',*,*,#4263,.F.);
#4485 = ORIENTED_EDGE('',*,*,#4486,.T.);
#4486 = EDGE_CURVE('',#4241,#4487,#4489,.T.);
#4487 = VERTEX_POINT('',#4488);
#4488 = CARTESIAN_POINT('',(16.183763244629,-5.916728973389,
    8.812717056274));
#4489 = SURFACE_CURVE('',#4490,(#4494,#4501),.PCURVE_S1.);
#4490 = LINE('',#4491,#4492);
#4491 = CARTESIAN_POINT('',(16.267556884766,-5.916728973389,
    8.53648147583));
#4492 = VECTOR('',#4493,1.);
#4493 = DIRECTION('',(-0.290279896309,0.,0.956941786003));
#4494 = PCURVE('',#4279,#4495);
#4495 = DEFINITIONAL_REPRESENTATION('',(#4496),#4500);
#4496 = LINE('',#4497,#4498);
#4497 = CARTESIAN_POINT('',(7.304632443917E-02,5.845441854714));
#4498 = VECTOR('',#4499,1.);
#4499 = DIRECTION('',(-1.,0.));
#4500 = ( GEOMETRIC_REPRESENTATION_CONTEXT(2) 
PARAMETRIC_REPRESENTATION_CONTEXT() REPRESENTATION_CONTEXT('2D SPACE',''
  ) );
#4501 = PCURVE('',#100,#4502);
#4502 = DEFINITIONAL_REPRESENTATION('',(#4503),#4507);
#4503 = LINE('',#4504,#4505);
#4504 = CARTESIAN_POINT('',(1.986951162888,-1.643583791186));
#4505 = VECTOR('',#4506,1.);
#4506 = DIRECTION('',(-0.956941786003,-0.290279896309));
#4507 = ( GEOMETRIC_REPRESENTATION_CONTEXT(2) 
PARAMETRIC_REPRESENTATION_CONTEXT() REPRESENTATION_CONTEXT('2D SPACE',''
  ) );
#4508 = ORIENTED_EDGE('',*,*,#4509,.T.);
#4509 = EDGE_CURVE('',#4487,#4264,#4510,.T.);
#4510 = SURFACE_CURVE('',#4511,(#4515,#4522),.PCURVE_S1.);
#4511 = LINE('',#4512,#4513);
#4512 = CARTESIAN_POINT('',(16.183763244629,-5.916728973389,
    8.812717056274));
#4513 = VECTOR('',#4514,1.);
#4514 = DIRECTION('',(7.078973345918E-03,0.999702599822,
    -2.333666741258E-02));
#4515 = PCURVE('',#4279,#4516);
#4516 = DEFINITIONAL_REPRESENTATION('',(#4517),#4521);
#4517 = LINE('',#4518,#4519);
#4518 = CARTESIAN_POINT('',(-0.215618654439,5.845441854714));
#4519 = VECTOR('',#4520,1.);
#4520 = DIRECTION('',(2.438671584198E-02,-0.999702599822));
#4521 = ( GEOMETRIC_REPRESENTATION_CONTEXT(2) 
PARAMETRIC_REPRESENTATION_CONTEXT() REPRESENTATION_CONTEXT('2D SPACE',''
  ) );
#4522 = PCURVE('',#351,#4523);
#4523 = DEFINITIONAL_REPRESENTATION('',(#4524),#4528);
#4524 = LINE('',#4525,#4526);
#4525 = CARTESIAN_POINT('',(-7.304586813333E-02,5.988014630024));
#4526 = VECTOR('',#4527,1.);
#4527 = DIRECTION('',(2.438671584193E-02,-0.999702599822));
#4528 = ( GEOMETRIC_REPRESENTATION_CONTEXT(2) 
PARAMETRIC_REPRESENTATION_CONTEXT() REPRESENTATION_CONTEXT('2D SPACE',''
  ) );
#4529 = ADVANCED_FACE('',(#4530),#2908,.T.);
#4530 = FACE_BOUND('',#4531,.T.);
#4531 = EDGE_LOOP('',(#4532,#4533,#4534));
#4532 = ORIENTED_EDGE('',*,*,#4461,.F.);
#4533 = ORIENTED_EDGE('',*,*,#4189,.F.);
#4534 = ORIENTED_EDGE('',*,*,#2892,.T.);
#4535 = ADVANCED_FACE('',(#4536),#2880,.T.);
#4536 = FACE_BOUND('',#4537,.T.);
#4537 = EDGE_LOOP('',(#4538,#4561,#4582,#4583));
#4538 = ORIENTED_EDGE('',*,*,#4539,.F.);
#4539 = EDGE_CURVE('',#4540,#2807,#4542,.T.);
#4540 = VERTEX_POINT('',#4541);
#4541 = CARTESIAN_POINT('',(19.063394287109,-5.943599700928,
    10.549192047119));
#4542 = SURFACE_CURVE('',#4543,(#4547,#4554),.PCURVE_S1.);
#4543 = LINE('',#4544,#4545);
#4544 = CARTESIAN_POINT('',(19.063394287109,-5.943599700928,
    10.549192047119));
#4545 = VECTOR('',#4546,1.);
#4546 = DIRECTION('',(0.702805803238,1.236699263614E-07,-0.711381756116)
  );
#4547 = PCURVE('',#2880,#4548);
#4548 = DEFINITIONAL_REPRESENTATION('',(#4549),#4553);
#4549 = LINE('',#4550,#4551);
#4550 = CARTESIAN_POINT('',(-5.249473619072,-4.800677378151));
#4551 = VECTOR('',#4552,1.);
#4552 = DIRECTION('',(0.711381756116,0.702805803238));
#4553 = ( GEOMETRIC_REPRESENTATION_CONTEXT(2) 
PARAMETRIC_REPRESENTATION_CONTEXT() REPRESENTATION_CONTEXT('2D SPACE',''
  ) );
#4554 = PCURVE('',#2822,#4555);
#4555 = DEFINITIONAL_REPRESENTATION('',(#4556),#4560);
#4556 = LINE('',#4557,#4558);
#4557 = CARTESIAN_POINT('',(7.243733061028,1.4677158293));
#4558 = VECTOR('',#4559,1.);
#4559 = DIRECTION('',(-1.,-1.236699263614E-07));
#4560 = ( GEOMETRIC_REPRESENTATION_CONTEXT(2) 
PARAMETRIC_REPRESENTATION_CONTEXT() REPRESENTATION_CONTEXT('2D SPACE',''
  ) );
#4561 = ORIENTED_EDGE('',*,*,#4562,.F.);
#4562 = EDGE_CURVE('',#4364,#4540,#4563,.T.);
#4563 = SURFACE_CURVE('',#4564,(#4568,#4575),.PCURVE_S1.);
#4564 = LINE('',#4565,#4566);
#4565 = CARTESIAN_POINT('',(17.628,-5.943599700928,10.549192047119));
#4566 = VECTOR('',#4567,1.);
#4567 = DIRECTION('',(1.,0.,0.));
#4568 = PCURVE('',#2880,#4569);
#4569 = DEFINITIONAL_REPRESENTATION('',(#4570),#4574);
#4570 = LINE('',#4571,#4572);
#4571 = CARTESIAN_POINT('',(-5.249473619072,-6.23607166526));
#4572 = VECTOR('',#4573,1.);
#4573 = DIRECTION('',(0.,1.));
#4574 = ( GEOMETRIC_REPRESENTATION_CONTEXT(2) 
PARAMETRIC_REPRESENTATION_CONTEXT() REPRESENTATION_CONTEXT('2D SPACE',''
  ) );
#4575 = PCURVE('',#128,#4576);
#4576 = DEFINITIONAL_REPRESENTATION('',(#4577),#4581);
#4577 = LINE('',#4578,#4579);
#4578 = CARTESIAN_POINT('',(-0.474293368219,-1.243403775336));
#4579 = VECTOR('',#4580,1.);
#4580 = DIRECTION('',(1.,0.));
#4581 = ( GEOMETRIC_REPRESENTATION_CONTEXT(2) 
PARAMETRIC_REPRESENTATION_CONTEXT() REPRESENTATION_CONTEXT('2D SPACE',''
  ) );
#4582 = ORIENTED_EDGE('',*,*,#4439,.F.);
#4583 = ORIENTED_EDGE('',*,*,#2864,.T.);
#4584 = ADVANCED_FACE('',(#4585),#2822,.T.);
#4585 = FACE_BOUND('',#4586,.T.);
#4586 = EDGE_LOOP('',(#4587,#4610,#4631,#4632));
#4587 = ORIENTED_EDGE('',*,*,#4588,.F.);
#4588 = EDGE_CURVE('',#4589,#2784,#4591,.T.);
#4589 = VERTEX_POINT('',#4590);
#4590 = CARTESIAN_POINT('',(19.063394287109,-3.943599700928,
    10.549192047119));
#4591 = SURFACE_CURVE('',#4592,(#4596,#4603),.PCURVE_S1.);
#4592 = LINE('',#4593,#4594);
#4593 = CARTESIAN_POINT('',(19.063394287109,-3.943599700928,
    10.549192047119));
#4594 = VECTOR('',#4595,1.);
#4595 = DIRECTION('',(0.702805803238,0.,-0.711381756116));
#4596 = PCURVE('',#2822,#4597);
#4597 = DEFINITIONAL_REPRESENTATION('',(#4598),#4602);
#4598 = LINE('',#4599,#4600);
#4599 = CARTESIAN_POINT('',(7.243733061028,-0.5322841707));
#4600 = VECTOR('',#4601,1.);
#4601 = DIRECTION('',(-1.,4.930380657631E-32));
#4602 = ( GEOMETRIC_REPRESENTATION_CONTEXT(2) 
PARAMETRIC_REPRESENTATION_CONTEXT() REPRESENTATION_CONTEXT('2D SPACE',''
  ) );
#4603 = PCURVE('',#154,#4604);
#4604 = DEFINITIONAL_REPRESENTATION('',(#4605),#4609);
#4605 = LINE('',#4606,#4607);
#4606 = CARTESIAN_POINT('',(5.150309705633,1.053171491724));
#4607 = VECTOR('',#4608,1.);
#4608 = DIRECTION('',(-0.711381756116,0.702805803238));
#4609 = ( GEOMETRIC_REPRESENTATION_CONTEXT(2) 
PARAMETRIC_REPRESENTATION_CONTEXT() REPRESENTATION_CONTEXT('2D SPACE',''
  ) );
#4610 = ORIENTED_EDGE('',*,*,#4611,.T.);
#4611 = EDGE_CURVE('',#4589,#4540,#4612,.T.);
#4612 = SURFACE_CURVE('',#4613,(#4617,#4624),.PCURVE_S1.);
#4613 = LINE('',#4614,#4615);
#4614 = CARTESIAN_POINT('',(19.063394287109,-3.943599700928,
    10.549192047119));
#4615 = VECTOR('',#4616,1.);
#4616 = DIRECTION('',(0.,-1.,0.));
#4617 = PCURVE('',#2822,#4618);
#4618 = DEFINITIONAL_REPRESENTATION('',(#4619),#4623);
#4619 = LINE('',#4620,#4621);
#4620 = CARTESIAN_POINT('',(7.243733061028,-0.5322841707));
#4621 = VECTOR('',#4622,1.);
#4622 = DIRECTION('',(0.,1.));
#4623 = ( GEOMETRIC_REPRESENTATION_CONTEXT(2) 
PARAMETRIC_REPRESENTATION_CONTEXT() REPRESENTATION_CONTEXT('2D SPACE',''
  ) );
#4624 = PCURVE('',#128,#4625);
#4625 = DEFINITIONAL_REPRESENTATION('',(#4626),#4630);
#4626 = LINE('',#4627,#4628);
#4627 = CARTESIAN_POINT('',(0.961100918891,0.756596224664));
#4628 = VECTOR('',#4629,1.);
#4629 = DIRECTION('',(0.,-1.));
#4630 = ( GEOMETRIC_REPRESENTATION_CONTEXT(2) 
PARAMETRIC_REPRESENTATION_CONTEXT() REPRESENTATION_CONTEXT('2D SPACE',''
  ) );
#4631 = ORIENTED_EDGE('',*,*,#4539,.T.);
#4632 = ORIENTED_EDGE('',*,*,#2806,.T.);
#4633 = ADVANCED_FACE('',(#4634),#2727,.T.);
#4634 = FACE_BOUND('',#4635,.T.);
#4635 = EDGE_LOOP('',(#4636,#4659,#4660));
#4636 = ORIENTED_EDGE('',*,*,#4637,.F.);
#4637 = EDGE_CURVE('',#2712,#4638,#4640,.T.);
#4638 = VERTEX_POINT('',#4639);
#4639 = CARTESIAN_POINT('',(28.621019104004,5.961904525757,
    -3.463143730164));
#4640 = SURFACE_CURVE('',#4641,(#4645,#4652),.PCURVE_S1.);
#4641 = LINE('',#4642,#4643);
#4642 = CARTESIAN_POINT('',(29.902696350098,5.961904525757,
    -1.942759895325));
#4643 = VECTOR('',#4644,1.);
#4644 = DIRECTION('',(-0.644534052856,0.,-0.764575604312));
#4645 = PCURVE('',#2727,#4646);
#4646 = DEFINITIONAL_REPRESENTATION('',(#4647),#4651);
#4647 = LINE('',#4648,#4649);
#4648 = CARTESIAN_POINT('',(0.70221585494,-0.707949345347));
#4649 = VECTOR('',#4650,1.);
#4650 = DIRECTION('',(-1.,-0.));
#4651 = ( GEOMETRIC_REPRESENTATION_CONTEXT(2) 
PARAMETRIC_REPRESENTATION_CONTEXT() REPRESENTATION_CONTEXT('2D SPACE',''
  ) );
#4652 = PCURVE('',#606,#4653);
#4653 = DEFINITIONAL_REPRESENTATION('',(#4654),#4658);
#4654 = LINE('',#4655,#4656);
#4655 = CARTESIAN_POINT('',(-7.085132280095,8.3844255381));
#4656 = VECTOR('',#4657,1.);
#4657 = DIRECTION('',(-0.764575604312,-0.644534052856));
#4658 = ( GEOMETRIC_REPRESENTATION_CONTEXT(2) 
PARAMETRIC_REPRESENTATION_CONTEXT() REPRESENTATION_CONTEXT('2D SPACE',''
  ) );
#4659 = ORIENTED_EDGE('',*,*,#2711,.F.);
#4660 = ORIENTED_EDGE('',*,*,#4661,.T.);
#4661 = EDGE_CURVE('',#721,#4638,#4662,.T.);
#4662 = SURFACE_CURVE('',#4663,(#4667,#4674),.PCURVE_S1.);
#4663 = LINE('',#4664,#4665);
#4664 = CARTESIAN_POINT('',(29.902696350098,3.961904525757,
    -1.942759895325));
#4665 = VECTOR('',#4666,1.);
#4666 = DIRECTION('',(-0.454442233376,0.709136773335,-0.539080043434));
#4667 = PCURVE('',#2727,#4668);
#4668 = DEFINITIONAL_REPRESENTATION('',(#4669),#4673);
#4669 = LINE('',#4670,#4671);
#4670 = CARTESIAN_POINT('',(0.70221585494,1.292050654653));
#4671 = VECTOR('',#4672,1.);
#4672 = DIRECTION('',(-0.705070944448,-0.709136773335));
#4673 = ( GEOMETRIC_REPRESENTATION_CONTEXT(2) 
PARAMETRIC_REPRESENTATION_CONTEXT() REPRESENTATION_CONTEXT('2D SPACE',''
  ) );
#4674 = PCURVE('',#738,#4675);
#4675 = DEFINITIONAL_REPRESENTATION('',(#4676),#4680);
#4676 = LINE('',#4677,#4678);
#4677 = CARTESIAN_POINT('',(1.286316981958,0.70794942116));
#4678 = VECTOR('',#4679,1.);
#4679 = DIRECTION('',(-0.705070944448,-0.709136773335));
#4680 = ( GEOMETRIC_REPRESENTATION_CONTEXT(2) 
PARAMETRIC_REPRESENTATION_CONTEXT() REPRESENTATION_CONTEXT('2D SPACE',''
  ) );
#4681 = ADVANCED_FACE('',(#4682),#2698,.T.);
#4682 = FACE_BOUND('',#4683,.T.);
#4683 = EDGE_LOOP('',(#4684,#4705,#4706,#4707));
#4684 = ORIENTED_EDGE('',*,*,#4685,.F.);
#4685 = EDGE_CURVE('',#2608,#3031,#4686,.T.);
#4686 = SURFACE_CURVE('',#4687,(#4691,#4698),.PCURVE_S1.);
#4687 = LINE('',#4688,#4689);
#4688 = CARTESIAN_POINT('',(29.902696350098,-3.943599700928,
    -1.94275894165));
#4689 = VECTOR('',#4690,1.);
#4690 = DIRECTION('',(-0.644534052856,0.,-0.764575604312));
#4691 = PCURVE('',#2698,#4692);
#4692 = DEFINITIONAL_REPRESENTATION('',(#4693),#4697);
#4693 = LINE('',#4694,#4695);
#4694 = CARTESIAN_POINT('',(0.702215993634,-0.707948530367));
#4695 = VECTOR('',#4696,1.);
#4696 = DIRECTION('',(-1.,-2.465190328816E-32));
#4697 = ( GEOMETRIC_REPRESENTATION_CONTEXT(2) 
PARAMETRIC_REPRESENTATION_CONTEXT() REPRESENTATION_CONTEXT('2D SPACE',''
  ) );
#4698 = PCURVE('',#154,#4699);
#4699 = DEFINITIONAL_REPRESENTATION('',(#4700),#4704);
#4700 = LINE('',#4701,#4702);
#4701 = CARTESIAN_POINT('',(-7.341641283137,11.892473554713));
#4702 = VECTOR('',#4703,1.);
#4703 = DIRECTION('',(-0.764575604312,-0.644534052856));
#4704 = ( GEOMETRIC_REPRESENTATION_CONTEXT(2) 
PARAMETRIC_REPRESENTATION_CONTEXT() REPRESENTATION_CONTEXT('2D SPACE',''
  ) );
#4705 = ORIENTED_EDGE('',*,*,#2682,.T.);
#4706 = ORIENTED_EDGE('',*,*,#3004,.T.);
#4707 = ORIENTED_EDGE('',*,*,#3053,.F.);
#4708 = ADVANCED_FACE('',(#4709),#794,.T.);
#4709 = FACE_BOUND('',#4710,.T.);
#4710 = EDGE_LOOP('',(#4711,#4712,#4713,#4736));
#4711 = ORIENTED_EDGE('',*,*,#778,.F.);
#4712 = ORIENTED_EDGE('',*,*,#2658,.T.);
#4713 = ORIENTED_EDGE('',*,*,#4714,.T.);
#4714 = EDGE_CURVE('',#2636,#4715,#4717,.T.);
#4715 = VERTEX_POINT('',#4716);
#4716 = CARTESIAN_POINT('',(24.229448059082,-3.943599700928,
    -0.422376060486));
#4717 = SURFACE_CURVE('',#4718,(#4722,#4729),.PCURVE_S1.);
#4718 = LINE('',#4719,#4720);
#4719 = CARTESIAN_POINT('',(24.229448059082,-3.943599700928,
    1.935309244805));
#4720 = VECTOR('',#4721,1.);
#4721 = DIRECTION('',(0.,0.,1.));
#4722 = PCURVE('',#794,#4723);
#4723 = DEFINITIONAL_REPRESENTATION('',(#4724),#4728);
#4724 = LINE('',#4725,#4726);
#4725 = CARTESIAN_POINT('',(-3.463573096682,4.085762839556));
#4726 = VECTOR('',#4727,1.);
#4727 = DIRECTION('',(-1.,0.));
#4728 = ( GEOMETRIC_REPRESENTATION_CONTEXT(2) 
PARAMETRIC_REPRESENTATION_CONTEXT() REPRESENTATION_CONTEXT('2D SPACE',''
  ) );
#4729 = PCURVE('',#154,#4730);
#4730 = DEFINITIONAL_REPRESENTATION('',(#4731),#4735);
#4731 = LINE('',#4732,#4733);
#4732 = CARTESIAN_POINT('',(-3.463573096682,6.219225263697));
#4733 = VECTOR('',#4734,1.);
#4734 = DIRECTION('',(1.,0.));
#4735 = ( GEOMETRIC_REPRESENTATION_CONTEXT(2) 
PARAMETRIC_REPRESENTATION_CONTEXT() REPRESENTATION_CONTEXT('2D SPACE',''
  ) );
#4736 = ORIENTED_EDGE('',*,*,#4737,.T.);
#4737 = EDGE_CURVE('',#4715,#779,#4738,.T.);
#4738 = SURFACE_CURVE('',#4739,(#4743,#4750),.PCURVE_S1.);
#4739 = LINE('',#4740,#4741);
#4740 = CARTESIAN_POINT('',(24.229448059082,-4.368970870972,
    -0.422376060486));
#4741 = VECTOR('',#4742,1.);
#4742 = DIRECTION('',(0.,1.,0.));
#4743 = PCURVE('',#794,#4744);
#4744 = DEFINITIONAL_REPRESENTATION('',(#4745),#4749);
#4745 = LINE('',#4746,#4747);
#4746 = CARTESIAN_POINT('',(-1.105887791391,4.511134009599));
#4747 = VECTOR('',#4748,1.);
#4748 = DIRECTION('',(0.,-1.));
#4749 = ( GEOMETRIC_REPRESENTATION_CONTEXT(2) 
PARAMETRIC_REPRESENTATION_CONTEXT() REPRESENTATION_CONTEXT('2D SPACE',''
  ) );
#4750 = PCURVE('',#822,#4751);
#4751 = DEFINITIONAL_REPRESENTATION('',(#4752),#4756);
#4752 = LINE('',#4753,#4754);
#4753 = CARTESIAN_POINT('',(-1.855380305938,-5.146681537934));
#4754 = VECTOR('',#4755,1.);
#4755 = DIRECTION('',(0.,1.));
#4756 = ( GEOMETRIC_REPRESENTATION_CONTEXT(2) 
PARAMETRIC_REPRESENTATION_CONTEXT() REPRESENTATION_CONTEXT('2D SPACE',''
  ) );
#4757 = ADVANCED_FACE('',(#4758),#822,.T.);
#4758 = FACE_BOUND('',#4759,.T.);
#4759 = EDGE_LOOP('',(#4760,#4761,#4762,#4783));
#4760 = ORIENTED_EDGE('',*,*,#806,.F.);
#4761 = ORIENTED_EDGE('',*,*,#4737,.F.);
#4762 = ORIENTED_EDGE('',*,*,#4763,.T.);
#4763 = EDGE_CURVE('',#4715,#2784,#4764,.T.);
#4764 = SURFACE_CURVE('',#4765,(#4769,#4776),.PCURVE_S1.);
#4765 = LINE('',#4766,#4767);
#4766 = CARTESIAN_POINT('',(22.047525580202,-3.943599700928,
    -0.422376060486));
#4767 = VECTOR('',#4768,1.);
#4768 = DIRECTION('',(1.,0.,0.));
#4769 = PCURVE('',#822,#4770);
#4770 = DEFINITIONAL_REPRESENTATION('',(#4771),#4775);
#4771 = LINE('',#4772,#4773);
#4772 = CARTESIAN_POINT('',(-4.037302784817,-4.72131036789));
#4773 = VECTOR('',#4774,1.);
#4774 = DIRECTION('',(1.,0.));
#4775 = ( GEOMETRIC_REPRESENTATION_CONTEXT(2) 
PARAMETRIC_REPRESENTATION_CONTEXT() REPRESENTATION_CONTEXT('2D SPACE',''
  ) );
#4776 = PCURVE('',#154,#4777);
#4777 = DEFINITIONAL_REPRESENTATION('',(#4778),#4782);
#4778 = LINE('',#4779,#4780);
#4779 = CARTESIAN_POINT('',(-5.821258401972,4.037302784817));
#4780 = VECTOR('',#4781,1.);
#4781 = DIRECTION('',(0.,1.));
#4782 = ( GEOMETRIC_REPRESENTATION_CONTEXT(2) 
PARAMETRIC_REPRESENTATION_CONTEXT() REPRESENTATION_CONTEXT('2D SPACE',''
  ) );
#4783 = ORIENTED_EDGE('',*,*,#2783,.F.);
#4784 = ADVANCED_FACE('',(#4785),#895,.T.);
#4785 = FACE_BOUND('',#4786,.T.);
#4786 = EDGE_LOOP('',(#4787,#4810,#4833,#4854));
#4787 = ORIENTED_EDGE('',*,*,#4788,.F.);
#4788 = EDGE_CURVE('',#4789,#857,#4791,.T.);
#4789 = VERTEX_POINT('',#4790);
#4790 = CARTESIAN_POINT('',(17.91527722168,-3.943599700928,
    10.544229125977));
#4791 = SURFACE_CURVE('',#4792,(#4796,#4803),.PCURVE_S1.);
#4792 = LINE('',#4793,#4794);
#4793 = CARTESIAN_POINT('',(17.91527722168,-5.916728973389,
    10.544229125977));
#4794 = VECTOR('',#4795,1.);
#4795 = DIRECTION('',(0.,1.,0.));
#4796 = PCURVE('',#895,#4797);
#4797 = DEFINITIONAL_REPRESENTATION('',(#4798),#4802);
#4798 = LINE('',#4799,#4800);
#4799 = CARTESIAN_POINT('',(-7.30469336649E-02,-5.845441274495));
#4800 = VECTOR('',#4801,1.);
#4801 = DIRECTION('',(0.,1.));
#4802 = ( GEOMETRIC_REPRESENTATION_CONTEXT(2) 
PARAMETRIC_REPRESENTATION_CONTEXT() REPRESENTATION_CONTEXT('2D SPACE',''
  ) );
#4803 = PCURVE('',#44,#4804);
#4804 = DEFINITIONAL_REPRESENTATION('',(#4805),#4809);
#4805 = LINE('',#4806,#4807);
#4806 = CARTESIAN_POINT('',(7.304693141856E-02,-5.988014762794));
#4807 = VECTOR('',#4808,1.);
#4808 = DIRECTION('',(0.,1.));
#4809 = ( GEOMETRIC_REPRESENTATION_CONTEXT(2) 
PARAMETRIC_REPRESENTATION_CONTEXT() REPRESENTATION_CONTEXT('2D SPACE',''
  ) );
#4810 = ORIENTED_EDGE('',*,*,#4811,.F.);
#4811 = EDGE_CURVE('',#4812,#4789,#4814,.T.);
#4812 = VERTEX_POINT('',#4813);
#4813 = CARTESIAN_POINT('',(18.191514709473,-3.943599700928,
    10.460433578491));
#4814 = SURFACE_CURVE('',#4815,(#4819,#4826),.PCURVE_S1.);
#4815 = LINE('',#4816,#4817);
#4816 = CARTESIAN_POINT('',(18.708349618892,-3.943599700928,
    10.303653756388));
#4817 = VECTOR('',#4818,1.);
#4818 = DIRECTION('',(-0.956940507334,0.,0.290284111558));
#4819 = PCURVE('',#895,#4820);
#4820 = DEFINITIONAL_REPRESENTATION('',(#4821),#4825);
#4821 = LINE('',#4822,#4823);
#4822 = CARTESIAN_POINT('',(0.7557113759,-3.872312002035));
#4823 = VECTOR('',#4824,1.);
#4824 = DIRECTION('',(-1.,0.));
#4825 = ( GEOMETRIC_REPRESENTATION_CONTEXT(2) 
PARAMETRIC_REPRESENTATION_CONTEXT() REPRESENTATION_CONTEXT('2D SPACE',''
  ) );
#4826 = PCURVE('',#154,#4827);
#4827 = DEFINITIONAL_REPRESENTATION('',(#4828),#4832);
#4828 = LINE('',#4829,#4830);
#4829 = CARTESIAN_POINT('',(4.904771414902,0.698126823507));
#4830 = VECTOR('',#4831,1.);
#4831 = DIRECTION('',(0.290284111558,-0.956940507334));
#4832 = ( GEOMETRIC_REPRESENTATION_CONTEXT(2) 
PARAMETRIC_REPRESENTATION_CONTEXT() REPRESENTATION_CONTEXT('2D SPACE',''
  ) );
#4833 = ORIENTED_EDGE('',*,*,#4834,.T.);
#4834 = EDGE_CURVE('',#4812,#880,#4835,.T.);
#4835 = SURFACE_CURVE('',#4836,(#4840,#4847),.PCURVE_S1.);
#4836 = LINE('',#4837,#4838);
#4837 = CARTESIAN_POINT('',(18.191514709473,-5.916728973389,
    10.460433578491));
#4838 = VECTOR('',#4839,1.);
#4839 = DIRECTION('',(0.,1.,0.));
#4840 = PCURVE('',#895,#4841);
#4841 = DEFINITIONAL_REPRESENTATION('',(#4842),#4846);
#4842 = LINE('',#4843,#4844);
#4843 = CARTESIAN_POINT('',(0.215620424103,-5.845441274495));
#4844 = VECTOR('',#4845,1.);
#4845 = DIRECTION('',(0.,1.));
#4846 = ( GEOMETRIC_REPRESENTATION_CONTEXT(2) 
PARAMETRIC_REPRESENTATION_CONTEXT() REPRESENTATION_CONTEXT('2D SPACE',''
  ) );
#4847 = PCURVE('',#923,#4848);
#4848 = DEFINITIONAL_REPRESENTATION('',(#4849),#4853);
#4849 = LINE('',#4850,#4851);
#4850 = CARTESIAN_POINT('',(-7.304586916271E-02,-5.845442288314));
#4851 = VECTOR('',#4852,1.);
#4852 = DIRECTION('',(0.,1.));
#4853 = ( GEOMETRIC_REPRESENTATION_CONTEXT(2) 
PARAMETRIC_REPRESENTATION_CONTEXT() REPRESENTATION_CONTEXT('2D SPACE',''
  ) );
#4854 = ORIENTED_EDGE('',*,*,#879,.F.);
#4855 = ADVANCED_FACE('',(#4856),#923,.T.);
#4856 = FACE_BOUND('',#4857,.T.);
#4857 = EDGE_LOOP('',(#4858,#4859,#4882,#4903));
#4858 = ORIENTED_EDGE('',*,*,#4834,.F.);
#4859 = ORIENTED_EDGE('',*,*,#4860,.F.);
#4860 = EDGE_CURVE('',#4861,#4812,#4863,.T.);
#4861 = VERTEX_POINT('',#4862);
#4862 = CARTESIAN_POINT('',(18.446092346191,-3.943599700928,
    10.32435760498));
#4863 = SURFACE_CURVE('',#4864,(#4868,#4875),.PCURVE_S1.);
#4864 = LINE('',#4865,#4866);
#4865 = CARTESIAN_POINT('',(19.205359722625,-3.943599700928,
    9.918516586363));
#4866 = VECTOR('',#4867,1.);
#4867 = DIRECTION('',(-0.881919259975,0.,0.471400486727));
#4868 = PCURVE('',#923,#4869);
#4869 = DEFINITIONAL_REPRESENTATION('',(#4870),#4874);
#4870 = LINE('',#4871,#4872);
#4871 = CARTESIAN_POINT('',(1.076543508421,-3.872313015853));
#4872 = VECTOR('',#4873,1.);
#4873 = DIRECTION('',(-1.,0.));
#4874 = ( GEOMETRIC_REPRESENTATION_CONTEXT(2) 
PARAMETRIC_REPRESENTATION_CONTEXT() REPRESENTATION_CONTEXT('2D SPACE',''
  ) );
#4875 = PCURVE('',#154,#4876);
#4876 = DEFINITIONAL_REPRESENTATION('',(#4877),#4881);
#4877 = LINE('',#4878,#4879);
#4878 = CARTESIAN_POINT('',(4.519634244877,1.19513692724));
#4879 = VECTOR('',#4880,1.);
#4880 = DIRECTION('',(0.471400486727,-0.881919259975));
#4881 = ( GEOMETRIC_REPRESENTATION_CONTEXT(2) 
PARAMETRIC_REPRESENTATION_CONTEXT() REPRESENTATION_CONTEXT('2D SPACE',''
  ) );
#4882 = ORIENTED_EDGE('',*,*,#4883,.T.);
#4883 = EDGE_CURVE('',#4861,#908,#4884,.T.);
#4884 = SURFACE_CURVE('',#4885,(#4889,#4896),.PCURVE_S1.);
#4885 = LINE('',#4886,#4887);
#4886 = CARTESIAN_POINT('',(18.446092346191,-5.916728973389,
    10.32435760498));
#4887 = VECTOR('',#4888,1.);
#4888 = DIRECTION('',(0.,1.,0.));
#4889 = PCURVE('',#923,#4890);
#4890 = DEFINITIONAL_REPRESENTATION('',(#4891),#4895);
#4891 = LINE('',#4892,#4893);
#4892 = CARTESIAN_POINT('',(0.215617331963,-5.845442288314));
#4893 = VECTOR('',#4894,1.);
#4894 = DIRECTION('',(0.,1.));
#4895 = ( GEOMETRIC_REPRESENTATION_CONTEXT(2) 
PARAMETRIC_REPRESENTATION_CONTEXT() REPRESENTATION_CONTEXT('2D SPACE',''
  ) );
#4896 = PCURVE('',#951,#4897);
#4897 = DEFINITIONAL_REPRESENTATION('',(#4898),#4902);
#4898 = LINE('',#4899,#4900);
#4899 = CARTESIAN_POINT('',(-7.304721467491E-02,-5.845441006865));
#4900 = VECTOR('',#4901,1.);
#4901 = DIRECTION('',(0.,1.));
#4902 = ( GEOMETRIC_REPRESENTATION_CONTEXT(2) 
PARAMETRIC_REPRESENTATION_CONTEXT() REPRESENTATION_CONTEXT('2D SPACE',''
  ) );
#4903 = ORIENTED_EDGE('',*,*,#907,.F.);
#4904 = ADVANCED_FACE('',(#4905),#951,.T.);
#4905 = FACE_BOUND('',#4906,.T.);
#4906 = EDGE_LOOP('',(#4907,#4908,#4931,#4952));
#4907 = ORIENTED_EDGE('',*,*,#4883,.F.);
#4908 = ORIENTED_EDGE('',*,*,#4909,.F.);
#4909 = EDGE_CURVE('',#4910,#4861,#4912,.T.);
#4910 = VERTEX_POINT('',#4911);
#4911 = CARTESIAN_POINT('',(18.669236877441,-3.943599700928,
    10.141229248047));
#4912 = SURFACE_CURVE('',#4913,(#4917,#4924),.PCURVE_S1.);
#4913 = LINE('',#4914,#4915);
#4914 = CARTESIAN_POINT('',(19.551805091439,-3.943599700928,
    9.416930668978));
#4915 = VECTOR('',#4916,1.);
#4916 = DIRECTION('',(-0.773013217577,0.,0.634389915943));
#4917 = PCURVE('',#951,#4918);
#4918 = DEFINITIONAL_REPRESENTATION('',(#4919),#4923);
#4919 = LINE('',#4920,#4921);
#4920 = CARTESIAN_POINT('',(1.357345849901,-3.872311734404));
#4921 = VECTOR('',#4922,1.);
#4922 = DIRECTION('',(-1.,0.));
#4923 = ( GEOMETRIC_REPRESENTATION_CONTEXT(2) 
PARAMETRIC_REPRESENTATION_CONTEXT() REPRESENTATION_CONTEXT('2D SPACE',''
  ) );
#4924 = PCURVE('',#154,#4925);
#4925 = DEFINITIONAL_REPRESENTATION('',(#4926),#4930);
#4926 = LINE('',#4927,#4928);
#4927 = CARTESIAN_POINT('',(4.018048327492,1.541582296054));
#4928 = VECTOR('',#4929,1.);
#4929 = DIRECTION('',(0.634389915943,-0.773013217577));
#4930 = ( GEOMETRIC_REPRESENTATION_CONTEXT(2) 
PARAMETRIC_REPRESENTATION_CONTEXT() REPRESENTATION_CONTEXT('2D SPACE',''
  ) );
#4931 = ORIENTED_EDGE('',*,*,#4932,.T.);
#4932 = EDGE_CURVE('',#4910,#936,#4933,.T.);
#4933 = SURFACE_CURVE('',#4934,(#4938,#4945),.PCURVE_S1.);
#4934 = LINE('',#4935,#4936);
#4935 = CARTESIAN_POINT('',(18.669236877441,-5.916728973389,
    10.141229248047));
#4936 = VECTOR('',#4937,1.);
#4937 = DIRECTION('',(0.,1.,0.));
#4938 = PCURVE('',#951,#4939);
#4939 = DEFINITIONAL_REPRESENTATION('',(#4940),#4944);
#4940 = LINE('',#4941,#4942);
#4941 = CARTESIAN_POINT('',(0.215621240373,-5.845441006865));
#4942 = VECTOR('',#4943,1.);
#4943 = DIRECTION('',(0.,1.));
#4944 = ( GEOMETRIC_REPRESENTATION_CONTEXT(2) 
PARAMETRIC_REPRESENTATION_CONTEXT() REPRESENTATION_CONTEXT('2D SPACE',''
  ) );
#4945 = PCURVE('',#979,#4946);
#4946 = DEFINITIONAL_REPRESENTATION('',(#4947),#4951);
#4947 = LINE('',#4948,#4949);
#4948 = CARTESIAN_POINT('',(7.304683708507E-02,5.845441366477));
#4949 = VECTOR('',#4950,1.);
#4950 = DIRECTION('',(0.,-1.));
#4951 = ( GEOMETRIC_REPRESENTATION_CONTEXT(2) 
PARAMETRIC_REPRESENTATION_CONTEXT() REPRESENTATION_CONTEXT('2D SPACE',''
  ) );
#4952 = ORIENTED_EDGE('',*,*,#935,.F.);
#4953 = ADVANCED_FACE('',(#4954),#979,.T.);
#4954 = FACE_BOUND('',#4955,.T.);
#4955 = EDGE_LOOP('',(#4956,#4957,#4980,#5001));
#4956 = ORIENTED_EDGE('',*,*,#4932,.F.);
#4957 = ORIENTED_EDGE('',*,*,#4958,.F.);
#4958 = EDGE_CURVE('',#4959,#4910,#4961,.T.);
#4959 = VERTEX_POINT('',#4960);
#4960 = CARTESIAN_POINT('',(18.821830121008,-3.943599700928,9.95529378)
  );
#4961 = SURFACE_CURVE('',#4962,(#4966,#4973),.PCURVE_S1.);
#4962 = LINE('',#4963,#4964);
#4963 = CARTESIAN_POINT('',(19.722601368107,-3.943599700928,
    8.857700469067));
#4964 = VECTOR('',#4965,1.);
#4965 = DIRECTION('',(-0.63439315617,0.,0.773010558404));
#4966 = PCURVE('',#979,#4967);
#4967 = DEFINITIONAL_REPRESENTATION('',(#4968),#4972);
#4968 = LINE('',#4969,#4970);
#4969 = CARTESIAN_POINT('',(-1.587381684913,3.872312094016));
#4970 = VECTOR('',#4971,1.);
#4971 = DIRECTION('',(1.,0.));
#4972 = ( GEOMETRIC_REPRESENTATION_CONTEXT(2) 
PARAMETRIC_REPRESENTATION_CONTEXT() REPRESENTATION_CONTEXT('2D SPACE',''
  ) );
#4973 = PCURVE('',#154,#4974);
#4974 = DEFINITIONAL_REPRESENTATION('',(#4975),#4979);
#4975 = LINE('',#4976,#4977);
#4976 = CARTESIAN_POINT('',(3.458818127581,1.712378572722));
#4977 = VECTOR('',#4978,1.);
#4978 = DIRECTION('',(0.773010558404,-0.63439315617));
#4979 = ( GEOMETRIC_REPRESENTATION_CONTEXT(2) 
PARAMETRIC_REPRESENTATION_CONTEXT() REPRESENTATION_CONTEXT('2D SPACE',''
  ) );
#4980 = ORIENTED_EDGE('',*,*,#4981,.T.);
#4981 = EDGE_CURVE('',#4959,#964,#4982,.T.);
#4982 = SURFACE_CURVE('',#4983,(#4987,#4994),.PCURVE_S1.);
#4983 = LINE('',#4984,#4985);
#4984 = CARTESIAN_POINT('',(18.852365234375,-5.916728973389,
    9.918086624146));
#4985 = VECTOR('',#4986,1.);
#4986 = DIRECTION('',(-1.547087285089E-02,0.999702595699,
    1.885131947776E-02));
#4987 = PCURVE('',#979,#4988);
#4988 = DEFINITIONAL_REPRESENTATION('',(#4989),#4993);
#4989 = LINE('',#4990,#4991);
#4990 = CARTESIAN_POINT('',(-0.21562014356,5.845441366477));
#4991 = VECTOR('',#4992,1.);
#4992 = DIRECTION('',(2.438688485274E-02,-0.999702595699));
#4993 = ( GEOMETRIC_REPRESENTATION_CONTEXT(2) 
PARAMETRIC_REPRESENTATION_CONTEXT() REPRESENTATION_CONTEXT('2D SPACE',''
  ) );
#4994 = PCURVE('',#1007,#4995);
#4995 = DEFINITIONAL_REPRESENTATION('',(#4996),#5000);
#4996 = LINE('',#4997,#4998);
#4997 = CARTESIAN_POINT('',(-7.304720568329E-02,5.988014313234));
#4998 = VECTOR('',#4999,1.);
#4999 = DIRECTION('',(2.438688485253E-02,-0.999702595699));
#5000 = ( GEOMETRIC_REPRESENTATION_CONTEXT(2) 
PARAMETRIC_REPRESENTATION_CONTEXT() REPRESENTATION_CONTEXT('2D SPACE',''
  ) );
#5001 = ORIENTED_EDGE('',*,*,#963,.F.);
#5002 = ADVANCED_FACE('',(#5003),#1007,.T.);
#5003 = FACE_BOUND('',#5004,.T.);
#5004 = EDGE_LOOP('',(#5005,#5006,#5029,#5050));
#5005 = ORIENTED_EDGE('',*,*,#4981,.F.);
#5006 = ORIENTED_EDGE('',*,*,#5007,.F.);
#5007 = EDGE_CURVE('',#5008,#4959,#5010,.T.);
#5008 = VERTEX_POINT('',#5009);
#5009 = CARTESIAN_POINT('',(18.852365234375,-3.943599700928,
    9.91808694218));
#5010 = SURFACE_CURVE('',#5011,(#5015,#5022),.PCURVE_S1.);
#5011 = LINE('',#5012,#5013);
#5012 = CARTESIAN_POINT('',(19.767825170431,-3.943599700928,
    8.802604940772));
#5013 = VECTOR('',#5014,1.);
#5014 = DIRECTION('',(-0.634396396419,0.,0.77300789919));
#5015 = PCURVE('',#1007,#5016);
#5016 = DEFINITIONAL_REPRESENTATION('',(#5017),#5021);
#5017 = LINE('',#5018,#5019);
#5018 = CARTESIAN_POINT('',(-1.516087842833,4.014885040773));
#5019 = VECTOR('',#5020,1.);
#5020 = DIRECTION('',(1.,-1.985233470127E-23));
#5021 = ( GEOMETRIC_REPRESENTATION_CONTEXT(2) 
PARAMETRIC_REPRESENTATION_CONTEXT() REPRESENTATION_CONTEXT('2D SPACE',''
  ) );
#5022 = PCURVE('',#154,#5023);
#5023 = DEFINITIONAL_REPRESENTATION('',(#5024),#5028);
#5024 = LINE('',#5025,#5026);
#5025 = CARTESIAN_POINT('',(3.403722599285,1.757602375046));
#5026 = VECTOR('',#5027,1.);
#5027 = DIRECTION('',(0.77300789919,-0.634396396419));
#5028 = ( GEOMETRIC_REPRESENTATION_CONTEXT(2) 
PARAMETRIC_REPRESENTATION_CONTEXT() REPRESENTATION_CONTEXT('2D SPACE',''
  ) );
#5029 = ORIENTED_EDGE('',*,*,#5030,.T.);
#5030 = EDGE_CURVE('',#5008,#992,#5031,.T.);
#5031 = SURFACE_CURVE('',#5032,(#5036,#5043),.PCURVE_S1.);
#5032 = LINE('',#5033,#5034);
#5033 = CARTESIAN_POINT('',(18.852365234375,-5.916728973389,
    9.918086624146));
#5034 = VECTOR('',#5035,1.);
#5035 = DIRECTION('',(0.,1.,1.611827201164E-07));
#5036 = PCURVE('',#1007,#5037);
#5037 = DEFINITIONAL_REPRESENTATION('',(#5038),#5042);
#5038 = LINE('',#5039,#5040);
#5039 = CARTESIAN_POINT('',(-7.304720568329E-02,5.988014313234));
#5040 = VECTOR('',#5041,1.);
#5041 = DIRECTION('',(1.245955158629E-07,-1.));
#5042 = ( GEOMETRIC_REPRESENTATION_CONTEXT(2) 
PARAMETRIC_REPRESENTATION_CONTEXT() REPRESENTATION_CONTEXT('2D SPACE',''
  ) );
#5043 = PCURVE('',#1035,#5044);
#5044 = DEFINITIONAL_REPRESENTATION('',(#5045),#5049);
#5045 = LINE('',#5046,#5047);
#5046 = CARTESIAN_POINT('',(7.304569940604E-02,5.84544165886));
#5047 = VECTOR('',#5048,1.);
#5048 = DIRECTION('',(1.42149939146E-07,-1.));
#5049 = ( GEOMETRIC_REPRESENTATION_CONTEXT(2) 
PARAMETRIC_REPRESENTATION_CONTEXT() REPRESENTATION_CONTEXT('2D SPACE',''
  ) );
#5050 = ORIENTED_EDGE('',*,*,#991,.F.);
#5051 = ADVANCED_FACE('',(#5052),#1035,.T.);
#5052 = FACE_BOUND('',#5053,.T.);
#5053 = EDGE_LOOP('',(#5054,#5055,#5078,#5099));
#5054 = ORIENTED_EDGE('',*,*,#5030,.F.);
#5055 = ORIENTED_EDGE('',*,*,#5056,.F.);
#5056 = EDGE_CURVE('',#5057,#5008,#5059,.T.);
#5057 = VERTEX_POINT('',#5058);
#5058 = CARTESIAN_POINT('',(18.965753273048,-3.943599700928,
    9.705956396013));
#5059 = SURFACE_CURVE('',#5060,(#5064,#5071),.PCURVE_S1.);
#5060 = LINE('',#5061,#5062);
#5061 = CARTESIAN_POINT('',(19.715415613857,-3.943599700928,
    8.303460298025));
#5062 = VECTOR('',#5063,1.);
#5063 = DIRECTION('',(-0.47140287892,0.,0.881917981303));
#5064 = PCURVE('',#1035,#5065);
#5065 = DEFINITIONAL_REPRESENTATION('',(#5066),#5070);
#5066 = LINE('',#5067,#5068);
#5067 = CARTESIAN_POINT('',(-1.757766724226,3.872312386399));
#5068 = VECTOR('',#5069,1.);
#5069 = DIRECTION('',(1.,-6.617444900424E-24));
#5070 = ( GEOMETRIC_REPRESENTATION_CONTEXT(2) 
PARAMETRIC_REPRESENTATION_CONTEXT() REPRESENTATION_CONTEXT('2D SPACE',''
  ) );
#5071 = PCURVE('',#154,#5072);
#5072 = DEFINITIONAL_REPRESENTATION('',(#5073),#5077);
#5073 = LINE('',#5074,#5075);
#5074 = CARTESIAN_POINT('',(2.904577956538,1.705192818472));
#5075 = VECTOR('',#5076,1.);
#5076 = DIRECTION('',(0.881917981303,-0.47140287892));
#5077 = ( GEOMETRIC_REPRESENTATION_CONTEXT(2) 
PARAMETRIC_REPRESENTATION_CONTEXT() REPRESENTATION_CONTEXT('2D SPACE',''
  ) );
#5078 = ORIENTED_EDGE('',*,*,#5079,.T.);
#5079 = EDGE_CURVE('',#5057,#1020,#5080,.T.);
#5080 = SURFACE_CURVE('',#5081,(#5085,#5092),.PCURVE_S1.);
#5081 = LINE('',#5082,#5083);
#5082 = CARTESIAN_POINT('',(18.988443115234,-5.916728973389,
    9.663507080078));
#5083 = VECTOR('',#5084,1.);
#5084 = DIRECTION('',(-1.149599999556E-02,0.999702594702,
    2.150730409575E-02));
#5085 = PCURVE('',#1035,#5086);
#5086 = DEFINITIONAL_REPRESENTATION('',(#5087),#5091);
#5087 = LINE('',#5088,#5089);
#5088 = CARTESIAN_POINT('',(-0.215620082973,5.84544165886));
#5089 = VECTOR('',#5090,1.);
#5090 = DIRECTION('',(2.438692570537E-02,-0.999702594702));
#5091 = ( GEOMETRIC_REPRESENTATION_CONTEXT(2) 
PARAMETRIC_REPRESENTATION_CONTEXT() REPRESENTATION_CONTEXT('2D SPACE',''
  ) );
#5092 = PCURVE('',#1063,#5093);
#5093 = DEFINITIONAL_REPRESENTATION('',(#5094),#5098);
#5094 = LINE('',#5095,#5096);
#5095 = CARTESIAN_POINT('',(-7.304696100022E-02,5.988014790967));
#5096 = VECTOR('',#5097,1.);
#5097 = DIRECTION('',(2.438692570549E-02,-0.999702594702));
#5098 = ( GEOMETRIC_REPRESENTATION_CONTEXT(2) 
PARAMETRIC_REPRESENTATION_CONTEXT() REPRESENTATION_CONTEXT('2D SPACE',''
  ) );
#5099 = ORIENTED_EDGE('',*,*,#1019,.F.);
#5100 = ADVANCED_FACE('',(#5101),#1063,.T.);
#5101 = FACE_BOUND('',#5102,.T.);
#5102 = EDGE_LOOP('',(#5103,#5104,#5127,#5148));
#5103 = ORIENTED_EDGE('',*,*,#5079,.F.);
#5104 = ORIENTED_EDGE('',*,*,#5105,.F.);
#5105 = EDGE_CURVE('',#5106,#5057,#5108,.T.);
#5106 = VERTEX_POINT('',#5107);
#5107 = CARTESIAN_POINT('',(18.988443115234,-3.943599700928,
    9.663507080078));
#5108 = SURFACE_CURVE('',#5109,(#5113,#5120),.PCURVE_S1.);
#5109 = LINE('',#5110,#5111);
#5110 = CARTESIAN_POINT('',(19.749017848927,-3.943599700928,
    8.240585012282));
#5111 = VECTOR('',#5112,1.);
#5112 = DIRECTION('',(-0.471400131956,0.,0.881919449605));
#5113 = PCURVE('',#1063,#5114);
#5114 = DEFINITIONAL_REPRESENTATION('',(#5115),#5119);
#5115 = LINE('',#5116,#5117);
#5116 = CARTESIAN_POINT('',(-1.686484637687,4.014885518506));
#5117 = VECTOR('',#5118,1.);
#5118 = DIRECTION('',(1.,0.));
#5119 = ( GEOMETRIC_REPRESENTATION_CONTEXT(2) 
PARAMETRIC_REPRESENTATION_CONTEXT() REPRESENTATION_CONTEXT('2D SPACE',''
  ) );
#5120 = PCURVE('',#154,#5121);
#5121 = DEFINITIONAL_REPRESENTATION('',(#5122),#5126);
#5122 = LINE('',#5123,#5124);
#5123 = CARTESIAN_POINT('',(2.841702670796,1.738795053542));
#5124 = VECTOR('',#5125,1.);
#5125 = DIRECTION('',(0.881919449605,-0.471400131956));
#5126 = ( GEOMETRIC_REPRESENTATION_CONTEXT(2) 
PARAMETRIC_REPRESENTATION_CONTEXT() REPRESENTATION_CONTEXT('2D SPACE',''
  ) );
#5127 = ORIENTED_EDGE('',*,*,#5128,.T.);
#5128 = EDGE_CURVE('',#5106,#1048,#5129,.T.);
#5129 = SURFACE_CURVE('',#5130,(#5134,#5141),.PCURVE_S1.);
#5130 = LINE('',#5131,#5132);
#5131 = CARTESIAN_POINT('',(18.988443115234,-5.916728973389,
    9.663507080078));
#5132 = VECTOR('',#5133,1.);
#5133 = DIRECTION('',(0.,1.,0.));
#5134 = PCURVE('',#1063,#5135);
#5135 = DEFINITIONAL_REPRESENTATION('',(#5136),#5140);
#5136 = LINE('',#5137,#5138);
#5137 = CARTESIAN_POINT('',(-7.304696100022E-02,5.988014790967));
#5138 = VECTOR('',#5139,1.);
#5139 = DIRECTION('',(0.,-1.));
#5140 = ( GEOMETRIC_REPRESENTATION_CONTEXT(2) 
PARAMETRIC_REPRESENTATION_CONTEXT() REPRESENTATION_CONTEXT('2D SPACE',''
  ) );
#5141 = PCURVE('',#1091,#5142);
#5142 = DEFINITIONAL_REPRESENTATION('',(#5143),#5147);
#5143 = LINE('',#5144,#5145);
#5144 = CARTESIAN_POINT('',(7.304679187254E-02,5.845441409537));
#5145 = VECTOR('',#5146,1.);
#5146 = DIRECTION('',(0.,-1.));
#5147 = ( GEOMETRIC_REPRESENTATION_CONTEXT(2) 
PARAMETRIC_REPRESENTATION_CONTEXT() REPRESENTATION_CONTEXT('2D SPACE',''
  ) );
#5148 = ORIENTED_EDGE('',*,*,#1047,.F.);
#5149 = ADVANCED_FACE('',(#5150),#1091,.T.);
#5150 = FACE_BOUND('',#5151,.T.);
#5151 = EDGE_LOOP('',(#5152,#5153,#5176,#5197));
#5152 = ORIENTED_EDGE('',*,*,#5128,.F.);
#5153 = ORIENTED_EDGE('',*,*,#5154,.F.);
#5154 = EDGE_CURVE('',#5155,#5106,#5157,.T.);
#5155 = VERTEX_POINT('',#5156);
#5156 = CARTESIAN_POINT('',(19.058264870602,-3.943599700928,
    9.433329870153));
#5157 = SURFACE_CURVE('',#5158,(#5162,#5169),.PCURVE_S1.);
#5158 = LINE('',#5159,#5160);
#5159 = CARTESIAN_POINT('',(19.55014435367,-3.943599700928,7.81178016211
    ));
#5160 = VECTOR('',#5161,1.);
#5161 = DIRECTION('',(-0.290278060887,0.,0.95694234276));
#5162 = PCURVE('',#1091,#5163);
#5163 = DEFINITIONAL_REPRESENTATION('',(#5164),#5168);
#5164 = LINE('',#5165,#5166);
#5165 = CARTESIAN_POINT('',(-1.861998649452,3.872312137076));
#5166 = VECTOR('',#5167,1.);
#5167 = DIRECTION('',(1.,0.));
#5168 = ( GEOMETRIC_REPRESENTATION_CONTEXT(2) 
PARAMETRIC_REPRESENTATION_CONTEXT() REPRESENTATION_CONTEXT('2D SPACE',''
  ) );
#5169 = PCURVE('',#154,#5170);
#5170 = DEFINITIONAL_REPRESENTATION('',(#5171),#5175);
#5171 = LINE('',#5172,#5173);
#5172 = CARTESIAN_POINT('',(2.412897820623,1.539921558285));
#5173 = VECTOR('',#5174,1.);
#5174 = DIRECTION('',(0.95694234276,-0.290278060887));
#5175 = ( GEOMETRIC_REPRESENTATION_CONTEXT(2) 
PARAMETRIC_REPRESENTATION_CONTEXT() REPRESENTATION_CONTEXT('2D SPACE',''
  ) );
#5176 = ORIENTED_EDGE('',*,*,#5177,.T.);
#5177 = EDGE_CURVE('',#5155,#1076,#5178,.T.);
#5178 = SURFACE_CURVE('',#5179,(#5183,#5190),.PCURVE_S1.);
#5179 = LINE('',#5180,#5181);
#5180 = CARTESIAN_POINT('',(19.072236755371,-5.916728973389,
    9.387269592285));
#5181 = VECTOR('',#5182,1.);
#5182 = DIRECTION('',(-7.078973319299E-03,0.999702596063,
    2.333682845961E-02));
#5183 = PCURVE('',#1091,#5184);
#5184 = DEFINITIONAL_REPRESENTATION('',(#5185),#5189);
#5185 = LINE('',#5186,#5187);
#5186 = CARTESIAN_POINT('',(-0.215620012228,5.845441409537));
#5187 = VECTOR('',#5188,1.);
#5188 = DIRECTION('',(2.438686994693E-02,-0.999702596063));
#5189 = ( GEOMETRIC_REPRESENTATION_CONTEXT(2) 
PARAMETRIC_REPRESENTATION_CONTEXT() REPRESENTATION_CONTEXT('2D SPACE',''
  ) );
#5190 = PCURVE('',#1119,#5191);
#5191 = DEFINITIONAL_REPRESENTATION('',(#5192),#5196);
#5192 = LINE('',#5193,#5194);
#5193 = CARTESIAN_POINT('',(-7.304724817777E-02,5.988014184582));
#5194 = VECTOR('',#5195,1.);
#5195 = DIRECTION('',(2.438686994688E-02,-0.999702596063));
#5196 = ( GEOMETRIC_REPRESENTATION_CONTEXT(2) 
PARAMETRIC_REPRESENTATION_CONTEXT() REPRESENTATION_CONTEXT('2D SPACE',''
  ) );
#5197 = ORIENTED_EDGE('',*,*,#1075,.F.);
#5198 = ADVANCED_FACE('',(#5199),#1119,.T.);
#5199 = FACE_BOUND('',#5200,.T.);
#5200 = EDGE_LOOP('',(#5201,#5202,#5225,#5246));
#5201 = ORIENTED_EDGE('',*,*,#5177,.F.);
#5202 = ORIENTED_EDGE('',*,*,#5203,.F.);
#5203 = EDGE_CURVE('',#5204,#5155,#5206,.T.);
#5204 = VERTEX_POINT('',#5205);
#5205 = CARTESIAN_POINT('',(19.072236755371,-3.943599700928,
    9.387269910319));
#5206 = SURFACE_CURVE('',#5207,(#5211,#5218),.PCURVE_S1.);
#5207 = LINE('',#5208,#5209);
#5208 = CARTESIAN_POINT('',(19.57083986219,-3.943599700928,
    7.743566182939));
#5209 = VECTOR('',#5210,1.);
#5210 = DIRECTION('',(-0.290279896309,0.,0.956941786003));
#5211 = PCURVE('',#1119,#5212);
#5212 = DEFINITIONAL_REPRESENTATION('',(#5213),#5217);
#5213 = LINE('',#5214,#5215);
#5214 = CARTESIAN_POINT('',(-1.790710182523,4.014884912121));
#5215 = VECTOR('',#5216,1.);
#5216 = DIRECTION('',(1.,3.308722450212E-24));
#5217 = ( GEOMETRIC_REPRESENTATION_CONTEXT(2) 
PARAMETRIC_REPRESENTATION_CONTEXT() REPRESENTATION_CONTEXT('2D SPACE',''
  ) );
#5218 = PCURVE('',#154,#5219);
#5219 = DEFINITIONAL_REPRESENTATION('',(#5220),#5224);
#5220 = LINE('',#5221,#5222);
#5221 = CARTESIAN_POINT('',(2.344683841453,1.560617066805));
#5222 = VECTOR('',#5223,1.);
#5223 = DIRECTION('',(0.956941786003,-0.290279896309));
#5224 = ( GEOMETRIC_REPRESENTATION_CONTEXT(2) 
PARAMETRIC_REPRESENTATION_CONTEXT() REPRESENTATION_CONTEXT('2D SPACE',''
  ) );
#5225 = ORIENTED_EDGE('',*,*,#5226,.T.);
#5226 = EDGE_CURVE('',#5204,#1104,#5227,.T.);
#5227 = SURFACE_CURVE('',#5228,(#5232,#5239),.PCURVE_S1.);
#5228 = LINE('',#5229,#5230);
#5229 = CARTESIAN_POINT('',(19.072236755371,-5.916728973389,
    9.387269592285));
#5230 = VECTOR('',#5231,1.);
#5231 = DIRECTION('',(0.,1.,1.611827201164E-07));
#5232 = PCURVE('',#1119,#5233);
#5233 = DEFINITIONAL_REPRESENTATION('',(#5234),#5238);
#5234 = LINE('',#5235,#5236);
#5235 = CARTESIAN_POINT('',(-7.304724817777E-02,5.988014184582));
#5236 = VECTOR('',#5237,1.);
#5237 = DIRECTION('',(1.54242480061E-07,-1.));
#5238 = ( GEOMETRIC_REPRESENTATION_CONTEXT(2) 
PARAMETRIC_REPRESENTATION_CONTEXT() REPRESENTATION_CONTEXT('2D SPACE',''
  ) );
#5239 = PCURVE('',#1147,#5240);
#5240 = DEFINITIONAL_REPRESENTATION('',(#5241),#5245);
#5241 = LINE('',#5242,#5243);
#5242 = CARTESIAN_POINT('',(7.304536416764E-02,5.845441876529));
#5243 = VECTOR('',#5244,1.);
#5244 = DIRECTION('',(1.604068183893E-07,-1.));
#5245 = ( GEOMETRIC_REPRESENTATION_CONTEXT(2) 
PARAMETRIC_REPRESENTATION_CONTEXT() REPRESENTATION_CONTEXT('2D SPACE',''
  ) );
#5246 = ORIENTED_EDGE('',*,*,#1103,.F.);
#5247 = ADVANCED_FACE('',(#5248),#1147,.T.);
#5248 = FACE_BOUND('',#5249,.T.);
#5249 = EDGE_LOOP('',(#5250,#5251,#5274,#5295));
#5250 = ORIENTED_EDGE('',*,*,#5226,.F.);
#5251 = ORIENTED_EDGE('',*,*,#5252,.F.);
#5252 = EDGE_CURVE('',#5253,#5204,#5255,.T.);
#5253 = VERTEX_POINT('',#5254);
#5254 = CARTESIAN_POINT('',(19.095809464913,-3.943599700928,
    9.147895338601));
#5255 = SURFACE_CURVE('',#5256,(#5260,#5267),.PCURVE_S1.);
#5256 = LINE('',#5257,#5258);
#5257 = CARTESIAN_POINT('',(19.265210649161,-3.943599700928,
    7.427671541042));
#5258 = VECTOR('',#5259,1.);
#5259 = DIRECTION('',(-9.800220221286E-02,0.,0.995186197835));
#5260 = PCURVE('',#1147,#5261);
#5261 = DEFINITIONAL_REPRESENTATION('',(#5262),#5266);
#5262 = LINE('',#5263,#5264);
#5263 = CARTESIAN_POINT('',(-1.896031436295,3.872312604068));
#5264 = VECTOR('',#5265,1.);
#5265 = DIRECTION('',(1.,2.067951531383E-25));
#5266 = ( GEOMETRIC_REPRESENTATION_CONTEXT(2) 
PARAMETRIC_REPRESENTATION_CONTEXT() REPRESENTATION_CONTEXT('2D SPACE',''
  ) );
#5267 = PCURVE('',#154,#5268);
#5268 = DEFINITIONAL_REPRESENTATION('',(#5269),#5273);
#5269 = LINE('',#5270,#5271);
#5270 = CARTESIAN_POINT('',(2.028789199556,1.254987853776));
#5271 = VECTOR('',#5272,1.);
#5272 = DIRECTION('',(0.995186197835,-9.800220221286E-02));
#5273 = ( GEOMETRIC_REPRESENTATION_CONTEXT(2) 
PARAMETRIC_REPRESENTATION_CONTEXT() REPRESENTATION_CONTEXT('2D SPACE',''
  ) );
#5274 = ORIENTED_EDGE('',*,*,#5275,.T.);
#5275 = EDGE_CURVE('',#5253,#1132,#5276,.T.);
#5276 = SURFACE_CURVE('',#5277,(#5281,#5288),.PCURVE_S1.);
#5277 = LINE('',#5278,#5279);
#5278 = CARTESIAN_POINT('',(19.100526550293,-5.916728973389,
    9.099994277954));
#5279 = VECTOR('',#5280,1.);
#5280 = DIRECTION('',(-2.389951112521E-03,0.999702596095,
    2.426947658869E-02));
#5281 = PCURVE('',#1147,#5282);
#5282 = DEFINITIONAL_REPRESENTATION('',(#5283),#5287);
#5283 = LINE('',#5284,#5285);
#5284 = CARTESIAN_POINT('',(-0.215619525836,5.845441876529));
#5285 = VECTOR('',#5286,1.);
#5286 = DIRECTION('',(2.438686860196E-02,-0.999702596095));
#5287 = ( GEOMETRIC_REPRESENTATION_CONTEXT(2) 
PARAMETRIC_REPRESENTATION_CONTEXT() REPRESENTATION_CONTEXT('2D SPACE',''
  ) );
#5288 = PCURVE('',#1175,#5289);
#5289 = DEFINITIONAL_REPRESENTATION('',(#5290),#5294);
#5290 = LINE('',#5291,#5292);
#5291 = CARTESIAN_POINT('',(-7.304678779297E-02,5.988014626007));
#5292 = VECTOR('',#5293,1.);
#5293 = DIRECTION('',(2.438686860196E-02,-0.999702596095));
#5294 = ( GEOMETRIC_REPRESENTATION_CONTEXT(2) 
PARAMETRIC_REPRESENTATION_CONTEXT() REPRESENTATION_CONTEXT('2D SPACE',''
  ) );
#5295 = ORIENTED_EDGE('',*,*,#1131,.F.);
#5296 = ADVANCED_FACE('',(#5297),#1175,.T.);
#5297 = FACE_BOUND('',#5298,.T.);
#5298 = EDGE_LOOP('',(#5299,#5300,#5323,#5344));
#5299 = ORIENTED_EDGE('',*,*,#5275,.F.);
#5300 = ORIENTED_EDGE('',*,*,#5301,.F.);
#5301 = EDGE_CURVE('',#5302,#5253,#5304,.T.);
#5302 = VERTEX_POINT('',#5303);
#5303 = CARTESIAN_POINT('',(19.100526550293,-3.943599700928,
    9.099994277954));
#5304 = SURFACE_CURVE('',#5305,(#5309,#5316),.PCURVE_S1.);
#5305 = LINE('',#5306,#5307);
#5306 = CARTESIAN_POINT('',(19.272195756392,-3.943599700928,
    7.356727749789));
#5307 = VECTOR('',#5308,1.);
#5308 = DIRECTION('',(-9.800155778626E-02,0.,0.995186261296));
#5309 = PCURVE('',#1175,#5310);
#5310 = DEFINITIONAL_REPRESENTATION('',(#5311),#5315);
#5311 = LINE('',#5312,#5313);
#5312 = CARTESIAN_POINT('',(-1.824745536021,4.014885353546));
#5313 = VECTOR('',#5314,1.);
#5314 = DIRECTION('',(1.,0.));
#5315 = ( GEOMETRIC_REPRESENTATION_CONTEXT(2) 
PARAMETRIC_REPRESENTATION_CONTEXT() REPRESENTATION_CONTEXT('2D SPACE',''
  ) );
#5316 = PCURVE('',#154,#5317);
#5317 = DEFINITIONAL_REPRESENTATION('',(#5318),#5322);
#5318 = LINE('',#5319,#5320);
#5319 = CARTESIAN_POINT('',(1.957845408303,1.261972961006));
#5320 = VECTOR('',#5321,1.);
#5321 = DIRECTION('',(0.995186261296,-9.800155778626E-02));
#5322 = ( GEOMETRIC_REPRESENTATION_CONTEXT(2) 
PARAMETRIC_REPRESENTATION_CONTEXT() REPRESENTATION_CONTEXT('2D SPACE',''
  ) );
#5323 = ORIENTED_EDGE('',*,*,#5324,.T.);
#5324 = EDGE_CURVE('',#5302,#1160,#5325,.T.);
#5325 = SURFACE_CURVE('',#5326,(#5330,#5337),.PCURVE_S1.);
#5326 = LINE('',#5327,#5328);
#5327 = CARTESIAN_POINT('',(19.100526550293,-5.916728973389,
    9.099994277954));
#5328 = VECTOR('',#5329,1.);
#5329 = DIRECTION('',(0.,1.,0.));
#5330 = PCURVE('',#1175,#5331);
#5331 = DEFINITIONAL_REPRESENTATION('',(#5332),#5336);
#5332 = LINE('',#5333,#5334);
#5333 = CARTESIAN_POINT('',(-7.304678779297E-02,5.988014626007));
#5334 = VECTOR('',#5335,1.);
#5335 = DIRECTION('',(0.,-1.));
#5336 = ( GEOMETRIC_REPRESENTATION_CONTEXT(2) 
PARAMETRIC_REPRESENTATION_CONTEXT() REPRESENTATION_CONTEXT('2D SPACE',''
  ) );
#5337 = PCURVE('',#1203,#5338);
#5338 = DEFINITIONAL_REPRESENTATION('',(#5339),#5343);
#5339 = LINE('',#5340,#5341);
#5340 = CARTESIAN_POINT('',(7.304678779297E-02,5.845441413422));
#5341 = VECTOR('',#5342,1.);
#5342 = DIRECTION('',(0.,-1.));
#5343 = ( GEOMETRIC_REPRESENTATION_CONTEXT(2) 
PARAMETRIC_REPRESENTATION_CONTEXT() REPRESENTATION_CONTEXT('2D SPACE',''
  ) );
#5344 = ORIENTED_EDGE('',*,*,#1159,.F.);
#5345 = ADVANCED_FACE('',(#5346),#1203,.T.);
#5346 = FACE_BOUND('',#5347,.T.);
#5347 = EDGE_LOOP('',(#5348,#5349,#5372,#5393));
#5348 = ORIENTED_EDGE('',*,*,#5324,.F.);
#5349 = ORIENTED_EDGE('',*,*,#5350,.F.);
#5350 = EDGE_CURVE('',#5351,#5302,#5353,.T.);
#5351 = VERTEX_POINT('',#5352);
#5352 = CARTESIAN_POINT('',(19.076953840751,-3.943599700928,
    8.860618116921));
#5353 = SURFACE_CURVE('',#5354,(#5358,#5365),.PCURVE_S1.);
#5354 = LINE('',#5355,#5356);
#5355 = CARTESIAN_POINT('',(18.911227035036,-3.943599700928,
    7.177695478744));
#5356 = VECTOR('',#5357,1.);
#5357 = DIRECTION('',(9.800155778626E-02,-0.,0.995186261296));
#5358 = PCURVE('',#1203,#5359);
#5359 = DEFINITIONAL_REPRESENTATION('',(#5360),#5364);
#5360 = LINE('',#5361,#5362);
#5361 = CARTESIAN_POINT('',(-1.858550214669,3.872312140961));
#5362 = VECTOR('',#5363,1.);
#5363 = DIRECTION('',(1.,0.));
#5364 = ( GEOMETRIC_REPRESENTATION_CONTEXT(2) 
PARAMETRIC_REPRESENTATION_CONTEXT() REPRESENTATION_CONTEXT('2D SPACE',''
  ) );
#5365 = PCURVE('',#154,#5366);
#5366 = DEFINITIONAL_REPRESENTATION('',(#5367),#5371);
#5367 = LINE('',#5368,#5369);
#5368 = CARTESIAN_POINT('',(1.778813137258,0.901004239651));
#5369 = VECTOR('',#5370,1.);
#5370 = DIRECTION('',(0.995186261296,9.800155778626E-02));
#5371 = ( GEOMETRIC_REPRESENTATION_CONTEXT(2) 
PARAMETRIC_REPRESENTATION_CONTEXT() REPRESENTATION_CONTEXT('2D SPACE',''
  ) );
#5372 = ORIENTED_EDGE('',*,*,#5373,.T.);
#5373 = EDGE_CURVE('',#5351,#1188,#5374,.T.);
#5374 = SURFACE_CURVE('',#5375,(#5379,#5386),.PCURVE_S1.);
#5375 = LINE('',#5376,#5377);
#5376 = CARTESIAN_POINT('',(19.072236755371,-5.916728973389,
    8.812717056274));
#5377 = VECTOR('',#5378,1.);
#5378 = DIRECTION('',(2.389951112521E-03,0.999702596095,
    2.426947658869E-02));
#5379 = PCURVE('',#1203,#5380);
#5380 = DEFINITIONAL_REPRESENTATION('',(#5381),#5385);
#5381 = LINE('',#5382,#5383);
#5382 = CARTESIAN_POINT('',(-0.215620000378,5.845441413422));
#5383 = VECTOR('',#5384,1.);
#5384 = DIRECTION('',(2.438686860196E-02,-0.999702596095));
#5385 = ( GEOMETRIC_REPRESENTATION_CONTEXT(2) 
PARAMETRIC_REPRESENTATION_CONTEXT() REPRESENTATION_CONTEXT('2D SPACE',''
  ) );
#5386 = PCURVE('',#1231,#5387);
#5387 = DEFINITIONAL_REPRESENTATION('',(#5388),#5392);
#5388 = LINE('',#5389,#5390);
#5389 = CARTESIAN_POINT('',(-7.304726233468E-02,5.9880141629));
#5390 = VECTOR('',#5391,1.);
#5391 = DIRECTION('',(2.438686860196E-02,-0.999702596095));
#5392 = ( GEOMETRIC_REPRESENTATION_CONTEXT(2) 
PARAMETRIC_REPRESENTATION_CONTEXT() REPRESENTATION_CONTEXT('2D SPACE',''
  ) );
#5393 = ORIENTED_EDGE('',*,*,#1187,.F.);
#5394 = ADVANCED_FACE('',(#5395),#1231,.T.);
#5395 = FACE_BOUND('',#5396,.T.);
#5396 = EDGE_LOOP('',(#5397,#5398,#5421,#5442));
#5397 = ORIENTED_EDGE('',*,*,#5373,.F.);
#5398 = ORIENTED_EDGE('',*,*,#5399,.F.);
#5399 = EDGE_CURVE('',#5400,#5351,#5402,.T.);
#5400 = VERTEX_POINT('',#5401);
#5401 = CARTESIAN_POINT('',(19.072236755371,-3.943599700928,
    8.812717374309));
#5402 = SURFACE_CURVE('',#5403,(#5407,#5414),.PCURVE_S1.);
#5403 = LINE('',#5404,#5405);
#5404 = CARTESIAN_POINT('',(18.904239701199,-3.943599700928,
    7.106752142769));
#5405 = VECTOR('',#5406,1.);
#5406 = DIRECTION('',(9.800220221286E-02,-0.,0.995186197835));
#5407 = PCURVE('',#1231,#5408);
#5408 = DEFINITIONAL_REPRESENTATION('',(#5409),#5413);
#5409 = LINE('',#5410,#5411);
#5410 = CARTESIAN_POINT('',(-1.787264079521,4.014884890439));
#5411 = VECTOR('',#5412,1.);
#5412 = DIRECTION('',(1.,-2.067951531383E-25));
#5413 = ( GEOMETRIC_REPRESENTATION_CONTEXT(2) 
PARAMETRIC_REPRESENTATION_CONTEXT() REPRESENTATION_CONTEXT('2D SPACE',''
  ) );
#5414 = PCURVE('',#154,#5415);
#5415 = DEFINITIONAL_REPRESENTATION('',(#5416),#5420);
#5416 = LINE('',#5417,#5418);
#5417 = CARTESIAN_POINT('',(1.707869801282,0.894016905813));
#5418 = VECTOR('',#5419,1.);
#5419 = DIRECTION('',(0.995186197835,9.800220221286E-02));
#5420 = ( GEOMETRIC_REPRESENTATION_CONTEXT(2) 
PARAMETRIC_REPRESENTATION_CONTEXT() REPRESENTATION_CONTEXT('2D SPACE',''
  ) );
#5421 = ORIENTED_EDGE('',*,*,#5422,.T.);
#5422 = EDGE_CURVE('',#5400,#1216,#5423,.T.);
#5423 = SURFACE_CURVE('',#5424,(#5428,#5435),.PCURVE_S1.);
#5424 = LINE('',#5425,#5426);
#5425 = CARTESIAN_POINT('',(19.072236755371,-5.916728973389,
    8.812717056274));
#5426 = VECTOR('',#5427,1.);
#5427 = DIRECTION('',(0.,1.,1.611827201164E-07));
#5428 = PCURVE('',#1231,#5429);
#5429 = DEFINITIONAL_REPRESENTATION('',(#5430),#5434);
#5430 = LINE('',#5431,#5432);
#5431 = CARTESIAN_POINT('',(-7.304726233468E-02,5.9880141629));
#5432 = VECTOR('',#5433,1.);
#5433 = DIRECTION('',(1.604068183893E-07,-1.));
#5434 = ( GEOMETRIC_REPRESENTATION_CONTEXT(2) 
PARAMETRIC_REPRESENTATION_CONTEXT() REPRESENTATION_CONTEXT('2D SPACE',''
  ) );
#5435 = PCURVE('',#1259,#5436);
#5436 = DEFINITIONAL_REPRESENTATION('',(#5437),#5441);
#5437 = LINE('',#5438,#5439);
#5438 = CARTESIAN_POINT('',(7.304542295616E-02,5.845441854847));
#5439 = VECTOR('',#5440,1.);
#5440 = DIRECTION('',(1.54242480061E-07,-1.));
#5441 = ( GEOMETRIC_REPRESENTATION_CONTEXT(2) 
PARAMETRIC_REPRESENTATION_CONTEXT() REPRESENTATION_CONTEXT('2D SPACE',''
  ) );
#5442 = ORIENTED_EDGE('',*,*,#1215,.F.);
#5443 = ADVANCED_FACE('',(#5444),#1259,.T.);
#5444 = FACE_BOUND('',#5445,.T.);
#5445 = EDGE_LOOP('',(#5446,#5447,#5470,#5491));
#5446 = ORIENTED_EDGE('',*,*,#5422,.F.);
#5447 = ORIENTED_EDGE('',*,*,#5448,.F.);
#5448 = EDGE_CURVE('',#5449,#5400,#5451,.T.);
#5449 = VERTEX_POINT('',#5450);
#5450 = CARTESIAN_POINT('',(19.002415000003,-3.943599700928,
    8.582541753698));
#5451 = SURFACE_CURVE('',#5452,(#5456,#5463),.PCURVE_S1.);
#5452 = LINE('',#5453,#5454);
#5453 = CARTESIAN_POINT('',(18.542741779612,-3.943599700928,
    7.067174971179));
#5454 = VECTOR('',#5455,1.);
#5455 = DIRECTION('',(0.290279896309,-0.,0.956941786003));
#5456 = PCURVE('',#1259,#5457);
#5457 = DEFINITIONAL_REPRESENTATION('',(#5458),#5462);
#5458 = LINE('',#5459,#5460);
#5459 = CARTESIAN_POINT('',(-1.751038484158,3.872312582386));
#5460 = VECTOR('',#5461,1.);
#5461 = DIRECTION('',(1.,0.));
#5462 = ( GEOMETRIC_REPRESENTATION_CONTEXT(2) 
PARAMETRIC_REPRESENTATION_CONTEXT() REPRESENTATION_CONTEXT('2D SPACE',''
  ) );
#5463 = PCURVE('',#154,#5464);
#5464 = DEFINITIONAL_REPRESENTATION('',(#5465),#5469);
#5465 = LINE('',#5466,#5467);
#5466 = CARTESIAN_POINT('',(1.668292629693,0.532518984227));
#5467 = VECTOR('',#5468,1.);
#5468 = DIRECTION('',(0.956941786003,0.290279896309));
#5469 = ( GEOMETRIC_REPRESENTATION_CONTEXT(2) 
PARAMETRIC_REPRESENTATION_CONTEXT() REPRESENTATION_CONTEXT('2D SPACE',''
  ) );
#5470 = ORIENTED_EDGE('',*,*,#5471,.T.);
#5471 = EDGE_CURVE('',#5449,#1244,#5472,.T.);
#5472 = SURFACE_CURVE('',#5473,(#5477,#5484),.PCURVE_S1.);
#5473 = LINE('',#5474,#5475);
#5474 = CARTESIAN_POINT('',(18.988443115234,-5.916728973389,
    8.53648147583));
#5475 = VECTOR('',#5476,1.);
#5476 = DIRECTION('',(7.078973319299E-03,0.999702596063,
    2.333682845961E-02));
#5477 = PCURVE('',#1259,#5478);
#5478 = DEFINITIONAL_REPRESENTATION('',(#5479),#5483);
#5479 = LINE('',#5480,#5481);
#5480 = CARTESIAN_POINT('',(-0.215619555922,5.845441854847));
#5481 = VECTOR('',#5482,1.);
#5482 = DIRECTION('',(2.438686994688E-02,-0.999702596063));
#5483 = ( GEOMETRIC_REPRESENTATION_CONTEXT(2) 
PARAMETRIC_REPRESENTATION_CONTEXT() REPRESENTATION_CONTEXT('2D SPACE',''
  ) );
#5484 = PCURVE('',#1287,#5485);
#5485 = DEFINITIONAL_REPRESENTATION('',(#5486),#5490);
#5486 = LINE('',#5487,#5488);
#5487 = CARTESIAN_POINT('',(-7.304679187254E-02,5.988014629892));
#5488 = VECTOR('',#5489,1.);
#5489 = DIRECTION('',(2.438686994693E-02,-0.999702596063));
#5490 = ( GEOMETRIC_REPRESENTATION_CONTEXT(2) 
PARAMETRIC_REPRESENTATION_CONTEXT() REPRESENTATION_CONTEXT('2D SPACE',''
  ) );
#5491 = ORIENTED_EDGE('',*,*,#1243,.F.);
#5492 = ADVANCED_FACE('',(#5493),#1287,.T.);
#5493 = FACE_BOUND('',#5494,.T.);
#5494 = EDGE_LOOP('',(#5495,#5496,#5519,#5540));
#5495 = ORIENTED_EDGE('',*,*,#5471,.F.);
#5496 = ORIENTED_EDGE('',*,*,#5497,.F.);
#5497 = EDGE_CURVE('',#5498,#5449,#5500,.T.);
#5498 = VERTEX_POINT('',#5499);
#5499 = CARTESIAN_POINT('',(18.988443115234,-3.943599700928,
    8.53648147583));
#5500 = SURFACE_CURVE('',#5501,(#5505,#5512),.PCURVE_S1.);
#5501 = LINE('',#5502,#5503);
#5502 = CARTESIAN_POINT('',(18.522051820404,-3.943599700928,
    6.998957155341));
#5503 = VECTOR('',#5504,1.);
#5504 = DIRECTION('',(0.290278060887,-0.,0.95694234276));
#5505 = PCURVE('',#1287,#5506);
#5506 = DEFINITIONAL_REPRESENTATION('',(#5507),#5511);
#5507 = LINE('',#5508,#5509);
#5508 = CARTESIAN_POINT('',(-1.67975207785,4.014885357431));
#5509 = VECTOR('',#5510,1.);
#5510 = DIRECTION('',(1.,0.));
#5511 = ( GEOMETRIC_REPRESENTATION_CONTEXT(2) 
PARAMETRIC_REPRESENTATION_CONTEXT() REPRESENTATION_CONTEXT('2D SPACE',''
  ) );
#5512 = PCURVE('',#154,#5513);
#5513 = DEFINITIONAL_REPRESENTATION('',(#5514),#5518);
#5514 = LINE('',#5515,#5516);
#5515 = CARTESIAN_POINT('',(1.600074813855,0.511829025019));
#5516 = VECTOR('',#5517,1.);
#5517 = DIRECTION('',(0.95694234276,0.290278060887));
#5518 = ( GEOMETRIC_REPRESENTATION_CONTEXT(2) 
PARAMETRIC_REPRESENTATION_CONTEXT() REPRESENTATION_CONTEXT('2D SPACE',''
  ) );
#5519 = ORIENTED_EDGE('',*,*,#5520,.T.);
#5520 = EDGE_CURVE('',#5498,#1272,#5521,.T.);
#5521 = SURFACE_CURVE('',#5522,(#5526,#5533),.PCURVE_S1.);
#5522 = LINE('',#5523,#5524);
#5523 = CARTESIAN_POINT('',(18.988443115234,-5.916728973389,
    8.53648147583));
#5524 = VECTOR('',#5525,1.);
#5525 = DIRECTION('',(0.,1.,0.));
#5526 = PCURVE('',#1287,#5527);
#5527 = DEFINITIONAL_REPRESENTATION('',(#5528),#5532);
#5528 = LINE('',#5529,#5530);
#5529 = CARTESIAN_POINT('',(-7.304679187254E-02,5.988014629892));
#5530 = VECTOR('',#5531,1.);
#5531 = DIRECTION('',(0.,-1.));
#5532 = ( GEOMETRIC_REPRESENTATION_CONTEXT(2) 
PARAMETRIC_REPRESENTATION_CONTEXT() REPRESENTATION_CONTEXT('2D SPACE',''
  ) );
#5533 = PCURVE('',#1315,#5534);
#5534 = DEFINITIONAL_REPRESENTATION('',(#5535),#5539);
#5535 = LINE('',#5536,#5537);
#5536 = CARTESIAN_POINT('',(7.304696100022E-02,5.845441248462));
#5537 = VECTOR('',#5538,1.);
#5538 = DIRECTION('',(0.,-1.));
#5539 = ( GEOMETRIC_REPRESENTATION_CONTEXT(2) 
PARAMETRIC_REPRESENTATION_CONTEXT() REPRESENTATION_CONTEXT('2D SPACE',''
  ) );
#5540 = ORIENTED_EDGE('',*,*,#1271,.F.);
#5541 = ADVANCED_FACE('',(#5542),#1315,.T.);
#5542 = FACE_BOUND('',#5543,.T.);
#5543 = EDGE_LOOP('',(#5544,#5545,#5568,#5589));
#5544 = ORIENTED_EDGE('',*,*,#5520,.F.);
#5545 = ORIENTED_EDGE('',*,*,#5546,.F.);
#5546 = EDGE_CURVE('',#5547,#5498,#5549,.T.);
#5547 = VERTEX_POINT('',#5548);
#5548 = CARTESIAN_POINT('',(18.875055076562,-3.943599700928,
    8.324349340349));
#5549 = SURFACE_CURVE('',#5550,(#5554,#5561),.PCURVE_S1.);
#5550 = LINE('',#5551,#5552);
#5551 = CARTESIAN_POINT('',(18.210328879659,-3.943599700928,
    7.080745611859));
#5552 = VECTOR('',#5553,1.);
#5553 = DIRECTION('',(0.471400131956,-0.,0.881919449605));
#5554 = PCURVE('',#1315,#5555);
#5555 = DEFINITIONAL_REPRESENTATION('',(#5556),#5560);
#5556 = LINE('',#5557,#5558);
#5557 = CARTESIAN_POINT('',(-1.577597964251,3.872311976001));
#5558 = VECTOR('',#5559,1.);
#5559 = DIRECTION('',(1.,0.));
#5560 = ( GEOMETRIC_REPRESENTATION_CONTEXT(2) 
PARAMETRIC_REPRESENTATION_CONTEXT() REPRESENTATION_CONTEXT('2D SPACE',''
  ) );
#5561 = PCURVE('',#154,#5562);
#5562 = DEFINITIONAL_REPRESENTATION('',(#5563),#5567);
#5563 = LINE('',#5564,#5565);
#5564 = CARTESIAN_POINT('',(1.681863270373,0.200106084274));
#5565 = VECTOR('',#5566,1.);
#5566 = DIRECTION('',(0.881919449605,0.471400131956));
#5567 = ( GEOMETRIC_REPRESENTATION_CONTEXT(2) 
PARAMETRIC_REPRESENTATION_CONTEXT() REPRESENTATION_CONTEXT('2D SPACE',''
  ) );
#5568 = ORIENTED_EDGE('',*,*,#5569,.T.);
#5569 = EDGE_CURVE('',#5547,#1300,#5570,.T.);
#5570 = SURFACE_CURVE('',#5571,(#5575,#5582),.PCURVE_S1.);
#5571 = LINE('',#5572,#5573);
#5572 = CARTESIAN_POINT('',(18.852365234375,-5.916728973389,
    8.281900024414));
#5573 = VECTOR('',#5574,1.);
#5574 = DIRECTION('',(1.149599999556E-02,0.999702594702,
    2.150730409575E-02));
#5575 = PCURVE('',#1315,#5576);
#5576 = DEFINITIONAL_REPRESENTATION('',(#5577),#5581);
#5577 = LINE('',#5578,#5579);
#5578 = CARTESIAN_POINT('',(-0.215620503506,5.845441248462));
#5579 = VECTOR('',#5580,1.);
#5580 = DIRECTION('',(2.438692570549E-02,-0.999702594702));
#5581 = ( GEOMETRIC_REPRESENTATION_CONTEXT(2) 
PARAMETRIC_REPRESENTATION_CONTEXT() REPRESENTATION_CONTEXT('2D SPACE',''
  ) );
#5582 = PCURVE('',#1343,#5583);
#5583 = DEFINITIONAL_REPRESENTATION('',(#5584),#5588);
#5584 = LINE('',#5585,#5586);
#5585 = CARTESIAN_POINT('',(-7.30473815311E-02,5.988014380569));
#5586 = VECTOR('',#5587,1.);
#5587 = DIRECTION('',(2.438692570537E-02,-0.999702594702));
#5588 = ( GEOMETRIC_REPRESENTATION_CONTEXT(2) 
PARAMETRIC_REPRESENTATION_CONTEXT() REPRESENTATION_CONTEXT('2D SPACE',''
  ) );
#5589 = ORIENTED_EDGE('',*,*,#1299,.F.);
#5590 = ADVANCED_FACE('',(#5591),#1343,.T.);
#5591 = FACE_BOUND('',#5592,.T.);
#5592 = EDGE_LOOP('',(#5593,#5594,#5617,#5638));
#5593 = ORIENTED_EDGE('',*,*,#5569,.F.);
#5594 = ORIENTED_EDGE('',*,*,#5595,.F.);
#5595 = EDGE_CURVE('',#5596,#5547,#5598,.T.);
#5596 = VERTEX_POINT('',#5597);
#5597 = CARTESIAN_POINT('',(18.852365234375,-3.943599700928,
    8.281900342448));
#5598 = SURFACE_CURVE('',#5599,(#5603,#5610),.PCURVE_S1.);
#5599 = LINE('',#5600,#5601);
#5600 = CARTESIAN_POINT('',(18.17672076856,-3.943599700928,
    7.017879628923));
#5601 = VECTOR('',#5602,1.);
#5602 = DIRECTION('',(0.47140287892,-0.,0.881917981303));
#5603 = PCURVE('',#1343,#5604);
#5604 = DEFINITIONAL_REPRESENTATION('',(#5605),#5609);
#5605 = LINE('',#5606,#5607);
#5606 = CARTESIAN_POINT('',(-1.50631044336,4.014885108108));
#5607 = VECTOR('',#5608,1.);
#5608 = DIRECTION('',(1.,-6.617444900424E-24));
#5609 = ( GEOMETRIC_REPRESENTATION_CONTEXT(2) 
PARAMETRIC_REPRESENTATION_CONTEXT() REPRESENTATION_CONTEXT('2D SPACE',''
  ) );
#5610 = PCURVE('',#154,#5611);
#5611 = DEFINITIONAL_REPRESENTATION('',(#5612),#5616);
#5612 = LINE('',#5613,#5614);
#5613 = CARTESIAN_POINT('',(1.618997287437,0.166497973175));
#5614 = VECTOR('',#5615,1.);
#5615 = DIRECTION('',(0.881917981303,0.47140287892));
#5616 = ( GEOMETRIC_REPRESENTATION_CONTEXT(2) 
PARAMETRIC_REPRESENTATION_CONTEXT() REPRESENTATION_CONTEXT('2D SPACE',''
  ) );
#5617 = ORIENTED_EDGE('',*,*,#5618,.T.);
#5618 = EDGE_CURVE('',#5596,#1328,#5619,.T.);
#5619 = SURFACE_CURVE('',#5620,(#5624,#5631),.PCURVE_S1.);
#5620 = LINE('',#5621,#5622);
#5621 = CARTESIAN_POINT('',(18.852365234375,-5.916728973389,
    8.281900024414));
#5622 = VECTOR('',#5623,1.);
#5623 = DIRECTION('',(0.,1.,1.611827201164E-07));
#5624 = PCURVE('',#1343,#5625);
#5625 = DEFINITIONAL_REPRESENTATION('',(#5626),#5630);
#5626 = LINE('',#5627,#5628);
#5627 = CARTESIAN_POINT('',(-7.30473815311E-02,5.988014380569));
#5628 = VECTOR('',#5629,1.);
#5629 = DIRECTION('',(1.42149939146E-07,-1.));
#5630 = ( GEOMETRIC_REPRESENTATION_CONTEXT(2) 
PARAMETRIC_REPRESENTATION_CONTEXT() REPRESENTATION_CONTEXT('2D SPACE',''
  ) );
#5631 = PCURVE('',#1371,#5632);
#5632 = DEFINITIONAL_REPRESENTATION('',(#5633),#5637);
#5633 = LINE('',#5634,#5635);
#5634 = CARTESIAN_POINT('',(7.304573128773E-02,5.845441726194));
#5635 = VECTOR('',#5636,1.);
#5636 = DIRECTION('',(1.245955158629E-07,-1.));
#5637 = ( GEOMETRIC_REPRESENTATION_CONTEXT(2) 
PARAMETRIC_REPRESENTATION_CONTEXT() REPRESENTATION_CONTEXT('2D SPACE',''
  ) );
#5638 = ORIENTED_EDGE('',*,*,#1327,.F.);
#5639 = ADVANCED_FACE('',(#5640),#1371,.T.);
#5640 = FACE_BOUND('',#5641,.T.);
#5641 = EDGE_LOOP('',(#5642,#5643,#5666,#5687));
#5642 = ORIENTED_EDGE('',*,*,#5618,.F.);
#5643 = ORIENTED_EDGE('',*,*,#5644,.F.);
#5644 = EDGE_CURVE('',#5645,#5596,#5647,.T.);
#5645 = VERTEX_POINT('',#5646);
#5646 = CARTESIAN_POINT('',(18.699771990808,-3.943599700928,
    8.095966463716));
#5647 = SURFACE_CURVE('',#5648,(#5652,#5659),.PCURVE_S1.);
#5648 = LINE('',#5649,#5650);
#5649 = CARTESIAN_POINT('',(17.952824832621,-3.943599700928,
    7.185816190455));
#5650 = VECTOR('',#5651,1.);
#5651 = DIRECTION('',(0.634396396419,-0.,0.77300789919));
#5652 = PCURVE('',#1371,#5653);
#5653 = DEFINITIONAL_REPRESENTATION('',(#5654),#5658);
#5654 = LINE('',#5655,#5656);
#5655 = CARTESIAN_POINT('',(-1.344900919844,3.872312453733));
#5656 = VECTOR('',#5657,1.);
#5657 = DIRECTION('',(1.,6.617444900424E-24));
#5658 = ( GEOMETRIC_REPRESENTATION_CONTEXT(2) 
PARAMETRIC_REPRESENTATION_CONTEXT() REPRESENTATION_CONTEXT('2D SPACE',''
  ) );
#5659 = PCURVE('',#154,#5660);
#5660 = DEFINITIONAL_REPRESENTATION('',(#5661),#5665);
#5661 = LINE('',#5662,#5663);
#5662 = CARTESIAN_POINT('',(1.786933848968,-5.739796276422E-02));
#5663 = VECTOR('',#5664,1.);
#5664 = DIRECTION('',(0.77300789919,0.634396396419));
#5665 = ( GEOMETRIC_REPRESENTATION_CONTEXT(2) 
PARAMETRIC_REPRESENTATION_CONTEXT() REPRESENTATION_CONTEXT('2D SPACE',''
  ) );
#5666 = ORIENTED_EDGE('',*,*,#5667,.T.);
#5667 = EDGE_CURVE('',#5645,#1356,#5668,.T.);
#5668 = SURFACE_CURVE('',#5669,(#5673,#5680),.PCURVE_S1.);
#5669 = LINE('',#5670,#5671);
#5670 = CARTESIAN_POINT('',(18.669236877441,-5.916728973389,
    8.058759307861));
#5671 = VECTOR('',#5672,1.);
#5672 = DIRECTION('',(1.547087285089E-02,0.999702595699,
    1.885131947776E-02));
#5673 = PCURVE('',#1371,#5674);
#5674 = DEFINITIONAL_REPRESENTATION('',(#5675),#5679);
#5675 = LINE('',#5676,#5677);
#5676 = CARTESIAN_POINT('',(-0.215619774959,5.845441726194));
#5677 = VECTOR('',#5678,1.);
#5678 = DIRECTION('',(2.438688485253E-02,-0.999702595699));
#5679 = ( GEOMETRIC_REPRESENTATION_CONTEXT(2) 
PARAMETRIC_REPRESENTATION_CONTEXT() REPRESENTATION_CONTEXT('2D SPACE',''
  ) );
#5680 = PCURVE('',#1399,#5681);
#5681 = DEFINITIONAL_REPRESENTATION('',(#5682),#5686);
#5682 = LINE('',#5683,#5684);
#5683 = CARTESIAN_POINT('',(-7.304683708507E-02,5.988014672952));
#5684 = VECTOR('',#5685,1.);
#5685 = DIRECTION('',(2.438688485274E-02,-0.999702595699));
#5686 = ( GEOMETRIC_REPRESENTATION_CONTEXT(2) 
PARAMETRIC_REPRESENTATION_CONTEXT() REPRESENTATION_CONTEXT('2D SPACE',''
  ) );
#5687 = ORIENTED_EDGE('',*,*,#1355,.F.);
#5688 = ADVANCED_FACE('',(#5689),#1399,.T.);
#5689 = FACE_BOUND('',#5690,.T.);
#5690 = EDGE_LOOP('',(#5691,#5692,#5715,#5736));
#5691 = ORIENTED_EDGE('',*,*,#5667,.F.);
#5692 = ORIENTED_EDGE('',*,*,#5693,.F.);
#5693 = EDGE_CURVE('',#5694,#5645,#5696,.T.);
#5694 = VERTEX_POINT('',#5695);
#5695 = CARTESIAN_POINT('',(18.669236877441,-3.943599700928,
    8.058759307861));
#5696 = SURFACE_CURVE('',#5697,(#5701,#5708),.PCURVE_S1.);
#5697 = LINE('',#5698,#5699);
#5698 = CARTESIAN_POINT('',(17.907603433456,-3.943599700928,
    7.130705957809));
#5699 = VECTOR('',#5700,1.);
#5700 = DIRECTION('',(0.63439315617,-0.,0.773010558404));
#5701 = PCURVE('',#1399,#5702);
#5702 = DEFINITIONAL_REPRESENTATION('',(#5703),#5707);
#5703 = LINE('',#5704,#5705);
#5704 = CARTESIAN_POINT('',(-1.273616919813,4.014885400491));
#5705 = VECTOR('',#5706,1.);
#5706 = DIRECTION('',(1.,0.));
#5707 = ( GEOMETRIC_REPRESENTATION_CONTEXT(2) 
PARAMETRIC_REPRESENTATION_CONTEXT() REPRESENTATION_CONTEXT('2D SPACE',''
  ) );
#5708 = PCURVE('',#154,#5709);
#5709 = DEFINITIONAL_REPRESENTATION('',(#5710),#5714);
#5710 = LINE('',#5711,#5712);
#5711 = CARTESIAN_POINT('',(1.731823616322,-0.102619361929));
#5712 = VECTOR('',#5713,1.);
#5713 = DIRECTION('',(0.773010558404,0.63439315617));
#5714 = ( GEOMETRIC_REPRESENTATION_CONTEXT(2) 
PARAMETRIC_REPRESENTATION_CONTEXT() REPRESENTATION_CONTEXT('2D SPACE',''
  ) );
#5715 = ORIENTED_EDGE('',*,*,#5716,.T.);
#5716 = EDGE_CURVE('',#5694,#1384,#5717,.T.);
#5717 = SURFACE_CURVE('',#5718,(#5722,#5729),.PCURVE_S1.);
#5718 = LINE('',#5719,#5720);
#5719 = CARTESIAN_POINT('',(18.669236877441,-5.916728973389,
    8.058759307861));
#5720 = VECTOR('',#5721,1.);
#5721 = DIRECTION('',(0.,1.,0.));
#5722 = PCURVE('',#1399,#5723);
#5723 = DEFINITIONAL_REPRESENTATION('',(#5724),#5728);
#5724 = LINE('',#5725,#5726);
#5725 = CARTESIAN_POINT('',(-7.304683708507E-02,5.988014672952));
#5726 = VECTOR('',#5727,1.);
#5727 = DIRECTION('',(0.,-1.));
#5728 = ( GEOMETRIC_REPRESENTATION_CONTEXT(2) 
PARAMETRIC_REPRESENTATION_CONTEXT() REPRESENTATION_CONTEXT('2D SPACE',''
  ) );
#5729 = PCURVE('',#1427,#5730);
#5730 = DEFINITIONAL_REPRESENTATION('',(#5731),#5735);
#5731 = LINE('',#5732,#5733);
#5732 = CARTESIAN_POINT('',(-7.304721467491E-02,-5.845441006865));
#5733 = VECTOR('',#5734,1.);
#5734 = DIRECTION('',(0.,1.));
#5735 = ( GEOMETRIC_REPRESENTATION_CONTEXT(2) 
PARAMETRIC_REPRESENTATION_CONTEXT() REPRESENTATION_CONTEXT('2D SPACE',''
  ) );
#5736 = ORIENTED_EDGE('',*,*,#1383,.F.);
#5737 = ADVANCED_FACE('',(#5738),#1427,.T.);
#5738 = FACE_BOUND('',#5739,.T.);
#5739 = EDGE_LOOP('',(#5740,#5741,#5764,#5785));
#5740 = ORIENTED_EDGE('',*,*,#5716,.F.);
#5741 = ORIENTED_EDGE('',*,*,#5742,.F.);
#5742 = EDGE_CURVE('',#5743,#5694,#5745,.T.);
#5743 = VERTEX_POINT('',#5744);
#5744 = CARTESIAN_POINT('',(18.446092346191,-3.943599700928,
    7.875630950928));
#5745 = SURFACE_CURVE('',#5746,(#5750,#5757),.PCURVE_S1.);
#5746 = LINE('',#5747,#5748);
#5747 = CARTESIAN_POINT('',(17.791915986647,-3.943599700928,
    7.338767057392));
#5748 = VECTOR('',#5749,1.);
#5749 = DIRECTION('',(0.773013217577,-0.,0.634389915943));
#5750 = PCURVE('',#1427,#5751);
#5751 = DEFINITIONAL_REPRESENTATION('',(#5752),#5756);
#5752 = LINE('',#5753,#5754);
#5753 = CARTESIAN_POINT('',(1.061889253221,-3.872311734404));
#5754 = VECTOR('',#5755,1.);
#5755 = DIRECTION('',(-1.,0.));
#5756 = ( GEOMETRIC_REPRESENTATION_CONTEXT(2) 
PARAMETRIC_REPRESENTATION_CONTEXT() REPRESENTATION_CONTEXT('2D SPACE',''
  ) );
#5757 = PCURVE('',#154,#5758);
#5758 = DEFINITIONAL_REPRESENTATION('',(#5759),#5763);
#5759 = LINE('',#5760,#5761);
#5760 = CARTESIAN_POINT('',(1.939884715905,-0.218306808738));
#5761 = VECTOR('',#5762,1.);
#5762 = DIRECTION('',(0.634389915943,0.773013217577));
#5763 = ( GEOMETRIC_REPRESENTATION_CONTEXT(2) 
PARAMETRIC_REPRESENTATION_CONTEXT() REPRESENTATION_CONTEXT('2D SPACE',''
  ) );
#5764 = ORIENTED_EDGE('',*,*,#5765,.T.);
#5765 = EDGE_CURVE('',#5743,#1412,#5766,.T.);
#5766 = SURFACE_CURVE('',#5767,(#5771,#5778),.PCURVE_S1.);
#5767 = LINE('',#5768,#5769);
#5768 = CARTESIAN_POINT('',(18.446092346191,-5.916728973389,
    7.875630950928));
#5769 = VECTOR('',#5770,1.);
#5770 = DIRECTION('',(0.,1.,0.));
#5771 = PCURVE('',#1427,#5772);
#5772 = DEFINITIONAL_REPRESENTATION('',(#5773),#5777);
#5773 = LINE('',#5774,#5775);
#5774 = CARTESIAN_POINT('',(0.215621240373,-5.845441006865));
#5775 = VECTOR('',#5776,1.);
#5776 = DIRECTION('',(0.,1.));
#5777 = ( GEOMETRIC_REPRESENTATION_CONTEXT(2) 
PARAMETRIC_REPRESENTATION_CONTEXT() REPRESENTATION_CONTEXT('2D SPACE',''
  ) );
#5778 = PCURVE('',#1455,#5779);
#5779 = DEFINITIONAL_REPRESENTATION('',(#5780),#5784);
#5780 = LINE('',#5781,#5782);
#5781 = CARTESIAN_POINT('',(-7.304586916271E-02,-5.845442288314));
#5782 = VECTOR('',#5783,1.);
#5783 = DIRECTION('',(0.,1.));
#5784 = ( GEOMETRIC_REPRESENTATION_CONTEXT(2) 
PARAMETRIC_REPRESENTATION_CONTEXT() REPRESENTATION_CONTEXT('2D SPACE',''
  ) );
#5785 = ORIENTED_EDGE('',*,*,#1411,.F.);
#5786 = ADVANCED_FACE('',(#5787),#1455,.T.);
#5787 = FACE_BOUND('',#5788,.T.);
#5788 = EDGE_LOOP('',(#5789,#5790,#5813,#5834));
#5789 = ORIENTED_EDGE('',*,*,#5765,.F.);
#5790 = ORIENTED_EDGE('',*,*,#5791,.F.);
#5791 = EDGE_CURVE('',#5792,#5743,#5794,.T.);
#5792 = VERTEX_POINT('',#5793);
#5793 = CARTESIAN_POINT('',(18.191514709473,-3.943599700928,
    7.739554977417));
#5794 = SURFACE_CURVE('',#5795,(#5799,#5806),.PCURVE_S1.);
#5795 = LINE('',#5796,#5797);
#5796 = CARTESIAN_POINT('',(17.72953818569,-3.943599700928,
    7.492620855382));
#5797 = VECTOR('',#5798,1.);
#5798 = DIRECTION('',(0.881919259975,-0.,0.471400486727));
#5799 = PCURVE('',#1455,#5800);
#5800 = DEFINITIONAL_REPRESENTATION('',(#5801),#5805);
#5801 = LINE('',#5802,#5803);
#5802 = CARTESIAN_POINT('',(0.73944819126,-3.872313015853));
#5803 = VECTOR('',#5804,1.);
#5804 = DIRECTION('',(-1.,0.));
#5805 = ( GEOMETRIC_REPRESENTATION_CONTEXT(2) 
PARAMETRIC_REPRESENTATION_CONTEXT() REPRESENTATION_CONTEXT('2D SPACE',''
  ) );
#5806 = PCURVE('',#154,#5807);
#5807 = DEFINITIONAL_REPRESENTATION('',(#5808),#5812);
#5808 = LINE('',#5809,#5810);
#5809 = CARTESIAN_POINT('',(2.093738513896,-0.280684609695));
#5810 = VECTOR('',#5811,1.);
#5811 = DIRECTION('',(0.471400486727,0.881919259975));
#5812 = ( GEOMETRIC_REPRESENTATION_CONTEXT(2) 
PARAMETRIC_REPRESENTATION_CONTEXT() REPRESENTATION_CONTEXT('2D SPACE',''
  ) );
#5813 = ORIENTED_EDGE('',*,*,#5814,.T.);
#5814 = EDGE_CURVE('',#5792,#1440,#5815,.T.);
#5815 = SURFACE_CURVE('',#5816,(#5820,#5827),.PCURVE_S1.);
#5816 = LINE('',#5817,#5818);
#5817 = CARTESIAN_POINT('',(18.191514709473,-5.916728973389,
    7.739554977417));
#5818 = VECTOR('',#5819,1.);
#5819 = DIRECTION('',(0.,1.,0.));
#5820 = PCURVE('',#1455,#5821);
#5821 = DEFINITIONAL_REPRESENTATION('',(#5822),#5826);
#5822 = LINE('',#5823,#5824);
#5823 = CARTESIAN_POINT('',(0.215617331963,-5.845442288314));
#5824 = VECTOR('',#5825,1.);
#5825 = DIRECTION('',(0.,1.));
#5826 = ( GEOMETRIC_REPRESENTATION_CONTEXT(2) 
PARAMETRIC_REPRESENTATION_CONTEXT() REPRESENTATION_CONTEXT('2D SPACE',''
  ) );
#5827 = PCURVE('',#1483,#5828);
#5828 = DEFINITIONAL_REPRESENTATION('',(#5829),#5833);
#5829 = LINE('',#5830,#5831);
#5830 = CARTESIAN_POINT('',(-7.30469336649E-02,-5.845441274495));
#5831 = VECTOR('',#5832,1.);
#5832 = DIRECTION('',(0.,1.));
#5833 = ( GEOMETRIC_REPRESENTATION_CONTEXT(2) 
PARAMETRIC_REPRESENTATION_CONTEXT() REPRESENTATION_CONTEXT('2D SPACE',''
  ) );
#5834 = ORIENTED_EDGE('',*,*,#1439,.F.);
#5835 = ADVANCED_FACE('',(#5836),#1483,.T.);
#5836 = FACE_BOUND('',#5837,.T.);
#5837 = EDGE_LOOP('',(#5838,#5839,#5862,#5883));
#5838 = ORIENTED_EDGE('',*,*,#5814,.F.);
#5839 = ORIENTED_EDGE('',*,*,#5840,.F.);
#5840 = EDGE_CURVE('',#5841,#5792,#5843,.T.);
#5841 = VERTEX_POINT('',#5842);
#5842 = CARTESIAN_POINT('',(17.91527722168,-3.943599700928,
    7.655759429932));
#5843 = SURFACE_CURVE('',#5844,(#5848,#5855),.PCURVE_S1.);
#5844 = LINE('',#5845,#5846);
#5845 = CARTESIAN_POINT('',(17.748454801727,-3.943599700928,
    7.60515450978));
#5846 = VECTOR('',#5847,1.);
#5847 = DIRECTION('',(0.956940507334,-0.,0.290284111558));
#5848 = PCURVE('',#1483,#5849);
#5849 = DEFINITIONAL_REPRESENTATION('',(#5850),#5854);
#5850 = LINE('',#5851,#5852);
#5851 = CARTESIAN_POINT('',(0.389949359573,-3.872312002035));
#5852 = VECTOR('',#5853,1.);
#5853 = DIRECTION('',(-1.,0.));
#5854 = ( GEOMETRIC_REPRESENTATION_CONTEXT(2) 
PARAMETRIC_REPRESENTATION_CONTEXT() REPRESENTATION_CONTEXT('2D SPACE',''
  ) );
#5855 = PCURVE('',#154,#5856);
#5856 = DEFINITIONAL_REPRESENTATION('',(#5857),#5861);
#5857 = LINE('',#5858,#5859);
#5858 = CARTESIAN_POINT('',(2.206272168293,-0.261767993658));
#5859 = VECTOR('',#5860,1.);
#5860 = DIRECTION('',(0.290284111558,0.956940507334));
#5861 = ( GEOMETRIC_REPRESENTATION_CONTEXT(2) 
PARAMETRIC_REPRESENTATION_CONTEXT() REPRESENTATION_CONTEXT('2D SPACE',''
  ) );
#5862 = ORIENTED_EDGE('',*,*,#5863,.T.);
#5863 = EDGE_CURVE('',#5841,#1468,#5864,.T.);
#5864 = SURFACE_CURVE('',#5865,(#5869,#5876),.PCURVE_S1.);
#5865 = LINE('',#5866,#5867);
#5866 = CARTESIAN_POINT('',(17.91527722168,-5.916728973389,
    7.655759429932));
#5867 = VECTOR('',#5868,1.);
#5868 = DIRECTION('',(0.,1.,0.));
#5869 = PCURVE('',#1483,#5870);
#5870 = DEFINITIONAL_REPRESENTATION('',(#5871),#5875);
#5871 = LINE('',#5872,#5873);
#5872 = CARTESIAN_POINT('',(0.215620424103,-5.845441274495));
#5873 = VECTOR('',#5874,1.);
#5874 = DIRECTION('',(0.,1.));
#5875 = ( GEOMETRIC_REPRESENTATION_CONTEXT(2) 
PARAMETRIC_REPRESENTATION_CONTEXT() REPRESENTATION_CONTEXT('2D SPACE',''
  ) );
#5876 = PCURVE('',#1511,#5877);
#5877 = DEFINITIONAL_REPRESENTATION('',(#5878),#5882);
#5878 = LINE('',#5879,#5880);
#5879 = CARTESIAN_POINT('',(-7.304693141856E-02,-5.845441276635));
#5880 = VECTOR('',#5881,1.);
#5881 = DIRECTION('',(0.,1.));
#5882 = ( GEOMETRIC_REPRESENTATION_CONTEXT(2) 
PARAMETRIC_REPRESENTATION_CONTEXT() REPRESENTATION_CONTEXT('2D SPACE',''
  ) );
#5883 = ORIENTED_EDGE('',*,*,#1467,.F.);
#5884 = ADVANCED_FACE('',(#5885),#1511,.T.);
#5885 = FACE_BOUND('',#5886,.T.);
#5886 = EDGE_LOOP('',(#5887,#5888,#5911,#5932));
#5887 = ORIENTED_EDGE('',*,*,#5863,.F.);
#5888 = ORIENTED_EDGE('',*,*,#5889,.F.);
#5889 = EDGE_CURVE('',#5890,#5841,#5892,.T.);
#5890 = VERTEX_POINT('',#5891);
#5891 = CARTESIAN_POINT('',(17.675901060647,-3.943599700928,
    7.632181952446));
#5892 = SURFACE_CURVE('',#5893,(#5897,#5904),.PCURVE_S1.);
#5893 = LINE('',#5894,#5895);
#5894 = CARTESIAN_POINT('',(17.815868079233,-3.943599700928,
    7.645968075572));
#5895 = VECTOR('',#5896,1.);
#5896 = DIRECTION('',(0.995184327839,-0.,9.802118967098E-02));
#5897 = PCURVE('',#1511,#5898);
#5898 = DEFINITIONAL_REPRESENTATION('',(#5899),#5903);
#5899 = LINE('',#5900,#5901);
#5900 = CARTESIAN_POINT('',(2.68432493914E-02,-3.872312004174));
#5901 = VECTOR('',#5902,1.);
#5902 = DIRECTION('',(-1.,0.));
#5903 = ( GEOMETRIC_REPRESENTATION_CONTEXT(2) 
PARAMETRIC_REPRESENTATION_CONTEXT() REPRESENTATION_CONTEXT('2D SPACE',''
  ) );
#5904 = PCURVE('',#154,#5905);
#5905 = DEFINITIONAL_REPRESENTATION('',(#5906),#5910);
#5906 = LINE('',#5907,#5908);
#5907 = CARTESIAN_POINT('',(2.247085734086,-0.194354716152));
#5908 = VECTOR('',#5909,1.);
#5909 = DIRECTION('',(9.802118967098E-02,0.995184327839));
#5910 = ( GEOMETRIC_REPRESENTATION_CONTEXT(2) 
PARAMETRIC_REPRESENTATION_CONTEXT() REPRESENTATION_CONTEXT('2D SPACE',''
  ) );
#5911 = ORIENTED_EDGE('',*,*,#5912,.T.);
#5912 = EDGE_CURVE('',#5890,#1496,#5913,.T.);
#5913 = SURFACE_CURVE('',#5914,(#5918,#5925),.PCURVE_S1.);
#5914 = LINE('',#5915,#5916);
#5915 = CARTESIAN_POINT('',(17.628,-5.916728973389,7.627463912964));
#5916 = VECTOR('',#5917,1.);
#5917 = DIRECTION('',(2.426947656065E-02,0.99970259494,2.39043451411E-03
    ));
#5918 = PCURVE('',#1511,#5919);
#5919 = DEFINITIONAL_REPRESENTATION('',(#5920),#5924);
#5920 = LINE('',#5921,#5922);
#5921 = CARTESIAN_POINT('',(0.215620417578,-5.845441276635));
#5922 = VECTOR('',#5923,1.);
#5923 = DIRECTION('',(-2.438691595291E-02,0.99970259494));
#5924 = ( GEOMETRIC_REPRESENTATION_CONTEXT(2) 
PARAMETRIC_REPRESENTATION_CONTEXT() REPRESENTATION_CONTEXT('2D SPACE',''
  ) );
#5925 = PCURVE('',#1539,#5926);
#5926 = DEFINITIONAL_REPRESENTATION('',(#5927),#5931);
#5927 = LINE('',#5928,#5929);
#5928 = CARTESIAN_POINT('',(7.304697815399E-02,-5.988014717182));
#5929 = VECTOR('',#5930,1.);
#5930 = DIRECTION('',(-2.438691595238E-02,0.99970259494));
#5931 = ( GEOMETRIC_REPRESENTATION_CONTEXT(2) 
PARAMETRIC_REPRESENTATION_CONTEXT() REPRESENTATION_CONTEXT('2D SPACE',''
  ) );
#5932 = ORIENTED_EDGE('',*,*,#1495,.F.);
#5933 = ADVANCED_FACE('',(#5934),#1539,.T.);
#5934 = FACE_BOUND('',#5935,.T.);
#5935 = EDGE_LOOP('',(#5936,#5937,#5960,#5981));
#5936 = ORIENTED_EDGE('',*,*,#5912,.F.);
#5937 = ORIENTED_EDGE('',*,*,#5938,.F.);
#5938 = EDGE_CURVE('',#5939,#5890,#5941,.T.);
#5939 = VERTEX_POINT('',#5940);
#5940 = CARTESIAN_POINT('',(17.628,-3.943599700928,7.627464230998));
#5941 = SURFACE_CURVE('',#5942,(#5946,#5953),.PCURVE_S1.);
#5942 = LINE('',#5943,#5944);
#5943 = CARTESIAN_POINT('',(17.744932077031,-3.943599700928,
    7.638980739408));
#5944 = VECTOR('',#5945,1.);
#5945 = DIRECTION('',(0.995184972366,-0.,9.801464572212E-02));
#5946 = PCURVE('',#1539,#5947);
#5947 = DEFINITIONAL_REPRESENTATION('',(#5948),#5952);
#5948 = LINE('',#5949,#5950);
#5949 = CARTESIAN_POINT('',(-4.445088535895E-02,-4.014885444721));
#5950 = VECTOR('',#5951,1.);
#5951 = DIRECTION('',(-1.,0.));
#5952 = ( GEOMETRIC_REPRESENTATION_CONTEXT(2) 
PARAMETRIC_REPRESENTATION_CONTEXT() REPRESENTATION_CONTEXT('2D SPACE',''
  ) );
#5953 = PCURVE('',#154,#5954);
#5954 = DEFINITIONAL_REPRESENTATION('',(#5955),#5959);
#5955 = LINE('',#5956,#5957);
#5956 = CARTESIAN_POINT('',(2.240098397922,-0.265290718354));
#5957 = VECTOR('',#5958,1.);
#5958 = DIRECTION('',(9.801464572212E-02,0.995184972366));
#5959 = ( GEOMETRIC_REPRESENTATION_CONTEXT(2) 
PARAMETRIC_REPRESENTATION_CONTEXT() REPRESENTATION_CONTEXT('2D SPACE',''
  ) );
#5960 = ORIENTED_EDGE('',*,*,#5961,.T.);
#5961 = EDGE_CURVE('',#5939,#1524,#5962,.T.);
#5962 = SURFACE_CURVE('',#5963,(#5967,#5974),.PCURVE_S1.);
#5963 = LINE('',#5964,#5965);
#5964 = CARTESIAN_POINT('',(17.628,-5.916728973389,7.627463912964));
#5965 = VECTOR('',#5966,1.);
#5966 = DIRECTION('',(0.,1.,1.611827201164E-07));
#5967 = PCURVE('',#1539,#5968);
#5968 = DEFINITIONAL_REPRESENTATION('',(#5969),#5973);
#5969 = LINE('',#5970,#5971);
#5970 = CARTESIAN_POINT('',(7.304697815399E-02,-5.988014717182));
#5971 = VECTOR('',#5972,1.);
#5972 = DIRECTION('',(-1.579826720873E-08,1.));
#5973 = ( GEOMETRIC_REPRESENTATION_CONTEXT(2) 
PARAMETRIC_REPRESENTATION_CONTEXT() REPRESENTATION_CONTEXT('2D SPACE',''
  ) );
#5974 = PCURVE('',#1567,#5975);
#5975 = DEFINITIONAL_REPRESENTATION('',(#5976),#5980);
#5976 = LINE('',#5977,#5978);
#5977 = CARTESIAN_POINT('',(-7.3047023759E-02,-5.845441276621));
#5978 = VECTOR('',#5979,1.);
#5979 = DIRECTION('',(1.579932198021E-08,1.));
#5980 = ( GEOMETRIC_REPRESENTATION_CONTEXT(2) 
PARAMETRIC_REPRESENTATION_CONTEXT() REPRESENTATION_CONTEXT('2D SPACE',''
  ) );
#5981 = ORIENTED_EDGE('',*,*,#1523,.F.);
#5982 = ADVANCED_FACE('',(#5983),#1567,.T.);
#5983 = FACE_BOUND('',#5984,.T.);
#5984 = EDGE_LOOP('',(#5985,#5986,#6009,#6030));
#5985 = ORIENTED_EDGE('',*,*,#5961,.F.);
#5986 = ORIENTED_EDGE('',*,*,#5987,.F.);
#5987 = EDGE_CURVE('',#5988,#5939,#5990,.T.);
#5988 = VERTEX_POINT('',#5989);
#5989 = CARTESIAN_POINT('',(17.388623838967,-3.943599700928,
    7.651041708483));
#5990 = SURFACE_CURVE('',#5991,(#5995,#6002),.PCURVE_S1.);
#5991 = LINE('',#5992,#5993);
#5992 = CARTESIAN_POINT('',(17.889625695387,-3.943599700928,
    7.60169527424));
#5993 = VECTOR('',#5994,1.);
#5994 = DIRECTION('',(0.995184327839,0.,-9.802118967098E-02));
#5995 = PCURVE('',#1567,#5996);
#5996 = DEFINITIONAL_REPRESENTATION('',(#5997),#6001);
#5997 = LINE('',#5998,#5999);
#5998 = CARTESIAN_POINT('',(-0.335938688192,-3.87231200416));
#5999 = VECTOR('',#6000,1.);
#6000 = DIRECTION('',(-1.,-3.308722450212E-24));
#6001 = ( GEOMETRIC_REPRESENTATION_CONTEXT(2) 
PARAMETRIC_REPRESENTATION_CONTEXT() REPRESENTATION_CONTEXT('2D SPACE',''
  ) );
#6002 = PCURVE('',#154,#6003);
#6003 = DEFINITIONAL_REPRESENTATION('',(#6004),#6008);
#6004 = LINE('',#6005,#6006);
#6005 = CARTESIAN_POINT('',(2.202812932754,-0.120597099998));
#6006 = VECTOR('',#6007,1.);
#6007 = DIRECTION('',(-9.802118967098E-02,0.995184327839));
#6008 = ( GEOMETRIC_REPRESENTATION_CONTEXT(2) 
PARAMETRIC_REPRESENTATION_CONTEXT() REPRESENTATION_CONTEXT('2D SPACE',''
  ) );
#6009 = ORIENTED_EDGE('',*,*,#6010,.T.);
#6010 = EDGE_CURVE('',#5988,#1552,#6011,.T.);
#6011 = SURFACE_CURVE('',#6012,(#6016,#6023),.PCURVE_S1.);
#6012 = LINE('',#6013,#6014);
#6013 = CARTESIAN_POINT('',(17.34072277832,-5.916728973389,
    7.655759429932));
#6014 = VECTOR('',#6015,1.);
#6015 = DIRECTION('',(2.426947657E-02,0.999702595325,-2.390273380248E-03
    ));
#6016 = PCURVE('',#1567,#6017);
#6017 = DEFINITIONAL_REPRESENTATION('',(#6018),#6022);
#6018 = LINE('',#6019,#6020);
#6019 = CARTESIAN_POINT('',(0.215620325237,-5.845441276621));
#6020 = VECTOR('',#6021,1.);
#6021 = DIRECTION('',(-2.438690016768E-02,0.999702595325));
#6022 = ( GEOMETRIC_REPRESENTATION_CONTEXT(2) 
PARAMETRIC_REPRESENTATION_CONTEXT() REPRESENTATION_CONTEXT('2D SPACE',''
  ) );
#6023 = PCURVE('',#1595,#6024);
#6024 = DEFINITIONAL_REPRESENTATION('',(#6025),#6029);
#6025 = LINE('',#6026,#6027);
#6026 = CARTESIAN_POINT('',(7.304688354016E-02,-5.988014717195));
#6027 = VECTOR('',#6028,1.);
#6028 = DIRECTION('',(-2.438690016821E-02,0.999702595325));
#6029 = ( GEOMETRIC_REPRESENTATION_CONTEXT(2) 
PARAMETRIC_REPRESENTATION_CONTEXT() REPRESENTATION_CONTEXT('2D SPACE',''
  ) );
#6030 = ORIENTED_EDGE('',*,*,#1551,.F.);
#6031 = ADVANCED_FACE('',(#6032),#1595,.T.);
#6032 = FACE_BOUND('',#6033,.T.);
#6033 = EDGE_LOOP('',(#6034,#6035,#6058,#6079));
#6034 = ORIENTED_EDGE('',*,*,#6010,.F.);
#6035 = ORIENTED_EDGE('',*,*,#6036,.F.);
#6036 = EDGE_CURVE('',#6037,#5988,#6039,.T.);
#6037 = VERTEX_POINT('',#6038);
#6038 = CARTESIAN_POINT('',(17.34072277832,-3.943599700928,
    7.655759429932));
#6039 = SURFACE_CURVE('',#6040,(#6044,#6051),.PCURVE_S1.);
#6040 = LINE('',#6041,#6042);
#6041 = CARTESIAN_POINT('',(17.81867541237,-3.943599700928,
    7.608686413961));
#6042 = VECTOR('',#6043,1.);
#6043 = DIRECTION('',(0.995184972366,0.,-9.801464572212E-02));
#6044 = PCURVE('',#1595,#6045);
#6045 = DEFINITIONAL_REPRESENTATION('',(#6046),#6050);
#6046 = LINE('',#6047,#6048);
#6047 = CARTESIAN_POINT('',(-0.407218240352,-4.014885444734));
#6048 = VECTOR('',#6049,1.);
#6049 = DIRECTION('',(-1.,0.));
#6050 = ( GEOMETRIC_REPRESENTATION_CONTEXT(2) 
PARAMETRIC_REPRESENTATION_CONTEXT() REPRESENTATION_CONTEXT('2D SPACE',''
  ) );
#6051 = PCURVE('',#154,#6052);
#6052 = DEFINITIONAL_REPRESENTATION('',(#6053),#6057);
#6053 = LINE('',#6054,#6055);
#6054 = CARTESIAN_POINT('',(2.209804072474,-0.191547383016));
#6055 = VECTOR('',#6056,1.);
#6056 = DIRECTION('',(-9.801464572212E-02,0.995184972366));
#6057 = ( GEOMETRIC_REPRESENTATION_CONTEXT(2) 
PARAMETRIC_REPRESENTATION_CONTEXT() REPRESENTATION_CONTEXT('2D SPACE',''
  ) );
#6058 = ORIENTED_EDGE('',*,*,#6059,.T.);
#6059 = EDGE_CURVE('',#6037,#1580,#6060,.T.);
#6060 = SURFACE_CURVE('',#6061,(#6065,#6072),.PCURVE_S1.);
#6061 = LINE('',#6062,#6063);
#6062 = CARTESIAN_POINT('',(17.34072277832,-5.916728973389,
    7.655759429932));
#6063 = VECTOR('',#6064,1.);
#6064 = DIRECTION('',(0.,1.,0.));
#6065 = PCURVE('',#1595,#6066);
#6066 = DEFINITIONAL_REPRESENTATION('',(#6067),#6071);
#6067 = LINE('',#6068,#6069);
#6068 = CARTESIAN_POINT('',(7.304688354016E-02,-5.988014717195));
#6069 = VECTOR('',#6070,1.);
#6070 = DIRECTION('',(0.,1.));
#6071 = ( GEOMETRIC_REPRESENTATION_CONTEXT(2) 
PARAMETRIC_REPRESENTATION_CONTEXT() REPRESENTATION_CONTEXT('2D SPACE',''
  ) );
#6072 = PCURVE('',#1623,#6073);
#6073 = DEFINITIONAL_REPRESENTATION('',(#6074),#6078);
#6074 = LINE('',#6075,#6076);
#6075 = CARTESIAN_POINT('',(-7.30469336649E-02,-5.845441274495));
#6076 = VECTOR('',#6077,1.);
#6077 = DIRECTION('',(0.,1.));
#6078 = ( GEOMETRIC_REPRESENTATION_CONTEXT(2) 
PARAMETRIC_REPRESENTATION_CONTEXT() REPRESENTATION_CONTEXT('2D SPACE',''
  ) );
#6079 = ORIENTED_EDGE('',*,*,#1579,.F.);
#6080 = ADVANCED_FACE('',(#6081),#1623,.T.);
#6081 = FACE_BOUND('',#6082,.T.);
#6082 = EDGE_LOOP('',(#6083,#6084,#6107,#6128));
#6083 = ORIENTED_EDGE('',*,*,#6059,.F.);
#6084 = ORIENTED_EDGE('',*,*,#6085,.F.);
#6085 = EDGE_CURVE('',#6086,#6037,#6088,.T.);
#6086 = VERTEX_POINT('',#6087);
#6087 = CARTESIAN_POINT('',(17.064485290527,-3.943599700928,
    7.739554977417));
#6088 = SURFACE_CURVE('',#6089,(#6093,#6100),.PCURVE_S1.);
#6089 = LINE('',#6090,#6091);
#6090 = CARTESIAN_POINT('',(17.925777215379,-3.943599700928,
    7.478285484401));
#6091 = VECTOR('',#6092,1.);
#6092 = DIRECTION('',(0.956940507334,0.,-0.290284111558));
#6093 = PCURVE('',#1623,#6094);
#6094 = DEFINITIONAL_REPRESENTATION('',(#6095),#6099);
#6095 = LINE('',#6096,#6097);
#6096 = CARTESIAN_POINT('',(-0.684427090085,-3.872312002035));
#6097 = VECTOR('',#6098,1.);
#6098 = DIRECTION('',(-1.,0.));
#6099 = ( GEOMETRIC_REPRESENTATION_CONTEXT(2) 
PARAMETRIC_REPRESENTATION_CONTEXT() REPRESENTATION_CONTEXT('2D SPACE',''
  ) );
#6100 = PCURVE('',#154,#6101);
#6101 = DEFINITIONAL_REPRESENTATION('',(#6102),#6106);
#6102 = LINE('',#6103,#6104);
#6103 = CARTESIAN_POINT('',(2.079403142915,-8.444558000609E-02));
#6104 = VECTOR('',#6105,1.);
#6105 = DIRECTION('',(-0.290284111558,0.956940507334));
#6106 = ( GEOMETRIC_REPRESENTATION_CONTEXT(2) 
PARAMETRIC_REPRESENTATION_CONTEXT() REPRESENTATION_CONTEXT('2D SPACE',''
  ) );
#6107 = ORIENTED_EDGE('',*,*,#6108,.T.);
#6108 = EDGE_CURVE('',#6086,#1608,#6109,.T.);
#6109 = SURFACE_CURVE('',#6110,(#6114,#6121),.PCURVE_S1.);
#6110 = LINE('',#6111,#6112);
#6111 = CARTESIAN_POINT('',(17.064485290527,-5.916728973389,
    7.739554977417));
#6112 = VECTOR('',#6113,1.);
#6113 = DIRECTION('',(0.,1.,0.));
#6114 = PCURVE('',#1623,#6115);
#6115 = DEFINITIONAL_REPRESENTATION('',(#6116),#6120);
#6116 = LINE('',#6117,#6118);
#6117 = CARTESIAN_POINT('',(0.215620424103,-5.845441274495));
#6118 = VECTOR('',#6119,1.);
#6119 = DIRECTION('',(0.,1.));
#6120 = ( GEOMETRIC_REPRESENTATION_CONTEXT(2) 
PARAMETRIC_REPRESENTATION_CONTEXT() REPRESENTATION_CONTEXT('2D SPACE',''
  ) );
#6121 = PCURVE('',#1651,#6122);
#6122 = DEFINITIONAL_REPRESENTATION('',(#6123),#6127);
#6123 = LINE('',#6124,#6125);
#6124 = CARTESIAN_POINT('',(-7.304586916271E-02,-5.845442288314));
#6125 = VECTOR('',#6126,1.);
#6126 = DIRECTION('',(0.,1.));
#6127 = ( GEOMETRIC_REPRESENTATION_CONTEXT(2) 
PARAMETRIC_REPRESENTATION_CONTEXT() REPRESENTATION_CONTEXT('2D SPACE',''
  ) );
#6128 = ORIENTED_EDGE('',*,*,#1607,.F.);
#6129 = ADVANCED_FACE('',(#6130),#1651,.T.);
#6130 = FACE_BOUND('',#6131,.T.);
#6131 = EDGE_LOOP('',(#6132,#6133,#6156,#6177));
#6132 = ORIENTED_EDGE('',*,*,#6108,.F.);
#6133 = ORIENTED_EDGE('',*,*,#6134,.F.);
#6134 = EDGE_CURVE('',#6135,#6086,#6137,.T.);
#6135 = VERTEX_POINT('',#6136);
#6136 = CARTESIAN_POINT('',(16.809907653809,-3.943599700928,
    7.875630950928));
#6137 = SURFACE_CURVE('',#6138,(#6142,#6149),.PCURVE_S1.);
#6138 = LINE('',#6139,#6140);
#6139 = CARTESIAN_POINT('',(17.886615923926,-3.943599700928,
    7.30011250425));
#6140 = VECTOR('',#6141,1.);
#6141 = DIRECTION('',(0.881919259975,0.,-0.471400486727));
#6142 = PCURVE('',#1651,#6143);
#6143 = DEFINITIONAL_REPRESENTATION('',(#6144),#6148);
#6144 = LINE('',#6145,#6146);
#6145 = CARTESIAN_POINT('',(-1.005252104711,-3.872313015853));
#6146 = VECTOR('',#6147,1.);
#6147 = DIRECTION('',(-1.,0.));
#6148 = ( GEOMETRIC_REPRESENTATION_CONTEXT(2) 
PARAMETRIC_REPRESENTATION_CONTEXT() REPRESENTATION_CONTEXT('2D SPACE',''
  ) );
#6149 = PCURVE('',#154,#6150);
#6150 = DEFINITIONAL_REPRESENTATION('',(#6151),#6155);
#6151 = LINE('',#6152,#6153);
#6152 = CARTESIAN_POINT('',(1.901230162764,-0.123606871459));
#6153 = VECTOR('',#6154,1.);
#6154 = DIRECTION('',(-0.471400486727,0.881919259975));
#6155 = ( GEOMETRIC_REPRESENTATION_CONTEXT(2) 
PARAMETRIC_REPRESENTATION_CONTEXT() REPRESENTATION_CONTEXT('2D SPACE',''
  ) );
#6156 = ORIENTED_EDGE('',*,*,#6157,.T.);
#6157 = EDGE_CURVE('',#6135,#1636,#6158,.T.);
#6158 = SURFACE_CURVE('',#6159,(#6163,#6170),.PCURVE_S1.);
#6159 = LINE('',#6160,#6161);
#6160 = CARTESIAN_POINT('',(16.809907653809,-5.916728973389,
    7.875630950928));
#6161 = VECTOR('',#6162,1.);
#6162 = DIRECTION('',(0.,1.,0.));
#6163 = PCURVE('',#1651,#6164);
#6164 = DEFINITIONAL_REPRESENTATION('',(#6165),#6169);
#6165 = LINE('',#6166,#6167);
#6166 = CARTESIAN_POINT('',(0.215617331963,-5.845442288314));
#6167 = VECTOR('',#6168,1.);
#6168 = DIRECTION('',(0.,1.));
#6169 = ( GEOMETRIC_REPRESENTATION_CONTEXT(2) 
PARAMETRIC_REPRESENTATION_CONTEXT() REPRESENTATION_CONTEXT('2D SPACE',''
  ) );
#6170 = PCURVE('',#1679,#6171);
#6171 = DEFINITIONAL_REPRESENTATION('',(#6172),#6176);
#6172 = LINE('',#6173,#6174);
#6173 = CARTESIAN_POINT('',(-7.304721467491E-02,-5.845441006865));
#6174 = VECTOR('',#6175,1.);
#6175 = DIRECTION('',(0.,1.));
#6176 = ( GEOMETRIC_REPRESENTATION_CONTEXT(2) 
PARAMETRIC_REPRESENTATION_CONTEXT() REPRESENTATION_CONTEXT('2D SPACE',''
  ) );
#6177 = ORIENTED_EDGE('',*,*,#1635,.F.);
#6178 = ADVANCED_FACE('',(#6179),#1679,.T.);
#6179 = FACE_BOUND('',#6180,.T.);
#6180 = EDGE_LOOP('',(#6181,#6182,#6205,#6226));
#6181 = ORIENTED_EDGE('',*,*,#6157,.F.);
#6182 = ORIENTED_EDGE('',*,*,#6183,.F.);
#6183 = EDGE_CURVE('',#6184,#6135,#6186,.T.);
#6184 = VERTEX_POINT('',#6185);
#6185 = CARTESIAN_POINT('',(16.586763122559,-3.943599700928,
    8.058759307861));
#6186 = SURFACE_CURVE('',#6187,(#6191,#6198),.PCURVE_S1.);
#6187 = LINE('',#6188,#6189);
#6188 = CARTESIAN_POINT('',(17.747586831781,-3.943599700928,
    7.106104374448));
#6189 = VECTOR('',#6190,1.);
#6190 = DIRECTION('',(0.773013217577,0.,-0.634389915943));
#6191 = PCURVE('',#1679,#6192);
#6192 = DEFINITIONAL_REPRESENTATION('',(#6193),#6197);
#6193 = LINE('',#6194,#6195);
#6194 = CARTESIAN_POINT('',(-1.286065513264,-3.872311734404));
#6195 = VECTOR('',#6196,1.);
#6196 = DIRECTION('',(-1.,0.));
#6197 = ( GEOMETRIC_REPRESENTATION_CONTEXT(2) 
PARAMETRIC_REPRESENTATION_CONTEXT() REPRESENTATION_CONTEXT('2D SPACE',''
  ) );
#6198 = PCURVE('',#154,#6199);
#6199 = DEFINITIONAL_REPRESENTATION('',(#6200),#6204);
#6200 = LINE('',#6201,#6202);
#6201 = CARTESIAN_POINT('',(1.707222032962,-0.262635963604));
#6202 = VECTOR('',#6203,1.);
#6203 = DIRECTION('',(-0.634389915943,0.773013217577));
#6204 = ( GEOMETRIC_REPRESENTATION_CONTEXT(2) 
PARAMETRIC_REPRESENTATION_CONTEXT() REPRESENTATION_CONTEXT('2D SPACE',''
  ) );
#6205 = ORIENTED_EDGE('',*,*,#6206,.T.);
#6206 = EDGE_CURVE('',#6184,#1664,#6207,.T.);
#6207 = SURFACE_CURVE('',#6208,(#6212,#6219),.PCURVE_S1.);
#6208 = LINE('',#6209,#6210);
#6209 = CARTESIAN_POINT('',(16.586763122559,-5.916728973389,
    8.058759307861));
#6210 = VECTOR('',#6211,1.);
#6211 = DIRECTION('',(0.,1.,0.));
#6212 = PCURVE('',#1679,#6213);
#6213 = DEFINITIONAL_REPRESENTATION('',(#6214),#6218);
#6214 = LINE('',#6215,#6216);
#6215 = CARTESIAN_POINT('',(0.215621240373,-5.845441006865));
#6216 = VECTOR('',#6217,1.);
#6217 = DIRECTION('',(0.,1.));
#6218 = ( GEOMETRIC_REPRESENTATION_CONTEXT(2) 
PARAMETRIC_REPRESENTATION_CONTEXT() REPRESENTATION_CONTEXT('2D SPACE',''
  ) );
#6219 = PCURVE('',#1707,#6220);
#6220 = DEFINITIONAL_REPRESENTATION('',(#6221),#6225);
#6221 = LINE('',#6222,#6223);
#6222 = CARTESIAN_POINT('',(7.304645949658E-02,5.845441726087));
#6223 = VECTOR('',#6224,1.);
#6224 = DIRECTION('',(0.,-1.));
#6225 = ( GEOMETRIC_REPRESENTATION_CONTEXT(2) 
PARAMETRIC_REPRESENTATION_CONTEXT() REPRESENTATION_CONTEXT('2D SPACE',''
  ) );
#6226 = ORIENTED_EDGE('',*,*,#1663,.F.);
#6227 = ADVANCED_FACE('',(#6228),#1707,.T.);
#6228 = FACE_BOUND('',#6229,.T.);
#6229 = EDGE_LOOP('',(#6230,#6231,#6254,#6275));
#6230 = ORIENTED_EDGE('',*,*,#6206,.F.);
#6231 = ORIENTED_EDGE('',*,*,#6232,.F.);
#6232 = EDGE_CURVE('',#6233,#6184,#6235,.T.);
#6233 = VERTEX_POINT('',#6234);
#6234 = CARTESIAN_POINT('',(16.434169878992,-3.943599700928,
    8.244693186594));
#6235 = SURFACE_CURVE('',#6236,(#6240,#6247),.PCURVE_S1.);
#6236 = LINE('',#6237,#6238);
#6237 = CARTESIAN_POINT('',(17.502227933091,-3.943599700928,
    6.943271366935));
#6238 = VECTOR('',#6239,1.);
#6239 = DIRECTION('',(0.634396396419,0.,-0.77300789919));
#6240 = PCURVE('',#1707,#6241);
#6241 = DEFINITIONAL_REPRESENTATION('',(#6242),#6246);
#6242 = LINE('',#6243,#6244);
#6243 = CARTESIAN_POINT('',(1.516095026134,3.872312453626));
#6244 = VECTOR('',#6245,1.);
#6245 = DIRECTION('',(1.,0.));
#6246 = ( GEOMETRIC_REPRESENTATION_CONTEXT(2) 
PARAMETRIC_REPRESENTATION_CONTEXT() REPRESENTATION_CONTEXT('2D SPACE',''
  ) );
#6247 = PCURVE('',#154,#6248);
#6248 = DEFINITIONAL_REPRESENTATION('',(#6249),#6253);
#6249 = LINE('',#6250,#6251);
#6250 = CARTESIAN_POINT('',(1.544389025449,-0.507994862294));
#6251 = VECTOR('',#6252,1.);
#6252 = DIRECTION('',(-0.77300789919,0.634396396419));
#6253 = ( GEOMETRIC_REPRESENTATION_CONTEXT(2) 
PARAMETRIC_REPRESENTATION_CONTEXT() REPRESENTATION_CONTEXT('2D SPACE',''
  ) );
#6254 = ORIENTED_EDGE('',*,*,#6255,.T.);
#6255 = EDGE_CURVE('',#6233,#1692,#6256,.T.);
#6256 = SURFACE_CURVE('',#6257,(#6261,#6268),.PCURVE_S1.);
#6257 = LINE('',#6258,#6259);
#6258 = CARTESIAN_POINT('',(16.403634765625,-5.916728973389,
    8.281900024414));
#6259 = VECTOR('',#6260,1.);
#6260 = DIRECTION('',(1.547087289788E-02,0.999702598736,
    -1.885115840024E-02));
#6261 = PCURVE('',#1707,#6262);
#6262 = DEFINITIONAL_REPRESENTATION('',(#6263),#6267);
#6263 = LINE('',#6264,#6265);
#6264 = CARTESIAN_POINT('',(-0.21561904675,5.845441726087));
#6265 = VECTOR('',#6266,1.);
#6266 = DIRECTION('',(2.438676036814E-02,-0.999702598736));
#6267 = ( GEOMETRIC_REPRESENTATION_CONTEXT(2) 
PARAMETRIC_REPRESENTATION_CONTEXT() REPRESENTATION_CONTEXT('2D SPACE',''
  ) );
#6268 = PCURVE('',#1735,#6269);
#6269 = DEFINITIONAL_REPRESENTATION('',(#6270),#6274);
#6270 = LINE('',#6271,#6272);
#6271 = CARTESIAN_POINT('',(-7.304609089574E-02,5.988014673059));
#6272 = VECTOR('',#6273,1.);
#6273 = DIRECTION('',(2.438676036793E-02,-0.999702598736));
#6274 = ( GEOMETRIC_REPRESENTATION_CONTEXT(2) 
PARAMETRIC_REPRESENTATION_CONTEXT() REPRESENTATION_CONTEXT('2D SPACE',''
  ) );
#6275 = ORIENTED_EDGE('',*,*,#1691,.F.);
#6276 = ADVANCED_FACE('',(#6277),#1735,.T.);
#6277 = FACE_BOUND('',#6278,.T.);
#6278 = EDGE_LOOP('',(#6279,#6280,#6303,#6324));
#6279 = ORIENTED_EDGE('',*,*,#6255,.F.);
#6280 = ORIENTED_EDGE('',*,*,#6281,.F.);
#6281 = EDGE_CURVE('',#6282,#6233,#6284,.T.);
#6282 = VERTEX_POINT('',#6283);
#6283 = CARTESIAN_POINT('',(16.403634765625,-3.943599700928,
    8.281900342448));
#6284 = SURFACE_CURVE('',#6285,(#6289,#6296),.PCURVE_S1.);
#6285 = LINE('',#6286,#6287);
#6286 = CARTESIAN_POINT('',(17.456999604706,-3.943599700928,
    6.998371138923));
#6287 = VECTOR('',#6288,1.);
#6288 = DIRECTION('',(0.63439315617,0.,-0.773010558404));
#6289 = PCURVE('',#1735,#6290);
#6290 = DEFINITIONAL_REPRESENTATION('',(#6291),#6295);
#6291 = LINE('',#6292,#6293);
#6292 = CARTESIAN_POINT('',(1.587382734469,4.014885400598));
#6293 = VECTOR('',#6294,1.);
#6294 = DIRECTION('',(1.,2.64697796017E-23));
#6295 = ( GEOMETRIC_REPRESENTATION_CONTEXT(2) 
PARAMETRIC_REPRESENTATION_CONTEXT() REPRESENTATION_CONTEXT('2D SPACE',''
  ) );
#6296 = PCURVE('',#154,#6297);
#6297 = DEFINITIONAL_REPRESENTATION('',(#6298),#6302);
#6298 = LINE('',#6299,#6300);
#6299 = CARTESIAN_POINT('',(1.599488797436,-0.553223190679));
#6300 = VECTOR('',#6301,1.);
#6301 = DIRECTION('',(-0.773010558404,0.63439315617));
#6302 = ( GEOMETRIC_REPRESENTATION_CONTEXT(2) 
PARAMETRIC_REPRESENTATION_CONTEXT() REPRESENTATION_CONTEXT('2D SPACE',''
  ) );
#6303 = ORIENTED_EDGE('',*,*,#6304,.T.);
#6304 = EDGE_CURVE('',#6282,#1720,#6305,.T.);
#6305 = SURFACE_CURVE('',#6306,(#6310,#6317),.PCURVE_S1.);
#6306 = LINE('',#6307,#6308);
#6307 = CARTESIAN_POINT('',(16.403634765625,-5.916728973389,
    8.281900024414));
#6308 = VECTOR('',#6309,1.);
#6309 = DIRECTION('',(0.,1.,1.611827201164E-07));
#6310 = PCURVE('',#1735,#6311);
#6311 = DEFINITIONAL_REPRESENTATION('',(#6312),#6316);
#6312 = LINE('',#6313,#6314);
#6313 = CARTESIAN_POINT('',(-7.304609089574E-02,5.988014673059));
#6314 = VECTOR('',#6315,1.);
#6315 = DIRECTION('',(-1.245959444823E-07,-1.));
#6316 = ( GEOMETRIC_REPRESENTATION_CONTEXT(2) 
PARAMETRIC_REPRESENTATION_CONTEXT() REPRESENTATION_CONTEXT('2D SPACE',''
  ) );
#6317 = PCURVE('',#1763,#6318);
#6318 = DEFINITIONAL_REPRESENTATION('',(#6319),#6323);
#6319 = LINE('',#6320,#6321);
#6320 = CARTESIAN_POINT('',(7.304779180867E-02,5.84544124834));
#6321 = VECTOR('',#6322,1.);
#6322 = DIRECTION('',(-1.421501758109E-07,-1.));
#6323 = ( GEOMETRIC_REPRESENTATION_CONTEXT(2) 
PARAMETRIC_REPRESENTATION_CONTEXT() REPRESENTATION_CONTEXT('2D SPACE',''
  ) );
#6324 = ORIENTED_EDGE('',*,*,#1719,.F.);
#6325 = ADVANCED_FACE('',(#6326),#1763,.T.);
#6326 = FACE_BOUND('',#6327,.T.);
#6327 = EDGE_LOOP('',(#6328,#6329,#6352,#6373));
#6328 = ORIENTED_EDGE('',*,*,#6304,.F.);
#6329 = ORIENTED_EDGE('',*,*,#6330,.F.);
#6330 = EDGE_CURVE('',#6331,#6282,#6333,.T.);
#6331 = VERTEX_POINT('',#6332);
#6332 = CARTESIAN_POINT('',(16.290246726952,-3.943599700928,
    8.49403247793));
#6333 = SURFACE_CURVE('',#6334,(#6338,#6345),.PCURVE_S1.);
#6334 = LINE('',#6335,#6336);
#6335 = CARTESIAN_POINT('',(17.16421246752,-3.943599700928,
    6.858972721586));
#6336 = VECTOR('',#6337,1.);
#6337 = DIRECTION('',(0.471400131956,0.,-0.881919449605));
#6338 = PCURVE('',#1763,#6339);
#6339 = DEFINITIONAL_REPRESENTATION('',(#6340),#6344);
#6340 = LINE('',#6341,#6342);
#6341 = CARTESIAN_POINT('',(1.686491484583,3.872311975879));
#6342 = VECTOR('',#6343,1.);
#6343 = DIRECTION('',(1.,-6.617444900424E-24));
#6344 = ( GEOMETRIC_REPRESENTATION_CONTEXT(2) 
PARAMETRIC_REPRESENTATION_CONTEXT() REPRESENTATION_CONTEXT('2D SPACE',''
  ) );
#6345 = PCURVE('',#154,#6346);
#6346 = DEFINITIONAL_REPRESENTATION('',(#6347),#6351);
#6347 = LINE('',#6348,#6349);
#6348 = CARTESIAN_POINT('',(1.4600903801,-0.846010327865));
#6349 = VECTOR('',#6350,1.);
#6350 = DIRECTION('',(-0.881919449605,0.471400131956));
#6351 = ( GEOMETRIC_REPRESENTATION_CONTEXT(2) 
PARAMETRIC_REPRESENTATION_CONTEXT() REPRESENTATION_CONTEXT('2D SPACE',''
  ) );
#6352 = ORIENTED_EDGE('',*,*,#6353,.T.);
#6353 = EDGE_CURVE('',#6331,#1748,#6354,.T.);
#6354 = SURFACE_CURVE('',#6355,(#6359,#6366),.PCURVE_S1.);
#6355 = LINE('',#6356,#6357);
#6356 = CARTESIAN_POINT('',(16.267556884766,-5.916728973389,
    8.53648147583));
#6357 = VECTOR('',#6358,1.);
#6358 = DIRECTION('',(1.14960000354E-02,0.999702598167,
    -2.15071430355E-02));
#6359 = PCURVE('',#1763,#6360);
#6360 = DEFINITIONAL_REPRESENTATION('',(#6361),#6365);
#6361 = LINE('',#6362,#6363);
#6362 = CARTESIAN_POINT('',(-0.215619672697,5.84544124834));
#6363 = VECTOR('',#6364,1.);
#6364 = DIRECTION('',(2.43867836821E-02,-0.999702598167));
#6365 = ( GEOMETRIC_REPRESENTATION_CONTEXT(2) 
PARAMETRIC_REPRESENTATION_CONTEXT() REPRESENTATION_CONTEXT('2D SPACE',''
  ) );
#6366 = PCURVE('',#1791,#6367);
#6367 = DEFINITIONAL_REPRESENTATION('',(#6368),#6372);
#6368 = LINE('',#6369,#6370);
#6369 = CARTESIAN_POINT('',(-7.304653021317E-02,5.988014380691));
#6370 = VECTOR('',#6371,1.);
#6371 = DIRECTION('',(2.438678368222E-02,-0.999702598167));
#6372 = ( GEOMETRIC_REPRESENTATION_CONTEXT(2) 
PARAMETRIC_REPRESENTATION_CONTEXT() REPRESENTATION_CONTEXT('2D SPACE',''
  ) );
#6373 = ORIENTED_EDGE('',*,*,#1747,.F.);
#6374 = ADVANCED_FACE('',(#6375),#1791,.T.);
#6375 = FACE_BOUND('',#6376,.T.);
#6376 = EDGE_LOOP('',(#6377,#6378,#6401,#6422));
#6377 = ORIENTED_EDGE('',*,*,#6353,.F.);
#6378 = ORIENTED_EDGE('',*,*,#6379,.F.);
#6379 = EDGE_CURVE('',#6380,#6331,#6382,.T.);
#6380 = VERTEX_POINT('',#6381);
#6381 = CARTESIAN_POINT('',(16.267556884766,-3.943599700928,
    8.53648147583));
#6382 = SURFACE_CURVE('',#6383,(#6387,#6394),.PCURVE_S1.);
#6383 = LINE('',#6384,#6385);
#6384 = CARTESIAN_POINT('',(17.130612907871,-3.943599700928,
    6.921844273375));
#6385 = VECTOR('',#6386,1.);
#6386 = DIRECTION('',(0.47140287892,0.,-0.881917981303));
#6387 = PCURVE('',#1791,#6388);
#6388 = DEFINITIONAL_REPRESENTATION('',(#6389),#6393);
#6389 = LINE('',#6390,#6391);
#6390 = CARTESIAN_POINT('',(1.757778145874,4.01488510823));
#6391 = VECTOR('',#6392,1.);
#6392 = DIRECTION('',(1.,0.));
#6393 = ( GEOMETRIC_REPRESENTATION_CONTEXT(2) 
PARAMETRIC_REPRESENTATION_CONTEXT() REPRESENTATION_CONTEXT('2D SPACE',''
  ) );
#6394 = PCURVE('',#154,#6395);
#6395 = DEFINITIONAL_REPRESENTATION('',(#6396),#6400);
#6396 = LINE('',#6397,#6398);
#6397 = CARTESIAN_POINT('',(1.522961931889,-0.879609887514));
#6398 = VECTOR('',#6399,1.);
#6399 = DIRECTION('',(-0.881917981303,0.47140287892));
#6400 = ( GEOMETRIC_REPRESENTATION_CONTEXT(2) 
PARAMETRIC_REPRESENTATION_CONTEXT() REPRESENTATION_CONTEXT('2D SPACE',''
  ) );
#6401 = ORIENTED_EDGE('',*,*,#6402,.T.);
#6402 = EDGE_CURVE('',#6380,#1776,#6403,.T.);
#6403 = SURFACE_CURVE('',#6404,(#6408,#6415),.PCURVE_S1.);
#6404 = LINE('',#6405,#6406);
#6405 = CARTESIAN_POINT('',(16.267556884766,-5.916728973389,
    8.53648147583));
#6406 = VECTOR('',#6407,1.);
#6407 = DIRECTION('',(0.,1.,0.));
#6408 = PCURVE('',#1791,#6409);
#6409 = DEFINITIONAL_REPRESENTATION('',(#6410),#6414);
#6410 = LINE('',#6411,#6412);
#6411 = CARTESIAN_POINT('',(-7.304653021317E-02,5.988014380691));
#6412 = VECTOR('',#6413,1.);
#6413 = DIRECTION('',(0.,-1.));
#6414 = ( GEOMETRIC_REPRESENTATION_CONTEXT(2) 
PARAMETRIC_REPRESENTATION_CONTEXT() REPRESENTATION_CONTEXT('2D SPACE',''
  ) );
#6415 = PCURVE('',#1819,#6416);
#6416 = DEFINITIONAL_REPRESENTATION('',(#6417),#6421);
#6417 = LINE('',#6418,#6419);
#6418 = CARTESIAN_POINT('',(7.304632443917E-02,5.845441854714));
#6419 = VECTOR('',#6420,1.);
#6420 = DIRECTION('',(0.,-1.));
#6421 = ( GEOMETRIC_REPRESENTATION_CONTEXT(2) 
PARAMETRIC_REPRESENTATION_CONTEXT() REPRESENTATION_CONTEXT('2D SPACE',''
  ) );
#6422 = ORIENTED_EDGE('',*,*,#1775,.F.);
#6423 = ADVANCED_FACE('',(#6424),#1819,.T.);
#6424 = FACE_BOUND('',#6425,.T.);
#6425 = EDGE_LOOP('',(#6426,#6427,#6450,#6471));
#6426 = ORIENTED_EDGE('',*,*,#6402,.F.);
#6427 = ORIENTED_EDGE('',*,*,#6428,.F.);
#6428 = EDGE_CURVE('',#6429,#6380,#6431,.T.);
#6429 = VERTEX_POINT('',#6430);
#6430 = CARTESIAN_POINT('',(16.197735129398,-3.943599700928,
    8.766657096441));
#6431 = SURFACE_CURVE('',#6432,(#6436,#6443),.PCURVE_S1.);
#6432 = LINE('',#6433,#6434);
#6433 = CARTESIAN_POINT('',(16.766158220501,-3.943599700928,
    6.892783587036));
#6434 = VECTOR('',#6435,1.);
#6435 = DIRECTION('',(0.290279896309,0.,-0.956941786003));
#6436 = PCURVE('',#1819,#6437);
#6437 = DEFINITIONAL_REPRESENTATION('',(#6438),#6442);
#6438 = LINE('',#6439,#6440);
#6439 = CARTESIAN_POINT('',(1.790703461828,3.872312582253));
#6440 = VECTOR('',#6441,1.);
#6441 = DIRECTION('',(1.,0.));
#6442 = ( GEOMETRIC_REPRESENTATION_CONTEXT(2) 
PARAMETRIC_REPRESENTATION_CONTEXT() REPRESENTATION_CONTEXT('2D SPACE',''
  ) );
#6443 = PCURVE('',#154,#6444);
#6444 = DEFINITIONAL_REPRESENTATION('',(#6445),#6449);
#6445 = LINE('',#6446,#6447);
#6446 = CARTESIAN_POINT('',(1.49390124555,-1.244064574884));
#6447 = VECTOR('',#6448,1.);
#6448 = DIRECTION('',(-0.956941786003,0.290279896309));
#6449 = ( GEOMETRIC_REPRESENTATION_CONTEXT(2) 
PARAMETRIC_REPRESENTATION_CONTEXT() REPRESENTATION_CONTEXT('2D SPACE',''
  ) );
#6450 = ORIENTED_EDGE('',*,*,#6451,.T.);
#6451 = EDGE_CURVE('',#6429,#1804,#6452,.T.);
#6452 = SURFACE_CURVE('',#6453,(#6457,#6464),.PCURVE_S1.);
#6453 = LINE('',#6454,#6455);
#6454 = CARTESIAN_POINT('',(16.183763244629,-5.916728973389,
    8.812717056274));
#6455 = VECTOR('',#6456,1.);
#6456 = DIRECTION('',(7.078973345918E-03,0.999702599822,
    -2.333666741258E-02));
#6457 = PCURVE('',#1819,#6458);
#6458 = DEFINITIONAL_REPRESENTATION('',(#6459),#6463);
#6459 = LINE('',#6460,#6461);
#6460 = CARTESIAN_POINT('',(-0.215618654439,5.845441854714));
#6461 = VECTOR('',#6462,1.);
#6462 = DIRECTION('',(2.438671584198E-02,-0.999702599822));
#6463 = ( GEOMETRIC_REPRESENTATION_CONTEXT(2) 
PARAMETRIC_REPRESENTATION_CONTEXT() REPRESENTATION_CONTEXT('2D SPACE',''
  ) );
#6464 = PCURVE('',#351,#6465);
#6465 = DEFINITIONAL_REPRESENTATION('',(#6466),#6470);
#6466 = LINE('',#6467,#6468);
#6467 = CARTESIAN_POINT('',(-7.304586813333E-02,5.988014630024));
#6468 = VECTOR('',#6469,1.);
#6469 = DIRECTION('',(2.438671584193E-02,-0.999702599822));
#6470 = ( GEOMETRIC_REPRESENTATION_CONTEXT(2) 
PARAMETRIC_REPRESENTATION_CONTEXT() REPRESENTATION_CONTEXT('2D SPACE',''
  ) );
#6471 = ORIENTED_EDGE('',*,*,#1803,.F.);
#6472 = ADVANCED_FACE('',(#6473),#1893,.T.);
#6473 = FACE_BOUND('',#6474,.T.);
#6474 = EDGE_LOOP('',(#6475,#6476,#6477,#6478,#6501,#6522,#6523,#6544));
#6475 = ORIENTED_EDGE('',*,*,#3518,.F.);
#6476 = ORIENTED_EDGE('',*,*,#3222,.T.);
#6477 = ORIENTED_EDGE('',*,*,#4337,.F.);
#6478 = ORIENTED_EDGE('',*,*,#6479,.F.);
#6479 = EDGE_CURVE('',#6480,#4315,#6482,.T.);
#6480 = VERTEX_POINT('',#6481);
#6481 = CARTESIAN_POINT('',(16.267556884766,-3.943599700928,
    -1.413813018799));
#6482 = SURFACE_CURVE('',#6483,(#6487,#6494),.PCURVE_S1.);
#6483 = LINE('',#6484,#6485);
#6484 = CARTESIAN_POINT('',(17.25590116322,-3.943599700928,
    1.844380025354));
#6485 = VECTOR('',#6486,1.);
#6486 = DIRECTION('',(-0.290279896309,0.,-0.956941786003));
#6487 = PCURVE('',#1893,#6488);
#6488 = DEFINITIONAL_REPRESENTATION('',(#6489),#6493);
#6489 = LINE('',#6490,#6491);
#6490 = CARTESIAN_POINT('',(-3.620416199921,3.872312582253));
#6491 = VECTOR('',#6492,1.);
#6492 = DIRECTION('',(1.,0.));
#6493 = ( GEOMETRIC_REPRESENTATION_CONTEXT(2) 
PARAMETRIC_REPRESENTATION_CONTEXT() REPRESENTATION_CONTEXT('2D SPACE',''
  ) );
#6494 = PCURVE('',#154,#6495);
#6495 = DEFINITIONAL_REPRESENTATION('',(#6496),#6500);
#6496 = LINE('',#6497,#6498);
#6497 = CARTESIAN_POINT('',(-3.554502316133,-0.754321632165));
#6498 = VECTOR('',#6499,1.);
#6499 = DIRECTION('',(-0.956941786003,-0.290279896309));
#6500 = ( GEOMETRIC_REPRESENTATION_CONTEXT(2) 
PARAMETRIC_REPRESENTATION_CONTEXT() REPRESENTATION_CONTEXT('2D SPACE',''
  ) );
#6501 = ORIENTED_EDGE('',*,*,#6502,.T.);
#6502 = EDGE_CURVE('',#6480,#1878,#6503,.T.);
#6503 = SURFACE_CURVE('',#6504,(#6508,#6515),.PCURVE_S1.);
#6504 = LINE('',#6505,#6506);
#6505 = CARTESIAN_POINT('',(16.267556884766,-5.916728973389,
    -1.413813018799));
#6506 = VECTOR('',#6507,1.);
#6507 = DIRECTION('',(0.,1.,0.));
#6508 = PCURVE('',#1893,#6509);
#6509 = DEFINITIONAL_REPRESENTATION('',(#6510),#6514);
#6510 = LINE('',#6511,#6512);
#6511 = CARTESIAN_POINT('',(-0.215618654439,5.845441854714));
#6512 = VECTOR('',#6513,1.);
#6513 = DIRECTION('',(0.,-1.));
#6514 = ( GEOMETRIC_REPRESENTATION_CONTEXT(2) 
PARAMETRIC_REPRESENTATION_CONTEXT() REPRESENTATION_CONTEXT('2D SPACE',''
  ) );
#6515 = PCURVE('',#1921,#6516);
#6516 = DEFINITIONAL_REPRESENTATION('',(#6517),#6521);
#6517 = LINE('',#6518,#6519);
#6518 = CARTESIAN_POINT('',(7.304696100023E-02,5.845441248462));
#6519 = VECTOR('',#6520,1.);
#6520 = DIRECTION('',(0.,-1.));
#6521 = ( GEOMETRIC_REPRESENTATION_CONTEXT(2) 
PARAMETRIC_REPRESENTATION_CONTEXT() REPRESENTATION_CONTEXT('2D SPACE',''
  ) );
#6522 = ORIENTED_EDGE('',*,*,#1877,.F.);
#6523 = ORIENTED_EDGE('',*,*,#6524,.F.);
#6524 = EDGE_CURVE('',#3571,#1855,#6525,.T.);
#6525 = SURFACE_CURVE('',#6526,(#6530,#6537),.PCURVE_S1.);
#6526 = LINE('',#6527,#6528);
#6527 = CARTESIAN_POINT('',(16.192605712891,2.22283590481,-1.66089836363
    ));
#6528 = VECTOR('',#6529,1.);
#6529 = DIRECTION('',(0.,-1.,0.));
#6530 = PCURVE('',#1893,#6531);
#6531 = DEFINITIONAL_REPRESENTATION('',(#6532),#6536);
#6532 = LINE('',#6533,#6534);
#6533 = CARTESIAN_POINT('',(4.258445513935E-02,-2.294123023484));
#6534 = VECTOR('',#6535,1.);
#6535 = DIRECTION('',(-0.,1.));
#6536 = ( GEOMETRIC_REPRESENTATION_CONTEXT(2) 
PARAMETRIC_REPRESENTATION_CONTEXT() REPRESENTATION_CONTEXT('2D SPACE',''
  ) );
#6537 = PCURVE('',#323,#6538);
#6538 = DEFINITIONAL_REPRESENTATION('',(#6539),#6543);
#6539 = LINE('',#6540,#6541);
#6540 = CARTESIAN_POINT('',(6.835959470126,2.294123023484));
#6541 = VECTOR('',#6542,1.);
#6542 = DIRECTION('',(0.,1.));
#6543 = ( GEOMETRIC_REPRESENTATION_CONTEXT(2) 
PARAMETRIC_REPRESENTATION_CONTEXT() REPRESENTATION_CONTEXT('2D SPACE',''
  ) );
#6544 = ORIENTED_EDGE('',*,*,#3570,.T.);
#6545 = ADVANCED_FACE('',(#6546),#1921,.T.);
#6546 = FACE_BOUND('',#6547,.T.);
#6547 = EDGE_LOOP('',(#6548,#6549,#6572,#6593));
#6548 = ORIENTED_EDGE('',*,*,#6502,.F.);
#6549 = ORIENTED_EDGE('',*,*,#6550,.F.);
#6550 = EDGE_CURVE('',#6551,#6480,#6553,.T.);
#6551 = VERTEX_POINT('',#6552);
#6552 = CARTESIAN_POINT('',(16.403634765625,-3.943599700928,
    -1.159231567383));
#6553 = SURFACE_CURVE('',#6554,(#6558,#6565),.PCURVE_S1.);
#6554 = LINE('',#6555,#6556);
#6555 = CARTESIAN_POINT('',(17.894544576375,-3.943599700928,
    1.630038673703));
#6556 = VECTOR('',#6557,1.);
#6557 = DIRECTION('',(-0.471400131956,0.,-0.881919449605));
#6558 = PCURVE('',#1921,#6559);
#6559 = DEFINITIONAL_REPRESENTATION('',(#6560),#6564);
#6560 = LINE('',#6561,#6562);
#6561 = CARTESIAN_POINT('',(-3.378347260846,3.872311976001));
#6562 = VECTOR('',#6563,1.);
#6563 = DIRECTION('',(1.,0.));
#6564 = ( GEOMETRIC_REPRESENTATION_CONTEXT(2) 
PARAMETRIC_REPRESENTATION_CONTEXT() REPRESENTATION_CONTEXT('2D SPACE',''
  ) );
#6565 = PCURVE('',#154,#6566);
#6566 = DEFINITIONAL_REPRESENTATION('',(#6567),#6571);
#6567 = LINE('',#6568,#6569);
#6568 = CARTESIAN_POINT('',(-3.768843667783,-0.11567821901));
#6569 = VECTOR('',#6570,1.);
#6570 = DIRECTION('',(-0.881919449605,-0.471400131956));
#6571 = ( GEOMETRIC_REPRESENTATION_CONTEXT(2) 
PARAMETRIC_REPRESENTATION_CONTEXT() REPRESENTATION_CONTEXT('2D SPACE',''
  ) );
#6572 = ORIENTED_EDGE('',*,*,#6573,.T.);
#6573 = EDGE_CURVE('',#6551,#1906,#6574,.T.);
#6574 = SURFACE_CURVE('',#6575,(#6579,#6586),.PCURVE_S1.);
#6575 = LINE('',#6576,#6577);
#6576 = CARTESIAN_POINT('',(16.403634765625,-5.916728973389,
    -1.159231567383));
#6577 = VECTOR('',#6578,1.);
#6578 = DIRECTION('',(0.,1.,0.));
#6579 = PCURVE('',#1921,#6580);
#6580 = DEFINITIONAL_REPRESENTATION('',(#6581),#6585);
#6581 = LINE('',#6582,#6583);
#6582 = CARTESIAN_POINT('',(-0.215620503506,5.845441248462));
#6583 = VECTOR('',#6584,1.);
#6584 = DIRECTION('',(0.,-1.));
#6585 = ( GEOMETRIC_REPRESENTATION_CONTEXT(2) 
PARAMETRIC_REPRESENTATION_CONTEXT() REPRESENTATION_CONTEXT('2D SPACE',''
  ) );
#6586 = PCURVE('',#1949,#6587);
#6587 = DEFINITIONAL_REPRESENTATION('',(#6588),#6592);
#6588 = LINE('',#6589,#6590);
#6589 = CARTESIAN_POINT('',(7.304664829066E-02,5.845441546282));
#6590 = VECTOR('',#6591,1.);
#6591 = DIRECTION('',(0.,-1.));
#6592 = ( GEOMETRIC_REPRESENTATION_CONTEXT(2) 
PARAMETRIC_REPRESENTATION_CONTEXT() REPRESENTATION_CONTEXT('2D SPACE',''
  ) );
#6593 = ORIENTED_EDGE('',*,*,#1905,.F.);
#6594 = ADVANCED_FACE('',(#6595),#1949,.T.);
#6595 = FACE_BOUND('',#6596,.T.);
#6596 = EDGE_LOOP('',(#6597,#6598,#6621,#6642));
#6597 = ORIENTED_EDGE('',*,*,#6573,.F.);
#6598 = ORIENTED_EDGE('',*,*,#6599,.F.);
#6599 = EDGE_CURVE('',#6600,#6551,#6602,.T.);
#6600 = VERTEX_POINT('',#6601);
#6601 = CARTESIAN_POINT('',(16.586763122559,-3.943599700928,
    -0.936089897156));
#6602 = SURFACE_CURVE('',#6603,(#6607,#6614),.PCURVE_S1.);
#6603 = LINE('',#6604,#6605);
#6604 = CARTESIAN_POINT('',(18.35812268796,-3.943599700928,
    1.222309482464));
#6605 = VECTOR('',#6606,1.);
#6606 = DIRECTION('',(-0.634394776292,0.,-0.773009228802));
#6607 = PCURVE('',#1949,#6608);
#6608 = DEFINITIONAL_REPRESENTATION('',(#6609),#6613);
#6609 = LINE('',#6610,#6611);
#6610 = CARTESIAN_POINT('',(-3.007823490268,3.872312273821));
#6611 = VECTOR('',#6612,1.);
#6612 = DIRECTION('',(1.,0.));
#6613 = ( GEOMETRIC_REPRESENTATION_CONTEXT(2) 
PARAMETRIC_REPRESENTATION_CONTEXT() REPRESENTATION_CONTEXT('2D SPACE',''
  ) );
#6614 = PCURVE('',#154,#6615);
#6615 = DEFINITIONAL_REPRESENTATION('',(#6616),#6620);
#6616 = LINE('',#6617,#6618);
#6617 = CARTESIAN_POINT('',(-4.176572859022,0.347899892575));
#6618 = VECTOR('',#6619,1.);
#6619 = DIRECTION('',(-0.773009228802,-0.634394776292));
#6620 = ( GEOMETRIC_REPRESENTATION_CONTEXT(2) 
PARAMETRIC_REPRESENTATION_CONTEXT() REPRESENTATION_CONTEXT('2D SPACE',''
  ) );
#6621 = ORIENTED_EDGE('',*,*,#6622,.T.);
#6622 = EDGE_CURVE('',#6600,#1934,#6623,.T.);
#6623 = SURFACE_CURVE('',#6624,(#6628,#6635),.PCURVE_S1.);
#6624 = LINE('',#6625,#6626);
#6625 = CARTESIAN_POINT('',(16.586763122559,-5.916728973389,
    -0.936089897156));
#6626 = VECTOR('',#6627,1.);
#6627 = DIRECTION('',(0.,1.,0.));
#6628 = PCURVE('',#1949,#6629);
#6629 = DEFINITIONAL_REPRESENTATION('',(#6630),#6634);
#6630 = LINE('',#6631,#6632);
#6631 = CARTESIAN_POINT('',(-0.215619595155,5.845441546282));
#6632 = VECTOR('',#6633,1.);
#6633 = DIRECTION('',(0.,-1.));
#6634 = ( GEOMETRIC_REPRESENTATION_CONTEXT(2) 
PARAMETRIC_REPRESENTATION_CONTEXT() REPRESENTATION_CONTEXT('2D SPACE',''
  ) );
#6635 = PCURVE('',#1977,#6636);
#6636 = DEFINITIONAL_REPRESENTATION('',(#6637),#6641);
#6637 = LINE('',#6638,#6639);
#6638 = CARTESIAN_POINT('',(-7.304721467491E-02,-5.845441006865));
#6639 = VECTOR('',#6640,1.);
#6640 = DIRECTION('',(0.,1.));
#6641 = ( GEOMETRIC_REPRESENTATION_CONTEXT(2) 
PARAMETRIC_REPRESENTATION_CONTEXT() REPRESENTATION_CONTEXT('2D SPACE',''
  ) );
#6642 = ORIENTED_EDGE('',*,*,#1933,.F.);
#6643 = ADVANCED_FACE('',(#6644),#1977,.T.);
#6644 = FACE_BOUND('',#6645,.T.);
#6645 = EDGE_LOOP('',(#6646,#6647,#6670,#6691));
#6646 = ORIENTED_EDGE('',*,*,#6622,.F.);
#6647 = ORIENTED_EDGE('',*,*,#6648,.F.);
#6648 = EDGE_CURVE('',#6649,#6600,#6651,.T.);
#6649 = VERTEX_POINT('',#6650);
#6650 = CARTESIAN_POINT('',(16.809907653809,-3.943599700928,
    -0.752961540222));
#6651 = SURFACE_CURVE('',#6652,(#6656,#6663),.PCURVE_S1.);
#6652 = LINE('',#6653,#6654);
#6653 = CARTESIAN_POINT('',(18.593599303325,-3.943599700928,
    0.710863359373));
#6654 = VECTOR('',#6655,1.);
#6655 = DIRECTION('',(-0.773013217577,0.,-0.634389915943));
#6656 = PCURVE('',#1977,#6657);
#6657 = DEFINITIONAL_REPRESENTATION('',(#6658),#6662);
#6658 = LINE('',#6659,#6660);
#6659 = CARTESIAN_POINT('',(2.523074216542,-3.872311734404));
#6660 = VECTOR('',#6661,1.);
#6661 = DIRECTION('',(-1.,0.));
#6662 = ( GEOMETRIC_REPRESENTATION_CONTEXT(2) 
PARAMETRIC_REPRESENTATION_CONTEXT() REPRESENTATION_CONTEXT('2D SPACE',''
  ) );
#6663 = PCURVE('',#154,#6664);
#6664 = DEFINITIONAL_REPRESENTATION('',(#6665),#6669);
#6665 = LINE('',#6666,#6667);
#6666 = CARTESIAN_POINT('',(-4.688018982114,0.58337650794));
#6667 = VECTOR('',#6668,1.);
#6668 = DIRECTION('',(-0.634389915943,-0.773013217577));
#6669 = ( GEOMETRIC_REPRESENTATION_CONTEXT(2) 
PARAMETRIC_REPRESENTATION_CONTEXT() REPRESENTATION_CONTEXT('2D SPACE',''
  ) );
#6670 = ORIENTED_EDGE('',*,*,#6671,.T.);
#6671 = EDGE_CURVE('',#6649,#1962,#6672,.T.);
#6672 = SURFACE_CURVE('',#6673,(#6677,#6684),.PCURVE_S1.);
#6673 = LINE('',#6674,#6675);
#6674 = CARTESIAN_POINT('',(16.809907653809,-5.916728973389,
    -0.752961540222));
#6675 = VECTOR('',#6676,1.);
#6676 = DIRECTION('',(0.,1.,0.));
#6677 = PCURVE('',#1977,#6678);
#6678 = DEFINITIONAL_REPRESENTATION('',(#6679),#6683);
#6679 = LINE('',#6680,#6681);
#6680 = CARTESIAN_POINT('',(0.215621240373,-5.845441006865));
#6681 = VECTOR('',#6682,1.);
#6682 = DIRECTION('',(0.,1.));
#6683 = ( GEOMETRIC_REPRESENTATION_CONTEXT(2) 
PARAMETRIC_REPRESENTATION_CONTEXT() REPRESENTATION_CONTEXT('2D SPACE',''
  ) );
#6684 = PCURVE('',#2005,#6685);
#6685 = DEFINITIONAL_REPRESENTATION('',(#6686),#6690);
#6686 = LINE('',#6687,#6688);
#6687 = CARTESIAN_POINT('',(-7.304586916271E-02,-5.845442288314));
#6688 = VECTOR('',#6689,1.);
#6689 = DIRECTION('',(0.,1.));
#6690 = ( GEOMETRIC_REPRESENTATION_CONTEXT(2) 
PARAMETRIC_REPRESENTATION_CONTEXT() REPRESENTATION_CONTEXT('2D SPACE',''
  ) );
#6691 = ORIENTED_EDGE('',*,*,#1961,.F.);
#6692 = ADVANCED_FACE('',(#6693),#2005,.T.);
#6693 = FACE_BOUND('',#6694,.T.);
#6694 = EDGE_LOOP('',(#6695,#6696,#6719,#6740));
#6695 = ORIENTED_EDGE('',*,*,#6671,.F.);
#6696 = ORIENTED_EDGE('',*,*,#6697,.F.);
#6697 = EDGE_CURVE('',#6698,#6649,#6700,.T.);
#6698 = VERTEX_POINT('',#6699);
#6699 = CARTESIAN_POINT('',(17.064485290527,-3.943599700928,
    -0.616885566711));
#6700 = SURFACE_CURVE('',#6701,(#6705,#6712),.PCURVE_S1.);
#6701 = LINE('',#6702,#6703);
#6702 = CARTESIAN_POINT('',(18.587684515499,-3.943599700928,
    0.197289708306));
#6703 = VECTOR('',#6704,1.);
#6704 = DIRECTION('',(-0.881919259975,0.,-0.471400486727));
#6705 = PCURVE('',#2005,#6706);
#6706 = DEFINITIONAL_REPRESENTATION('',(#6707),#6711);
#6707 = LINE('',#6708,#6709);
#6708 = CARTESIAN_POINT('',(1.942758686168,-3.872313015853));
#6709 = VECTOR('',#6710,1.);
#6710 = DIRECTION('',(-1.,0.));
#6711 = ( GEOMETRIC_REPRESENTATION_CONTEXT(2) 
PARAMETRIC_REPRESENTATION_CONTEXT() REPRESENTATION_CONTEXT('2D SPACE',''
  ) );
#6712 = PCURVE('',#154,#6713);
#6713 = DEFINITIONAL_REPRESENTATION('',(#6714),#6718);
#6714 = LINE('',#6715,#6716);
#6715 = CARTESIAN_POINT('',(-5.20159263318,0.577461720114));
#6716 = VECTOR('',#6717,1.);
#6717 = DIRECTION('',(-0.471400486727,-0.881919259975));
#6718 = ( GEOMETRIC_REPRESENTATION_CONTEXT(2) 
PARAMETRIC_REPRESENTATION_CONTEXT() REPRESENTATION_CONTEXT('2D SPACE',''
  ) );
#6719 = ORIENTED_EDGE('',*,*,#6720,.T.);
#6720 = EDGE_CURVE('',#6698,#1990,#6721,.T.);
#6721 = SURFACE_CURVE('',#6722,(#6726,#6733),.PCURVE_S1.);
#6722 = LINE('',#6723,#6724);
#6723 = CARTESIAN_POINT('',(17.064485290527,-5.916728973389,
    -0.616885566711));
#6724 = VECTOR('',#6725,1.);
#6725 = DIRECTION('',(0.,1.,0.));
#6726 = PCURVE('',#2005,#6727);
#6727 = DEFINITIONAL_REPRESENTATION('',(#6728),#6732);
#6728 = LINE('',#6729,#6730);
#6729 = CARTESIAN_POINT('',(0.215617331963,-5.845442288314));
#6730 = VECTOR('',#6731,1.);
#6731 = DIRECTION('',(0.,1.));
#6732 = ( GEOMETRIC_REPRESENTATION_CONTEXT(2) 
PARAMETRIC_REPRESENTATION_CONTEXT() REPRESENTATION_CONTEXT('2D SPACE',''
  ) );
#6733 = PCURVE('',#2033,#6734);
#6734 = DEFINITIONAL_REPRESENTATION('',(#6735),#6739);
#6735 = LINE('',#6736,#6737);
#6736 = CARTESIAN_POINT('',(-7.30469336649E-02,-5.845441274495));
#6737 = VECTOR('',#6738,1.);
#6738 = DIRECTION('',(0.,1.));
#6739 = ( GEOMETRIC_REPRESENTATION_CONTEXT(2) 
PARAMETRIC_REPRESENTATION_CONTEXT() REPRESENTATION_CONTEXT('2D SPACE',''
  ) );
#6740 = ORIENTED_EDGE('',*,*,#1989,.F.);
#6741 = ADVANCED_FACE('',(#6742),#2033,.T.);
#6742 = FACE_BOUND('',#6743,.T.);
#6743 = EDGE_LOOP('',(#6744,#6745,#6768,#6789));
#6744 = ORIENTED_EDGE('',*,*,#6720,.F.);
#6745 = ORIENTED_EDGE('',*,*,#6746,.F.);
#6746 = EDGE_CURVE('',#6747,#6698,#6749,.T.);
#6747 = VERTEX_POINT('',#6748);
#6748 = CARTESIAN_POINT('',(17.34072277832,-3.943599700928,
    -0.533090019226));
#6749 = SURFACE_CURVE('',#6750,(#6754,#6761),.PCURVE_S1.);
#6750 = LINE('',#6751,#6752);
#6751 = CARTESIAN_POINT('',(18.368002522239,-3.943599700928,
    -0.22146877893));
#6752 = VECTOR('',#6753,1.);
#6753 = DIRECTION('',(-0.956940507334,0.,-0.290284111558));
#6754 = PCURVE('',#2033,#6755);
#6755 = DEFINITIONAL_REPRESENTATION('',(#6756),#6760);
#6756 = LINE('',#6757,#6758);
#6757 = CARTESIAN_POINT('',(1.289124718304,-3.872312002035));
#6758 = VECTOR('',#6759,1.);
#6759 = DIRECTION('',(-1.,0.));
#6760 = ( GEOMETRIC_REPRESENTATION_CONTEXT(2) 
PARAMETRIC_REPRESENTATION_CONTEXT() REPRESENTATION_CONTEXT('2D SPACE',''
  ) );
#6761 = PCURVE('',#154,#6762);
#6762 = DEFINITIONAL_REPRESENTATION('',(#6763),#6767);
#6763 = LINE('',#6764,#6765);
#6764 = CARTESIAN_POINT('',(-5.620351120416,0.357779726854));
#6765 = VECTOR('',#6766,1.);
#6766 = DIRECTION('',(-0.290284111558,-0.956940507334));
#6767 = ( GEOMETRIC_REPRESENTATION_CONTEXT(2) 
PARAMETRIC_REPRESENTATION_CONTEXT() REPRESENTATION_CONTEXT('2D SPACE',''
  ) );
#6768 = ORIENTED_EDGE('',*,*,#6769,.T.);
#6769 = EDGE_CURVE('',#6747,#2018,#6770,.T.);
#6770 = SURFACE_CURVE('',#6771,(#6775,#6782),.PCURVE_S1.);
#6771 = LINE('',#6772,#6773);
#6772 = CARTESIAN_POINT('',(17.34072277832,-5.916728973389,
    -0.533090019226));
#6773 = VECTOR('',#6774,1.);
#6774 = DIRECTION('',(0.,1.,0.));
#6775 = PCURVE('',#2033,#6776);
#6776 = DEFINITIONAL_REPRESENTATION('',(#6777),#6781);
#6777 = LINE('',#6778,#6779);
#6778 = CARTESIAN_POINT('',(0.215620424103,-5.845441274495));
#6779 = VECTOR('',#6780,1.);
#6780 = DIRECTION('',(0.,1.));
#6781 = ( GEOMETRIC_REPRESENTATION_CONTEXT(2) 
PARAMETRIC_REPRESENTATION_CONTEXT() REPRESENTATION_CONTEXT('2D SPACE',''
  ) );
#6782 = PCURVE('',#2061,#6783);
#6783 = DEFINITIONAL_REPRESENTATION('',(#6784),#6788);
#6784 = LINE('',#6785,#6786);
#6785 = CARTESIAN_POINT('',(-7.304690747896E-02,-5.845441299435));
#6786 = VECTOR('',#6787,1.);
#6787 = DIRECTION('',(0.,1.));
#6788 = ( GEOMETRIC_REPRESENTATION_CONTEXT(2) 
PARAMETRIC_REPRESENTATION_CONTEXT() REPRESENTATION_CONTEXT('2D SPACE',''
  ) );
#6789 = ORIENTED_EDGE('',*,*,#2017,.F.);
#6790 = ADVANCED_FACE('',(#6791),#2061,.T.);
#6791 = FACE_BOUND('',#6792,.T.);
#6792 = EDGE_LOOP('',(#6793,#6794,#6817,#6838));
#6793 = ORIENTED_EDGE('',*,*,#6769,.F.);
#6794 = ORIENTED_EDGE('',*,*,#6795,.F.);
#6795 = EDGE_CURVE('',#6796,#6747,#6798,.T.);
#6796 = VERTEX_POINT('',#6797);
#6797 = CARTESIAN_POINT('',(17.628,-3.943599700928,-0.504795455933));
#6798 = SURFACE_CURVE('',#6799,(#6803,#6810),.PCURVE_S1.);
#6799 = LINE('',#6800,#6801);
#6800 = CARTESIAN_POINT('',(17.997924124409,-3.943599700928,
    -0.468360818022));
#6801 = VECTOR('',#6802,1.);
#6802 = DIRECTION('',(-0.995184650108,0.,-9.801791769814E-02));
#6803 = PCURVE('',#2061,#6804);
#6804 = DEFINITIONAL_REPRESENTATION('',(#6805),#6809);
#6805 = LINE('',#6806,#6807);
#6806 = CARTESIAN_POINT('',(0.587334405695,-3.872312026974));
#6807 = VECTOR('',#6808,1.);
#6808 = DIRECTION('',(-1.,0.));
#6809 = ( GEOMETRIC_REPRESENTATION_CONTEXT(2) 
PARAMETRIC_REPRESENTATION_CONTEXT() REPRESENTATION_CONTEXT('2D SPACE',''
  ) );
#6810 = PCURVE('',#154,#6811);
#6811 = DEFINITIONAL_REPRESENTATION('',(#6812),#6816);
#6812 = LINE('',#6813,#6814);
#6813 = CARTESIAN_POINT('',(-5.867243159508,-1.229867097566E-02));
#6814 = VECTOR('',#6815,1.);
#6815 = DIRECTION('',(-9.801791769814E-02,-0.995184650108));
#6816 = ( GEOMETRIC_REPRESENTATION_CONTEXT(2) 
PARAMETRIC_REPRESENTATION_CONTEXT() REPRESENTATION_CONTEXT('2D SPACE',''
  ) );
#6817 = ORIENTED_EDGE('',*,*,#6818,.F.);
#6818 = EDGE_CURVE('',#2046,#6796,#6819,.T.);
#6819 = SURFACE_CURVE('',#6820,(#6824,#6831),.PCURVE_S1.);
#6820 = LINE('',#6821,#6822);
#6821 = CARTESIAN_POINT('',(17.628,5.91672706604,-0.504795455933));
#6822 = VECTOR('',#6823,1.);
#6823 = DIRECTION('',(0.,-1.,0.));
#6824 = PCURVE('',#2061,#6825);
#6825 = DEFINITIONAL_REPRESENTATION('',(#6826),#6830);
#6826 = LINE('',#6827,#6828);
#6827 = CARTESIAN_POINT('',(0.215620348038,5.988014739994));
#6828 = VECTOR('',#6829,1.);
#6829 = DIRECTION('',(0.,-1.));
#6830 = ( GEOMETRIC_REPRESENTATION_CONTEXT(2) 
PARAMETRIC_REPRESENTATION_CONTEXT() REPRESENTATION_CONTEXT('2D SPACE',''
  ) );
#6831 = PCURVE('',#2089,#6832);
#6832 = DEFINITIONAL_REPRESENTATION('',(#6833),#6837);
#6833 = LINE('',#6834,#6835);
#6834 = CARTESIAN_POINT('',(-7.304690747896E-02,5.988014739994));
#6835 = VECTOR('',#6836,1.);
#6836 = DIRECTION('',(0.,-1.));
#6837 = ( GEOMETRIC_REPRESENTATION_CONTEXT(2) 
PARAMETRIC_REPRESENTATION_CONTEXT() REPRESENTATION_CONTEXT('2D SPACE',''
  ) );
#6838 = ORIENTED_EDGE('',*,*,#2045,.F.);
#6839 = ADVANCED_FACE('',(#6840),#2089,.T.);
#6840 = FACE_BOUND('',#6841,.T.);
#6841 = EDGE_LOOP('',(#6842,#6865,#6866,#6867));
#6842 = ORIENTED_EDGE('',*,*,#6843,.T.);
#6843 = EDGE_CURVE('',#6844,#2074,#6846,.T.);
#6844 = VERTEX_POINT('',#6845);
#6845 = CARTESIAN_POINT('',(17.91527722168,-3.943599700928,
    -0.533090019226));
#6846 = SURFACE_CURVE('',#6847,(#6851,#6858),.PCURVE_S1.);
#6847 = LINE('',#6848,#6849);
#6848 = CARTESIAN_POINT('',(17.91527722168,-5.916728973389,
    -0.533090019226));
#6849 = VECTOR('',#6850,1.);
#6850 = DIRECTION('',(0.,1.,0.));
#6851 = PCURVE('',#2089,#6852);
#6852 = DEFINITIONAL_REPRESENTATION('',(#6853),#6857);
#6853 = LINE('',#6854,#6855);
#6854 = CARTESIAN_POINT('',(0.215620348038,-5.845441299435));
#6855 = VECTOR('',#6856,1.);
#6856 = DIRECTION('',(0.,1.));
#6857 = ( GEOMETRIC_REPRESENTATION_CONTEXT(2) 
PARAMETRIC_REPRESENTATION_CONTEXT() REPRESENTATION_CONTEXT('2D SPACE',''
  ) );
#6858 = PCURVE('',#2117,#6859);
#6859 = DEFINITIONAL_REPRESENTATION('',(#6860),#6864);
#6860 = LINE('',#6861,#6862);
#6861 = CARTESIAN_POINT('',(-7.30469336649E-02,-5.845441274495));
#6862 = VECTOR('',#6863,1.);
#6863 = DIRECTION('',(0.,1.));
#6864 = ( GEOMETRIC_REPRESENTATION_CONTEXT(2) 
PARAMETRIC_REPRESENTATION_CONTEXT() REPRESENTATION_CONTEXT('2D SPACE',''
  ) );
#6865 = ORIENTED_EDGE('',*,*,#2073,.F.);
#6866 = ORIENTED_EDGE('',*,*,#6818,.T.);
#6867 = ORIENTED_EDGE('',*,*,#6868,.F.);
#6868 = EDGE_CURVE('',#6844,#6796,#6869,.T.);
#6869 = SURFACE_CURVE('',#6870,(#6874,#6881),.PCURVE_S1.);
#6870 = LINE('',#6871,#6872);
#6871 = CARTESIAN_POINT('',(17.565683011031,-3.943599700928,
    -0.498657719086));
#6872 = VECTOR('',#6873,1.);
#6873 = DIRECTION('',(-0.995184650108,0.,9.801791769814E-02));
#6874 = PCURVE('',#2089,#6875);
#6875 = DEFINITIONAL_REPRESENTATION('',(#6876),#6880);
#6876 = LINE('',#6877,#6878);
#6877 = CARTESIAN_POINT('',(-0.135665426527,-3.872312026974));
#6878 = VECTOR('',#6879,1.);
#6879 = DIRECTION('',(-1.,0.));
#6880 = ( GEOMETRIC_REPRESENTATION_CONTEXT(2) 
PARAMETRIC_REPRESENTATION_CONTEXT() REPRESENTATION_CONTEXT('2D SPACE',''
  ) );
#6881 = PCURVE('',#154,#6882);
#6882 = DEFINITIONAL_REPRESENTATION('',(#6883),#6887);
#6883 = LINE('',#6884,#6885);
#6884 = CARTESIAN_POINT('',(-5.897540060572,-0.444539784354));
#6885 = VECTOR('',#6886,1.);
#6886 = DIRECTION('',(9.801791769814E-02,-0.995184650108));
#6887 = ( GEOMETRIC_REPRESENTATION_CONTEXT(2) 
PARAMETRIC_REPRESENTATION_CONTEXT() REPRESENTATION_CONTEXT('2D SPACE',''
  ) );
#6888 = ADVANCED_FACE('',(#6889),#2117,.T.);
#6889 = FACE_BOUND('',#6890,.T.);
#6890 = EDGE_LOOP('',(#6891,#6892,#6915,#6936));
#6891 = ORIENTED_EDGE('',*,*,#6843,.F.);
#6892 = ORIENTED_EDGE('',*,*,#6893,.F.);
#6893 = EDGE_CURVE('',#6894,#6844,#6896,.T.);
#6894 = VERTEX_POINT('',#6895);
#6895 = CARTESIAN_POINT('',(18.191514709473,-3.943599700928,
    -0.616885566711));
#6896 = SURFACE_CURVE('',#6897,(#6901,#6908),.PCURVE_S1.);
#6897 = LINE('',#6898,#6899);
#6898 = CARTESIAN_POINT('',(17.169795146595,-3.943599700928,
    -0.306950985305));
#6899 = VECTOR('',#6900,1.);
#6900 = DIRECTION('',(-0.956940507334,0.,0.290284111558));
#6901 = PCURVE('',#2117,#6902);
#6902 = DEFINITIONAL_REPRESENTATION('',(#6903),#6907);
#6903 = LINE('',#6904,#6905);
#6904 = CARTESIAN_POINT('',(-0.852073497355,-3.872312002035));
#6905 = VECTOR('',#6906,1.);
#6906 = DIRECTION('',(-1.,0.));
#6907 = ( GEOMETRIC_REPRESENTATION_CONTEXT(2) 
PARAMETRIC_REPRESENTATION_CONTEXT() REPRESENTATION_CONTEXT('2D SPACE',''
  ) );
#6908 = PCURVE('',#154,#6909);
#6909 = DEFINITIONAL_REPRESENTATION('',(#6910),#6914);
#6910 = LINE('',#6911,#6912);
#6911 = CARTESIAN_POINT('',(-5.705833326792,-0.84042764879));
#6912 = VECTOR('',#6913,1.);
#6913 = DIRECTION('',(0.290284111558,-0.956940507334));
#6914 = ( GEOMETRIC_REPRESENTATION_CONTEXT(2) 
PARAMETRIC_REPRESENTATION_CONTEXT() REPRESENTATION_CONTEXT('2D SPACE',''
  ) );
#6915 = ORIENTED_EDGE('',*,*,#6916,.T.);
#6916 = EDGE_CURVE('',#6894,#2102,#6917,.T.);
#6917 = SURFACE_CURVE('',#6918,(#6922,#6929),.PCURVE_S1.);
#6918 = LINE('',#6919,#6920);
#6919 = CARTESIAN_POINT('',(18.191514709473,-5.916728973389,
    -0.616885566711));
#6920 = VECTOR('',#6921,1.);
#6921 = DIRECTION('',(0.,1.,0.));
#6922 = PCURVE('',#2117,#6923);
#6923 = DEFINITIONAL_REPRESENTATION('',(#6924),#6928);
#6924 = LINE('',#6925,#6926);
#6925 = CARTESIAN_POINT('',(0.215620424103,-5.845441274495));
#6926 = VECTOR('',#6927,1.);
#6927 = DIRECTION('',(0.,1.));
#6928 = ( GEOMETRIC_REPRESENTATION_CONTEXT(2) 
PARAMETRIC_REPRESENTATION_CONTEXT() REPRESENTATION_CONTEXT('2D SPACE',''
  ) );
#6929 = PCURVE('',#2145,#6930);
#6930 = DEFINITIONAL_REPRESENTATION('',(#6931),#6935);
#6931 = LINE('',#6932,#6933);
#6932 = CARTESIAN_POINT('',(-7.304586916271E-02,-5.845442288314));
#6933 = VECTOR('',#6934,1.);
#6934 = DIRECTION('',(0.,1.));
#6935 = ( GEOMETRIC_REPRESENTATION_CONTEXT(2) 
PARAMETRIC_REPRESENTATION_CONTEXT() REPRESENTATION_CONTEXT('2D SPACE',''
  ) );
#6936 = ORIENTED_EDGE('',*,*,#2101,.F.);
#6937 = ADVANCED_FACE('',(#6938),#2145,.T.);
#6938 = FACE_BOUND('',#6939,.T.);
#6939 = EDGE_LOOP('',(#6940,#6941,#6964,#6985));
#6940 = ORIENTED_EDGE('',*,*,#6916,.F.);
#6941 = ORIENTED_EDGE('',*,*,#6942,.F.);
#6942 = EDGE_CURVE('',#6943,#6894,#6945,.T.);
#6943 = VERTEX_POINT('',#6944);
#6944 = CARTESIAN_POINT('',(18.446092346191,-3.943599700928,
    -0.752961540222));
#6945 = SURFACE_CURVE('',#6946,(#6950,#6957),.PCURVE_S1.);
#6946 = LINE('',#6947,#6948);
#6947 = CARTESIAN_POINT('',(16.90273307515,-3.943599700928,
    7.198961413144E-02));
#6948 = VECTOR('',#6949,1.);
#6949 = DIRECTION('',(-0.881919259975,0.,0.471400486727));
#6950 = PCURVE('',#2145,#6951);
#6951 = DEFINITIONAL_REPRESENTATION('',(#6952),#6956);
#6952 = LINE('',#6953,#6954);
#6953 = CARTESIAN_POINT('',(-1.534383309916,-3.872313015853));
#6954 = VECTOR('',#6955,1.);
#6955 = DIRECTION('',(-1.,0.));
#6956 = ( GEOMETRIC_REPRESENTATION_CONTEXT(2) 
PARAMETRIC_REPRESENTATION_CONTEXT() REPRESENTATION_CONTEXT('2D SPACE',''
  ) );
#6957 = PCURVE('',#154,#6958);
#6958 = DEFINITIONAL_REPRESENTATION('',(#6959),#6963);
#6959 = LINE('',#6960,#6961);
#6960 = CARTESIAN_POINT('',(-5.326892727355,-1.107489720235));
#6961 = VECTOR('',#6962,1.);
#6962 = DIRECTION('',(0.471400486727,-0.881919259975));
#6963 = ( GEOMETRIC_REPRESENTATION_CONTEXT(2) 
PARAMETRIC_REPRESENTATION_CONTEXT() REPRESENTATION_CONTEXT('2D SPACE',''
  ) );
#6964 = ORIENTED_EDGE('',*,*,#6965,.T.);
#6965 = EDGE_CURVE('',#6943,#2130,#6966,.T.);
#6966 = SURFACE_CURVE('',#6967,(#6971,#6978),.PCURVE_S1.);
#6967 = LINE('',#6968,#6969);
#6968 = CARTESIAN_POINT('',(18.446092346191,-5.916728973389,
    -0.752961540222));
#6969 = VECTOR('',#6970,1.);
#6970 = DIRECTION('',(0.,1.,0.));
#6971 = PCURVE('',#2145,#6972);
#6972 = DEFINITIONAL_REPRESENTATION('',(#6973),#6977);
#6973 = LINE('',#6974,#6975);
#6974 = CARTESIAN_POINT('',(0.215617331963,-5.845442288314));
#6975 = VECTOR('',#6976,1.);
#6976 = DIRECTION('',(0.,1.));
#6977 = ( GEOMETRIC_REPRESENTATION_CONTEXT(2) 
PARAMETRIC_REPRESENTATION_CONTEXT() REPRESENTATION_CONTEXT('2D SPACE',''
  ) );
#6978 = PCURVE('',#2173,#6979);
#6979 = DEFINITIONAL_REPRESENTATION('',(#6980),#6984);
#6980 = LINE('',#6981,#6982);
#6981 = CARTESIAN_POINT('',(-7.304721467491E-02,-5.845441006865));
#6982 = VECTOR('',#6983,1.);
#6983 = DIRECTION('',(0.,1.));
#6984 = ( GEOMETRIC_REPRESENTATION_CONTEXT(2) 
PARAMETRIC_REPRESENTATION_CONTEXT() REPRESENTATION_CONTEXT('2D SPACE',''
  ) );
#6985 = ORIENTED_EDGE('',*,*,#2129,.F.);
#6986 = ADVANCED_FACE('',(#6987),#2173,.T.);
#6987 = FACE_BOUND('',#6988,.T.);
#6988 = EDGE_LOOP('',(#6989,#6990,#7013,#7034));
#6989 = ORIENTED_EDGE('',*,*,#6965,.F.);
#6990 = ORIENTED_EDGE('',*,*,#6991,.F.);
#6991 = EDGE_CURVE('',#6992,#6943,#6994,.T.);
#6992 = VERTEX_POINT('',#6993);
#6993 = CARTESIAN_POINT('',(18.669236877441,-3.943599700928,
    -0.936089897156));
#6994 = SURFACE_CURVE('',#6995,(#6999,#7006),.PCURVE_S1.);
#6995 = LINE('',#6996,#6997);
#6996 = CARTESIAN_POINT('',(16.835691908755,-3.943599700928,
    0.568648200608));
#6997 = VECTOR('',#6998,1.);
#6998 = DIRECTION('',(-0.773013217577,0.,0.634389915943));
#6999 = PCURVE('',#2173,#7000);
#7000 = DEFINITIONAL_REPRESENTATION('',(#7001),#7005);
#7001 = LINE('',#7002,#7003);
#7002 = CARTESIAN_POINT('',(-2.156323930801,-3.872311734404));
#7003 = VECTOR('',#7004,1.);
#7004 = DIRECTION('',(-1.,0.));
#7005 = ( GEOMETRIC_REPRESENTATION_CONTEXT(2) 
PARAMETRIC_REPRESENTATION_CONTEXT() REPRESENTATION_CONTEXT('2D SPACE',''
  ) );
#7006 = PCURVE('',#154,#7007);
#7007 = DEFINITIONAL_REPRESENTATION('',(#7008),#7012);
#7008 = LINE('',#7009,#7010);
#7009 = CARTESIAN_POINT('',(-4.830234140879,-1.17453088663));
#7010 = VECTOR('',#7011,1.);
#7011 = DIRECTION('',(0.634389915943,-0.773013217577));
#7012 = ( GEOMETRIC_REPRESENTATION_CONTEXT(2) 
PARAMETRIC_REPRESENTATION_CONTEXT() REPRESENTATION_CONTEXT('2D SPACE',''
  ) );
#7013 = ORIENTED_EDGE('',*,*,#7014,.T.);
#7014 = EDGE_CURVE('',#6992,#2158,#7015,.T.);
#7015 = SURFACE_CURVE('',#7016,(#7020,#7027),.PCURVE_S1.);
#7016 = LINE('',#7017,#7018);
#7017 = CARTESIAN_POINT('',(18.669236877441,-5.916728973389,
    -0.936089897156));
#7018 = VECTOR('',#7019,1.);
#7019 = DIRECTION('',(0.,1.,0.));
#7020 = PCURVE('',#2173,#7021);
#7021 = DEFINITIONAL_REPRESENTATION('',(#7022),#7026);
#7022 = LINE('',#7023,#7024);
#7023 = CARTESIAN_POINT('',(0.215621240373,-5.845441006865));
#7024 = VECTOR('',#7025,1.);
#7025 = DIRECTION('',(0.,1.));
#7026 = ( GEOMETRIC_REPRESENTATION_CONTEXT(2) 
PARAMETRIC_REPRESENTATION_CONTEXT() REPRESENTATION_CONTEXT('2D SPACE',''
  ) );
#7027 = PCURVE('',#2201,#7028);
#7028 = DEFINITIONAL_REPRESENTATION('',(#7029),#7033);
#7029 = LINE('',#7030,#7031);
#7030 = CARTESIAN_POINT('',(7.304664829065E-02,5.845441546282));
#7031 = VECTOR('',#7032,1.);
#7032 = DIRECTION('',(0.,-1.));
#7033 = ( GEOMETRIC_REPRESENTATION_CONTEXT(2) 
PARAMETRIC_REPRESENTATION_CONTEXT() REPRESENTATION_CONTEXT('2D SPACE',''
  ) );
#7034 = ORIENTED_EDGE('',*,*,#2157,.F.);
#7035 = ADVANCED_FACE('',(#7036),#2201,.T.);
#7036 = FACE_BOUND('',#7037,.T.);
#7037 = EDGE_LOOP('',(#7038,#7039,#7062,#7083));
#7038 = ORIENTED_EDGE('',*,*,#7014,.F.);
#7039 = ORIENTED_EDGE('',*,*,#7040,.F.);
#7040 = EDGE_CURVE('',#7041,#6992,#7043,.T.);
#7041 = VERTEX_POINT('',#7042);
#7042 = CARTESIAN_POINT('',(18.852365234375,-3.943599700928,
    -1.159231567383));
#7043 = SURFACE_CURVE('',#7044,(#7048,#7055),.PCURVE_S1.);
#7044 = LINE('',#7045,#7046);
#7045 = CARTESIAN_POINT('',(17.006481682872,-3.943599700928,
    1.089975194606));
#7046 = VECTOR('',#7047,1.);
#7047 = DIRECTION('',(-0.634394776292,0.,0.773009228802));
#7048 = PCURVE('',#2201,#7049);
#7049 = DEFINITIONAL_REPRESENTATION('',(#7050),#7054);
#7050 = LINE('',#7051,#7052);
#7051 = CARTESIAN_POINT('',(2.694056872063,3.872312273821));
#7052 = VECTOR('',#7053,1.);
#7053 = DIRECTION('',(1.,0.));
#7054 = ( GEOMETRIC_REPRESENTATION_CONTEXT(2) 
PARAMETRIC_REPRESENTATION_CONTEXT() REPRESENTATION_CONTEXT('2D SPACE',''
  ) );
#7055 = PCURVE('',#154,#7056);
#7056 = DEFINITIONAL_REPRESENTATION('',(#7057),#7061);
#7057 = LINE('',#7058,#7059);
#7058 = CARTESIAN_POINT('',(-4.30890714688,-1.003741112513));
#7059 = VECTOR('',#7060,1.);
#7060 = DIRECTION('',(0.773009228802,-0.634394776292));
#7061 = ( GEOMETRIC_REPRESENTATION_CONTEXT(2) 
PARAMETRIC_REPRESENTATION_CONTEXT() REPRESENTATION_CONTEXT('2D SPACE',''
  ) );
#7062 = ORIENTED_EDGE('',*,*,#7063,.T.);
#7063 = EDGE_CURVE('',#7041,#2186,#7064,.T.);
#7064 = SURFACE_CURVE('',#7065,(#7069,#7076),.PCURVE_S1.);
#7065 = LINE('',#7066,#7067);
#7066 = CARTESIAN_POINT('',(18.852365234375,-5.916728973389,
    -1.159231567383));
#7067 = VECTOR('',#7068,1.);
#7068 = DIRECTION('',(0.,1.,0.));
#7069 = PCURVE('',#2201,#7070);
#7070 = DEFINITIONAL_REPRESENTATION('',(#7071),#7075);
#7071 = LINE('',#7072,#7073);
#7072 = CARTESIAN_POINT('',(-0.215619595155,5.845441546282));
#7073 = VECTOR('',#7074,1.);
#7074 = DIRECTION('',(0.,-1.));
#7075 = ( GEOMETRIC_REPRESENTATION_CONTEXT(2) 
PARAMETRIC_REPRESENTATION_CONTEXT() REPRESENTATION_CONTEXT('2D SPACE',''
  ) );
#7076 = PCURVE('',#2229,#7077);
#7077 = DEFINITIONAL_REPRESENTATION('',(#7078),#7082);
#7078 = LINE('',#7079,#7080);
#7079 = CARTESIAN_POINT('',(7.304696100023E-02,5.845441248462));
#7080 = VECTOR('',#7081,1.);
#7081 = DIRECTION('',(0.,-1.));
#7082 = ( GEOMETRIC_REPRESENTATION_CONTEXT(2) 
PARAMETRIC_REPRESENTATION_CONTEXT() REPRESENTATION_CONTEXT('2D SPACE',''
  ) );
#7083 = ORIENTED_EDGE('',*,*,#2185,.F.);
#7084 = ADVANCED_FACE('',(#7085),#2229,.T.);
#7085 = FACE_BOUND('',#7086,.T.);
#7086 = EDGE_LOOP('',(#7087,#7088,#7111,#7132));
#7087 = ORIENTED_EDGE('',*,*,#7063,.F.);
#7088 = ORIENTED_EDGE('',*,*,#7089,.F.);
#7089 = EDGE_CURVE('',#7090,#7041,#7092,.T.);
#7090 = VERTEX_POINT('',#7091);
#7091 = CARTESIAN_POINT('',(18.988443115234,-3.943599700928,
    -1.413813018799));
#7092 = SURFACE_CURVE('',#7093,(#7097,#7104),.PCURVE_S1.);
#7093 = LINE('',#7094,#7095);
#7094 = CARTESIAN_POINT('',(17.412787647657,-3.943599700928,
    1.534003726539));
#7095 = VECTOR('',#7096,1.);
#7096 = DIRECTION('',(-0.471400131956,0.,0.881919449605));
#7097 = PCURVE('',#2229,#7098);
#7098 = DEFINITIONAL_REPRESENTATION('',(#7099),#7103);
#7099 = LINE('',#7100,#7101);
#7100 = CARTESIAN_POINT('',(3.126880613412,3.872311976001));
#7101 = VECTOR('',#7102,1.);
#7102 = DIRECTION('',(1.,0.));
#7103 = ( GEOMETRIC_REPRESENTATION_CONTEXT(2) 
PARAMETRIC_REPRESENTATION_CONTEXT() REPRESENTATION_CONTEXT('2D SPACE',''
  ) );
#7104 = PCURVE('',#154,#7105);
#7105 = DEFINITIONAL_REPRESENTATION('',(#7106),#7110);
#7106 = LINE('',#7107,#7108);
#7107 = CARTESIAN_POINT('',(-3.864878614947,-0.597435147728));
#7108 = VECTOR('',#7109,1.);
#7109 = DIRECTION('',(0.881919449605,-0.471400131956));
#7110 = ( GEOMETRIC_REPRESENTATION_CONTEXT(2) 
PARAMETRIC_REPRESENTATION_CONTEXT() REPRESENTATION_CONTEXT('2D SPACE',''
  ) );
#7111 = ORIENTED_EDGE('',*,*,#7112,.T.);
#7112 = EDGE_CURVE('',#7090,#2214,#7113,.T.);
#7113 = SURFACE_CURVE('',#7114,(#7118,#7125),.PCURVE_S1.);
#7114 = LINE('',#7115,#7116);
#7115 = CARTESIAN_POINT('',(18.988443115234,-5.916728973389,
    -1.413813018799));
#7116 = VECTOR('',#7117,1.);
#7117 = DIRECTION('',(0.,1.,0.));
#7118 = PCURVE('',#2229,#7119);
#7119 = DEFINITIONAL_REPRESENTATION('',(#7120),#7124);
#7120 = LINE('',#7121,#7122);
#7121 = CARTESIAN_POINT('',(-0.215620503506,5.845441248462));
#7122 = VECTOR('',#7123,1.);
#7123 = DIRECTION('',(0.,-1.));
#7124 = ( GEOMETRIC_REPRESENTATION_CONTEXT(2) 
PARAMETRIC_REPRESENTATION_CONTEXT() REPRESENTATION_CONTEXT('2D SPACE',''
  ) );
#7125 = PCURVE('',#2257,#7126);
#7126 = DEFINITIONAL_REPRESENTATION('',(#7127),#7131);
#7127 = LINE('',#7128,#7129);
#7128 = CARTESIAN_POINT('',(7.304632443918E-02,5.845441854714));
#7129 = VECTOR('',#7130,1.);
#7130 = DIRECTION('',(0.,-1.));
#7131 = ( GEOMETRIC_REPRESENTATION_CONTEXT(2) 
PARAMETRIC_REPRESENTATION_CONTEXT() REPRESENTATION_CONTEXT('2D SPACE',''
  ) );
#7132 = ORIENTED_EDGE('',*,*,#2213,.F.);
#7133 = ADVANCED_FACE('',(#7134),#2257,.T.);
#7134 = FACE_BOUND('',#7135,.T.);
#7135 = EDGE_LOOP('',(#7136,#7137,#7160,#7181));
#7136 = ORIENTED_EDGE('',*,*,#7112,.F.);
#7137 = ORIENTED_EDGE('',*,*,#7138,.F.);
#7138 = EDGE_CURVE('',#7139,#7090,#7141,.T.);
#7139 = VERTEX_POINT('',#7140);
#7140 = CARTESIAN_POINT('',(19.072236755371,-3.943599700928,
    -1.690048599243));
#7141 = SURFACE_CURVE('',#7142,(#7146,#7153),.PCURVE_S1.);
#7142 = LINE('',#7143,#7144);
#7143 = CARTESIAN_POINT('',(18.011612913226,-3.943599700928,
    1.806422519447));
#7144 = VECTOR('',#7145,1.);
#7145 = DIRECTION('',(-0.290279896309,0.,0.956941786003));
#7146 = PCURVE('',#2257,#7147);
#7147 = DEFINITIONAL_REPRESENTATION('',(#7148),#7152);
#7148 = LINE('',#7149,#7150);
#7149 = CARTESIAN_POINT('',(3.43817844151,3.872312582253));
#7150 = VECTOR('',#7151,1.);
#7151 = DIRECTION('',(1.,0.));
#7152 = ( GEOMETRIC_REPRESENTATION_CONTEXT(2) 
PARAMETRIC_REPRESENTATION_CONTEXT() REPRESENTATION_CONTEXT('2D SPACE',''
  ) );
#7153 = PCURVE('',#154,#7154);
#7154 = DEFINITIONAL_REPRESENTATION('',(#7155),#7159);
#7155 = LINE('',#7156,#7157);
#7156 = CARTESIAN_POINT('',(-3.592459822039,1.390117841176E-03));
#7157 = VECTOR('',#7158,1.);
#7158 = DIRECTION('',(0.956941786003,-0.290279896309));
#7159 = ( GEOMETRIC_REPRESENTATION_CONTEXT(2) 
PARAMETRIC_REPRESENTATION_CONTEXT() REPRESENTATION_CONTEXT('2D SPACE',''
  ) );
#7160 = ORIENTED_EDGE('',*,*,#7161,.T.);
#7161 = EDGE_CURVE('',#7139,#2242,#7162,.T.);
#7162 = SURFACE_CURVE('',#7163,(#7167,#7174),.PCURVE_S1.);
#7163 = LINE('',#7164,#7165);
#7164 = CARTESIAN_POINT('',(19.072236755371,-5.916728973389,
    -1.690048599243));
#7165 = VECTOR('',#7166,1.);
#7166 = DIRECTION('',(0.,1.,0.));
#7167 = PCURVE('',#2257,#7168);
#7168 = DEFINITIONAL_REPRESENTATION('',(#7169),#7173);
#7169 = LINE('',#7170,#7171);
#7170 = CARTESIAN_POINT('',(-0.215618654439,5.845441854714));
#7171 = VECTOR('',#7172,1.);
#7172 = DIRECTION('',(0.,-1.));
#7173 = ( GEOMETRIC_REPRESENTATION_CONTEXT(2) 
PARAMETRIC_REPRESENTATION_CONTEXT() REPRESENTATION_CONTEXT('2D SPACE',''
  ) );
#7174 = PCURVE('',#2285,#7175);
#7175 = DEFINITIONAL_REPRESENTATION('',(#7176),#7180);
#7176 = LINE('',#7177,#7178);
#7177 = CARTESIAN_POINT('',(7.304654473579E-02,5.845441644907));
#7178 = VECTOR('',#7179,1.);
#7179 = DIRECTION('',(0.,-1.));
#7180 = ( GEOMETRIC_REPRESENTATION_CONTEXT(2) 
PARAMETRIC_REPRESENTATION_CONTEXT() REPRESENTATION_CONTEXT('2D SPACE',''
  ) );
#7181 = ORIENTED_EDGE('',*,*,#2241,.F.);
#7182 = ADVANCED_FACE('',(#7183),#2285,.T.);
#7183 = FACE_BOUND('',#7184,.T.);
#7184 = EDGE_LOOP('',(#7185,#7186,#7209,#7230));
#7185 = ORIENTED_EDGE('',*,*,#7161,.F.);
#7186 = ORIENTED_EDGE('',*,*,#7187,.F.);
#7187 = EDGE_CURVE('',#7188,#7139,#7190,.T.);
#7188 = VERTEX_POINT('',#7189);
#7189 = CARTESIAN_POINT('',(19.100526550293,-3.943599700928,
    -1.977324867249));
#7190 = SURFACE_CURVE('',#7191,(#7195,#7202),.PCURVE_S1.);
#7191 = LINE('',#7192,#7193);
#7192 = CARTESIAN_POINT('',(18.725023970238,-3.943599700928,
    1.835816236196));
#7193 = VECTOR('',#7194,1.);
#7194 = DIRECTION('',(-9.800187999851E-02,0.,0.995186229565));
#7195 = PCURVE('',#2285,#7196);
#7196 = DEFINITIONAL_REPRESENTATION('',(#7197),#7201);
#7197 = LINE('',#7198,#7199);
#7198 = CARTESIAN_POINT('',(3.615966181977,3.872312372446));
#7199 = VECTOR('',#7200,1.);
#7200 = DIRECTION('',(1.,0.));
#7201 = ( GEOMETRIC_REPRESENTATION_CONTEXT(2) 
PARAMETRIC_REPRESENTATION_CONTEXT() REPRESENTATION_CONTEXT('2D SPACE',''
  ) );
#7202 = PCURVE('',#154,#7203);
#7203 = DEFINITIONAL_REPRESENTATION('',(#7204),#7208);
#7204 = LINE('',#7205,#7206);
#7205 = CARTESIAN_POINT('',(-3.56306610529,0.714801174853));
#7206 = VECTOR('',#7207,1.);
#7207 = DIRECTION('',(0.995186229565,-9.800187999851E-02));
#7208 = ( GEOMETRIC_REPRESENTATION_CONTEXT(2) 
PARAMETRIC_REPRESENTATION_CONTEXT() REPRESENTATION_CONTEXT('2D SPACE',''
  ) );
#7209 = ORIENTED_EDGE('',*,*,#7210,.T.);
#7210 = EDGE_CURVE('',#7188,#2270,#7211,.T.);
#7211 = SURFACE_CURVE('',#7212,(#7216,#7223),.PCURVE_S1.);
#7212 = LINE('',#7213,#7214);
#7213 = CARTESIAN_POINT('',(19.100526550293,-5.916728973389,
    -1.977324867249));
#7214 = VECTOR('',#7215,1.);
#7215 = DIRECTION('',(0.,1.,0.));
#7216 = PCURVE('',#2285,#7217);
#7217 = DEFINITIONAL_REPRESENTATION('',(#7218),#7222);
#7218 = LINE('',#7219,#7220);
#7219 = CARTESIAN_POINT('',(-0.215619294351,5.845441644907));
#7220 = VECTOR('',#7221,1.);
#7221 = DIRECTION('',(0.,-1.));
#7222 = ( GEOMETRIC_REPRESENTATION_CONTEXT(2) 
PARAMETRIC_REPRESENTATION_CONTEXT() REPRESENTATION_CONTEXT('2D SPACE',''
  ) );
#7223 = PCURVE('',#2313,#7224);
#7224 = DEFINITIONAL_REPRESENTATION('',(#7225),#7229);
#7225 = LINE('',#7226,#7227);
#7226 = CARTESIAN_POINT('',(7.304654473579E-02,5.845441644907));
#7227 = VECTOR('',#7228,1.);
#7228 = DIRECTION('',(0.,-1.));
#7229 = ( GEOMETRIC_REPRESENTATION_CONTEXT(2) 
PARAMETRIC_REPRESENTATION_CONTEXT() REPRESENTATION_CONTEXT('2D SPACE',''
  ) );
#7230 = ORIENTED_EDGE('',*,*,#2269,.F.);
#7231 = ADVANCED_FACE('',(#7232),#2313,.T.);
#7232 = FACE_BOUND('',#7233,.T.);
#7233 = EDGE_LOOP('',(#7234,#7235,#7258,#7279));
#7234 = ORIENTED_EDGE('',*,*,#7210,.F.);
#7235 = ORIENTED_EDGE('',*,*,#7236,.F.);
#7236 = EDGE_CURVE('',#7237,#7188,#7239,.T.);
#7237 = VERTEX_POINT('',#7238);
#7238 = CARTESIAN_POINT('',(19.072236755371,-3.943599700928,
    -2.264601135254));
#7239 = SURFACE_CURVE('',#7240,(#7244,#7251),.PCURVE_S1.);
#7240 = LINE('',#7241,#7242);
#7241 = CARTESIAN_POINT('',(19.451412553866,-3.943599700928,
    1.585840644564));
#7242 = VECTOR('',#7243,1.);
#7243 = DIRECTION('',(9.800187999851E-02,-0.,0.995186229565));
#7244 = PCURVE('',#2313,#7245);
#7245 = DEFINITIONAL_REPRESENTATION('',(#7246),#7250);
#7246 = LINE('',#7247,#7248);
#7247 = CARTESIAN_POINT('',(3.65344728377,3.872312372446));
#7248 = VECTOR('',#7249,1.);
#7249 = DIRECTION('',(1.,0.));
#7250 = ( GEOMETRIC_REPRESENTATION_CONTEXT(2) 
PARAMETRIC_REPRESENTATION_CONTEXT() REPRESENTATION_CONTEXT('2D SPACE',''
  ) );
#7251 = PCURVE('',#154,#7252);
#7252 = DEFINITIONAL_REPRESENTATION('',(#7253),#7257);
#7253 = LINE('',#7254,#7255);
#7254 = CARTESIAN_POINT('',(-3.813041696922,1.441189758481));
#7255 = VECTOR('',#7256,1.);
#7256 = DIRECTION('',(0.995186229565,9.800187999851E-02));
#7257 = ( GEOMETRIC_REPRESENTATION_CONTEXT(2) 
PARAMETRIC_REPRESENTATION_CONTEXT() REPRESENTATION_CONTEXT('2D SPACE',''
  ) );
#7258 = ORIENTED_EDGE('',*,*,#7259,.T.);
#7259 = EDGE_CURVE('',#7237,#2298,#7260,.T.);
#7260 = SURFACE_CURVE('',#7261,(#7265,#7272),.PCURVE_S1.);
#7261 = LINE('',#7262,#7263);
#7262 = CARTESIAN_POINT('',(19.072236755371,-5.916728973389,
    -2.264601135254));
#7263 = VECTOR('',#7264,1.);
#7264 = DIRECTION('',(0.,1.,0.));
#7265 = PCURVE('',#2313,#7266);
#7266 = DEFINITIONAL_REPRESENTATION('',(#7267),#7271);
#7267 = LINE('',#7268,#7269);
#7268 = CARTESIAN_POINT('',(-0.215619294351,5.845441644907));
#7269 = VECTOR('',#7270,1.);
#7270 = DIRECTION('',(0.,-1.));
#7271 = ( GEOMETRIC_REPRESENTATION_CONTEXT(2) 
PARAMETRIC_REPRESENTATION_CONTEXT() REPRESENTATION_CONTEXT('2D SPACE',''
  ) );
#7272 = PCURVE('',#2341,#7273);
#7273 = DEFINITIONAL_REPRESENTATION('',(#7274),#7278);
#7274 = LINE('',#7275,#7276);
#7275 = CARTESIAN_POINT('',(7.304632443918E-02,5.845441854714));
#7276 = VECTOR('',#7277,1.);
#7277 = DIRECTION('',(0.,-1.));
#7278 = ( GEOMETRIC_REPRESENTATION_CONTEXT(2) 
PARAMETRIC_REPRESENTATION_CONTEXT() REPRESENTATION_CONTEXT('2D SPACE',''
  ) );
#7279 = ORIENTED_EDGE('',*,*,#2297,.F.);
#7280 = ADVANCED_FACE('',(#7281),#2341,.T.);
#7281 = FACE_BOUND('',#7282,.T.);
#7282 = EDGE_LOOP('',(#7283,#7284,#7307,#7328));
#7283 = ORIENTED_EDGE('',*,*,#7259,.F.);
#7284 = ORIENTED_EDGE('',*,*,#7285,.F.);
#7285 = EDGE_CURVE('',#7286,#7237,#7288,.T.);
#7286 = VERTEX_POINT('',#7287);
#7287 = CARTESIAN_POINT('',(18.988443115234,-3.943599700928,
    -2.540836715698));
#7288 = SURFACE_CURVE('',#7289,(#7293,#7300),.PCURVE_S1.);
#7289 = LINE('',#7290,#7291);
#7290 = CARTESIAN_POINT('',(20.081275791221,-3.943599700928,
    1.061814608283));
#7291 = VECTOR('',#7292,1.);
#7292 = DIRECTION('',(0.290279896309,-0.,0.956941786003));
#7293 = PCURVE('',#2341,#7294);
#7294 = DEFINITIONAL_REPRESENTATION('',(#7295),#7299);
#7295 = LINE('',#7296,#7297);
#7296 = CARTESIAN_POINT('',(3.549136293747,3.872312582253));
#7297 = VECTOR('',#7298,1.);
#7298 = DIRECTION('',(1.,0.));
#7299 = ( GEOMETRIC_REPRESENTATION_CONTEXT(2) 
PARAMETRIC_REPRESENTATION_CONTEXT() REPRESENTATION_CONTEXT('2D SPACE',''
  ) );
#7300 = PCURVE('',#154,#7301);
#7301 = DEFINITIONAL_REPRESENTATION('',(#7302),#7306);
#7302 = LINE('',#7303,#7304);
#7303 = CARTESIAN_POINT('',(-4.337067733203,2.071052995836));
#7304 = VECTOR('',#7305,1.);
#7305 = DIRECTION('',(0.956941786003,0.290279896309));
#7306 = ( GEOMETRIC_REPRESENTATION_CONTEXT(2) 
PARAMETRIC_REPRESENTATION_CONTEXT() REPRESENTATION_CONTEXT('2D SPACE',''
  ) );
#7307 = ORIENTED_EDGE('',*,*,#7308,.T.);
#7308 = EDGE_CURVE('',#7286,#2326,#7309,.T.);
#7309 = SURFACE_CURVE('',#7310,(#7314,#7321),.PCURVE_S1.);
#7310 = LINE('',#7311,#7312);
#7311 = CARTESIAN_POINT('',(18.988443115234,-5.916728973389,
    -2.540836715698));
#7312 = VECTOR('',#7313,1.);
#7313 = DIRECTION('',(0.,1.,0.));
#7314 = PCURVE('',#2341,#7315);
#7315 = DEFINITIONAL_REPRESENTATION('',(#7316),#7320);
#7316 = LINE('',#7317,#7318);
#7317 = CARTESIAN_POINT('',(-0.215618654439,5.845441854714));
#7318 = VECTOR('',#7319,1.);
#7319 = DIRECTION('',(0.,-1.));
#7320 = ( GEOMETRIC_REPRESENTATION_CONTEXT(2) 
PARAMETRIC_REPRESENTATION_CONTEXT() REPRESENTATION_CONTEXT('2D SPACE',''
  ) );
#7321 = PCURVE('',#2369,#7322);
#7322 = DEFINITIONAL_REPRESENTATION('',(#7323),#7327);
#7323 = LINE('',#7324,#7325);
#7324 = CARTESIAN_POINT('',(7.304696100022E-02,5.845441248462));
#7325 = VECTOR('',#7326,1.);
#7326 = DIRECTION('',(0.,-1.));
#7327 = ( GEOMETRIC_REPRESENTATION_CONTEXT(2) 
PARAMETRIC_REPRESENTATION_CONTEXT() REPRESENTATION_CONTEXT('2D SPACE',''
  ) );
#7328 = ORIENTED_EDGE('',*,*,#2325,.F.);
#7329 = ADVANCED_FACE('',(#7330),#2369,.T.);
#7330 = FACE_BOUND('',#7331,.T.);
#7331 = EDGE_LOOP('',(#7332,#7333,#7356,#7377));
#7332 = ORIENTED_EDGE('',*,*,#7308,.F.);
#7333 = ORIENTED_EDGE('',*,*,#7334,.F.);
#7334 = EDGE_CURVE('',#7335,#7286,#7337,.T.);
#7335 = VERTEX_POINT('',#7336);
#7336 = CARTESIAN_POINT('',(18.852365234375,-3.943599700928,
    -2.795418167114));
#7337 = SURFACE_CURVE('',#7338,(#7342,#7349),.PCURVE_S1.);
#7338 = LINE('',#7339,#7340);
#7339 = CARTESIAN_POINT('',(20.512954091076,-3.943599700928,
    0.311296301646));
#7340 = VECTOR('',#7341,1.);
#7341 = DIRECTION('',(0.471400131956,-0.,0.881919449605));
#7342 = PCURVE('',#2369,#7343);
#7343 = DEFINITIONAL_REPRESENTATION('',(#7344),#7348);
#7344 = LINE('',#7345,#7346);
#7345 = CARTESIAN_POINT('',(3.307053217037,3.872311976001));
#7346 = VECTOR('',#7347,1.);
#7347 = DIRECTION('',(1.,0.));
#7348 = ( GEOMETRIC_REPRESENTATION_CONTEXT(2) 
PARAMETRIC_REPRESENTATION_CONTEXT() REPRESENTATION_CONTEXT('2D SPACE',''
  ) );
#7349 = PCURVE('',#154,#7350);
#7350 = DEFINITIONAL_REPRESENTATION('',(#7351),#7355);
#7351 = LINE('',#7352,#7353);
#7352 = CARTESIAN_POINT('',(-5.08758603984,2.502731295691));
#7353 = VECTOR('',#7354,1.);
#7354 = DIRECTION('',(0.881919449605,0.471400131956));
#7355 = ( GEOMETRIC_REPRESENTATION_CONTEXT(2) 
PARAMETRIC_REPRESENTATION_CONTEXT() REPRESENTATION_CONTEXT('2D SPACE',''
  ) );
#7356 = ORIENTED_EDGE('',*,*,#7357,.T.);
#7357 = EDGE_CURVE('',#7335,#2354,#7358,.T.);
#7358 = SURFACE_CURVE('',#7359,(#7363,#7370),.PCURVE_S1.);
#7359 = LINE('',#7360,#7361);
#7360 = CARTESIAN_POINT('',(18.852365234375,-5.916728973389,
    -2.795418167114));
#7361 = VECTOR('',#7362,1.);
#7362 = DIRECTION('',(0.,1.,0.));
#7363 = PCURVE('',#2369,#7364);
#7364 = DEFINITIONAL_REPRESENTATION('',(#7365),#7369);
#7365 = LINE('',#7366,#7367);
#7366 = CARTESIAN_POINT('',(-0.215620503506,5.845441248462));
#7367 = VECTOR('',#7368,1.);
#7368 = DIRECTION('',(0.,-1.));
#7369 = ( GEOMETRIC_REPRESENTATION_CONTEXT(2) 
PARAMETRIC_REPRESENTATION_CONTEXT() REPRESENTATION_CONTEXT('2D SPACE',''
  ) );
#7370 = PCURVE('',#2397,#7371);
#7371 = DEFINITIONAL_REPRESENTATION('',(#7372),#7376);
#7372 = LINE('',#7373,#7374);
#7373 = CARTESIAN_POINT('',(7.304683708507E-02,5.845441366477));
#7374 = VECTOR('',#7375,1.);
#7375 = DIRECTION('',(0.,-1.));
#7376 = ( GEOMETRIC_REPRESENTATION_CONTEXT(2) 
PARAMETRIC_REPRESENTATION_CONTEXT() REPRESENTATION_CONTEXT('2D SPACE',''
  ) );
#7377 = ORIENTED_EDGE('',*,*,#2353,.F.);
#7378 = ADVANCED_FACE('',(#7379),#2397,.T.);
#7379 = FACE_BOUND('',#7380,.T.);
#7380 = EDGE_LOOP('',(#7381,#7382,#7405,#7426));
#7381 = ORIENTED_EDGE('',*,*,#7357,.F.);
#7382 = ORIENTED_EDGE('',*,*,#7383,.F.);
#7383 = EDGE_CURVE('',#7384,#7335,#7386,.T.);
#7384 = VERTEX_POINT('',#7385);
#7385 = CARTESIAN_POINT('',(18.669236877441,-3.943599700928,
    -3.018560791016));
#7386 = SURFACE_CURVE('',#7387,(#7391,#7398),.PCURVE_S1.);
#7387 = LINE('',#7388,#7389);
#7388 = CARTESIAN_POINT('',(20.668945144306,-3.943599700928,
    -0.581908394974));
#7389 = VECTOR('',#7390,1.);
#7390 = DIRECTION('',(0.63439315617,-0.,0.773010558404));
#7391 = PCURVE('',#2397,#7392);
#7392 = DEFINITIONAL_REPRESENTATION('',(#7393),#7397);
#7393 = LINE('',#7394,#7395);
#7394 = CARTESIAN_POINT('',(2.936539124577,3.872312094016));
#7395 = VECTOR('',#7396,1.);
#7396 = DIRECTION('',(1.,0.));
#7397 = ( GEOMETRIC_REPRESENTATION_CONTEXT(2) 
PARAMETRIC_REPRESENTATION_CONTEXT() REPRESENTATION_CONTEXT('2D SPACE',''
  ) );
#7398 = PCURVE('',#154,#7399);
#7399 = DEFINITIONAL_REPRESENTATION('',(#7400),#7404);
#7400 = LINE('',#7401,#7402);
#7401 = CARTESIAN_POINT('',(-5.98079073646,2.658722348921));
#7402 = VECTOR('',#7403,1.);
#7403 = DIRECTION('',(0.773010558404,0.63439315617));
#7404 = ( GEOMETRIC_REPRESENTATION_CONTEXT(2) 
PARAMETRIC_REPRESENTATION_CONTEXT() REPRESENTATION_CONTEXT('2D SPACE',''
  ) );
#7405 = ORIENTED_EDGE('',*,*,#7406,.T.);
#7406 = EDGE_CURVE('',#7384,#2382,#7407,.T.);
#7407 = SURFACE_CURVE('',#7408,(#7412,#7419),.PCURVE_S1.);
#7408 = LINE('',#7409,#7410);
#7409 = CARTESIAN_POINT('',(18.669236877441,-5.916728973389,
    -3.018560791016));
#7410 = VECTOR('',#7411,1.);
#7411 = DIRECTION('',(0.,1.,0.));
#7412 = PCURVE('',#2397,#7413);
#7413 = DEFINITIONAL_REPRESENTATION('',(#7414),#7418);
#7414 = LINE('',#7415,#7416);
#7415 = CARTESIAN_POINT('',(-0.21562014356,5.845441366477));
#7416 = VECTOR('',#7417,1.);
#7417 = DIRECTION('',(0.,-1.));
#7418 = ( GEOMETRIC_REPRESENTATION_CONTEXT(2) 
PARAMETRIC_REPRESENTATION_CONTEXT() REPRESENTATION_CONTEXT('2D SPACE',''
  ) );
#7419 = PCURVE('',#2425,#7420);
#7420 = DEFINITIONAL_REPRESENTATION('',(#7421),#7425);
#7421 = LINE('',#7422,#7423);
#7422 = CARTESIAN_POINT('',(-7.304721467491E-02,-5.845441006865));
#7423 = VECTOR('',#7424,1.);
#7424 = DIRECTION('',(0.,1.));
#7425 = ( GEOMETRIC_REPRESENTATION_CONTEXT(2) 
PARAMETRIC_REPRESENTATION_CONTEXT() REPRESENTATION_CONTEXT('2D SPACE',''
  ) );
#7426 = ORIENTED_EDGE('',*,*,#2381,.F.);
#7427 = ADVANCED_FACE('',(#7428),#2425,.T.);
#7428 = FACE_BOUND('',#7429,.T.);
#7429 = EDGE_LOOP('',(#7430,#7431,#7454,#7475));
#7430 = ORIENTED_EDGE('',*,*,#7406,.F.);
#7431 = ORIENTED_EDGE('',*,*,#7432,.F.);
#7432 = EDGE_CURVE('',#7433,#7384,#7435,.T.);
#7433 = VERTEX_POINT('',#7434);
#7434 = CARTESIAN_POINT('',(18.446092346191,-3.943599700928,
    -3.201689147949));
#7435 = SURFACE_CURVE('',#7436,(#7440,#7447),.PCURVE_S1.);
#7436 = LINE('',#7437,#7438);
#7437 = CARTESIAN_POINT('',(20.508029403169,-3.943599700928,
    -1.50951617275));
#7438 = VECTOR('',#7439,1.);
#7439 = DIRECTION('',(0.773013217577,-0.,0.634389915943));
#7440 = PCURVE('',#2425,#7441);
#7441 = DEFINITIONAL_REPRESENTATION('',(#7442),#7446);
#7442 = LINE('',#7443,#7444);
#7443 = CARTESIAN_POINT('',(-2.451780829981,-3.872311734404));
#7444 = VECTOR('',#7445,1.);
#7445 = DIRECTION('',(-1.,0.));
#7446 = ( GEOMETRIC_REPRESENTATION_CONTEXT(2) 
PARAMETRIC_REPRESENTATION_CONTEXT() REPRESENTATION_CONTEXT('2D SPACE',''
  ) );
#7447 = PCURVE('',#154,#7448);
#7448 = DEFINITIONAL_REPRESENTATION('',(#7449),#7453);
#7449 = LINE('',#7450,#7451);
#7450 = CARTESIAN_POINT('',(-6.908398514236,2.497806607783));
#7451 = VECTOR('',#7452,1.);
#7452 = DIRECTION('',(0.634389915943,0.773013217577));
#7453 = ( GEOMETRIC_REPRESENTATION_CONTEXT(2) 
PARAMETRIC_REPRESENTATION_CONTEXT() REPRESENTATION_CONTEXT('2D SPACE',''
  ) );
#7454 = ORIENTED_EDGE('',*,*,#7455,.T.);
#7455 = EDGE_CURVE('',#7433,#2410,#7456,.T.);
#7456 = SURFACE_CURVE('',#7457,(#7461,#7468),.PCURVE_S1.);
#7457 = LINE('',#7458,#7459);
#7458 = CARTESIAN_POINT('',(18.446092346191,-5.916728973389,
    -3.201689147949));
#7459 = VECTOR('',#7460,1.);
#7460 = DIRECTION('',(0.,1.,0.));
#7461 = PCURVE('',#2425,#7462);
#7462 = DEFINITIONAL_REPRESENTATION('',(#7463),#7467);
#7463 = LINE('',#7464,#7465);
#7464 = CARTESIAN_POINT('',(0.215621240373,-5.845441006865));
#7465 = VECTOR('',#7466,1.);
#7466 = DIRECTION('',(0.,1.));
#7467 = ( GEOMETRIC_REPRESENTATION_CONTEXT(2) 
PARAMETRIC_REPRESENTATION_CONTEXT() REPRESENTATION_CONTEXT('2D SPACE',''
  ) );
#7468 = PCURVE('',#2453,#7469);
#7469 = DEFINITIONAL_REPRESENTATION('',(#7470),#7474);
#7470 = LINE('',#7471,#7472);
#7471 = CARTESIAN_POINT('',(-7.304586916271E-02,-5.845442288314));
#7472 = VECTOR('',#7473,1.);
#7473 = DIRECTION('',(0.,1.));
#7474 = ( GEOMETRIC_REPRESENTATION_CONTEXT(2) 
PARAMETRIC_REPRESENTATION_CONTEXT() REPRESENTATION_CONTEXT('2D SPACE',''
  ) );
#7475 = ORIENTED_EDGE('',*,*,#2409,.F.);
#7476 = ADVANCED_FACE('',(#7477),#2453,.T.);
#7477 = FACE_BOUND('',#7478,.T.);
#7478 = EDGE_LOOP('',(#7479,#7480,#7503,#7524));
#7479 = ORIENTED_EDGE('',*,*,#7455,.F.);
#7480 = ORIENTED_EDGE('',*,*,#7481,.F.);
#7481 = EDGE_CURVE('',#7482,#7433,#7484,.T.);
#7482 = VERTEX_POINT('',#7483);
#7483 = CARTESIAN_POINT('',(18.191514709473,-3.943599700928,
    -3.33776512146));
#7484 = SURFACE_CURVE('',#7485,(#7489,#7496),.PCURVE_S1.);
#7485 = LINE('',#7486,#7487);
#7486 = CARTESIAN_POINT('',(20.032165031404,-3.943599700928,
    -2.353906964562));
#7487 = VECTOR('',#7488,1.);
#7488 = DIRECTION('',(0.881919259975,-0.,0.471400486727));
#7489 = PCURVE('',#2453,#7490);
#7490 = DEFINITIONAL_REPRESENTATION('',(#7491),#7495);
#7491 = LINE('',#7492,#7493);
#7492 = CARTESIAN_POINT('',(-1.871478851858,-3.872313015853));
#7493 = VECTOR('',#7494,1.);
#7494 = DIRECTION('',(-1.,0.));
#7495 = ( GEOMETRIC_REPRESENTATION_CONTEXT(2) 
PARAMETRIC_REPRESENTATION_CONTEXT() REPRESENTATION_CONTEXT('2D SPACE',''
  ) );
#7496 = PCURVE('',#154,#7497);
#7497 = DEFINITIONAL_REPRESENTATION('',(#7498),#7502);
#7498 = LINE('',#7499,#7500);
#7499 = CARTESIAN_POINT('',(-7.752789306048,2.021942236019));
#7500 = VECTOR('',#7501,1.);
#7501 = DIRECTION('',(0.471400486727,0.881919259975));
#7502 = ( GEOMETRIC_REPRESENTATION_CONTEXT(2) 
PARAMETRIC_REPRESENTATION_CONTEXT() REPRESENTATION_CONTEXT('2D SPACE',''
  ) );
#7503 = ORIENTED_EDGE('',*,*,#7504,.T.);
#7504 = EDGE_CURVE('',#7482,#2438,#7505,.T.);
#7505 = SURFACE_CURVE('',#7506,(#7510,#7517),.PCURVE_S1.);
#7506 = LINE('',#7507,#7508);
#7507 = CARTESIAN_POINT('',(18.191514709473,-5.916728973389,
    -3.33776512146));
#7508 = VECTOR('',#7509,1.);
#7509 = DIRECTION('',(0.,1.,0.));
#7510 = PCURVE('',#2453,#7511);
#7511 = DEFINITIONAL_REPRESENTATION('',(#7512),#7516);
#7512 = LINE('',#7513,#7514);
#7513 = CARTESIAN_POINT('',(0.215617331963,-5.845442288314));
#7514 = VECTOR('',#7515,1.);
#7515 = DIRECTION('',(0.,1.));
#7516 = ( GEOMETRIC_REPRESENTATION_CONTEXT(2) 
PARAMETRIC_REPRESENTATION_CONTEXT() REPRESENTATION_CONTEXT('2D SPACE',''
  ) );
#7517 = PCURVE('',#2481,#7518);
#7518 = DEFINITIONAL_REPRESENTATION('',(#7519),#7523);
#7519 = LINE('',#7520,#7521);
#7520 = CARTESIAN_POINT('',(-7.30469336649E-02,-5.845441274495));
#7521 = VECTOR('',#7522,1.);
#7522 = DIRECTION('',(0.,1.));
#7523 = ( GEOMETRIC_REPRESENTATION_CONTEXT(2) 
PARAMETRIC_REPRESENTATION_CONTEXT() REPRESENTATION_CONTEXT('2D SPACE',''
  ) );
#7524 = ORIENTED_EDGE('',*,*,#2437,.F.);
#7525 = ADVANCED_FACE('',(#7526),#2481,.T.);
#7526 = FACE_BOUND('',#7527,.T.);
#7527 = EDGE_LOOP('',(#7528,#7529,#7552,#7573));
#7528 = ORIENTED_EDGE('',*,*,#7504,.F.);
#7529 = ORIENTED_EDGE('',*,*,#7530,.F.);
#7530 = EDGE_CURVE('',#7531,#7482,#7533,.T.);
#7531 = VERTEX_POINT('',#7532);
#7532 = CARTESIAN_POINT('',(17.91527722168,-3.943599700928,
    -3.421560668945));
#7533 = SURFACE_CURVE('',#7534,(#7538,#7545),.PCURVE_S1.);
#7534 = LINE('',#7535,#7536);
#7535 = CARTESIAN_POINT('',(19.287009406482,-3.943599700928,
    -3.005451145408));
#7536 = VECTOR('',#7537,1.);
#7537 = DIRECTION('',(0.956940507334,-0.,0.290284111558));
#7538 = PCURVE('',#2481,#7539);
#7539 = DEFINITIONAL_REPRESENTATION('',(#7540),#7544);
#7540 = LINE('',#7541,#7542);
#7541 = CARTESIAN_POINT('',(-1.217835652099,-3.872312002035));
#7542 = VECTOR('',#7543,1.);
#7543 = DIRECTION('',(-1.,0.));
#7544 = ( GEOMETRIC_REPRESENTATION_CONTEXT(2) 
PARAMETRIC_REPRESENTATION_CONTEXT() REPRESENTATION_CONTEXT('2D SPACE',''
  ) );
#7545 = PCURVE('',#154,#7546);
#7546 = DEFINITIONAL_REPRESENTATION('',(#7547),#7551);
#7547 = LINE('',#7548,#7549);
#7548 = CARTESIAN_POINT('',(-8.404333486894,1.276786611097));
#7549 = VECTOR('',#7550,1.);
#7550 = DIRECTION('',(0.290284111558,0.956940507334));
#7551 = ( GEOMETRIC_REPRESENTATION_CONTEXT(2) 
PARAMETRIC_REPRESENTATION_CONTEXT() REPRESENTATION_CONTEXT('2D SPACE',''
  ) );
#7552 = ORIENTED_EDGE('',*,*,#7553,.T.);
#7553 = EDGE_CURVE('',#7531,#2466,#7554,.T.);
#7554 = SURFACE_CURVE('',#7555,(#7559,#7566),.PCURVE_S1.);
#7555 = LINE('',#7556,#7557);
#7556 = CARTESIAN_POINT('',(17.91527722168,-5.916728973389,
    -3.421560668945));
#7557 = VECTOR('',#7558,1.);
#7558 = DIRECTION('',(0.,1.,0.));
#7559 = PCURVE('',#2481,#7560);
#7560 = DEFINITIONAL_REPRESENTATION('',(#7561),#7565);
#7561 = LINE('',#7562,#7563);
#7562 = CARTESIAN_POINT('',(0.215620424103,-5.845441274495));
#7563 = VECTOR('',#7564,1.);
#7564 = DIRECTION('',(0.,1.));
#7565 = ( GEOMETRIC_REPRESENTATION_CONTEXT(2) 
PARAMETRIC_REPRESENTATION_CONTEXT() REPRESENTATION_CONTEXT('2D SPACE',''
  ) );
#7566 = PCURVE('',#2509,#7567);
#7567 = DEFINITIONAL_REPRESENTATION('',(#7568),#7572);
#7568 = LINE('',#7569,#7570);
#7569 = CARTESIAN_POINT('',(-7.304688354017E-02,-5.845441322234));
#7570 = VECTOR('',#7571,1.);
#7571 = DIRECTION('',(0.,1.));
#7572 = ( GEOMETRIC_REPRESENTATION_CONTEXT(2) 
PARAMETRIC_REPRESENTATION_CONTEXT() REPRESENTATION_CONTEXT('2D SPACE',''
  ) );
#7573 = ORIENTED_EDGE('',*,*,#2465,.F.);
#7574 = ADVANCED_FACE('',(#7575),#2509,.T.);
#7575 = FACE_BOUND('',#7576,.T.);
#7576 = EDGE_LOOP('',(#7577,#7578,#7601,#7622));
#7577 = ORIENTED_EDGE('',*,*,#7553,.F.);
#7578 = ORIENTED_EDGE('',*,*,#7579,.F.);
#7579 = EDGE_CURVE('',#7580,#7531,#7582,.T.);
#7580 = VERTEX_POINT('',#7581);
#7581 = CARTESIAN_POINT('',(17.628,-3.943599700928,-3.449854278564));
#7582 = SURFACE_CURVE('',#7583,(#7587,#7594),.PCURVE_S1.);
#7583 = LINE('',#7584,#7585);
#7584 = CARTESIAN_POINT('',(18.356131287433,-3.943599700928,
    -3.378141449132));
#7585 = VECTOR('',#7586,1.);
#7586 = DIRECTION('',(0.995184972366,-0.,9.801464572212E-02));
#7587 = PCURVE('',#2509,#7588);
#7588 = DEFINITIONAL_REPRESENTATION('',(#7589),#7593);
#7589 = LINE('',#7590,#7591);
#7590 = CARTESIAN_POINT('',(-0.516033944232,-3.872312049773));
#7591 = VECTOR('',#7592,1.);
#7592 = DIRECTION('',(-1.,0.));
#7593 = ( GEOMETRIC_REPRESENTATION_CONTEXT(2) 
PARAMETRIC_REPRESENTATION_CONTEXT() REPRESENTATION_CONTEXT('2D SPACE',''
  ) );
#7594 = PCURVE('',#154,#7595);
#7595 = DEFINITIONAL_REPRESENTATION('',(#7596),#7600);
#7596 = LINE('',#7597,#7598);
#7597 = CARTESIAN_POINT('',(-8.777023790618,0.345908492048));
#7598 = VECTOR('',#7599,1.);
#7599 = DIRECTION('',(9.801464572212E-02,0.995184972366));
#7600 = ( GEOMETRIC_REPRESENTATION_CONTEXT(2) 
PARAMETRIC_REPRESENTATION_CONTEXT() REPRESENTATION_CONTEXT('2D SPACE',''
  ) );
#7601 = ORIENTED_EDGE('',*,*,#7602,.T.);
#7602 = EDGE_CURVE('',#7580,#2494,#7603,.T.);
#7603 = SURFACE_CURVE('',#7604,(#7608,#7615),.PCURVE_S1.);
#7604 = LINE('',#7605,#7606);
#7605 = CARTESIAN_POINT('',(17.628,-5.916728973389,-3.449854278564));
#7606 = VECTOR('',#7607,1.);
#7607 = DIRECTION('',(0.,1.,0.));
#7608 = PCURVE('',#2509,#7609);
#7609 = DEFINITIONAL_REPRESENTATION('',(#7610),#7614);
#7610 = LINE('',#7611,#7612);
#7611 = CARTESIAN_POINT('',(0.215620278502,-5.845441322234));
#7612 = VECTOR('',#7613,1.);
#7613 = DIRECTION('',(0.,1.));
#7614 = ( GEOMETRIC_REPRESENTATION_CONTEXT(2) 
PARAMETRIC_REPRESENTATION_CONTEXT() REPRESENTATION_CONTEXT('2D SPACE',''
  ) );
#7615 = PCURVE('',#2537,#7616);
#7616 = DEFINITIONAL_REPRESENTATION('',(#7617),#7621);
#7617 = LINE('',#7618,#7619);
#7618 = CARTESIAN_POINT('',(-7.304688354017E-02,-5.845441322234));
#7619 = VECTOR('',#7620,1.);
#7620 = DIRECTION('',(0.,1.));
#7621 = ( GEOMETRIC_REPRESENTATION_CONTEXT(2) 
PARAMETRIC_REPRESENTATION_CONTEXT() REPRESENTATION_CONTEXT('2D SPACE',''
  ) );
#7622 = ORIENTED_EDGE('',*,*,#2493,.F.);
#7623 = ADVANCED_FACE('',(#7624),#2537,.T.);
#7624 = FACE_BOUND('',#7625,.T.);
#7625 = EDGE_LOOP('',(#7626,#7627,#7648,#7649,#7650,#7651,#7652,#7653,
    #7674));
#7626 = ORIENTED_EDGE('',*,*,#7602,.F.);
#7627 = ORIENTED_EDGE('',*,*,#7628,.F.);
#7628 = EDGE_CURVE('',#3102,#7580,#7629,.T.);
#7629 = SURFACE_CURVE('',#7630,(#7634,#7641),.PCURVE_S1.);
#7630 = LINE('',#7631,#7632);
#7631 = CARTESIAN_POINT('',(17.349362993012,-3.943599700928,
    -3.422411633947));
#7632 = VECTOR('',#7633,1.);
#7633 = DIRECTION('',(0.995184972366,0.,-9.801464572212E-02));
#7634 = PCURVE('',#2537,#7635);
#7635 = DEFINITIONAL_REPRESENTATION('',(#7636),#7640);
#7636 = LINE('',#7637,#7638);
#7637 = CARTESIAN_POINT('',(0.20693825965,-3.872312049773));
#7638 = VECTOR('',#7639,1.);
#7639 = DIRECTION('',(-1.,0.));
#7640 = ( GEOMETRIC_REPRESENTATION_CONTEXT(2) 
PARAMETRIC_REPRESENTATION_CONTEXT() REPRESENTATION_CONTEXT('2D SPACE',''
  ) );
#7641 = PCURVE('',#154,#7642);
#7642 = DEFINITIONAL_REPRESENTATION('',(#7643),#7647);
#7643 = LINE('',#7644,#7645);
#7644 = CARTESIAN_POINT('',(-8.821293975433,-0.660859802373));
#7645 = VECTOR('',#7646,1.);
#7646 = DIRECTION('',(-9.801464572212E-02,0.995184972366));
#7647 = ( GEOMETRIC_REPRESENTATION_CONTEXT(2) 
PARAMETRIC_REPRESENTATION_CONTEXT() REPRESENTATION_CONTEXT('2D SPACE',''
  ) );
#7648 = ORIENTED_EDGE('',*,*,#3099,.F.);
#7649 = ORIENTED_EDGE('',*,*,#3469,.T.);
#7650 = ORIENTED_EDGE('',*,*,#4161,.T.);
#7651 = ORIENTED_EDGE('',*,*,#3672,.T.);
#7652 = ORIENTED_EDGE('',*,*,#3974,.F.);
#7653 = ORIENTED_EDGE('',*,*,#7654,.F.);
#7654 = EDGE_CURVE('',#2522,#3952,#7655,.T.);
#7655 = SURFACE_CURVE('',#7656,(#7660,#7667),.PCURVE_S1.);
#7656 = LINE('',#7657,#7658);
#7657 = CARTESIAN_POINT('',(17.61199540915,2.300381547895,
    -3.448278004459));
#7658 = VECTOR('',#7659,1.);
#7659 = DIRECTION('',(0.,1.,0.));
#7660 = PCURVE('',#2537,#7661);
#7661 = DEFINITIONAL_REPRESENTATION('',(#7662),#7666);
#7662 = LINE('',#7663,#7664);
#7663 = CARTESIAN_POINT('',(-5.696485728902E-02,2.37166919905));
#7664 = VECTOR('',#7665,1.);
#7665 = DIRECTION('',(0.,1.));
#7666 = ( GEOMETRIC_REPRESENTATION_CONTEXT(2) 
PARAMETRIC_REPRESENTATION_CONTEXT() REPRESENTATION_CONTEXT('2D SPACE',''
  ) );
#7667 = PCURVE('',#2565,#7668);
#7668 = DEFINITIONAL_REPRESENTATION('',(#7669),#7673);
#7669 = LINE('',#7670,#7671);
#7670 = CARTESIAN_POINT('',(-1.247512595948,-2.37166919905));
#7671 = VECTOR('',#7672,1.);
#7672 = DIRECTION('',(0.,1.));
#7673 = ( GEOMETRIC_REPRESENTATION_CONTEXT(2) 
PARAMETRIC_REPRESENTATION_CONTEXT() REPRESENTATION_CONTEXT('2D SPACE',''
  ) );
#7674 = ORIENTED_EDGE('',*,*,#2521,.F.);
#7675 = ADVANCED_FACE('',(#7676),#2565,.T.);
#7676 = FACE_BOUND('',#7677,.T.);
#7677 = EDGE_LOOP('',(#7678,#7679,#7680));
#7678 = ORIENTED_EDGE('',*,*,#3951,.F.);
#7679 = ORIENTED_EDGE('',*,*,#2549,.T.);
#7680 = ORIENTED_EDGE('',*,*,#7654,.T.);
#7681 = ADVANCED_FACE('',(#7682),#2591,.T.);
#7682 = FACE_BOUND('',#7683,.T.);
#7683 = EDGE_LOOP('',(#7684,#7705,#7726,#7727));
#7684 = ORIENTED_EDGE('',*,*,#7685,.F.);
#7685 = EDGE_CURVE('',#4638,#3908,#7686,.T.);
#7686 = SURFACE_CURVE('',#7687,(#7691,#7698),.PCURVE_S1.);
#7687 = LINE('',#7688,#7689);
#7688 = CARTESIAN_POINT('',(28.621019104004,5.961904525757,
    -3.463143730164));
#7689 = VECTOR('',#7690,1.);
#7690 = DIRECTION('',(-1.,0.,0.));
#7691 = PCURVE('',#2591,#7692);
#7692 = DEFINITIONAL_REPRESENTATION('',(#7693),#7697);
#7693 = LINE('',#7694,#7695);
#7694 = CARTESIAN_POINT('',(-0.643611904538,-1.240802761472));
#7695 = VECTOR('',#7696,1.);
#7696 = DIRECTION('',(0.,1.));
#7697 = ( GEOMETRIC_REPRESENTATION_CONTEXT(2) 
PARAMETRIC_REPRESENTATION_CONTEXT() REPRESENTATION_CONTEXT('2D SPACE',''
  ) );
#7698 = PCURVE('',#606,#7699);
#7699 = DEFINITIONAL_REPRESENTATION('',(#7700),#7704);
#7700 = LINE('',#7701,#7702);
#7701 = CARTESIAN_POINT('',(-8.605516114934,7.102748292006));
#7702 = VECTOR('',#7703,1.);
#7703 = DIRECTION('',(0.,-1.));
#7704 = ( GEOMETRIC_REPRESENTATION_CONTEXT(2) 
PARAMETRIC_REPRESENTATION_CONTEXT() REPRESENTATION_CONTEXT('2D SPACE',''
  ) );
#7705 = ORIENTED_EDGE('',*,*,#7706,.T.);
#7706 = EDGE_CURVE('',#4638,#723,#7707,.T.);
#7707 = SURFACE_CURVE('',#7708,(#7712,#7719),.PCURVE_S1.);
#7708 = LINE('',#7709,#7710);
#7709 = CARTESIAN_POINT('',(28.621019104004,5.961904525757,
    -3.463143730164));
#7710 = VECTOR('',#7711,1.);
#7711 = DIRECTION('',(0.,-1.,4.768371582031E-07));
#7712 = PCURVE('',#2591,#7713);
#7713 = DEFINITIONAL_REPRESENTATION('',(#7714),#7718);
#7714 = LINE('',#7715,#7716);
#7715 = CARTESIAN_POINT('',(-0.643611904538,-1.240802761472));
#7716 = VECTOR('',#7717,1.);
#7717 = DIRECTION('',(1.,0.));
#7718 = ( GEOMETRIC_REPRESENTATION_CONTEXT(2) 
PARAMETRIC_REPRESENTATION_CONTEXT() REPRESENTATION_CONTEXT('2D SPACE',''
  ) );
#7719 = PCURVE('',#738,#7720);
#7720 = DEFINITIONAL_REPRESENTATION('',(#7721),#7725);
#7721 = LINE('',#7722,#7723);
#7722 = CARTESIAN_POINT('',(-0.702216037229,-1.29205057884));
#7723 = VECTOR('',#7724,1.);
#7724 = DIRECTION('',(3.645779633903E-07,1.));
#7725 = ( GEOMETRIC_REPRESENTATION_CONTEXT(2) 
PARAMETRIC_REPRESENTATION_CONTEXT() REPRESENTATION_CONTEXT('2D SPACE',''
  ) );
#7726 = ORIENTED_EDGE('',*,*,#2577,.T.);
#7727 = ORIENTED_EDGE('',*,*,#3930,.F.);
#7728 = ADVANCED_FACE('',(#7729),#738,.T.);
#7729 = FACE_BOUND('',#7730,.T.);
#7730 = EDGE_LOOP('',(#7731,#7732,#7733));
#7731 = ORIENTED_EDGE('',*,*,#4661,.F.);
#7732 = ORIENTED_EDGE('',*,*,#720,.T.);
#7733 = ORIENTED_EDGE('',*,*,#7706,.F.);
#7734 = ADVANCED_FACE('',(#7735),#705,.T.);
#7735 = FACE_BOUND('',#7736,.T.);
#7736 = EDGE_LOOP('',(#7737,#7758,#7759,#7760));
#7737 = ORIENTED_EDGE('',*,*,#7738,.F.);
#7738 = EDGE_CURVE('',#591,#2740,#7739,.T.);
#7739 = SURFACE_CURVE('',#7740,(#7744,#7751),.PCURVE_S1.);
#7740 = LINE('',#7741,#7742);
#7741 = CARTESIAN_POINT('',(19.063394287109,5.961904525757,
    10.549192047119));
#7742 = VECTOR('',#7743,1.);
#7743 = DIRECTION('',(0.702805803238,0.,-0.711381756116));
#7744 = PCURVE('',#705,#7745);
#7745 = DEFINITIONAL_REPRESENTATION('',(#7746),#7750);
#7746 = LINE('',#7747,#7748);
#7747 = CARTESIAN_POINT('',(7.243733061028,-0.5322841707));
#7748 = VECTOR('',#7749,1.);
#7749 = DIRECTION('',(-1.,4.930380657631E-32));
#7750 = ( GEOMETRIC_REPRESENTATION_CONTEXT(2) 
PARAMETRIC_REPRESENTATION_CONTEXT() REPRESENTATION_CONTEXT('2D SPACE',''
  ) );
#7751 = PCURVE('',#606,#7752);
#7752 = DEFINITIONAL_REPRESENTATION('',(#7753),#7757);
#7753 = LINE('',#7754,#7755);
#7754 = CARTESIAN_POINT('',(5.406819662348,-2.454876524888));
#7755 = VECTOR('',#7756,1.);
#7756 = DIRECTION('',(-0.711381756116,0.702805803238));
#7757 = ( GEOMETRIC_REPRESENTATION_CONTEXT(2) 
PARAMETRIC_REPRESENTATION_CONTEXT() REPRESENTATION_CONTEXT('2D SPACE',''
  ) );
#7758 = ORIENTED_EDGE('',*,*,#691,.T.);
#7759 = ORIENTED_EDGE('',*,*,#834,.T.);
#7760 = ORIENTED_EDGE('',*,*,#2762,.T.);
#7761 = ADVANCED_FACE('',(#7762),#606,.T.);
#7762 = FACE_BOUND('',#7763,.T.);
#7763 = EDGE_LOOP('',(#7764,#7765,#7766,#7767,#7768,#7769,#7792,#7813));
#7764 = ORIENTED_EDGE('',*,*,#7738,.T.);
#7765 = ORIENTED_EDGE('',*,*,#2739,.F.);
#7766 = ORIENTED_EDGE('',*,*,#4637,.T.);
#7767 = ORIENTED_EDGE('',*,*,#7685,.T.);
#7768 = ORIENTED_EDGE('',*,*,#3907,.F.);
#7769 = ORIENTED_EDGE('',*,*,#7770,.T.);
#7770 = EDGE_CURVE('',#3859,#7771,#7773,.T.);
#7771 = VERTEX_POINT('',#7772);
#7772 = CARTESIAN_POINT('',(16.192605712891,5.961904525757,
    9.216024017334));
#7773 = SURFACE_CURVE('',#7774,(#7778,#7785),.PCURVE_S1.);
#7774 = LINE('',#7775,#7776);
#7775 = CARTESIAN_POINT('',(16.192605712891,5.961904525757,
    -2.129974746704));
#7776 = VECTOR('',#7777,1.);
#7777 = DIRECTION('',(0.,0.,1.));
#7778 = PCURVE('',#606,#7779);
#7779 = DEFINITIONAL_REPRESENTATION('',(#7780),#7784);
#7780 = LINE('',#7781,#7782);
#7781 = CARTESIAN_POINT('',(-7.272347131475,-5.325665099107));
#7782 = VECTOR('',#7783,1.);
#7783 = DIRECTION('',(1.,0.));
#7784 = ( GEOMETRIC_REPRESENTATION_CONTEXT(2) 
PARAMETRIC_REPRESENTATION_CONTEXT() REPRESENTATION_CONTEXT('2D SPACE',''
  ) );
#7785 = PCURVE('',#323,#7786);
#7786 = DEFINITIONAL_REPRESENTATION('',(#7787),#7791);
#7787 = LINE('',#7788,#7789);
#7788 = CARTESIAN_POINT('',(7.3050358532,-1.444945597463));
#7789 = VECTOR('',#7790,1.);
#7790 = DIRECTION('',(-1.,0.));
#7791 = ( GEOMETRIC_REPRESENTATION_CONTEXT(2) 
PARAMETRIC_REPRESENTATION_CONTEXT() REPRESENTATION_CONTEXT('2D SPACE',''
  ) );
#7792 = ORIENTED_EDGE('',*,*,#7793,.F.);
#7793 = EDGE_CURVE('',#589,#7771,#7794,.T.);
#7794 = SURFACE_CURVE('',#7795,(#7799,#7806),.PCURVE_S1.);
#7795 = LINE('',#7796,#7797);
#7796 = CARTESIAN_POINT('',(17.628,5.961904525757,10.549192047119));
#7797 = VECTOR('',#7798,1.);
#7798 = DIRECTION('',(-0.732716642032,0.,-0.680533851097));
#7799 = PCURVE('',#606,#7800);
#7800 = DEFINITIONAL_REPRESENTATION('',(#7801),#7805);
#7801 = LINE('',#7802,#7803);
#7802 = CARTESIAN_POINT('',(5.406819662348,-3.890270811998));
#7803 = VECTOR('',#7804,1.);
#7804 = DIRECTION('',(-0.680533851097,-0.732716642032));
#7805 = ( GEOMETRIC_REPRESENTATION_CONTEXT(2) 
PARAMETRIC_REPRESENTATION_CONTEXT() REPRESENTATION_CONTEXT('2D SPACE',''
  ) );
#7806 = PCURVE('',#295,#7807);
#7807 = DEFINITIONAL_REPRESENTATION('',(#7808),#7812);
#7808 = LINE('',#7809,#7810);
#7809 = CARTESIAN_POINT('',(1.269355406568,0.710146221188));
#7810 = VECTOR('',#7811,1.);
#7811 = DIRECTION('',(-1.,-3.697785493223E-32));
#7812 = ( GEOMETRIC_REPRESENTATION_CONTEXT(2) 
PARAMETRIC_REPRESENTATION_CONTEXT() REPRESENTATION_CONTEXT('2D SPACE',''
  ) );
#7813 = ORIENTED_EDGE('',*,*,#588,.T.);
#7814 = ADVANCED_FACE('',(#7815),#295,.T.);
#7815 = FACE_BOUND('',#7816,.T.);
#7816 = EDGE_LOOP('',(#7817,#7818,#7819,#7840));
#7817 = ORIENTED_EDGE('',*,*,#618,.T.);
#7818 = ORIENTED_EDGE('',*,*,#7793,.T.);
#7819 = ORIENTED_EDGE('',*,*,#7820,.F.);
#7820 = EDGE_CURVE('',#280,#7771,#7821,.T.);
#7821 = SURFACE_CURVE('',#7822,(#7826,#7833),.PCURVE_S1.);
#7822 = LINE('',#7823,#7824);
#7823 = CARTESIAN_POINT('',(16.192605712891,3.961904525757,
    9.216024017334));
#7824 = VECTOR('',#7825,1.);
#7825 = DIRECTION('',(0.,1.,0.));
#7826 = PCURVE('',#295,#7827);
#7827 = DEFINITIONAL_REPRESENTATION('',(#7828),#7832);
#7828 = LINE('',#7829,#7830);
#7829 = CARTESIAN_POINT('',(-0.689647848944,-1.289853778812));
#7830 = VECTOR('',#7831,1.);
#7831 = DIRECTION('',(0.,1.));
#7832 = ( GEOMETRIC_REPRESENTATION_CONTEXT(2) 
PARAMETRIC_REPRESENTATION_CONTEXT() REPRESENTATION_CONTEXT('2D SPACE',''
  ) );
#7833 = PCURVE('',#323,#7834);
#7834 = DEFINITIONAL_REPRESENTATION('',(#7835),#7839);
#7835 = LINE('',#7836,#7837);
#7836 = CARTESIAN_POINT('',(-4.040962910838,0.555054402537));
#7837 = VECTOR('',#7838,1.);
#7838 = DIRECTION('',(0.,-1.));
#7839 = ( GEOMETRIC_REPRESENTATION_CONTEXT(2) 
PARAMETRIC_REPRESENTATION_CONTEXT() REPRESENTATION_CONTEXT('2D SPACE',''
  ) );
#7840 = ORIENTED_EDGE('',*,*,#279,.T.);
#7841 = ADVANCED_FACE('',(#7842),#323,.T.);
#7842 = FACE_BOUND('',#7843,.T.);
#7843 = EDGE_LOOP('',(#7844,#7845,#7866,#7867,#7868,#7869,#7870,#7871));
#7844 = ORIENTED_EDGE('',*,*,#1854,.F.);
#7845 = ORIENTED_EDGE('',*,*,#7846,.T.);
#7846 = EDGE_CURVE('',#1832,#308,#7847,.T.);
#7847 = SURFACE_CURVE('',#7848,(#7852,#7859),.PCURVE_S1.);
#7848 = LINE('',#7849,#7850);
#7849 = CARTESIAN_POINT('',(16.192605712891,2.294121998366,
    8.783567942833));
#7850 = VECTOR('',#7851,1.);
#7851 = DIRECTION('',(-0.,1.,1.61182720122E-07));
#7852 = PCURVE('',#323,#7853);
#7853 = DEFINITIONAL_REPRESENTATION('',(#7854),#7858);
#7854 = LINE('',#7855,#7856);
#7855 = CARTESIAN_POINT('',(-3.608506836337,2.222836929928));
#7856 = VECTOR('',#7857,1.);
#7857 = DIRECTION('',(-1.61182720122E-07,-1.));
#7858 = ( GEOMETRIC_REPRESENTATION_CONTEXT(2) 
PARAMETRIC_REPRESENTATION_CONTEXT() REPRESENTATION_CONTEXT('2D SPACE',''
  ) );
#7859 = PCURVE('',#351,#7860);
#7860 = DEFINITIONAL_REPRESENTATION('',(#7861),#7865);
#7861 = LINE('',#7862,#7863);
#7862 = CARTESIAN_POINT('',(-4.258507268657E-02,-2.22283634173));
#7863 = VECTOR('',#7864,1.);
#7864 = DIRECTION('',(-1.54242569806E-07,-1.));
#7865 = ( GEOMETRIC_REPRESENTATION_CONTEXT(2) 
PARAMETRIC_REPRESENTATION_CONTEXT() REPRESENTATION_CONTEXT('2D SPACE',''
  ) );
#7866 = ORIENTED_EDGE('',*,*,#307,.T.);
#7867 = ORIENTED_EDGE('',*,*,#7820,.T.);
#7868 = ORIENTED_EDGE('',*,*,#7770,.F.);
#7869 = ORIENTED_EDGE('',*,*,#3882,.F.);
#7870 = ORIENTED_EDGE('',*,*,#3593,.T.);
#7871 = ORIENTED_EDGE('',*,*,#6524,.T.);
#7872 = ADVANCED_FACE('',(#7873),#351,.T.);
#7873 = FACE_BOUND('',#7874,.T.);
#7874 = EDGE_LOOP('',(#7875,#7876,#7902,#7903,#7904,#7905,#7906,#7927));
#7875 = ORIENTED_EDGE('',*,*,#4509,.F.);
#7876 = ORIENTED_EDGE('',*,*,#7877,.T.);
#7877 = EDGE_CURVE('',#4487,#336,#7878,.T.);
#7878 = SURFACE_CURVE('',#7879,(#7883,#7890),.PCURVE_S1.);
#7879 = LINE('',#7880,#7881);
#7880 = CARTESIAN_POINT('',(16.183763244629,-5.916728973389,
    8.812717056274));
#7881 = VECTOR('',#7882,1.);
#7882 = DIRECTION('',(0.,1.,1.611827201164E-07));
#7883 = PCURVE('',#351,#7884);
#7884 = DEFINITIONAL_REPRESENTATION('',(#7885),#7889);
#7885 = LINE('',#7886,#7887);
#7886 = CARTESIAN_POINT('',(-7.304586813333E-02,5.988014630024));
#7887 = VECTOR('',#7888,1.);
#7888 = DIRECTION('',(-1.542425698006E-07,-1.));
#7889 = ( GEOMETRIC_REPRESENTATION_CONTEXT(2) 
PARAMETRIC_REPRESENTATION_CONTEXT() REPRESENTATION_CONTEXT('2D SPACE',''
  ) );
#7890 = PCURVE('',#7891,#7896);
#7891 = PLANE('',#7892);
#7892 = AXIS2_PLACEMENT_3D('',#7893,#7894,#7895);
#7893 = CARTESIAN_POINT('',(16.176604545647,-7.128756010437E-02,
    8.885413157965));
#7894 = DIRECTION('',(-0.995186261296,1.579615765891E-08,
    -9.800155778626E-02));
#7895 = DIRECTION('',(9.800155778626E-02,2.067951531383E-25,
    -0.995186261296));
#7896 = DEFINITIONAL_REPRESENTATION('',(#7897),#7901);
#7897 = LINE('',#7898,#7899);
#7898 = CARTESIAN_POINT('',(7.304772530396E-02,5.845441413284));
#7899 = VECTOR('',#7900,1.);
#7900 = DIRECTION('',(-1.604068286181E-07,-1.));
#7901 = ( GEOMETRIC_REPRESENTATION_CONTEXT(2) 
PARAMETRIC_REPRESENTATION_CONTEXT() REPRESENTATION_CONTEXT('2D SPACE',''
  ) );
#7902 = ORIENTED_EDGE('',*,*,#335,.T.);
#7903 = ORIENTED_EDGE('',*,*,#7846,.F.);
#7904 = ORIENTED_EDGE('',*,*,#1831,.F.);
#7905 = ORIENTED_EDGE('',*,*,#6451,.F.);
#7906 = ORIENTED_EDGE('',*,*,#7907,.F.);
#7907 = EDGE_CURVE('',#4292,#6429,#7908,.T.);
#7908 = SURFACE_CURVE('',#7909,(#7913,#7920),.PCURVE_S1.);
#7909 = LINE('',#7910,#7911);
#7910 = CARTESIAN_POINT('',(16.745461539734,-3.943599700928,
    6.961000159442));
#7911 = VECTOR('',#7912,1.);
#7912 = DIRECTION('',(0.290278060887,0.,-0.95694234276));
#7913 = PCURVE('',#351,#7914);
#7914 = DEFINITIONAL_REPRESENTATION('',(#7915),#7919);
#7915 = LINE('',#7916,#7917);
#7916 = CARTESIAN_POINT('',(1.861989129157,4.014885357564));
#7917 = VECTOR('',#7918,1.);
#7918 = DIRECTION('',(1.,0.));
#7919 = ( GEOMETRIC_REPRESENTATION_CONTEXT(2) 
PARAMETRIC_REPRESENTATION_CONTEXT() REPRESENTATION_CONTEXT('2D SPACE',''
  ) );
#7920 = PCURVE('',#154,#7921);
#7921 = DEFINITIONAL_REPRESENTATION('',(#7922),#7926);
#7922 = LINE('',#7923,#7924);
#7923 = CARTESIAN_POINT('',(1.562117817956,-1.264761255651));
#7924 = VECTOR('',#7925,1.);
#7925 = DIRECTION('',(-0.95694234276,0.290278060887));
#7926 = ( GEOMETRIC_REPRESENTATION_CONTEXT(2) 
PARAMETRIC_REPRESENTATION_CONTEXT() REPRESENTATION_CONTEXT('2D SPACE',''
  ) );
#7927 = ORIENTED_EDGE('',*,*,#4291,.F.);
#7928 = ADVANCED_FACE('',(#7929),#7891,.T.);
#7929 = FACE_BOUND('',#7930,.T.);
#7930 = EDGE_LOOP('',(#7931,#7932,#7955));
#7931 = ORIENTED_EDGE('',*,*,#7877,.F.);
#7932 = ORIENTED_EDGE('',*,*,#7933,.T.);
#7933 = EDGE_CURVE('',#4487,#7934,#7936,.T.);
#7934 = VERTEX_POINT('',#7935);
#7935 = CARTESIAN_POINT('',(16.155473449707,-5.916728973389,
    9.099994277954));
#7936 = SURFACE_CURVE('',#7937,(#7941,#7948),.PCURVE_S1.);
#7937 = LINE('',#7938,#7939);
#7938 = CARTESIAN_POINT('',(16.183763244629,-5.916728973389,
    8.812717056274));
#7939 = VECTOR('',#7940,1.);
#7940 = DIRECTION('',(-9.800155778626E-02,0.,0.995186261296));
#7941 = PCURVE('',#7891,#7942);
#7942 = DEFINITIONAL_REPRESENTATION('',(#7943),#7947);
#7943 = LINE('',#7944,#7945);
#7944 = CARTESIAN_POINT('',(7.304772530396E-02,5.845441413284));
#7945 = VECTOR('',#7946,1.);
#7946 = DIRECTION('',(-1.,-8.27180612553E-25));
#7947 = ( GEOMETRIC_REPRESENTATION_CONTEXT(2) 
PARAMETRIC_REPRESENTATION_CONTEXT() REPRESENTATION_CONTEXT('2D SPACE',''
  ) );
#7948 = PCURVE('',#100,#7949);
#7949 = DEFINITIONAL_REPRESENTATION('',(#7950),#7954);
#7950 = LINE('',#7951,#7952);
#7951 = CARTESIAN_POINT('',(1.710715582444,-1.727377431323));
#7952 = VECTOR('',#7953,1.);
#7953 = DIRECTION('',(-0.995186261296,-9.800155778626E-02));
#7954 = ( GEOMETRIC_REPRESENTATION_CONTEXT(2) 
PARAMETRIC_REPRESENTATION_CONTEXT() REPRESENTATION_CONTEXT('2D SPACE',''
  ) );
#7955 = ORIENTED_EDGE('',*,*,#7956,.T.);
#7956 = EDGE_CURVE('',#7934,#336,#7957,.T.);
#7957 = SURFACE_CURVE('',#7958,(#7962,#7969),.PCURVE_S1.);
#7958 = LINE('',#7959,#7960);
#7959 = CARTESIAN_POINT('',(16.155473449707,-5.916728973389,
    9.099994277954));
#7960 = VECTOR('',#7961,1.);
#7961 = DIRECTION('',(2.389951121867E-03,0.999702600005,
    -2.426931554882E-02));
#7962 = PCURVE('',#7891,#7963);
#7963 = DEFINITIONAL_REPRESENTATION('',(#7964),#7968);
#7964 = LINE('',#7965,#7966);
#7965 = CARTESIAN_POINT('',(-0.215619062867,5.845441413284));
#7966 = VECTOR('',#7967,1.);
#7967 = DIRECTION('',(2.438670833821E-02,-0.999702600005));
#7968 = ( GEOMETRIC_REPRESENTATION_CONTEXT(2) 
PARAMETRIC_REPRESENTATION_CONTEXT() REPRESENTATION_CONTEXT('2D SPACE',''
  ) );
#7969 = PCURVE('',#379,#7970);
#7970 = DEFINITIONAL_REPRESENTATION('',(#7971),#7975);
#7971 = LINE('',#7972,#7973);
#7972 = CARTESIAN_POINT('',(-7.304630167864E-02,5.988014163037));
#7973 = VECTOR('',#7974,1.);
#7974 = DIRECTION('',(2.438670833821E-02,-0.999702600005));
#7975 = ( GEOMETRIC_REPRESENTATION_CONTEXT(2) 
PARAMETRIC_REPRESENTATION_CONTEXT() REPRESENTATION_CONTEXT('2D SPACE',''
  ) );
#7976 = ADVANCED_FACE('',(#7977),#379,.T.);
#7977 = FACE_BOUND('',#7978,.T.);
#7978 = EDGE_LOOP('',(#7979,#7980,#8006));
#7979 = ORIENTED_EDGE('',*,*,#7956,.F.);
#7980 = ORIENTED_EDGE('',*,*,#7981,.T.);
#7981 = EDGE_CURVE('',#7934,#364,#7982,.T.);
#7982 = SURFACE_CURVE('',#7983,(#7987,#7994),.PCURVE_S1.);
#7983 = LINE('',#7984,#7985);
#7984 = CARTESIAN_POINT('',(16.155473449707,-5.916728973389,
    9.099994277954));
#7985 = VECTOR('',#7986,1.);
#7986 = DIRECTION('',(0.,1.,0.));
#7987 = PCURVE('',#379,#7988);
#7988 = DEFINITIONAL_REPRESENTATION('',(#7989),#7993);
#7989 = LINE('',#7990,#7991);
#7990 = CARTESIAN_POINT('',(-7.304630167864E-02,5.988014163037));
#7991 = VECTOR('',#7992,1.);
#7992 = DIRECTION('',(0.,-1.));
#7993 = ( GEOMETRIC_REPRESENTATION_CONTEXT(2) 
PARAMETRIC_REPRESENTATION_CONTEXT() REPRESENTATION_CONTEXT('2D SPACE',''
  ) );
#7994 = PCURVE('',#7995,#8000);
#7995 = PLANE('',#7996);
#7996 = AXIS2_PLACEMENT_3D('',#7997,#7998,#7999);
#7997 = CARTESIAN_POINT('',(16.162632148135,-7.128709699742E-02,
    9.172688949188));
#7998 = DIRECTION('',(-0.995186197835,-0.,9.800220221286E-02));
#7999 = DIRECTION('',(-9.800220221286E-02,0.,-0.995186197835));
#8000 = DEFINITIONAL_REPRESENTATION('',(#8001),#8005);
#8001 = LINE('',#8002,#8003);
#8002 = CARTESIAN_POINT('',(7.304630167865E-02,5.845441876391));
#8003 = VECTOR('',#8004,1.);
#8004 = DIRECTION('',(0.,-1.));
#8005 = ( GEOMETRIC_REPRESENTATION_CONTEXT(2) 
PARAMETRIC_REPRESENTATION_CONTEXT() REPRESENTATION_CONTEXT('2D SPACE',''
  ) );
#8006 = ORIENTED_EDGE('',*,*,#363,.T.);
#8007 = ADVANCED_FACE('',(#8008),#7995,.T.);
#8008 = FACE_BOUND('',#8009,.T.);
#8009 = EDGE_LOOP('',(#8010,#8011,#8034));
#8010 = ORIENTED_EDGE('',*,*,#7981,.F.);
#8011 = ORIENTED_EDGE('',*,*,#8012,.T.);
#8012 = EDGE_CURVE('',#7934,#8013,#8015,.T.);
#8013 = VERTEX_POINT('',#8014);
#8014 = CARTESIAN_POINT('',(16.183763244629,-5.916728973389,
    9.387269592285));
#8015 = SURFACE_CURVE('',#8016,(#8020,#8027),.PCURVE_S1.);
#8016 = LINE('',#8017,#8018);
#8017 = CARTESIAN_POINT('',(16.155473449707,-5.916728973389,
    9.099994277954));
#8018 = VECTOR('',#8019,1.);
#8019 = DIRECTION('',(9.800220221286E-02,0.,0.995186197835));
#8020 = PCURVE('',#7995,#8021);
#8021 = DEFINITIONAL_REPRESENTATION('',(#8022),#8026);
#8022 = LINE('',#8023,#8024);
#8023 = CARTESIAN_POINT('',(7.304630167865E-02,5.845441876391));
#8024 = VECTOR('',#8025,1.);
#8025 = DIRECTION('',(-1.,0.));
#8026 = ( GEOMETRIC_REPRESENTATION_CONTEXT(2) 
PARAMETRIC_REPRESENTATION_CONTEXT() REPRESENTATION_CONTEXT('2D SPACE',''
  ) );
#8027 = PCURVE('',#100,#8028);
#8028 = DEFINITIONAL_REPRESENTATION('',(#8029),#8033);
#8029 = LINE('',#8030,#8031);
#8030 = CARTESIAN_POINT('',(1.423438360764,-1.755667226245));
#8031 = VECTOR('',#8032,1.);
#8032 = DIRECTION('',(-0.995186197835,9.800220221286E-02));
#8033 = ( GEOMETRIC_REPRESENTATION_CONTEXT(2) 
PARAMETRIC_REPRESENTATION_CONTEXT() REPRESENTATION_CONTEXT('2D SPACE',''
  ) );
#8034 = ORIENTED_EDGE('',*,*,#8035,.T.);
#8035 = EDGE_CURVE('',#8013,#364,#8036,.T.);
#8036 = SURFACE_CURVE('',#8037,(#8041,#8048),.PCURVE_S1.);
#8037 = LINE('',#8038,#8039);
#8038 = CARTESIAN_POINT('',(16.183763244629,-5.916728973389,
    9.387269592285));
#8039 = VECTOR('',#8040,1.);
#8040 = DIRECTION('',(-2.389951121867E-03,0.999702600005,
    -2.426931554882E-02));
#8041 = PCURVE('',#7995,#8042);
#8042 = DEFINITIONAL_REPRESENTATION('',(#8043),#8047);
#8043 = LINE('',#8044,#8045);
#8044 = CARTESIAN_POINT('',(-0.215618588325,5.845441876391));
#8045 = VECTOR('',#8046,1.);
#8046 = DIRECTION('',(2.438670833821E-02,-0.999702600005));
#8047 = ( GEOMETRIC_REPRESENTATION_CONTEXT(2) 
PARAMETRIC_REPRESENTATION_CONTEXT() REPRESENTATION_CONTEXT('2D SPACE',''
  ) );
#8048 = PCURVE('',#407,#8049);
#8049 = DEFINITIONAL_REPRESENTATION('',(#8050),#8054);
#8050 = LINE('',#8051,#8052);
#8051 = CARTESIAN_POINT('',(-7.304582713681E-02,5.988014626144));
#8052 = VECTOR('',#8053,1.);
#8053 = DIRECTION('',(2.438670833821E-02,-0.999702600005));
#8054 = ( GEOMETRIC_REPRESENTATION_CONTEXT(2) 
PARAMETRIC_REPRESENTATION_CONTEXT() REPRESENTATION_CONTEXT('2D SPACE',''
  ) );
#8055 = ADVANCED_FACE('',(#8056),#407,.T.);
#8056 = FACE_BOUND('',#8057,.T.);
#8057 = EDGE_LOOP('',(#8058,#8059,#8085));
#8058 = ORIENTED_EDGE('',*,*,#8035,.F.);
#8059 = ORIENTED_EDGE('',*,*,#8060,.T.);
#8060 = EDGE_CURVE('',#8013,#392,#8061,.T.);
#8061 = SURFACE_CURVE('',#8062,(#8066,#8073),.PCURVE_S1.);
#8062 = LINE('',#8063,#8064);
#8063 = CARTESIAN_POINT('',(16.183763244629,-5.916728973389,
    9.387269592285));
#8064 = VECTOR('',#8065,1.);
#8065 = DIRECTION('',(0.,1.,1.611827201164E-07));
#8066 = PCURVE('',#407,#8067);
#8067 = DEFINITIONAL_REPRESENTATION('',(#8068),#8072);
#8068 = LINE('',#8069,#8070);
#8069 = CARTESIAN_POINT('',(-7.304582713681E-02,5.988014626144));
#8070 = VECTOR('',#8071,1.);
#8071 = DIRECTION('',(-1.604068286181E-07,-1.));
#8072 = ( GEOMETRIC_REPRESENTATION_CONTEXT(2) 
PARAMETRIC_REPRESENTATION_CONTEXT() REPRESENTATION_CONTEXT('2D SPACE',''
  ) );
#8073 = PCURVE('',#8074,#8079);
#8074 = PLANE('',#8075);
#8075 = AXIS2_PLACEMENT_3D('',#8076,#8077,#8078);
#8076 = CARTESIAN_POINT('',(16.204967125689,-7.128756398441E-02,
    9.457172102488));
#8077 = DIRECTION('',(-0.95694234276,-4.678780744465E-08,0.290278060887)
  );
#8078 = DIRECTION('',(-0.290278060887,-1.654361225106E-24,-0.95694234276
    ));
#8079 = DEFINITIONAL_REPRESENTATION('',(#8080),#8084);
#8080 = LINE('',#8081,#8082);
#8081 = CARTESIAN_POINT('',(7.304769335601E-02,5.845441409404));
#8082 = VECTOR('',#8083,1.);
#8083 = DIRECTION('',(-1.542425698006E-07,-1.));
#8084 = ( GEOMETRIC_REPRESENTATION_CONTEXT(2) 
PARAMETRIC_REPRESENTATION_CONTEXT() REPRESENTATION_CONTEXT('2D SPACE',''
  ) );
#8085 = ORIENTED_EDGE('',*,*,#391,.T.);
#8086 = ADVANCED_FACE('',(#8087),#8074,.T.);
#8087 = FACE_BOUND('',#8088,.T.);
#8088 = EDGE_LOOP('',(#8089,#8090,#8113));
#8089 = ORIENTED_EDGE('',*,*,#8060,.F.);
#8090 = ORIENTED_EDGE('',*,*,#8091,.T.);
#8091 = EDGE_CURVE('',#8013,#8092,#8094,.T.);
#8092 = VERTEX_POINT('',#8093);
#8093 = CARTESIAN_POINT('',(16.267556884766,-5.916728973389,
    9.663507080078));
#8094 = SURFACE_CURVE('',#8095,(#8099,#8106),.PCURVE_S1.);
#8095 = LINE('',#8096,#8097);
#8096 = CARTESIAN_POINT('',(16.183763244629,-5.916728973389,
    9.387269592285));
#8097 = VECTOR('',#8098,1.);
#8098 = DIRECTION('',(0.290278060887,0.,0.95694234276));
#8099 = PCURVE('',#8074,#8100);
#8100 = DEFINITIONAL_REPRESENTATION('',(#8101),#8105);
#8101 = LINE('',#8102,#8103);
#8102 = CARTESIAN_POINT('',(7.304769335601E-02,5.845441409404));
#8103 = VECTOR('',#8104,1.);
#8104 = DIRECTION('',(-1.,4.963083675318E-24));
#8105 = ( GEOMETRIC_REPRESENTATION_CONTEXT(2) 
PARAMETRIC_REPRESENTATION_CONTEXT() REPRESENTATION_CONTEXT('2D SPACE',''
  ) );
#8106 = PCURVE('',#100,#8107);
#8107 = DEFINITIONAL_REPRESENTATION('',(#8108),#8112);
#8108 = LINE('',#8109,#8110);
#8109 = CARTESIAN_POINT('',(1.136163046433,-1.727377431323));
#8110 = VECTOR('',#8111,1.);
#8111 = DIRECTION('',(-0.95694234276,0.290278060887));
#8112 = ( GEOMETRIC_REPRESENTATION_CONTEXT(2) 
PARAMETRIC_REPRESENTATION_CONTEXT() REPRESENTATION_CONTEXT('2D SPACE',''
  ) );
#8113 = ORIENTED_EDGE('',*,*,#8114,.T.);
#8114 = EDGE_CURVE('',#8092,#392,#8115,.T.);
#8115 = SURFACE_CURVE('',#8116,(#8120,#8127),.PCURVE_S1.);
#8116 = LINE('',#8117,#8118);
#8117 = CARTESIAN_POINT('',(16.267556884766,-5.916728973389,
    9.663507080078));
#8118 = VECTOR('',#8119,1.);
#8119 = DIRECTION('',(-7.078973345918E-03,0.999702599822,
    -2.333666741258E-02));
#8120 = PCURVE('',#8074,#8121);
#8121 = DEFINITIONAL_REPRESENTATION('',(#8122),#8126);
#8122 = LINE('',#8123,#8124);
#8123 = CARTESIAN_POINT('',(-0.215619110744,5.845441409404));
#8124 = VECTOR('',#8125,1.);
#8125 = DIRECTION('',(2.438671584193E-02,-0.999702599822));
#8126 = ( GEOMETRIC_REPRESENTATION_CONTEXT(2) 
PARAMETRIC_REPRESENTATION_CONTEXT() REPRESENTATION_CONTEXT('2D SPACE',''
  ) );
#8127 = PCURVE('',#435,#8128);
#8128 = DEFINITIONAL_REPRESENTATION('',(#8129),#8133);
#8129 = LINE('',#8130,#8131);
#8130 = CARTESIAN_POINT('',(-7.304632443918E-02,5.988014184714));
#8131 = VECTOR('',#8132,1.);
#8132 = DIRECTION('',(2.438671584198E-02,-0.999702599822));
#8133 = ( GEOMETRIC_REPRESENTATION_CONTEXT(2) 
PARAMETRIC_REPRESENTATION_CONTEXT() REPRESENTATION_CONTEXT('2D SPACE',''
  ) );
#8134 = ADVANCED_FACE('',(#8135),#435,.T.);
#8135 = FACE_BOUND('',#8136,.T.);
#8136 = EDGE_LOOP('',(#8137,#8138,#8164));
#8137 = ORIENTED_EDGE('',*,*,#8114,.F.);
#8138 = ORIENTED_EDGE('',*,*,#8139,.T.);
#8139 = EDGE_CURVE('',#8092,#420,#8140,.T.);
#8140 = SURFACE_CURVE('',#8141,(#8145,#8152),.PCURVE_S1.);
#8141 = LINE('',#8142,#8143);
#8142 = CARTESIAN_POINT('',(16.267556884766,-5.916728973389,
    9.663507080078));
#8143 = VECTOR('',#8144,1.);
#8144 = DIRECTION('',(0.,1.,0.));
#8145 = PCURVE('',#435,#8146);
#8146 = DEFINITIONAL_REPRESENTATION('',(#8147),#8151);
#8147 = LINE('',#8148,#8149);
#8148 = CARTESIAN_POINT('',(-7.304632443918E-02,5.988014184714));
#8149 = VECTOR('',#8150,1.);
#8150 = DIRECTION('',(0.,-1.));
#8151 = ( GEOMETRIC_REPRESENTATION_CONTEXT(2) 
PARAMETRIC_REPRESENTATION_CONTEXT() REPRESENTATION_CONTEXT('2D SPACE',''
  ) );
#8152 = PCURVE('',#8153,#8158);
#8153 = PLANE('',#8154);
#8154 = AXIS2_PLACEMENT_3D('',#8155,#8156,#8157);
#8155 = CARTESIAN_POINT('',(16.301991229403,-7.128731465087E-02,
    9.727928128545));
#8156 = DIRECTION('',(-0.881917981303,-0.,0.47140287892));
#8157 = DIRECTION('',(-0.47140287892,0.,-0.881917981303));
#8158 = DEFINITIONAL_REPRESENTATION('',(#8159),#8163);
#8159 = LINE('',#8160,#8161);
#8160 = CARTESIAN_POINT('',(7.304653021317E-02,5.845441658738));
#8161 = VECTOR('',#8162,1.);
#8162 = DIRECTION('',(0.,-1.));
#8163 = ( GEOMETRIC_REPRESENTATION_CONTEXT(2) 
PARAMETRIC_REPRESENTATION_CONTEXT() REPRESENTATION_CONTEXT('2D SPACE',''
  ) );
#8164 = ORIENTED_EDGE('',*,*,#419,.T.);
#8165 = ADVANCED_FACE('',(#8166),#8153,.T.);
#8166 = FACE_BOUND('',#8167,.T.);
#8167 = EDGE_LOOP('',(#8168,#8169,#8192));
#8168 = ORIENTED_EDGE('',*,*,#8139,.F.);
#8169 = ORIENTED_EDGE('',*,*,#8170,.T.);
#8170 = EDGE_CURVE('',#8092,#8171,#8173,.T.);
#8171 = VERTEX_POINT('',#8172);
#8172 = CARTESIAN_POINT('',(16.403634765625,-5.916728973389,
    9.918086624146));
#8173 = SURFACE_CURVE('',#8174,(#8178,#8185),.PCURVE_S1.);
#8174 = LINE('',#8175,#8176);
#8175 = CARTESIAN_POINT('',(16.267556884766,-5.916728973389,
    9.663507080078));
#8176 = VECTOR('',#8177,1.);
#8177 = DIRECTION('',(0.47140287892,0.,0.881917981303));
#8178 = PCURVE('',#8153,#8179);
#8179 = DEFINITIONAL_REPRESENTATION('',(#8180),#8184);
#8180 = LINE('',#8181,#8182);
#8181 = CARTESIAN_POINT('',(7.304653021317E-02,5.845441658738));
#8182 = VECTOR('',#8183,1.);
#8183 = DIRECTION('',(-1.,0.));
#8184 = ( GEOMETRIC_REPRESENTATION_CONTEXT(2) 
PARAMETRIC_REPRESENTATION_CONTEXT() REPRESENTATION_CONTEXT('2D SPACE',''
  ) );
#8185 = PCURVE('',#100,#8186);
#8186 = DEFINITIONAL_REPRESENTATION('',(#8187),#8191);
#8187 = LINE('',#8188,#8189);
#8188 = CARTESIAN_POINT('',(0.85992555864,-1.643583791186));
#8189 = VECTOR('',#8190,1.);
#8190 = DIRECTION('',(-0.881917981303,0.47140287892));
#8191 = ( GEOMETRIC_REPRESENTATION_CONTEXT(2) 
PARAMETRIC_REPRESENTATION_CONTEXT() REPRESENTATION_CONTEXT('2D SPACE',''
  ) );
#8192 = ORIENTED_EDGE('',*,*,#8193,.T.);
#8193 = EDGE_CURVE('',#8171,#420,#8194,.T.);
#8194 = SURFACE_CURVE('',#8195,(#8199,#8206),.PCURVE_S1.);
#8195 = LINE('',#8196,#8197);
#8196 = CARTESIAN_POINT('',(16.403634765625,-5.916728973389,
    9.918086624146));
#8197 = VECTOR('',#8198,1.);
#8198 = DIRECTION('',(-1.14960000354E-02,0.999702598167,
    -2.15071430355E-02));
#8199 = PCURVE('',#8153,#8200);
#8200 = DEFINITIONAL_REPRESENTATION('',(#8201),#8205);
#8201 = LINE('',#8202,#8203);
#8202 = CARTESIAN_POINT('',(-0.215619252166,5.845441658738));
#8203 = VECTOR('',#8204,1.);
#8204 = DIRECTION('',(2.438678368222E-02,-0.999702598167));
#8205 = ( GEOMETRIC_REPRESENTATION_CONTEXT(2) 
PARAMETRIC_REPRESENTATION_CONTEXT() REPRESENTATION_CONTEXT('2D SPACE',''
  ) );
#8206 = PCURVE('',#463,#8207);
#8207 = DEFINITIONAL_REPRESENTATION('',(#8208),#8212);
#8208 = LINE('',#8209,#8210);
#8209 = CARTESIAN_POINT('',(-7.304610968082E-02,5.988014791089));
#8210 = VECTOR('',#8211,1.);
#8211 = DIRECTION('',(2.43867836821E-02,-0.999702598167));
#8212 = ( GEOMETRIC_REPRESENTATION_CONTEXT(2) 
PARAMETRIC_REPRESENTATION_CONTEXT() REPRESENTATION_CONTEXT('2D SPACE',''
  ) );
#8213 = ADVANCED_FACE('',(#8214),#463,.T.);
#8214 = FACE_BOUND('',#8215,.T.);
#8215 = EDGE_LOOP('',(#8216,#8217,#8243));
#8216 = ORIENTED_EDGE('',*,*,#8193,.F.);
#8217 = ORIENTED_EDGE('',*,*,#8218,.T.);
#8218 = EDGE_CURVE('',#8171,#448,#8219,.T.);
#8219 = SURFACE_CURVE('',#8220,(#8224,#8231),.PCURVE_S1.);
#8220 = LINE('',#8221,#8222);
#8221 = CARTESIAN_POINT('',(16.403634765625,-5.916728973389,
    9.918086624146));
#8222 = VECTOR('',#8223,1.);
#8223 = DIRECTION('',(0.,1.,1.611827201164E-07));
#8224 = PCURVE('',#463,#8225);
#8225 = DEFINITIONAL_REPRESENTATION('',(#8226),#8230);
#8226 = LINE('',#8227,#8228);
#8227 = CARTESIAN_POINT('',(-7.304610968082E-02,5.988014791089));
#8228 = VECTOR('',#8229,1.);
#8229 = DIRECTION('',(-1.421501758109E-07,-1.));
#8230 = ( GEOMETRIC_REPRESENTATION_CONTEXT(2) 
PARAMETRIC_REPRESENTATION_CONTEXT() REPRESENTATION_CONTEXT('2D SPACE',''
  ) );
#8231 = PCURVE('',#8232,#8237);
#8232 = PLANE('',#8233);
#8233 = AXIS2_PLACEMENT_3D('',#8234,#8235,#8236);
#8234 = CARTESIAN_POINT('',(16.449975179084,-7.12876070188E-02,
    9.974553542572));
#8235 = DIRECTION('',(-0.773010558404,-1.022532145329E-07,0.63439315617)
  );
#8236 = DIRECTION('',(-0.63439315617,-6.617444900424E-24,-0.773010558404
    ));
#8237 = DEFINITIONAL_REPRESENTATION('',(#8238),#8242);
#8238 = LINE('',#8239,#8240);
#8239 = CARTESIAN_POINT('',(7.304756529638E-02,5.84544136637));
#8240 = VECTOR('',#8241,1.);
#8241 = DIRECTION('',(-1.245959444823E-07,-1.));
#8242 = ( GEOMETRIC_REPRESENTATION_CONTEXT(2) 
PARAMETRIC_REPRESENTATION_CONTEXT() REPRESENTATION_CONTEXT('2D SPACE',''
  ) );
#8243 = ORIENTED_EDGE('',*,*,#447,.T.);
#8244 = ADVANCED_FACE('',(#8245),#8232,.T.);
#8245 = FACE_BOUND('',#8246,.T.);
#8246 = EDGE_LOOP('',(#8247,#8248,#8271));
#8247 = ORIENTED_EDGE('',*,*,#8218,.F.);
#8248 = ORIENTED_EDGE('',*,*,#8249,.T.);
#8249 = EDGE_CURVE('',#8171,#8250,#8252,.T.);
#8250 = VERTEX_POINT('',#8251);
#8251 = CARTESIAN_POINT('',(16.586763122559,-5.916728973389,
    10.141229248047));
#8252 = SURFACE_CURVE('',#8253,(#8257,#8264),.PCURVE_S1.);
#8253 = LINE('',#8254,#8255);
#8254 = CARTESIAN_POINT('',(16.403634765625,-5.916728973389,
    9.918086624146));
#8255 = VECTOR('',#8256,1.);
#8256 = DIRECTION('',(0.63439315617,0.,0.773010558404));
#8257 = PCURVE('',#8232,#8258);
#8258 = DEFINITIONAL_REPRESENTATION('',(#8259),#8263);
#8259 = LINE('',#8260,#8261);
#8260 = CARTESIAN_POINT('',(7.304756529638E-02,5.84544136637));
#8261 = VECTOR('',#8262,1.);
#8262 = DIRECTION('',(-1.,-1.323488980085E-23));
#8263 = ( GEOMETRIC_REPRESENTATION_CONTEXT(2) 
PARAMETRIC_REPRESENTATION_CONTEXT() REPRESENTATION_CONTEXT('2D SPACE',''
  ) );
#8264 = PCURVE('',#100,#8265);
#8265 = DEFINITIONAL_REPRESENTATION('',(#8266),#8270);
#8266 = LINE('',#8267,#8268);
#8267 = CARTESIAN_POINT('',(0.605346014573,-1.507505910327));
#8268 = VECTOR('',#8269,1.);
#8269 = DIRECTION('',(-0.773010558404,0.63439315617));
#8270 = ( GEOMETRIC_REPRESENTATION_CONTEXT(2) 
PARAMETRIC_REPRESENTATION_CONTEXT() REPRESENTATION_CONTEXT('2D SPACE',''
  ) );
#8271 = ORIENTED_EDGE('',*,*,#8272,.T.);
#8272 = EDGE_CURVE('',#8250,#448,#8273,.T.);
#8273 = SURFACE_CURVE('',#8274,(#8278,#8285),.PCURVE_S1.);
#8274 = LINE('',#8275,#8276);
#8275 = CARTESIAN_POINT('',(16.586763122559,-5.916728973389,
    10.141229248047));
#8276 = VECTOR('',#8277,1.);
#8277 = DIRECTION('',(-1.547087289788E-02,0.999702598736,
    -1.885115840024E-02));
#8278 = PCURVE('',#8232,#8279);
#8279 = DEFINITIONAL_REPRESENTATION('',(#8280),#8284);
#8280 = LINE('',#8281,#8282);
#8281 = CARTESIAN_POINT('',(-0.215619415349,5.84544136637));
#8282 = VECTOR('',#8283,1.);
#8283 = DIRECTION('',(2.438676036793E-02,-0.999702598736));
#8284 = ( GEOMETRIC_REPRESENTATION_CONTEXT(2) 
PARAMETRIC_REPRESENTATION_CONTEXT() REPRESENTATION_CONTEXT('2D SPACE',''
  ) );
#8285 = PCURVE('',#491,#8286);
#8286 = DEFINITIONAL_REPRESENTATION('',(#8287),#8291);
#8287 = LINE('',#8288,#8289);
#8288 = CARTESIAN_POINT('',(-7.304645949657E-02,5.988014313341));
#8289 = VECTOR('',#8290,1.);
#8290 = DIRECTION('',(2.438676036814E-02,-0.999702598736));
#8291 = ( GEOMETRIC_REPRESENTATION_CONTEXT(2) 
PARAMETRIC_REPRESENTATION_CONTEXT() REPRESENTATION_CONTEXT('2D SPACE',''
  ) );
#8292 = ADVANCED_FACE('',(#8293),#491,.T.);
#8293 = FACE_BOUND('',#8294,.T.);
#8294 = EDGE_LOOP('',(#8295,#8296,#8317));
#8295 = ORIENTED_EDGE('',*,*,#8272,.F.);
#8296 = ORIENTED_EDGE('',*,*,#8297,.T.);
#8297 = EDGE_CURVE('',#8250,#476,#8298,.T.);
#8298 = SURFACE_CURVE('',#8299,(#8303,#8310),.PCURVE_S1.);
#8299 = LINE('',#8300,#8301);
#8300 = CARTESIAN_POINT('',(16.586763122559,-5.916728973389,
    10.141229248047));
#8301 = VECTOR('',#8302,1.);
#8302 = DIRECTION('',(0.,1.,0.));
#8303 = PCURVE('',#491,#8304);
#8304 = DEFINITIONAL_REPRESENTATION('',(#8305),#8309);
#8305 = LINE('',#8306,#8307);
#8306 = CARTESIAN_POINT('',(-7.304645949657E-02,5.988014313341));
#8307 = VECTOR('',#8308,1.);
#8308 = DIRECTION('',(0.,-1.));
#8309 = ( GEOMETRIC_REPRESENTATION_CONTEXT(2) 
PARAMETRIC_REPRESENTATION_CONTEXT() REPRESENTATION_CONTEXT('2D SPACE',''
  ) );
#8310 = PCURVE('',#519,#8311);
#8311 = DEFINITIONAL_REPRESENTATION('',(#8312),#8316);
#8312 = LINE('',#8313,#8314);
#8313 = CARTESIAN_POINT('',(-7.304721467491E-02,-5.845441006865));
#8314 = VECTOR('',#8315,1.);
#8315 = DIRECTION('',(0.,1.));
#8316 = ( GEOMETRIC_REPRESENTATION_CONTEXT(2) 
PARAMETRIC_REPRESENTATION_CONTEXT() REPRESENTATION_CONTEXT('2D SPACE',''
  ) );
#8317 = ORIENTED_EDGE('',*,*,#475,.T.);
#8318 = ADVANCED_FACE('',(#8319),#519,.T.);
#8319 = FACE_BOUND('',#8320,.T.);
#8320 = EDGE_LOOP('',(#8321,#8322,#8345,#8366));
#8321 = ORIENTED_EDGE('',*,*,#8297,.F.);
#8322 = ORIENTED_EDGE('',*,*,#8323,.T.);
#8323 = EDGE_CURVE('',#8250,#8324,#8326,.T.);
#8324 = VERTEX_POINT('',#8325);
#8325 = CARTESIAN_POINT('',(16.809907653809,-5.916728973389,
    10.32435760498));
#8326 = SURFACE_CURVE('',#8327,(#8331,#8338),.PCURVE_S1.);
#8327 = LINE('',#8328,#8329);
#8328 = CARTESIAN_POINT('',(16.586763122559,-5.916728973389,
    10.141229248047));
#8329 = VECTOR('',#8330,1.);
#8330 = DIRECTION('',(0.773013217577,0.,0.634389915943));
#8331 = PCURVE('',#519,#8332);
#8332 = DEFINITIONAL_REPRESENTATION('',(#8333),#8337);
#8333 = LINE('',#8334,#8335);
#8334 = CARTESIAN_POINT('',(-7.304721467491E-02,-5.845441006865));
#8335 = VECTOR('',#8336,1.);
#8336 = DIRECTION('',(1.,0.));
#8337 = ( GEOMETRIC_REPRESENTATION_CONTEXT(2) 
PARAMETRIC_REPRESENTATION_CONTEXT() REPRESENTATION_CONTEXT('2D SPACE',''
  ) );
#8338 = PCURVE('',#100,#8339);
#8339 = DEFINITIONAL_REPRESENTATION('',(#8340),#8344);
#8340 = LINE('',#8341,#8342);
#8341 = CARTESIAN_POINT('',(0.382203390671,-1.324377553393));
#8342 = VECTOR('',#8343,1.);
#8343 = DIRECTION('',(-0.634389915943,0.773013217577));
#8344 = ( GEOMETRIC_REPRESENTATION_CONTEXT(2) 
PARAMETRIC_REPRESENTATION_CONTEXT() REPRESENTATION_CONTEXT('2D SPACE',''
  ) );
#8345 = ORIENTED_EDGE('',*,*,#8346,.T.);
#8346 = EDGE_CURVE('',#8324,#504,#8347,.T.);
#8347 = SURFACE_CURVE('',#8348,(#8352,#8359),.PCURVE_S1.);
#8348 = LINE('',#8349,#8350);
#8349 = CARTESIAN_POINT('',(16.809907653809,-5.916728973389,
    10.32435760498));
#8350 = VECTOR('',#8351,1.);
#8351 = DIRECTION('',(0.,1.,0.));
#8352 = PCURVE('',#519,#8353);
#8353 = DEFINITIONAL_REPRESENTATION('',(#8354),#8358);
#8354 = LINE('',#8355,#8356);
#8355 = CARTESIAN_POINT('',(0.215621240373,-5.845441006865));
#8356 = VECTOR('',#8357,1.);
#8357 = DIRECTION('',(0.,1.));
#8358 = ( GEOMETRIC_REPRESENTATION_CONTEXT(2) 
PARAMETRIC_REPRESENTATION_CONTEXT() REPRESENTATION_CONTEXT('2D SPACE',''
  ) );
#8359 = PCURVE('',#547,#8360);
#8360 = DEFINITIONAL_REPRESENTATION('',(#8361),#8365);
#8361 = LINE('',#8362,#8363);
#8362 = CARTESIAN_POINT('',(-7.304586916271E-02,-5.845442288314));
#8363 = VECTOR('',#8364,1.);
#8364 = DIRECTION('',(0.,1.));
#8365 = ( GEOMETRIC_REPRESENTATION_CONTEXT(2) 
PARAMETRIC_REPRESENTATION_CONTEXT() REPRESENTATION_CONTEXT('2D SPACE',''
  ) );
#8366 = ORIENTED_EDGE('',*,*,#503,.T.);
#8367 = ADVANCED_FACE('',(#8368),#547,.T.);
#8368 = FACE_BOUND('',#8369,.T.);
#8369 = EDGE_LOOP('',(#8370,#8371,#8394,#8415));
#8370 = ORIENTED_EDGE('',*,*,#8346,.F.);
#8371 = ORIENTED_EDGE('',*,*,#8372,.T.);
#8372 = EDGE_CURVE('',#8324,#8373,#8375,.T.);
#8373 = VERTEX_POINT('',#8374);
#8374 = CARTESIAN_POINT('',(17.064485290527,-5.916728973389,
    10.460433578491));
#8375 = SURFACE_CURVE('',#8376,(#8380,#8387),.PCURVE_S1.);
#8376 = LINE('',#8377,#8378);
#8377 = CARTESIAN_POINT('',(16.809907653809,-5.916728973389,
    10.32435760498));
#8378 = VECTOR('',#8379,1.);
#8379 = DIRECTION('',(0.881919259975,0.,0.471400486727));
#8380 = PCURVE('',#547,#8381);
#8381 = DEFINITIONAL_REPRESENTATION('',(#8382),#8386);
#8382 = LINE('',#8383,#8384);
#8383 = CARTESIAN_POINT('',(-7.304586916271E-02,-5.845442288314));
#8384 = VECTOR('',#8385,1.);
#8385 = DIRECTION('',(1.,0.));
#8386 = ( GEOMETRIC_REPRESENTATION_CONTEXT(2) 
PARAMETRIC_REPRESENTATION_CONTEXT() REPRESENTATION_CONTEXT('2D SPACE',''
  ) );
#8387 = PCURVE('',#100,#8388);
#8388 = DEFINITIONAL_REPRESENTATION('',(#8389),#8393);
#8389 = LINE('',#8390,#8391);
#8390 = CARTESIAN_POINT('',(0.199075033738,-1.101233022143));
#8391 = VECTOR('',#8392,1.);
#8392 = DIRECTION('',(-0.471400486727,0.881919259975));
#8393 = ( GEOMETRIC_REPRESENTATION_CONTEXT(2) 
PARAMETRIC_REPRESENTATION_CONTEXT() REPRESENTATION_CONTEXT('2D SPACE',''
  ) );
#8394 = ORIENTED_EDGE('',*,*,#8395,.T.);
#8395 = EDGE_CURVE('',#8373,#532,#8396,.T.);
#8396 = SURFACE_CURVE('',#8397,(#8401,#8408),.PCURVE_S1.);
#8397 = LINE('',#8398,#8399);
#8398 = CARTESIAN_POINT('',(17.064485290527,-5.916728973389,
    10.460433578491));
#8399 = VECTOR('',#8400,1.);
#8400 = DIRECTION('',(0.,1.,0.));
#8401 = PCURVE('',#547,#8402);
#8402 = DEFINITIONAL_REPRESENTATION('',(#8403),#8407);
#8403 = LINE('',#8404,#8405);
#8404 = CARTESIAN_POINT('',(0.215617331963,-5.845442288314));
#8405 = VECTOR('',#8406,1.);
#8406 = DIRECTION('',(0.,1.));
#8407 = ( GEOMETRIC_REPRESENTATION_CONTEXT(2) 
PARAMETRIC_REPRESENTATION_CONTEXT() REPRESENTATION_CONTEXT('2D SPACE',''
  ) );
#8408 = PCURVE('',#573,#8409);
#8409 = DEFINITIONAL_REPRESENTATION('',(#8410),#8414);
#8410 = LINE('',#8411,#8412);
#8411 = CARTESIAN_POINT('',(-7.30469336649E-02,-5.845441274495));
#8412 = VECTOR('',#8413,1.);
#8413 = DIRECTION('',(0.,1.));
#8414 = ( GEOMETRIC_REPRESENTATION_CONTEXT(2) 
PARAMETRIC_REPRESENTATION_CONTEXT() REPRESENTATION_CONTEXT('2D SPACE',''
  ) );
#8415 = ORIENTED_EDGE('',*,*,#531,.T.);
#8416 = ADVANCED_FACE('',(#8417),#573,.T.);
#8417 = FACE_BOUND('',#8418,.T.);
#8418 = EDGE_LOOP('',(#8419,#8420,#8443,#8464));
#8419 = ORIENTED_EDGE('',*,*,#8395,.F.);
#8420 = ORIENTED_EDGE('',*,*,#8421,.F.);
#8421 = EDGE_CURVE('',#8422,#8373,#8424,.T.);
#8422 = VERTEX_POINT('',#8423);
#8423 = CARTESIAN_POINT('',(17.34072277832,-5.916728973389,
    10.544229125977));
#8424 = SURFACE_CURVE('',#8425,(#8429,#8436),.PCURVE_S1.);
#8425 = LINE('',#8426,#8427);
#8426 = CARTESIAN_POINT('',(17.34072277832,-5.916728973389,
    10.544229125977));
#8427 = VECTOR('',#8428,1.);
#8428 = DIRECTION('',(-0.956940507334,0.,-0.290284111558));
#8429 = PCURVE('',#573,#8430);
#8430 = DEFINITIONAL_REPRESENTATION('',(#8431),#8435);
#8431 = LINE('',#8432,#8433);
#8432 = CARTESIAN_POINT('',(0.215620424103,-5.845441274495));
#8433 = VECTOR('',#8434,1.);
#8434 = DIRECTION('',(-1.,0.));
#8435 = ( GEOMETRIC_REPRESENTATION_CONTEXT(2) 
PARAMETRIC_REPRESENTATION_CONTEXT() REPRESENTATION_CONTEXT('2D SPACE',''
  ) );
#8436 = PCURVE('',#100,#8437);
#8437 = DEFINITIONAL_REPRESENTATION('',(#8438),#8442);
#8438 = LINE('',#8439,#8440);
#8439 = CARTESIAN_POINT('',(-2.079648725834E-02,-0.570417897632));
#8440 = VECTOR('',#8441,1.);
#8441 = DIRECTION('',(0.290284111558,-0.956940507334));
#8442 = ( GEOMETRIC_REPRESENTATION_CONTEXT(2) 
PARAMETRIC_REPRESENTATION_CONTEXT() REPRESENTATION_CONTEXT('2D SPACE',''
  ) );
#8443 = ORIENTED_EDGE('',*,*,#8444,.T.);
#8444 = EDGE_CURVE('',#8422,#170,#8445,.T.);
#8445 = SURFACE_CURVE('',#8446,(#8450,#8457),.PCURVE_S1.);
#8446 = LINE('',#8447,#8448);
#8447 = CARTESIAN_POINT('',(17.34072277832,-5.916728973389,
    10.544229125977));
#8448 = VECTOR('',#8449,1.);
#8449 = DIRECTION('',(0.,1.,0.));
#8450 = PCURVE('',#573,#8451);
#8451 = DEFINITIONAL_REPRESENTATION('',(#8452),#8456);
#8452 = LINE('',#8453,#8454);
#8453 = CARTESIAN_POINT('',(0.215620424103,-5.845441274495));
#8454 = VECTOR('',#8455,1.);
#8455 = DIRECTION('',(0.,1.));
#8456 = ( GEOMETRIC_REPRESENTATION_CONTEXT(2) 
PARAMETRIC_REPRESENTATION_CONTEXT() REPRESENTATION_CONTEXT('2D SPACE',''
  ) );
#8457 = PCURVE('',#185,#8458);
#8458 = DEFINITIONAL_REPRESENTATION('',(#8459),#8463);
#8459 = LINE('',#8460,#8461);
#8460 = CARTESIAN_POINT('',(-7.304688354016E-02,-5.845441322234));
#8461 = VECTOR('',#8462,1.);
#8462 = DIRECTION('',(0.,1.));
#8463 = ( GEOMETRIC_REPRESENTATION_CONTEXT(2) 
PARAMETRIC_REPRESENTATION_CONTEXT() REPRESENTATION_CONTEXT('2D SPACE',''
  ) );
#8464 = ORIENTED_EDGE('',*,*,#559,.T.);
#8465 = ADVANCED_FACE('',(#8466),#185,.T.);
#8466 = FACE_BOUND('',#8467,.T.);
#8467 = EDGE_LOOP('',(#8468,#8469,#8490));
#8468 = ORIENTED_EDGE('',*,*,#8444,.F.);
#8469 = ORIENTED_EDGE('',*,*,#8470,.F.);
#8470 = EDGE_CURVE('',#57,#8422,#8471,.T.);
#8471 = SURFACE_CURVE('',#8472,(#8476,#8483),.PCURVE_S1.);
#8472 = LINE('',#8473,#8474);
#8473 = CARTESIAN_POINT('',(17.628,-5.916728973389,10.572522735596));
#8474 = VECTOR('',#8475,1.);
#8475 = DIRECTION('',(-0.995184972366,0.,-9.801464572213E-02));
#8476 = PCURVE('',#185,#8477);
#8477 = DEFINITIONAL_REPRESENTATION('',(#8478),#8482);
#8478 = LINE('',#8479,#8480);
#8479 = CARTESIAN_POINT('',(0.215620278502,-5.845441322234));
#8480 = VECTOR('',#8481,1.);
#8481 = DIRECTION('',(-1.,0.));
#8482 = ( GEOMETRIC_REPRESENTATION_CONTEXT(2) 
PARAMETRIC_REPRESENTATION_CONTEXT() REPRESENTATION_CONTEXT('2D SPACE',''
  ) );
#8483 = PCURVE('',#100,#8484);
#8484 = DEFINITIONAL_REPRESENTATION('',(#8485),#8489);
#8485 = LINE('',#8486,#8487);
#8486 = CARTESIAN_POINT('',(-4.909009687749E-02,-0.283140675952));
#8487 = VECTOR('',#8488,1.);
#8488 = DIRECTION('',(9.801464572213E-02,-0.995184972366));
#8489 = ( GEOMETRIC_REPRESENTATION_CONTEXT(2) 
PARAMETRIC_REPRESENTATION_CONTEXT() REPRESENTATION_CONTEXT('2D SPACE',''
  ) );
#8490 = ORIENTED_EDGE('',*,*,#169,.T.);
#8491 = ADVANCED_FACE('',(#8492),#100,.T.);
#8492 = FACE_BOUND('',#8493,.T.);
#8493 = EDGE_LOOP('',(#8494,#8515,#8516,#8517,#8518,#8519,#8520,#8521,
    #8522,#8523,#8524,#8525,#8526,#8527));
#8494 = ORIENTED_EDGE('',*,*,#8495,.F.);
#8495 = EDGE_CURVE('',#85,#4366,#8496,.T.);
#8496 = SURFACE_CURVE('',#8497,(#8501,#8508),.PCURVE_S1.);
#8497 = LINE('',#8498,#8499);
#8498 = CARTESIAN_POINT('',(18.006717022085,-5.916728973389,
    10.549192047119));
#8499 = VECTOR('',#8500,1.);
#8500 = DIRECTION('',(-1.,0.,0.));
#8501 = PCURVE('',#100,#8502);
#8502 = DEFINITIONAL_REPRESENTATION('',(#8503),#8507);
#8503 = LINE('',#8504,#8505);
#8504 = CARTESIAN_POINT('',(-2.575940840092E-02,9.557634613328E-02));
#8505 = VECTOR('',#8506,1.);
#8506 = DIRECTION('',(0.,-1.));
#8507 = ( GEOMETRIC_REPRESENTATION_CONTEXT(2) 
PARAMETRIC_REPRESENTATION_CONTEXT() REPRESENTATION_CONTEXT('2D SPACE',''
  ) );
#8508 = PCURVE('',#128,#8509);
#8509 = DEFINITIONAL_REPRESENTATION('',(#8510),#8514);
#8510 = LINE('',#8511,#8512);
#8511 = CARTESIAN_POINT('',(-9.557634613328E-02,-1.216533047797));
#8512 = VECTOR('',#8513,1.);
#8513 = DIRECTION('',(-1.,0.));
#8514 = ( GEOMETRIC_REPRESENTATION_CONTEXT(2) 
PARAMETRIC_REPRESENTATION_CONTEXT() REPRESENTATION_CONTEXT('2D SPACE',''
  ) );
#8515 = ORIENTED_EDGE('',*,*,#84,.F.);
#8516 = ORIENTED_EDGE('',*,*,#8470,.T.);
#8517 = ORIENTED_EDGE('',*,*,#8421,.T.);
#8518 = ORIENTED_EDGE('',*,*,#8372,.F.);
#8519 = ORIENTED_EDGE('',*,*,#8323,.F.);
#8520 = ORIENTED_EDGE('',*,*,#8249,.F.);
#8521 = ORIENTED_EDGE('',*,*,#8170,.F.);
#8522 = ORIENTED_EDGE('',*,*,#8091,.F.);
#8523 = ORIENTED_EDGE('',*,*,#8012,.F.);
#8524 = ORIENTED_EDGE('',*,*,#7933,.F.);
#8525 = ORIENTED_EDGE('',*,*,#4486,.F.);
#8526 = ORIENTED_EDGE('',*,*,#4240,.F.);
#8527 = ORIENTED_EDGE('',*,*,#4388,.F.);
#8528 = ADVANCED_FACE('',(#8529),#128,.T.);
#8529 = FACE_BOUND('',#8530,.T.);
#8530 = EDGE_LOOP('',(#8531,#8552,#8553,#8554,#8555,#8556));
#8531 = ORIENTED_EDGE('',*,*,#8532,.F.);
#8532 = EDGE_CURVE('',#113,#4589,#8533,.T.);
#8533 = SURFACE_CURVE('',#8534,(#8538,#8545),.PCURVE_S1.);
#8534 = LINE('',#8535,#8536);
#8535 = CARTESIAN_POINT('',(17.628,-3.943599700928,10.549192047119));
#8536 = VECTOR('',#8537,1.);
#8537 = DIRECTION('',(1.,0.,0.));
#8538 = PCURVE('',#128,#8539);
#8539 = DEFINITIONAL_REPRESENTATION('',(#8540),#8544);
#8540 = LINE('',#8541,#8542);
#8541 = CARTESIAN_POINT('',(-0.474293368219,0.756596224664));
#8542 = VECTOR('',#8543,1.);
#8543 = DIRECTION('',(1.,0.));
#8544 = ( GEOMETRIC_REPRESENTATION_CONTEXT(2) 
PARAMETRIC_REPRESENTATION_CONTEXT() REPRESENTATION_CONTEXT('2D SPACE',''
  ) );
#8545 = PCURVE('',#154,#8546);
#8546 = DEFINITIONAL_REPRESENTATION('',(#8547),#8551);
#8547 = LINE('',#8548,#8549);
#8548 = CARTESIAN_POINT('',(5.150309705633,-0.382222795385));
#8549 = VECTOR('',#8550,1.);
#8550 = DIRECTION('',(0.,1.));
#8551 = ( GEOMETRIC_REPRESENTATION_CONTEXT(2) 
PARAMETRIC_REPRESENTATION_CONTEXT() REPRESENTATION_CONTEXT('2D SPACE',''
  ) );
#8552 = ORIENTED_EDGE('',*,*,#112,.T.);
#8553 = ORIENTED_EDGE('',*,*,#8495,.T.);
#8554 = ORIENTED_EDGE('',*,*,#4363,.F.);
#8555 = ORIENTED_EDGE('',*,*,#4562,.T.);
#8556 = ORIENTED_EDGE('',*,*,#4611,.F.);
#8557 = ADVANCED_FACE('',(#8558),#154,.T.);
#8558 = FACE_BOUND('',#8559,.T.);
#8559 = EDGE_LOOP('',(#8560,#8581,#8582,#8583,#8584,#8585,#8586,#8587,
    #8588,#8589,#8590,#8591,#8592,#8593,#8594,#8595,#8596,#8597,#8598,
    #8599,#8600,#8601,#8602,#8603,#8604,#8605,#8606,#8607,#8608,#8609,
    #8610,#8611,#8612,#8613,#8614,#8615,#8616,#8617,#8618,#8619,#8620,
    #8621,#8622,#8623,#8624,#8625,#8626,#8627,#8628,#8629,#8630,#8631,
    #8632,#8633,#8634,#8635,#8636,#8637,#8638,#8639,#8640,#8641,#8642,
    #8643,#8644,#8645,#8646,#8647,#8648,#8649));
#8560 = ORIENTED_EDGE('',*,*,#8561,.T.);
#8561 = EDGE_CURVE('',#4789,#22,#8562,.T.);
#8562 = SURFACE_CURVE('',#8563,(#8567,#8574),.PCURVE_S1.);
#8563 = LINE('',#8564,#8565);
#8564 = CARTESIAN_POINT('',(18.176908409192,-3.943599700928,
    10.518459628269));
#8565 = VECTOR('',#8566,1.);
#8566 = DIRECTION('',(-0.995184327839,0.,9.802118967098E-02));
#8567 = PCURVE('',#154,#8568);
#8568 = DEFINITIONAL_REPRESENTATION('',(#8569),#8573);
#8569 = LINE('',#8570,#8571);
#8570 = CARTESIAN_POINT('',(5.119577286783,0.166685613806));
#8571 = VECTOR('',#8572,1.);
#8572 = DIRECTION('',(9.802118967098E-02,-0.995184327839));
#8573 = ( GEOMETRIC_REPRESENTATION_CONTEXT(2) 
PARAMETRIC_REPRESENTATION_CONTEXT() REPRESENTATION_CONTEXT('2D SPACE',''
  ) );
#8574 = PCURVE('',#44,#8575);
#8575 = DEFINITIONAL_REPRESENTATION('',(#8576),#8580);
#8576 = LINE('',#8577,#8578);
#8577 = CARTESIAN_POINT('',(0.335944145727,-4.014885490333));
#8578 = VECTOR('',#8579,1.);
#8579 = DIRECTION('',(-1.,0.));
#8580 = ( GEOMETRIC_REPRESENTATION_CONTEXT(2) 
PARAMETRIC_REPRESENTATION_CONTEXT() REPRESENTATION_CONTEXT('2D SPACE',''
  ) );
#8581 = ORIENTED_EDGE('',*,*,#140,.T.);
#8582 = ORIENTED_EDGE('',*,*,#8532,.T.);
#8583 = ORIENTED_EDGE('',*,*,#4588,.T.);
#8584 = ORIENTED_EDGE('',*,*,#4763,.F.);
#8585 = ORIENTED_EDGE('',*,*,#4714,.F.);
#8586 = ORIENTED_EDGE('',*,*,#2635,.F.);
#8587 = ORIENTED_EDGE('',*,*,#4685,.T.);
#8588 = ORIENTED_EDGE('',*,*,#3028,.F.);
#8589 = ORIENTED_EDGE('',*,*,#3124,.F.);
#8590 = ORIENTED_EDGE('',*,*,#7628,.T.);
#8591 = ORIENTED_EDGE('',*,*,#7579,.T.);
#8592 = ORIENTED_EDGE('',*,*,#7530,.T.);
#8593 = ORIENTED_EDGE('',*,*,#7481,.T.);
#8594 = ORIENTED_EDGE('',*,*,#7432,.T.);
#8595 = ORIENTED_EDGE('',*,*,#7383,.T.);
#8596 = ORIENTED_EDGE('',*,*,#7334,.T.);
#8597 = ORIENTED_EDGE('',*,*,#7285,.T.);
#8598 = ORIENTED_EDGE('',*,*,#7236,.T.);
#8599 = ORIENTED_EDGE('',*,*,#7187,.T.);
#8600 = ORIENTED_EDGE('',*,*,#7138,.T.);
#8601 = ORIENTED_EDGE('',*,*,#7089,.T.);
#8602 = ORIENTED_EDGE('',*,*,#7040,.T.);
#8603 = ORIENTED_EDGE('',*,*,#6991,.T.);
#8604 = ORIENTED_EDGE('',*,*,#6942,.T.);
#8605 = ORIENTED_EDGE('',*,*,#6893,.T.);
#8606 = ORIENTED_EDGE('',*,*,#6868,.T.);
#8607 = ORIENTED_EDGE('',*,*,#6795,.T.);
#8608 = ORIENTED_EDGE('',*,*,#6746,.T.);
#8609 = ORIENTED_EDGE('',*,*,#6697,.T.);
#8610 = ORIENTED_EDGE('',*,*,#6648,.T.);
#8611 = ORIENTED_EDGE('',*,*,#6599,.T.);
#8612 = ORIENTED_EDGE('',*,*,#6550,.T.);
#8613 = ORIENTED_EDGE('',*,*,#6479,.T.);
#8614 = ORIENTED_EDGE('',*,*,#4314,.T.);
#8615 = ORIENTED_EDGE('',*,*,#7907,.T.);
#8616 = ORIENTED_EDGE('',*,*,#6428,.T.);
#8617 = ORIENTED_EDGE('',*,*,#6379,.T.);
#8618 = ORIENTED_EDGE('',*,*,#6330,.T.);
#8619 = ORIENTED_EDGE('',*,*,#6281,.T.);
#8620 = ORIENTED_EDGE('',*,*,#6232,.T.);
#8621 = ORIENTED_EDGE('',*,*,#6183,.T.);
#8622 = ORIENTED_EDGE('',*,*,#6134,.T.);
#8623 = ORIENTED_EDGE('',*,*,#6085,.T.);
#8624 = ORIENTED_EDGE('',*,*,#6036,.T.);
#8625 = ORIENTED_EDGE('',*,*,#5987,.T.);
#8626 = ORIENTED_EDGE('',*,*,#5938,.T.);
#8627 = ORIENTED_EDGE('',*,*,#5889,.T.);
#8628 = ORIENTED_EDGE('',*,*,#5840,.T.);
#8629 = ORIENTED_EDGE('',*,*,#5791,.T.);
#8630 = ORIENTED_EDGE('',*,*,#5742,.T.);
#8631 = ORIENTED_EDGE('',*,*,#5693,.T.);
#8632 = ORIENTED_EDGE('',*,*,#5644,.T.);
#8633 = ORIENTED_EDGE('',*,*,#5595,.T.);
#8634 = ORIENTED_EDGE('',*,*,#5546,.T.);
#8635 = ORIENTED_EDGE('',*,*,#5497,.T.);
#8636 = ORIENTED_EDGE('',*,*,#5448,.T.);
#8637 = ORIENTED_EDGE('',*,*,#5399,.T.);
#8638 = ORIENTED_EDGE('',*,*,#5350,.T.);
#8639 = ORIENTED_EDGE('',*,*,#5301,.T.);
#8640 = ORIENTED_EDGE('',*,*,#5252,.T.);
#8641 = ORIENTED_EDGE('',*,*,#5203,.T.);
#8642 = ORIENTED_EDGE('',*,*,#5154,.T.);
#8643 = ORIENTED_EDGE('',*,*,#5105,.T.);
#8644 = ORIENTED_EDGE('',*,*,#5056,.T.);
#8645 = ORIENTED_EDGE('',*,*,#5007,.T.);
#8646 = ORIENTED_EDGE('',*,*,#4958,.T.);
#8647 = ORIENTED_EDGE('',*,*,#4909,.T.);
#8648 = ORIENTED_EDGE('',*,*,#4860,.T.);
#8649 = ORIENTED_EDGE('',*,*,#4811,.T.);
#8650 = ADVANCED_FACE('',(#8651),#44,.T.);
#8651 = FACE_BOUND('',#8652,.T.);
#8652 = EDGE_LOOP('',(#8653,#8654,#8655,#8656,#8657,#8658));
#8653 = ORIENTED_EDGE('',*,*,#21,.F.);
#8654 = ORIENTED_EDGE('',*,*,#8561,.F.);
#8655 = ORIENTED_EDGE('',*,*,#4788,.T.);
#8656 = ORIENTED_EDGE('',*,*,#856,.F.);
#8657 = ORIENTED_EDGE('',*,*,#640,.F.);
#8658 = ORIENTED_EDGE('',*,*,#228,.T.);
#8659 = ( GEOMETRIC_REPRESENTATION_CONTEXT(3) 
GLOBAL_UNCERTAINTY_ASSIGNED_CONTEXT((#8663)) 
GLOBAL_UNIT_ASSIGNED_CONTEXT((#8660,#8661,#8662)) REPRESENTATION_CONTEXT
('Context #1','3D Context with UNIT and UNCERTAINTY') );
#8660 = ( LENGTH_UNIT() NAMED_UNIT(*) SI_UNIT(.MILLI.,.METRE.) );
#8661 = ( NAMED_UNIT(*) PLANE_ANGLE_UNIT() SI_UNIT($,.RADIAN.) );
#8662 = ( NAMED_UNIT(*) SI_UNIT($,.STERADIAN.) SOLID_ANGLE_UNIT() );
#8663 = UNCERTAINTY_MEASURE_WITH_UNIT(LENGTH_MEASURE(1.E-07),#8660,
  'distance_accuracy_value','confusion accuracy');
#8664 = PRODUCT_RELATED_PRODUCT_CATEGORY('part',$,(#7));
ENDSEC;
END-ISO-10303-21;
