ISO-10303-21;
HEADER;
FILE_DESCRIPTION(('Open CASCADE Model'),'2;1');
FILE_NAME('Open CASCADE Shape Model','2026-10-01T12:00:20',('Author'),(
    'Open CASCADE'),'Open CASCADE STEP processor 7.9','Open CASCADE 7.9'
  ,'Unknown');
FILE_SCHEMA(('AUTOMOTIVE_DESIGN { 1 0 10303 214 1 1 1 1 }'));
ENDSEC;
DATA;
#1 = APPLICATION_PROTOCOL_DEFINITION('international standard',
  'automotive_design',2000,#2);
#2 = APPLICATION_CONTEXT(
  'core data for automotive mechanical design processes');
#3 = SHAPE_DEFINITION_REPRESENTATION(#4,#10);
#4 = PRODUCT_DEFINITION_SHAPE('','',#5);
#5 = PRODUCT_DEFINITION('design','',#6,#9);
#6 = PRODUCT_DEFINITION_FORMATION('','',#7);
#7 = PRODUCT('Open CASCADE STEP translator 7.9 3',
  'Open CASCADE STEP translator 7.9 3','',(#8));
#8 = PRODUCT_CONTEXT('',#2,'mechanical');
#9 = PRODUCT_DEFINITION_CONTEXT('part definition',#2,'design');
#10 = ADVANCED_BREP_SHAPE_REPRESENTATION('',(#11,#15),#11257);
#11 = AXIS2_PLACEMENT_3D('',#12,#13,#14);
#12 = CARTESIAN_POINT('',(0.,0.,0.));
#13 = DIRECTION('',(0.,0.,1.));
#14 = DIRECTION('',(1.,0.,-0.));
#15 = MANIFOLD_SOLID_BREP('',#16);
#16 = CLOSED_SHELL('',(#17,#691,#990,#1037,#1145,#1245,#1294,#1343,#1370
    ,#1500,#1622,#1671,#1832,#1936,#1985,#2034,#2158,#2309,#2358,#2461,
    #2612,#2665,#2714,#2791,#2818,#2845,#3929,#3983,#4037,#4259,#4313,
    #4340,#4347,#4354,#4648,#4748,#4831,#4858,#4999,#5162,#5289,#5340,
    #5488,#5565,#5672,#5679,#5706,#5806,#5889,#5938,#6064,#6141,#6217,
    #6266,#6315,#6364,#6413,#6467,#6543,#6614,#6668,#6744,#6815,#6869,
    #6940,#6994,#7075,#7151,#7227,#7303,#7379,#7455,#7531,#7562,#7648,
    #7724,#7800,#7876,#7930,#8006,#8055,#8136,#8190,#8266,#8347,#8401,
    #8477,#8526,#8580,#8656,#8732,#8808,#8879,#8928,#9009,#9085,#9134,
    #9210,#9259,#9356,#9382,#9409,#9415,#9534,#9561,#9567,#9622,#9693,
    #9742,#9791,#9818,#9845,#9852,#9879,#9885,#9912,#9919,#9925,#9980,
    #10007,#10013,#10536,#10542,#10548,#10554,#10560,#10566,#10592,
    #10598,#10604,#10610,#10616,#10622,#10628,#10634,#10660,#10687,
    #10713,#10860,#10886,#10892,#10898,#10924,#10930,#10936,#11099,
    #11125,#11151,#11157,#11183,#11189,#11195,#11201,#11207,#11213,
    #11219,#11225,#11231,#11237,#11243,#11249,#11253));
#17 = ADVANCED_FACE('',(#18,#240),#32,.T.);
#18 = FACE_BOUND('',#19,.T.);
#19 = EDGE_LOOP('',(#20,#53,#81,#109,#137,#165,#188,#214));
#20 = ORIENTED_EDGE('',*,*,#21,.F.);
#21 = EDGE_CURVE('',#22,#24,#26,.T.);
#22 = VERTEX_POINT('',#23);
#23 = CARTESIAN_POINT('',(-8.963371033618,-16.47500038147,6.4));
#24 = VERTEX_POINT('',#25);
#25 = CARTESIAN_POINT('',(-8.994667600752,16.47500038147,6.4));
#26 = SURFACE_CURVE('',#27,(#31,#42),.PCURVE_S1.);
#27 = LINE('',#28,#29);
#28 = CARTESIAN_POINT('',(-8.976658770991,-2.485256563611,6.4));
#29 = VECTOR('',#30,1.);
#30 = DIRECTION('',(-9.498194929226E-04,0.999999548921,0.));
#31 = PCURVE('',#32,#37);
#32 = PLANE('',#33);
#33 = AXIS2_PLACEMENT_3D('',#34,#35,#36);
#34 = CARTESIAN_POINT('',(-40.,-25.,6.4));
#35 = DIRECTION('',(0.,0.,1.));
#36 = DIRECTION('',(1.,0.,-0.));
#37 = DEFINITIONAL_REPRESENTATION('',(#38),#41);
#38 = B_SPLINE_CURVE_WITH_KNOTS('',1,(#39,#40),.UNSPECIFIED.,.F.,.F.,(2,
    2),(-13.98975012833,18.960265497652),.PIECEWISE_BEZIER_KNOTS.);
#39 = CARTESIAN_POINT('',(31.036628966382,8.52499961853));
#40 = CARTESIAN_POINT('',(31.005332399248,41.47500038147));
#41 = ( GEOMETRIC_REPRESENTATION_CONTEXT(2) 
PARAMETRIC_REPRESENTATION_CONTEXT() REPRESENTATION_CONTEXT('2D SPACE',''
  ) );
#42 = PCURVE('',#43,#48);
#43 = PLANE('',#44);
#44 = AXIS2_PLACEMENT_3D('',#45,#46,#47);
#45 = CARTESIAN_POINT('',(-8.998015715612,20.,-20.));
#46 = DIRECTION('',(0.999999548921,9.498194929226E-04,-0.));
#47 = DIRECTION('',(9.498194929226E-04,-0.999999548921,0.));
#48 = DEFINITIONAL_REPRESENTATION('',(#49),#52);
#49 = B_SPLINE_CURVE_WITH_KNOTS('',1,(#50,#51),.UNSPECIFIED.,.F.,.F.,(2,
    2),(-13.98975012833,18.960265497652),.PIECEWISE_BEZIER_KNOTS.);
#50 = CARTESIAN_POINT('',(36.475016834571,-26.4));
#51 = CARTESIAN_POINT('',(3.525001208583,-26.4));
#52 = ( GEOMETRIC_REPRESENTATION_CONTEXT(2) 
PARAMETRIC_REPRESENTATION_CONTEXT() REPRESENTATION_CONTEXT('2D SPACE',''
  ) );
#53 = ORIENTED_EDGE('',*,*,#54,.F.);
#54 = EDGE_CURVE('',#55,#22,#57,.T.);
#55 = VERTEX_POINT('',#56);
#56 = CARTESIAN_POINT('',(-6.2582,-16.47500038147,6.4));
#57 = SURFACE_CURVE('',#58,(#62,#69),.PCURVE_S1.);
#58 = LINE('',#59,#60);
#59 = CARTESIAN_POINT('',(-22.5217023346,-16.47500038147,6.4));
#60 = VECTOR('',#61,1.);
#61 = DIRECTION('',(-1.,0.,0.));
#62 = PCURVE('',#32,#63);
#63 = DEFINITIONAL_REPRESENTATION('',(#64),#68);
#64 = LINE('',#65,#66);
#65 = CARTESIAN_POINT('',(17.4782976654,8.52499961853));
#66 = VECTOR('',#67,1.);
#67 = DIRECTION('',(-1.,0.));
#68 = ( GEOMETRIC_REPRESENTATION_CONTEXT(2) 
PARAMETRIC_REPRESENTATION_CONTEXT() REPRESENTATION_CONTEXT('2D SPACE',''
  ) );
#69 = PCURVE('',#70,#75);
#70 = PLANE('',#71);
#71 = AXIS2_PLACEMENT_3D('',#72,#73,#74);
#72 = CARTESIAN_POINT('',(-5.043404669215,-16.47500038147,6.072593598913
    ));
#73 = DIRECTION('',(-0.,-1.,-0.));
#74 = DIRECTION('',(0.,0.,-1.));
#75 = DEFINITIONAL_REPRESENTATION('',(#76),#80);
#76 = LINE('',#77,#78);
#77 = CARTESIAN_POINT('',(-0.327406401087,-17.47829766538));
#78 = VECTOR('',#79,1.);
#79 = DIRECTION('',(0.,-1.));
#80 = ( GEOMETRIC_REPRESENTATION_CONTEXT(2) 
PARAMETRIC_REPRESENTATION_CONTEXT() REPRESENTATION_CONTEXT('2D SPACE',''
  ) );
#81 = ORIENTED_EDGE('',*,*,#82,.F.);
#82 = EDGE_CURVE('',#83,#55,#85,.T.);
#83 = VERTEX_POINT('',#84);
#84 = CARTESIAN_POINT('',(-6.2582,-15.43254968643,6.4));
#85 = SURFACE_CURVE('',#86,(#90,#97),.PCURVE_S1.);
#86 = LINE('',#87,#88);
#87 = CARTESIAN_POINT('',(-6.2582,-21.1579,6.4));
#88 = VECTOR('',#89,1.);
#89 = DIRECTION('',(0.,-1.,0.));
#90 = PCURVE('',#32,#91);
#91 = DEFINITIONAL_REPRESENTATION('',(#92),#96);
#92 = LINE('',#93,#94);
#93 = CARTESIAN_POINT('',(33.7418,3.8421));
#94 = VECTOR('',#95,1.);
#95 = DIRECTION('',(0.,-1.));
#96 = ( GEOMETRIC_REPRESENTATION_CONTEXT(2) 
PARAMETRIC_REPRESENTATION_CONTEXT() REPRESENTATION_CONTEXT('2D SPACE',''
  ) );
#97 = PCURVE('',#98,#103);
#98 = PLANE('',#99);
#99 = AXIS2_PLACEMENT_3D('',#100,#101,#102);
#100 = CARTESIAN_POINT('',(-6.2582,-17.3158,5.));
#101 = DIRECTION('',(1.,0.,0.));
#102 = DIRECTION('',(0.,0.,1.));
#103 = DEFINITIONAL_REPRESENTATION('',(#104),#108);
#104 = LINE('',#105,#106);
#105 = CARTESIAN_POINT('',(1.4,3.8421));
#106 = VECTOR('',#107,1.);
#107 = DIRECTION('',(0.,1.));
#108 = ( GEOMETRIC_REPRESENTATION_CONTEXT(2) 
PARAMETRIC_REPRESENTATION_CONTEXT() REPRESENTATION_CONTEXT('2D SPACE',''
  ) );
#109 = ORIENTED_EDGE('',*,*,#110,.F.);
#110 = EDGE_CURVE('',#111,#83,#113,.T.);
#111 = VERTEX_POINT('',#112);
#112 = CARTESIAN_POINT('',(6.5418,-15.43254968643,6.4));
#113 = SURFACE_CURVE('',#114,(#118,#125),.PCURVE_S1.);
#114 = LINE('',#115,#116);
#115 = CARTESIAN_POINT('',(2.206806934697,-15.43254968643,6.4));
#116 = VECTOR('',#117,1.);
#117 = DIRECTION('',(-1.,0.,0.));
#118 = PCURVE('',#32,#119);
#119 = DEFINITIONAL_REPRESENTATION('',(#120),#124);
#120 = LINE('',#121,#122);
#121 = CARTESIAN_POINT('',(42.206806934697,9.56745031357));
#122 = VECTOR('',#123,1.);
#123 = DIRECTION('',(-1.,0.));
#124 = ( GEOMETRIC_REPRESENTATION_CONTEXT(2) 
PARAMETRIC_REPRESENTATION_CONTEXT() REPRESENTATION_CONTEXT('2D SPACE',''
  ) );
#125 = PCURVE('',#126,#131);
#126 = PLANE('',#127);
#127 = AXIS2_PLACEMENT_3D('',#128,#129,#130);
#128 = CARTESIAN_POINT('',(9.722999572754,-15.43254968643,4.2));
#129 = DIRECTION('',(0.,-1.,0.));
#130 = DIRECTION('',(-1.,0.,0.));
#131 = DEFINITIONAL_REPRESENTATION('',(#132),#136);
#132 = LINE('',#133,#134);
#133 = CARTESIAN_POINT('',(7.516192638057,-2.2));
#134 = VECTOR('',#135,1.);
#135 = DIRECTION('',(1.,0.));
#136 = ( GEOMETRIC_REPRESENTATION_CONTEXT(2) 
PARAMETRIC_REPRESENTATION_CONTEXT() REPRESENTATION_CONTEXT('2D SPACE',''
  ) );
#137 = ORIENTED_EDGE('',*,*,#138,.T.);
#138 = EDGE_CURVE('',#111,#139,#141,.T.);
#139 = VERTEX_POINT('',#140);
#140 = CARTESIAN_POINT('',(6.5418,-16.47500038147,6.4));
#141 = SURFACE_CURVE('',#142,(#146,#153),.PCURVE_S1.);
#142 = LINE('',#143,#144);
#143 = CARTESIAN_POINT('',(6.5418,-21.1579,6.4));
#144 = VECTOR('',#145,1.);
#145 = DIRECTION('',(0.,-1.,0.));
#146 = PCURVE('',#32,#147);
#147 = DEFINITIONAL_REPRESENTATION('',(#148),#152);
#148 = LINE('',#149,#150);
#149 = CARTESIAN_POINT('',(46.5418,3.8421));
#150 = VECTOR('',#151,1.);
#151 = DIRECTION('',(0.,-1.));
#152 = ( GEOMETRIC_REPRESENTATION_CONTEXT(2) 
PARAMETRIC_REPRESENTATION_CONTEXT() REPRESENTATION_CONTEXT('2D SPACE',''
  ) );
#153 = PCURVE('',#154,#159);
#154 = PLANE('',#155);
#155 = AXIS2_PLACEMENT_3D('',#156,#157,#158);
#156 = CARTESIAN_POINT('',(6.5418,-17.3158,5.));
#157 = DIRECTION('',(1.,0.,0.));
#158 = DIRECTION('',(0.,0.,1.));
#159 = DEFINITIONAL_REPRESENTATION('',(#160),#164);
#160 = LINE('',#161,#162);
#161 = CARTESIAN_POINT('',(1.4,3.8421));
#162 = VECTOR('',#163,1.);
#163 = DIRECTION('',(0.,1.));
#164 = ( GEOMETRIC_REPRESENTATION_CONTEXT(2) 
PARAMETRIC_REPRESENTATION_CONTEXT() REPRESENTATION_CONTEXT('2D SPACE',''
  ) );
#165 = ORIENTED_EDGE('',*,*,#166,.F.);
#166 = EDGE_CURVE('',#167,#139,#169,.T.);
#167 = VERTEX_POINT('',#168);
#168 = CARTESIAN_POINT('',(9.222999572754,-16.47500038147,6.4));
#169 = SURFACE_CURVE('',#170,(#174,#181),.PCURVE_S1.);
#170 = LINE('',#171,#172);
#171 = CARTESIAN_POINT('',(-22.5217023346,-16.47500038147,6.4));
#172 = VECTOR('',#173,1.);
#173 = DIRECTION('',(-1.,0.,0.));
#174 = PCURVE('',#32,#175);
#175 = DEFINITIONAL_REPRESENTATION('',(#176),#180);
#176 = LINE('',#177,#178);
#177 = CARTESIAN_POINT('',(17.4782976654,8.52499961853));
#178 = VECTOR('',#179,1.);
#179 = DIRECTION('',(-1.,0.));
#180 = ( GEOMETRIC_REPRESENTATION_CONTEXT(2) 
PARAMETRIC_REPRESENTATION_CONTEXT() REPRESENTATION_CONTEXT('2D SPACE',''
  ) );
#181 = PCURVE('',#70,#182);
#182 = DEFINITIONAL_REPRESENTATION('',(#183),#187);
#183 = LINE('',#184,#185);
#184 = CARTESIAN_POINT('',(-0.327406401087,-17.47829766538));
#185 = VECTOR('',#186,1.);
#186 = DIRECTION('',(0.,-1.));
#187 = ( GEOMETRIC_REPRESENTATION_CONTEXT(2) 
PARAMETRIC_REPRESENTATION_CONTEXT() REPRESENTATION_CONTEXT('2D SPACE',''
  ) );
#188 = ORIENTED_EDGE('',*,*,#189,.F.);
#189 = EDGE_CURVE('',#190,#167,#192,.T.);
#190 = VERTEX_POINT('',#191);
#191 = CARTESIAN_POINT('',(9.222999572754,16.47500038147,6.4));
#192 = SURFACE_CURVE('',#193,(#197,#203),.PCURVE_S1.);
#193 = LINE('',#194,#195);
#194 = CARTESIAN_POINT('',(9.222999572754,-22.5,6.4));
#195 = VECTOR('',#196,1.);
#196 = DIRECTION('',(0.,-1.,0.));
#197 = PCURVE('',#32,#198);
#198 = DEFINITIONAL_REPRESENTATION('',(#199),#202);
#199 = B_SPLINE_CURVE_WITH_KNOTS('',1,(#200,#201),.UNSPECIFIED.,.F.,.F.,
  (2,2),(-38.97500038147,-6.02499961853),.PIECEWISE_BEZIER_KNOTS.);
#200 = CARTESIAN_POINT('',(49.222999572754,41.47500038147));
#201 = CARTESIAN_POINT('',(49.222999572754,8.52499961853));
#202 = ( GEOMETRIC_REPRESENTATION_CONTEXT(2) 
PARAMETRIC_REPRESENTATION_CONTEXT() REPRESENTATION_CONTEXT('2D SPACE',''
  ) );
#203 = PCURVE('',#204,#209);
#204 = PLANE('',#205);
#205 = AXIS2_PLACEMENT_3D('',#206,#207,#208);
#206 = CARTESIAN_POINT('',(9.222999572754,-20.,-20.));
#207 = DIRECTION('',(-1.,0.,0.));
#208 = DIRECTION('',(0.,1.,0.));
#209 = DEFINITIONAL_REPRESENTATION('',(#210),#213);
#210 = B_SPLINE_CURVE_WITH_KNOTS('',1,(#211,#212),.UNSPECIFIED.,.F.,.F.,
  (2,2),(-38.97500038147,-6.02499961853),.PIECEWISE_BEZIER_KNOTS.);
#211 = CARTESIAN_POINT('',(36.47500038147,-26.4));
#212 = CARTESIAN_POINT('',(3.52499961853,-26.4));
#213 = ( GEOMETRIC_REPRESENTATION_CONTEXT(2) 
PARAMETRIC_REPRESENTATION_CONTEXT() REPRESENTATION_CONTEXT('2D SPACE',''
  ) );
#214 = ORIENTED_EDGE('',*,*,#215,.F.);
#215 = EDGE_CURVE('',#24,#190,#216,.T.);
#216 = SURFACE_CURVE('',#217,(#221,#228),.PCURVE_S1.);
#217 = LINE('',#218,#219);
#218 = CARTESIAN_POINT('',(-17.72790774413,16.47500038147,6.4));
#219 = VECTOR('',#220,1.);
#220 = DIRECTION('',(1.,0.,0.));
#221 = PCURVE('',#32,#222);
#222 = DEFINITIONAL_REPRESENTATION('',(#223),#227);
#223 = LINE('',#224,#225);
#224 = CARTESIAN_POINT('',(22.27209225587,41.47500038147));
#225 = VECTOR('',#226,1.);
#226 = DIRECTION('',(1.,0.));
#227 = ( GEOMETRIC_REPRESENTATION_CONTEXT(2) 
PARAMETRIC_REPRESENTATION_CONTEXT() REPRESENTATION_CONTEXT('2D SPACE',''
  ) );
#228 = PCURVE('',#229,#234);
#229 = PLANE('',#230);
#230 = AXIS2_PLACEMENT_3D('',#231,#232,#233);
#231 = CARTESIAN_POINT('',(4.544184511735,16.47500038147,6.761812383101)
  );
#232 = DIRECTION('',(0.,1.,0.));
#233 = DIRECTION('',(0.,-0.,1.));
#234 = DEFINITIONAL_REPRESENTATION('',(#235),#239);
#235 = LINE('',#236,#237);
#236 = CARTESIAN_POINT('',(-0.361812383101,-22.27209225586));
#237 = VECTOR('',#238,1.);
#238 = DIRECTION('',(0.,1.));
#239 = ( GEOMETRIC_REPRESENTATION_CONTEXT(2) 
PARAMETRIC_REPRESENTATION_CONTEXT() REPRESENTATION_CONTEXT('2D SPACE',''
  ) );
#240 = FACE_BOUND('',#241,.T.);
#241 = EDGE_LOOP('',(#242,#272,#300,#328,#356,#384,#407,#435,#468,#496,
    #524,#552,#580,#608,#636,#664));
#242 = ORIENTED_EDGE('',*,*,#243,.F.);
#243 = EDGE_CURVE('',#244,#246,#248,.T.);
#244 = VERTEX_POINT('',#245);
#245 = CARTESIAN_POINT('',(-5.4582,0.3842,6.4));
#246 = VERTEX_POINT('',#247);
#247 = CARTESIAN_POINT('',(-5.4582,-4.445470795674,6.4));
#248 = SURFACE_CURVE('',#249,(#253,#260),.PCURVE_S1.);
#249 = LINE('',#250,#251);
#250 = CARTESIAN_POINT('',(-5.4582,-20.0079,6.4));
#251 = VECTOR('',#252,1.);
#252 = DIRECTION('',(0.,-1.,0.));
#253 = PCURVE('',#32,#254);
#254 = DEFINITIONAL_REPRESENTATION('',(#255),#259);
#255 = LINE('',#256,#257);
#256 = CARTESIAN_POINT('',(34.5418,4.9921));
#257 = VECTOR('',#258,1.);
#258 = DIRECTION('',(0.,-1.));
#259 = ( GEOMETRIC_REPRESENTATION_CONTEXT(2) 
PARAMETRIC_REPRESENTATION_CONTEXT() REPRESENTATION_CONTEXT('2D SPACE',''
  ) );
#260 = PCURVE('',#261,#266);
#261 = PLANE('',#262);
#262 = AXIS2_PLACEMENT_3D('',#263,#264,#265);
#263 = CARTESIAN_POINT('',(-5.4582,-15.0158,5.));
#264 = DIRECTION('',(1.,0.,-0.));
#265 = DIRECTION('',(0.,0.,1.));
#266 = DEFINITIONAL_REPRESENTATION('',(#267),#271);
#267 = LINE('',#268,#269);
#268 = CARTESIAN_POINT('',(1.4,4.9921));
#269 = VECTOR('',#270,1.);
#270 = DIRECTION('',(0.,1.));
#271 = ( GEOMETRIC_REPRESENTATION_CONTEXT(2) 
PARAMETRIC_REPRESENTATION_CONTEXT() REPRESENTATION_CONTEXT('2D SPACE',''
  ) );
#272 = ORIENTED_EDGE('',*,*,#273,.T.);
#273 = EDGE_CURVE('',#244,#274,#276,.T.);
#274 = VERTEX_POINT('',#275);
#275 = CARTESIAN_POINT('',(-3.7082,0.3842,6.4));
#276 = SURFACE_CURVE('',#277,(#281,#288),.PCURVE_S1.);
#277 = LINE('',#278,#279);
#278 = CARTESIAN_POINT('',(-22.7291,0.3842,6.4));
#279 = VECTOR('',#280,1.);
#280 = DIRECTION('',(1.,0.,-0.));
#281 = PCURVE('',#32,#282);
#282 = DEFINITIONAL_REPRESENTATION('',(#283),#287);
#283 = LINE('',#284,#285);
#284 = CARTESIAN_POINT('',(17.2709,25.3842));
#285 = VECTOR('',#286,1.);
#286 = DIRECTION('',(1.,0.));
#287 = ( GEOMETRIC_REPRESENTATION_CONTEXT(2) 
PARAMETRIC_REPRESENTATION_CONTEXT() REPRESENTATION_CONTEXT('2D SPACE',''
  ) );
#288 = PCURVE('',#289,#294);
#289 = PLANE('',#290);
#290 = AXIS2_PLACEMENT_3D('',#291,#292,#293);
#291 = CARTESIAN_POINT('',(-5.4582,0.3842,5.));
#292 = DIRECTION('',(-0.,1.,0.));
#293 = DIRECTION('',(0.,0.,1.));
#294 = DEFINITIONAL_REPRESENTATION('',(#295),#299);
#295 = LINE('',#296,#297);
#296 = CARTESIAN_POINT('',(1.4,-17.2709));
#297 = VECTOR('',#298,1.);
#298 = DIRECTION('',(0.,1.));
#299 = ( GEOMETRIC_REPRESENTATION_CONTEXT(2) 
PARAMETRIC_REPRESENTATION_CONTEXT() REPRESENTATION_CONTEXT('2D SPACE',''
  ) );
#300 = ORIENTED_EDGE('',*,*,#301,.T.);
#301 = EDGE_CURVE('',#274,#302,#304,.T.);
#302 = VERTEX_POINT('',#303);
#303 = CARTESIAN_POINT('',(-3.7082,0.4842,6.4));
#304 = SURFACE_CURVE('',#305,(#309,#316),.PCURVE_S1.);
#305 = LINE('',#306,#307);
#306 = CARTESIAN_POINT('',(-3.7082,-7.1579,6.4));
#307 = VECTOR('',#308,1.);
#308 = DIRECTION('',(-0.,1.,0.));
#309 = PCURVE('',#32,#310);
#310 = DEFINITIONAL_REPRESENTATION('',(#311),#315);
#311 = LINE('',#312,#313);
#312 = CARTESIAN_POINT('',(36.2918,17.8421));
#313 = VECTOR('',#314,1.);
#314 = DIRECTION('',(0.,1.));
#315 = ( GEOMETRIC_REPRESENTATION_CONTEXT(2) 
PARAMETRIC_REPRESENTATION_CONTEXT() REPRESENTATION_CONTEXT('2D SPACE',''
  ) );
#316 = PCURVE('',#317,#322);
#317 = PLANE('',#318);
#318 = AXIS2_PLACEMENT_3D('',#319,#320,#321);
#319 = CARTESIAN_POINT('',(-3.7082,-14.3158,4.5));
#320 = DIRECTION('',(1.,0.,-0.));
#321 = DIRECTION('',(0.,0.,1.));
#322 = DEFINITIONAL_REPRESENTATION('',(#323),#327);
#323 = LINE('',#324,#325);
#324 = CARTESIAN_POINT('',(1.9,-7.1579));
#325 = VECTOR('',#326,1.);
#326 = DIRECTION('',(0.,-1.));
#327 = ( GEOMETRIC_REPRESENTATION_CONTEXT(2) 
PARAMETRIC_REPRESENTATION_CONTEXT() REPRESENTATION_CONTEXT('2D SPACE',''
  ) );
#328 = ORIENTED_EDGE('',*,*,#329,.F.);
#329 = EDGE_CURVE('',#330,#302,#332,.T.);
#330 = VERTEX_POINT('',#331);
#331 = CARTESIAN_POINT('',(3.9918,0.4842,6.4));
#332 = SURFACE_CURVE('',#333,(#337,#344),.PCURVE_S1.);
#333 = LINE('',#334,#335);
#334 = CARTESIAN_POINT('',(-1.8541,0.4842,6.4));
#335 = VECTOR('',#336,1.);
#336 = DIRECTION('',(-1.,-0.,0.));
#337 = PCURVE('',#32,#338);
#338 = DEFINITIONAL_REPRESENTATION('',(#339),#343);
#339 = LINE('',#340,#341);
#340 = CARTESIAN_POINT('',(38.1459,25.4842));
#341 = VECTOR('',#342,1.);
#342 = DIRECTION('',(-1.,0.));
#343 = ( GEOMETRIC_REPRESENTATION_CONTEXT(2) 
PARAMETRIC_REPRESENTATION_CONTEXT() REPRESENTATION_CONTEXT('2D SPACE',''
  ) );
#344 = PCURVE('',#345,#350);
#345 = PLANE('',#346);
#346 = AXIS2_PLACEMENT_3D('',#347,#348,#349);
#347 = CARTESIAN_POINT('',(-3.7082,0.4842,4.5));
#348 = DIRECTION('',(-0.,1.,0.));
#349 = DIRECTION('',(0.,0.,1.));
#350 = DEFINITIONAL_REPRESENTATION('',(#351),#355);
#351 = LINE('',#352,#353);
#352 = CARTESIAN_POINT('',(1.9,1.8541));
#353 = VECTOR('',#354,1.);
#354 = DIRECTION('',(0.,-1.));
#355 = ( GEOMETRIC_REPRESENTATION_CONTEXT(2) 
PARAMETRIC_REPRESENTATION_CONTEXT() REPRESENTATION_CONTEXT('2D SPACE',''
  ) );
#356 = ORIENTED_EDGE('',*,*,#357,.F.);
#357 = EDGE_CURVE('',#358,#330,#360,.T.);
#358 = VERTEX_POINT('',#359);
#359 = CARTESIAN_POINT('',(3.9918,0.3842,6.4));
#360 = SURFACE_CURVE('',#361,(#365,#372),.PCURVE_S1.);
#361 = LINE('',#362,#363);
#362 = CARTESIAN_POINT('',(3.9918,-7.1579,6.4));
#363 = VECTOR('',#364,1.);
#364 = DIRECTION('',(-0.,1.,0.));
#365 = PCURVE('',#32,#366);
#366 = DEFINITIONAL_REPRESENTATION('',(#367),#371);
#367 = LINE('',#368,#369);
#368 = CARTESIAN_POINT('',(43.9918,17.8421));
#369 = VECTOR('',#370,1.);
#370 = DIRECTION('',(0.,1.));
#371 = ( GEOMETRIC_REPRESENTATION_CONTEXT(2) 
PARAMETRIC_REPRESENTATION_CONTEXT() REPRESENTATION_CONTEXT('2D SPACE',''
  ) );
#372 = PCURVE('',#373,#378);
#373 = PLANE('',#374);
#374 = AXIS2_PLACEMENT_3D('',#375,#376,#377);
#375 = CARTESIAN_POINT('',(3.9918,-14.3158,4.5));
#376 = DIRECTION('',(1.,0.,-0.));
#377 = DIRECTION('',(0.,0.,1.));
#378 = DEFINITIONAL_REPRESENTATION('',(#379),#383);
#379 = LINE('',#380,#381);
#380 = CARTESIAN_POINT('',(1.9,-7.1579));
#381 = VECTOR('',#382,1.);
#382 = DIRECTION('',(0.,-1.));
#383 = ( GEOMETRIC_REPRESENTATION_CONTEXT(2) 
PARAMETRIC_REPRESENTATION_CONTEXT() REPRESENTATION_CONTEXT('2D SPACE',''
  ) );
#384 = ORIENTED_EDGE('',*,*,#385,.T.);
#385 = EDGE_CURVE('',#358,#386,#388,.T.);
#386 = VERTEX_POINT('',#387);
#387 = CARTESIAN_POINT('',(5.7418,0.3842,6.4));
#388 = SURFACE_CURVE('',#389,(#393,#400),.PCURVE_S1.);
#389 = LINE('',#390,#391);
#390 = CARTESIAN_POINT('',(3.9918,0.3842,6.4));
#391 = VECTOR('',#392,1.);
#392 = DIRECTION('',(1.,-6.344131569287E-17,0.));
#393 = PCURVE('',#32,#394);
#394 = DEFINITIONAL_REPRESENTATION('',(#395),#399);
#395 = LINE('',#396,#397);
#396 = CARTESIAN_POINT('',(43.9918,25.3842));
#397 = VECTOR('',#398,1.);
#398 = DIRECTION('',(1.,-6.344131569287E-17));
#399 = ( GEOMETRIC_REPRESENTATION_CONTEXT(2) 
PARAMETRIC_REPRESENTATION_CONTEXT() REPRESENTATION_CONTEXT('2D SPACE',''
  ) );
#400 = PCURVE('',#289,#401);
#401 = DEFINITIONAL_REPRESENTATION('',(#402),#406);
#402 = LINE('',#403,#404);
#403 = CARTESIAN_POINT('',(1.4,9.45));
#404 = VECTOR('',#405,1.);
#405 = DIRECTION('',(0.,1.));
#406 = ( GEOMETRIC_REPRESENTATION_CONTEXT(2) 
PARAMETRIC_REPRESENTATION_CONTEXT() REPRESENTATION_CONTEXT('2D SPACE',''
  ) );
#407 = ORIENTED_EDGE('',*,*,#408,.T.);
#408 = EDGE_CURVE('',#386,#409,#411,.T.);
#409 = VERTEX_POINT('',#410);
#410 = CARTESIAN_POINT('',(5.7418,-4.445470795674,6.4));
#411 = SURFACE_CURVE('',#412,(#416,#423),.PCURVE_S1.);
#412 = LINE('',#413,#414);
#413 = CARTESIAN_POINT('',(5.7418,0.3842,6.4));
#414 = VECTOR('',#415,1.);
#415 = DIRECTION('',(-1.839004059026E-16,-1.,0.));
#416 = PCURVE('',#32,#417);
#417 = DEFINITIONAL_REPRESENTATION('',(#418),#422);
#418 = LINE('',#419,#420);
#419 = CARTESIAN_POINT('',(45.7418,25.3842));
#420 = VECTOR('',#421,1.);
#421 = DIRECTION('',(-1.839004059026E-16,-1.));
#422 = ( GEOMETRIC_REPRESENTATION_CONTEXT(2) 
PARAMETRIC_REPRESENTATION_CONTEXT() REPRESENTATION_CONTEXT('2D SPACE',''
  ) );
#423 = PCURVE('',#424,#429);
#424 = PLANE('',#425);
#425 = AXIS2_PLACEMENT_3D('',#426,#427,#428);
#426 = CARTESIAN_POINT('',(5.7418,-15.0158,5.));
#427 = DIRECTION('',(1.,0.,-0.));
#428 = DIRECTION('',(0.,0.,1.));
#429 = DEFINITIONAL_REPRESENTATION('',(#430),#434);
#430 = LINE('',#431,#432);
#431 = CARTESIAN_POINT('',(1.4,-15.4));
#432 = VECTOR('',#433,1.);
#433 = DIRECTION('',(0.,1.));
#434 = ( GEOMETRIC_REPRESENTATION_CONTEXT(2) 
PARAMETRIC_REPRESENTATION_CONTEXT() REPRESENTATION_CONTEXT('2D SPACE',''
  ) );
#435 = ORIENTED_EDGE('',*,*,#436,.T.);
#436 = EDGE_CURVE('',#409,#437,#439,.T.);
#437 = VERTEX_POINT('',#438);
#438 = CARTESIAN_POINT('',(5.7418,-7.786129413372,6.4));
#439 = SURFACE_CURVE('',#440,(#445,#456),.PCURVE_S1.);
#440 = CIRCLE('',#441,2.);
#441 = AXIS2_PLACEMENT_3D('',#442,#443,#444);
#442 = CARTESIAN_POINT('',(6.8418,-6.115800104523,6.4));
#443 = DIRECTION('',(1.556359122236E-31,-1.063477022159E-15,-1.));
#444 = DIRECTION('',(-0.55,0.835164654425,-8.881784197E-16));
#445 = PCURVE('',#32,#446);
#446 = DEFINITIONAL_REPRESENTATION('',(#447),#455);
#447 = ( BOUNDED_CURVE() B_SPLINE_CURVE(2,(#448,#449,#450,#451,#452,#453
,#454),.UNSPECIFIED.,.T.,.F.) B_SPLINE_CURVE_WITH_KNOTS((1,2,2,2,2,1),(
    -2.094395102393,0.,2.094395102393,4.188790204786,6.28318530718,
8.377580409573),.UNSPECIFIED.) CURVE() GEOMETRIC_REPRESENTATION_ITEM() 
RATIONAL_B_SPLINE_CURVE((1.,0.5,1.,0.5,1.,0.5,1.)) REPRESENTATION_ITEM(
  '') );
#448 = CARTESIAN_POINT('',(45.7418,20.554529204326));
#449 = CARTESIAN_POINT('',(48.634895228299,22.459785092651));
#450 = CARTESIAN_POINT('',(48.838347614149,19.001663185215));
#451 = CARTESIAN_POINT('',(49.041799999999,15.543541277778));
#452 = CARTESIAN_POINT('',(45.945252385851,17.09640729689));
#453 = CARTESIAN_POINT('',(42.848704771702,18.649273316001));
#454 = CARTESIAN_POINT('',(45.7418,20.554529204326));
#455 = ( GEOMETRIC_REPRESENTATION_CONTEXT(2) 
PARAMETRIC_REPRESENTATION_CONTEXT() REPRESENTATION_CONTEXT('2D SPACE',''
  ) );
#456 = PCURVE('',#457,#462);
#457 = CYLINDRICAL_SURFACE('',#458,2.);
#458 = AXIS2_PLACEMENT_3D('',#459,#460,#461);
#459 = CARTESIAN_POINT('',(6.8418,-6.115800104523,5.));
#460 = DIRECTION('',(0.,0.,1.));
#461 = DIRECTION('',(1.,0.,-0.));
#462 = DEFINITIONAL_REPRESENTATION('',(#463),#467);
#463 = LINE('',#464,#465);
#464 = CARTESIAN_POINT('',(8.436345871843,1.4));
#465 = VECTOR('',#466,1.);
#466 = DIRECTION('',(-1.,-0.));
#467 = ( GEOMETRIC_REPRESENTATION_CONTEXT(2) 
PARAMETRIC_REPRESENTATION_CONTEXT() REPRESENTATION_CONTEXT('2D SPACE',''
  ) );
#468 = ORIENTED_EDGE('',*,*,#469,.T.);
#469 = EDGE_CURVE('',#437,#470,#472,.T.);
#470 = VERTEX_POINT('',#471);
#471 = CARTESIAN_POINT('',(5.7418,-15.0158,6.4));
#472 = SURFACE_CURVE('',#473,(#477,#484),.PCURVE_S1.);
#473 = LINE('',#474,#475);
#474 = CARTESIAN_POINT('',(5.7418,-7.786129413372,6.4));
#475 = VECTOR('',#476,1.);
#476 = DIRECTION('',(1.228518518317E-16,-1.,0.));
#477 = PCURVE('',#32,#478);
#478 = DEFINITIONAL_REPRESENTATION('',(#479),#483);
#479 = LINE('',#480,#481);
#480 = CARTESIAN_POINT('',(45.7418,17.213870586628));
#481 = VECTOR('',#482,1.);
#482 = DIRECTION('',(1.228518518317E-16,-1.));
#483 = ( GEOMETRIC_REPRESENTATION_CONTEXT(2) 
PARAMETRIC_REPRESENTATION_CONTEXT() REPRESENTATION_CONTEXT('2D SPACE',''
  ) );
#484 = PCURVE('',#485,#490);
#485 = PLANE('',#486);
#486 = AXIS2_PLACEMENT_3D('',#487,#488,#489);
#487 = CARTESIAN_POINT('',(5.7418,-15.0158,5.));
#488 = DIRECTION('',(1.,0.,-0.));
#489 = DIRECTION('',(0.,0.,1.));
#490 = DEFINITIONAL_REPRESENTATION('',(#491),#495);
#491 = LINE('',#492,#493);
#492 = CARTESIAN_POINT('',(1.4,-7.229670586628));
#493 = VECTOR('',#494,1.);
#494 = DIRECTION('',(0.,1.));
#495 = ( GEOMETRIC_REPRESENTATION_CONTEXT(2) 
PARAMETRIC_REPRESENTATION_CONTEXT() REPRESENTATION_CONTEXT('2D SPACE',''
  ) );
#496 = ORIENTED_EDGE('',*,*,#497,.T.);
#497 = EDGE_CURVE('',#470,#498,#500,.T.);
#498 = VERTEX_POINT('',#499);
#499 = CARTESIAN_POINT('',(4.0918,-15.0158,6.4));
#500 = SURFACE_CURVE('',#501,(#505,#512),.PCURVE_S1.);
#501 = LINE('',#502,#503);
#502 = CARTESIAN_POINT('',(5.7418,-15.0158,6.4));
#503 = VECTOR('',#504,1.);
#504 = DIRECTION('',(-1.,0.,1.076579902667E-15));
#505 = PCURVE('',#32,#506);
#506 = DEFINITIONAL_REPRESENTATION('',(#507),#511);
#507 = LINE('',#508,#509);
#508 = CARTESIAN_POINT('',(45.7418,9.9842));
#509 = VECTOR('',#510,1.);
#510 = DIRECTION('',(-1.,0.));
#511 = ( GEOMETRIC_REPRESENTATION_CONTEXT(2) 
PARAMETRIC_REPRESENTATION_CONTEXT() REPRESENTATION_CONTEXT('2D SPACE',''
  ) );
#512 = PCURVE('',#513,#518);
#513 = PLANE('',#514);
#514 = AXIS2_PLACEMENT_3D('',#515,#516,#517);
#515 = CARTESIAN_POINT('',(4.0918,-15.0158,6.4));
#516 = DIRECTION('',(-0.,1.,0.));
#517 = DIRECTION('',(0.,0.,1.));
#518 = DEFINITIONAL_REPRESENTATION('',(#519),#523);
#519 = LINE('',#520,#521);
#520 = CARTESIAN_POINT('',(0.,1.65));
#521 = VECTOR('',#522,1.);
#522 = DIRECTION('',(1.076579902667E-15,-1.));
#523 = ( GEOMETRIC_REPRESENTATION_CONTEXT(2) 
PARAMETRIC_REPRESENTATION_CONTEXT() REPRESENTATION_CONTEXT('2D SPACE',''
  ) );
#524 = ORIENTED_EDGE('',*,*,#525,.T.);
#525 = EDGE_CURVE('',#498,#526,#528,.T.);
#526 = VERTEX_POINT('',#527);
#527 = CARTESIAN_POINT('',(4.0918,-14.3958,6.4));
#528 = SURFACE_CURVE('',#529,(#533,#540),.PCURVE_S1.);
#529 = LINE('',#530,#531);
#530 = CARTESIAN_POINT('',(4.0918,-15.0158,6.4));
#531 = VECTOR('',#532,1.);
#532 = DIRECTION('',(-0.,1.,0.));
#533 = PCURVE('',#32,#534);
#534 = DEFINITIONAL_REPRESENTATION('',(#535),#539);
#535 = LINE('',#536,#537);
#536 = CARTESIAN_POINT('',(44.0918,9.9842));
#537 = VECTOR('',#538,1.);
#538 = DIRECTION('',(0.,1.));
#539 = ( GEOMETRIC_REPRESENTATION_CONTEXT(2) 
PARAMETRIC_REPRESENTATION_CONTEXT() REPRESENTATION_CONTEXT('2D SPACE',''
  ) );
#540 = PCURVE('',#541,#546);
#541 = PLANE('',#542);
#542 = AXIS2_PLACEMENT_3D('',#543,#544,#545);
#543 = CARTESIAN_POINT('',(4.0918,-15.0158,6.4));
#544 = DIRECTION('',(1.,0.,-0.));
#545 = DIRECTION('',(0.,0.,1.));
#546 = DEFINITIONAL_REPRESENTATION('',(#547),#551);
#547 = LINE('',#548,#549);
#548 = CARTESIAN_POINT('',(0.,0.));
#549 = VECTOR('',#550,1.);
#550 = DIRECTION('',(0.,-1.));
#551 = ( GEOMETRIC_REPRESENTATION_CONTEXT(2) 
PARAMETRIC_REPRESENTATION_CONTEXT() REPRESENTATION_CONTEXT('2D SPACE',''
  ) );
#552 = ORIENTED_EDGE('',*,*,#553,.F.);
#553 = EDGE_CURVE('',#554,#526,#556,.T.);
#554 = VERTEX_POINT('',#555);
#555 = CARTESIAN_POINT('',(-3.8082,-14.3958,6.4));
#556 = SURFACE_CURVE('',#557,(#561,#568),.PCURVE_S1.);
#557 = LINE('',#558,#559);
#558 = CARTESIAN_POINT('',(-3.8082,-14.3958,6.4));
#559 = VECTOR('',#560,1.);
#560 = DIRECTION('',(1.,0.,-0.));
#561 = PCURVE('',#32,#562);
#562 = DEFINITIONAL_REPRESENTATION('',(#563),#567);
#563 = LINE('',#564,#565);
#564 = CARTESIAN_POINT('',(36.1918,10.6042));
#565 = VECTOR('',#566,1.);
#566 = DIRECTION('',(1.,0.));
#567 = ( GEOMETRIC_REPRESENTATION_CONTEXT(2) 
PARAMETRIC_REPRESENTATION_CONTEXT() REPRESENTATION_CONTEXT('2D SPACE',''
  ) );
#568 = PCURVE('',#569,#574);
#569 = PLANE('',#570);
#570 = AXIS2_PLACEMENT_3D('',#571,#572,#573);
#571 = CARTESIAN_POINT('',(-3.8082,-14.3958,4.2));
#572 = DIRECTION('',(-0.,1.,0.));
#573 = DIRECTION('',(0.,0.,1.));
#574 = DEFINITIONAL_REPRESENTATION('',(#575),#579);
#575 = LINE('',#576,#577);
#576 = CARTESIAN_POINT('',(2.2,0.));
#577 = VECTOR('',#578,1.);
#578 = DIRECTION('',(0.,1.));
#579 = ( GEOMETRIC_REPRESENTATION_CONTEXT(2) 
PARAMETRIC_REPRESENTATION_CONTEXT() REPRESENTATION_CONTEXT('2D SPACE',''
  ) );
#580 = ORIENTED_EDGE('',*,*,#581,.F.);
#581 = EDGE_CURVE('',#582,#554,#584,.T.);
#582 = VERTEX_POINT('',#583);
#583 = CARTESIAN_POINT('',(-3.8082,-15.0158,6.4));
#584 = SURFACE_CURVE('',#585,(#589,#596),.PCURVE_S1.);
#585 = LINE('',#586,#587);
#586 = CARTESIAN_POINT('',(-3.8082,-15.0158,6.4));
#587 = VECTOR('',#588,1.);
#588 = DIRECTION('',(-0.,1.,0.));
#589 = PCURVE('',#32,#590);
#590 = DEFINITIONAL_REPRESENTATION('',(#591),#595);
#591 = LINE('',#592,#593);
#592 = CARTESIAN_POINT('',(36.1918,9.9842));
#593 = VECTOR('',#594,1.);
#594 = DIRECTION('',(0.,1.));
#595 = ( GEOMETRIC_REPRESENTATION_CONTEXT(2) 
PARAMETRIC_REPRESENTATION_CONTEXT() REPRESENTATION_CONTEXT('2D SPACE',''
  ) );
#596 = PCURVE('',#597,#602);
#597 = PLANE('',#598);
#598 = AXIS2_PLACEMENT_3D('',#599,#600,#601);
#599 = CARTESIAN_POINT('',(-3.8082,-15.0158,6.4));
#600 = DIRECTION('',(1.,0.,-0.));
#601 = DIRECTION('',(0.,0.,1.));
#602 = DEFINITIONAL_REPRESENTATION('',(#603),#607);
#603 = LINE('',#604,#605);
#604 = CARTESIAN_POINT('',(0.,0.));
#605 = VECTOR('',#606,1.);
#606 = DIRECTION('',(0.,-1.));
#607 = ( GEOMETRIC_REPRESENTATION_CONTEXT(2) 
PARAMETRIC_REPRESENTATION_CONTEXT() REPRESENTATION_CONTEXT('2D SPACE',''
  ) );
#608 = ORIENTED_EDGE('',*,*,#609,.T.);
#609 = EDGE_CURVE('',#582,#610,#612,.T.);
#610 = VERTEX_POINT('',#611);
#611 = CARTESIAN_POINT('',(-5.4582,-15.0158,6.4));
#612 = SURFACE_CURVE('',#613,(#617,#624),.PCURVE_S1.);
#613 = LINE('',#614,#615);
#614 = CARTESIAN_POINT('',(-3.8082,-15.0158,6.4));
#615 = VECTOR('',#616,1.);
#616 = DIRECTION('',(-1.,0.,-1.076579902667E-15));
#617 = PCURVE('',#32,#618);
#618 = DEFINITIONAL_REPRESENTATION('',(#619),#623);
#619 = LINE('',#620,#621);
#620 = CARTESIAN_POINT('',(36.1918,9.9842));
#621 = VECTOR('',#622,1.);
#622 = DIRECTION('',(-1.,0.));
#623 = ( GEOMETRIC_REPRESENTATION_CONTEXT(2) 
PARAMETRIC_REPRESENTATION_CONTEXT() REPRESENTATION_CONTEXT('2D SPACE',''
  ) );
#624 = PCURVE('',#625,#630);
#625 = PLANE('',#626);
#626 = AXIS2_PLACEMENT_3D('',#627,#628,#629);
#627 = CARTESIAN_POINT('',(-5.4582,-15.0158,5.));
#628 = DIRECTION('',(-0.,1.,0.));
#629 = DIRECTION('',(0.,0.,1.));
#630 = DEFINITIONAL_REPRESENTATION('',(#631),#635);
#631 = LINE('',#632,#633);
#632 = CARTESIAN_POINT('',(1.4,1.65));
#633 = VECTOR('',#634,1.);
#634 = DIRECTION('',(-1.076579902667E-15,-1.));
#635 = ( GEOMETRIC_REPRESENTATION_CONTEXT(2) 
PARAMETRIC_REPRESENTATION_CONTEXT() REPRESENTATION_CONTEXT('2D SPACE',''
  ) );
#636 = ORIENTED_EDGE('',*,*,#637,.T.);
#637 = EDGE_CURVE('',#610,#638,#640,.T.);
#638 = VERTEX_POINT('',#639);
#639 = CARTESIAN_POINT('',(-5.4582,-7.786129413372,6.4));
#640 = SURFACE_CURVE('',#641,(#645,#652),.PCURVE_S1.);
#641 = LINE('',#642,#643);
#642 = CARTESIAN_POINT('',(-5.4582,-15.0158,6.4));
#643 = VECTOR('',#644,1.);
#644 = DIRECTION('',(1.228518518317E-16,1.,0.));
#645 = PCURVE('',#32,#646);
#646 = DEFINITIONAL_REPRESENTATION('',(#647),#651);
#647 = LINE('',#648,#649);
#648 = CARTESIAN_POINT('',(34.5418,9.9842));
#649 = VECTOR('',#650,1.);
#650 = DIRECTION('',(1.228518518317E-16,1.));
#651 = ( GEOMETRIC_REPRESENTATION_CONTEXT(2) 
PARAMETRIC_REPRESENTATION_CONTEXT() REPRESENTATION_CONTEXT('2D SPACE',''
  ) );
#652 = PCURVE('',#653,#658);
#653 = PLANE('',#654);
#654 = AXIS2_PLACEMENT_3D('',#655,#656,#657);
#655 = CARTESIAN_POINT('',(-5.4582,-15.0158,5.));
#656 = DIRECTION('',(1.,0.,-0.));
#657 = DIRECTION('',(0.,0.,1.));
#658 = DEFINITIONAL_REPRESENTATION('',(#659),#663);
#659 = LINE('',#660,#661);
#660 = CARTESIAN_POINT('',(1.4,0.));
#661 = VECTOR('',#662,1.);
#662 = DIRECTION('',(0.,-1.));
#663 = ( GEOMETRIC_REPRESENTATION_CONTEXT(2) 
PARAMETRIC_REPRESENTATION_CONTEXT() REPRESENTATION_CONTEXT('2D SPACE',''
  ) );
#664 = ORIENTED_EDGE('',*,*,#665,.F.);
#665 = EDGE_CURVE('',#246,#638,#666,.T.);
#666 = SURFACE_CURVE('',#667,(#672,#679),.PCURVE_S1.);
#667 = CIRCLE('',#668,2.);
#668 = AXIS2_PLACEMENT_3D('',#669,#670,#671);
#669 = CARTESIAN_POINT('',(-6.5582,-6.115800104523,6.4));
#670 = DIRECTION('',(0.,0.,1.));
#671 = DIRECTION('',(1.,0.,-0.));
#672 = PCURVE('',#32,#673);
#673 = DEFINITIONAL_REPRESENTATION('',(#674),#678);
#674 = CIRCLE('',#675,2.);
#675 = AXIS2_PLACEMENT_2D('',#676,#677);
#676 = CARTESIAN_POINT('',(33.4418,18.884199895477));
#677 = DIRECTION('',(1.,0.));
#678 = ( GEOMETRIC_REPRESENTATION_CONTEXT(2) 
PARAMETRIC_REPRESENTATION_CONTEXT() REPRESENTATION_CONTEXT('2D SPACE',''
  ) );
#679 = PCURVE('',#680,#685);
#680 = CYLINDRICAL_SURFACE('',#681,2.);
#681 = AXIS2_PLACEMENT_3D('',#682,#683,#684);
#682 = CARTESIAN_POINT('',(-6.5582,-6.115800104523,5.));
#683 = DIRECTION('',(0.,0.,1.));
#684 = DIRECTION('',(1.,0.,-0.));
#685 = DEFINITIONAL_REPRESENTATION('',(#686),#690);
#686 = LINE('',#687,#688);
#687 = CARTESIAN_POINT('',(0.,1.4));
#688 = VECTOR('',#689,1.);
#689 = DIRECTION('',(1.,0.));
#690 = ( GEOMETRIC_REPRESENTATION_CONTEXT(2) 
PARAMETRIC_REPRESENTATION_CONTEXT() REPRESENTATION_CONTEXT('2D SPACE',''
  ) );
#691 = ADVANCED_FACE('',(#692),#43,.F.);
#692 = FACE_BOUND('',#693,.F.);
#693 = EDGE_LOOP('',(#694,#695,#716,#742,#768,#794,#820,#846,#872,#898,
    #919,#945,#971));
#694 = ORIENTED_EDGE('',*,*,#21,.F.);
#695 = ORIENTED_EDGE('',*,*,#696,.F.);
#696 = EDGE_CURVE('',#697,#22,#699,.T.);
#697 = VERTEX_POINT('',#698);
#698 = CARTESIAN_POINT('',(-8.963371033618,-16.47500038147,
    4.670001029968));
#699 = SURFACE_CURVE('',#700,(#704,#710),.PCURVE_S1.);
#700 = LINE('',#701,#702);
#701 = CARTESIAN_POINT('',(-8.963371033618,-16.47500038147,
    -6.963703200543));
#702 = VECTOR('',#703,1.);
#703 = DIRECTION('',(0.,-0.,1.));
#704 = PCURVE('',#43,#705);
#705 = DEFINITIONAL_REPRESENTATION('',(#706),#709);
#706 = B_SPLINE_CURVE_WITH_KNOTS('',1,(#707,#708),.UNSPECIFIED.,.F.,.F.,
  (2,2),(11.633704230512,13.363703200544),.PIECEWISE_BEZIER_KNOTS.);
#707 = CARTESIAN_POINT('',(36.475016834571,-24.67000102996));
#708 = CARTESIAN_POINT('',(36.475016834571,-26.4));
#709 = ( GEOMETRIC_REPRESENTATION_CONTEXT(2) 
PARAMETRIC_REPRESENTATION_CONTEXT() REPRESENTATION_CONTEXT('2D SPACE',''
  ) );
#710 = PCURVE('',#70,#711);
#711 = DEFINITIONAL_REPRESENTATION('',(#712),#715);
#712 = B_SPLINE_CURVE_WITH_KNOTS('',1,(#713,#714),.UNSPECIFIED.,.F.,.F.,
  (2,2),(11.633704230512,13.363703200544),.PIECEWISE_BEZIER_KNOTS.);
#713 = CARTESIAN_POINT('',(1.402592568945,-3.919966364403));
#714 = CARTESIAN_POINT('',(-0.327406401087,-3.919966364403));
#715 = ( GEOMETRIC_REPRESENTATION_CONTEXT(2) 
PARAMETRIC_REPRESENTATION_CONTEXT() REPRESENTATION_CONTEXT('2D SPACE',''
  ) );
#716 = ORIENTED_EDGE('',*,*,#717,.F.);
#717 = EDGE_CURVE('',#718,#697,#720,.T.);
#718 = VERTEX_POINT('',#719);
#719 = CARTESIAN_POINT('',(-8.965245979027,-14.50099945068,
    3.779999732971));
#720 = SURFACE_CURVE('',#721,(#725,#731),.PCURVE_S1.);
#721 = LINE('',#722,#723);
#722 = CARTESIAN_POINT('',(-8.982412260678,3.572196599849,
    -4.368511078252));
#723 = VECTOR('',#724,1.);
#724 = DIRECTION('',(8.658814677958E-04,-0.911626981408,0.411017635898)
  );
#725 = PCURVE('',#43,#726);
#726 = DEFINITIONAL_REPRESENTATION('',(#727),#730);
#727 = B_SPLINE_CURVE_WITH_KNOTS('',1,(#728,#729),.UNSPECIFIED.,.F.,.F.,
  (2,2),(19.825209673612,21.990570035962),.PIECEWISE_BEZIER_KNOTS.);
#728 = CARTESIAN_POINT('',(34.501015013351,-23.77999973297));
#729 = CARTESIAN_POINT('',(36.47501683457,-24.67000102997));
#730 = ( GEOMETRIC_REPRESENTATION_CONTEXT(2) 
PARAMETRIC_REPRESENTATION_CONTEXT() REPRESENTATION_CONTEXT('2D SPACE',''
  ) );
#731 = PCURVE('',#732,#737);
#732 = PLANE('',#733);
#733 = AXIS2_PLACEMENT_3D('',#734,#735,#736);
#734 = CARTESIAN_POINT('',(4.413613869393,-15.92684508303,4.422858833147
    ));
#735 = DIRECTION('',(-0.,-0.411017789978,-0.911627323154));
#736 = DIRECTION('',(0.,-0.911627323154,0.411017789978));
#737 = DEFINITIONAL_REPRESENTATION('',(#738),#741);
#738 = B_SPLINE_CURVE_WITH_KNOTS('',1,(#739,#740),.UNSPECIFIED.,.F.,.F.,
  (2,2),(19.825209673612,21.990570035962),.PIECEWISE_BEZIER_KNOTS.);
#739 = CARTESIAN_POINT('',(-1.564066363672,13.37885984842));
#740 = CARTESIAN_POINT('',(0.601293186937,13.376984903011));
#741 = ( GEOMETRIC_REPRESENTATION_CONTEXT(2) 
PARAMETRIC_REPRESENTATION_CONTEXT() REPRESENTATION_CONTEXT('2D SPACE',''
  ) );
#742 = ORIENTED_EDGE('',*,*,#743,.F.);
#743 = EDGE_CURVE('',#744,#718,#746,.T.);
#744 = VERTEX_POINT('',#745);
#745 = CARTESIAN_POINT('',(-8.982181826401,3.329588214704,3.779999732971
    ));
#746 = SURFACE_CURVE('',#747,(#751,#757),.PCURVE_S1.);
#747 = LINE('',#748,#749);
#748 = CARTESIAN_POINT('',(-8.993001893471,14.721291869345,
    3.779999732971));
#749 = VECTOR('',#750,1.);
#750 = DIRECTION('',(9.498194929226E-04,-0.999999548921,0.));
#751 = PCURVE('',#43,#752);
#752 = DEFINITIONAL_REPRESENTATION('',(#753),#756);
#753 = B_SPLINE_CURVE_WITH_KNOTS('',1,(#754,#755),.UNSPECIFIED.,.F.,.F.,
  (2,2),(0.256289925014,29.222304501582),.PIECEWISE_BEZIER_KNOTS.);
#754 = CARTESIAN_POINT('',(5.535000436783,-23.77999973297));
#755 = CARTESIAN_POINT('',(34.501015013351,-23.77999973297));
#756 = ( GEOMETRIC_REPRESENTATION_CONTEXT(2) 
PARAMETRIC_REPRESENTATION_CONTEXT() REPRESENTATION_CONTEXT('2D SPACE',''
  ) );
#757 = PCURVE('',#758,#763);
#758 = PLANE('',#759);
#759 = AXIS2_PLACEMENT_3D('',#760,#761,#762);
#760 = CARTESIAN_POINT('',(5.832365199013,9.456660405467,3.779999732971)
  );
#761 = DIRECTION('',(-0.,-0.,-1.));
#762 = DIRECTION('',(-1.,0.,0.));
#763 = DEFINITIONAL_REPRESENTATION('',(#764),#767);
#764 = B_SPLINE_CURVE_WITH_KNOTS('',1,(#765,#766),.UNSPECIFIED.,.F.,.F.,
  (2,2),(0.256289925014,29.222304501582),.PIECEWISE_BEZIER_KNOTS.);
#765 = CARTESIAN_POINT('',(14.825123663317,5.00834165447));
#766 = CARTESIAN_POINT('',(14.79761117804,-23.95765985614));
#767 = ( GEOMETRIC_REPRESENTATION_CONTEXT(2) 
PARAMETRIC_REPRESENTATION_CONTEXT() REPRESENTATION_CONTEXT('2D SPACE',''
  ) );
#768 = ORIENTED_EDGE('',*,*,#769,.F.);
#769 = EDGE_CURVE('',#770,#744,#772,.T.);
#770 = VERTEX_POINT('',#771);
#771 = CARTESIAN_POINT('',(-8.982233619244,3.384117333397,3.780480044132
    ));
#772 = SURFACE_CURVE('',#773,(#777,#783),.PCURVE_S1.);
#773 = LINE('',#774,#775);
#774 = CARTESIAN_POINT('',(-8.988462501529,9.94207863179,3.838244814246)
  );
#775 = VECTOR('',#776,1.);
#776 = DIRECTION('',(9.497826483248E-04,-0.999960757781,
    -8.807996977711E-03));
#777 = PCURVE('',#43,#778);
#778 = DEFINITIONAL_REPRESENTATION('',(#779),#782);
#779 = B_SPLINE_CURVE_WITH_KNOTS('',1,(#780,#781),.UNSPECIFIED.,.F.,.F.,
  (2,2),(6.219351756986,13.721066410453),.PIECEWISE_BEZIER_KNOTS.);
#780 = CARTESIAN_POINT('',(16.277036406256,-23.78346478276));
#781 = CARTESIAN_POINT('',(23.778460059527,-23.71738970277));
#782 = ( GEOMETRIC_REPRESENTATION_CONTEXT(2) 
PARAMETRIC_REPRESENTATION_CONTEXT() REPRESENTATION_CONTEXT('2D SPACE',''
  ) );
#783 = PCURVE('',#784,#789);
#784 = PLANE('',#785);
#785 = AXIS2_PLACEMENT_3D('',#786,#787,#788);
#786 = CARTESIAN_POINT('',(-4.578920835556,9.880721233819E-02,
    3.782011319043));
#787 = DIRECTION('',(6.924128705719E-03,8.814365969487E-03,
    -0.999937179724));
#788 = DIRECTION('',(-6.243386608416E-17,-0.999961150859,
    -8.81457727312E-03));
#789 = DEFINITIONAL_REPRESENTATION('',(#790),#793);
#790 = B_SPLINE_CURVE_WITH_KNOTS('',1,(#791,#792),.UNSPECIFIED.,.F.,.F.,
  (2,2),(6.219351756986,13.721066410453),.PIECEWISE_BEZIER_KNOTS.);
#791 = CARTESIAN_POINT('',(-3.62403573965,4.403740200343));
#792 = CARTESIAN_POINT('',(3.877675530054,4.396615031128));
#793 = ( GEOMETRIC_REPRESENTATION_CONTEXT(2) 
PARAMETRIC_REPRESENTATION_CONTEXT() REPRESENTATION_CONTEXT('2D SPACE',''
  ) );
#794 = ORIENTED_EDGE('',*,*,#795,.F.);
#795 = EDGE_CURVE('',#796,#770,#798,.T.);
#796 = VERTEX_POINT('',#797);
#797 = CARTESIAN_POINT('',(-8.982236107132,3.386736659351,3.779999732971
    ));
#798 = SURFACE_CURVE('',#799,(#803,#809),.PCURVE_S1.);
#799 = LINE('',#800,#801);
#800 = CARTESIAN_POINT('',(-8.990732087703,12.331569653577,
    2.139767399579));
#801 = VECTOR('',#802,1.);
#802 = DIRECTION('',(9.34242279501E-04,-0.983599373403,0.180364630217));
#803 = PCURVE('',#43,#804);
#804 = DEFINITIONAL_REPRESENTATION('',(#805),#808);
#805 = B_SPLINE_CURVE_WITH_KNOTS('',1,(#806,#807),.UNSPECIFIED.,.F.,.F.,
  (2,2),(8.763236675212,14.316005821012),.PIECEWISE_BEZIER_KNOTS.);
#806 = CARTESIAN_POINT('',(16.287951796288,-23.720345342));
#807 = CARTESIAN_POINT('',(21.749654512404,-24.72186849567));
#808 = ( GEOMETRIC_REPRESENTATION_CONTEXT(2) 
PARAMETRIC_REPRESENTATION_CONTEXT() REPRESENTATION_CONTEXT('2D SPACE',''
  ) );
#809 = PCURVE('',#810,#815);
#810 = PLANE('',#811);
#811 = AXIS2_PLACEMENT_3D('',#812,#813,#814);
#812 = CARTESIAN_POINT('',(-5.307881907858,0.907972065959,3.782090202137
    ));
#813 = DIRECTION('',(-0.120311475135,-0.179165130083,-0.976434844274));
#814 = DIRECTION('',(1.417211692158E-13,-0.983579374994,0.180476073443)
  );
#815 = DEFINITIONAL_REPRESENTATION('',(#816),#819);
#816 = B_SPLINE_CURVE_WITH_KNOTS('',1,(#817,#818),.UNSPECIFIED.,.F.,.F.,
  (2,2),(8.763236675212,14.316005821012),.PIECEWISE_BEZIER_KNOTS.);
#817 = CARTESIAN_POINT('',(-2.769182151422,3.701550542268));
#818 = CARTESIAN_POINT('',(2.783584535533,3.696324952892));
#819 = ( GEOMETRIC_REPRESENTATION_CONTEXT(2) 
PARAMETRIC_REPRESENTATION_CONTEXT() REPRESENTATION_CONTEXT('2D SPACE',''
  ) );
#820 = ORIENTED_EDGE('',*,*,#821,.F.);
#821 = EDGE_CURVE('',#822,#796,#824,.T.);
#822 = VERTEX_POINT('',#823);
#823 = CARTESIAN_POINT('',(-8.98240187241,3.561259507604,3.779999732971)
  );
#824 = SURFACE_CURVE('',#825,(#829,#835),.PCURVE_S1.);
#825 = LINE('',#826,#827);
#826 = CARTESIAN_POINT('',(-8.989315577161,10.840223230486,
    3.779999732971));
#827 = VECTOR('',#828,1.);
#828 = DIRECTION('',(9.498194929226E-04,-0.999999548921,0.));
#829 = PCURVE('',#43,#830);
#830 = DEFINITIONAL_REPRESENTATION('',(#831),#834);
#831 = B_SPLINE_CURVE_WITH_KNOTS('',1,(#832,#833),.UNSPECIFIED.,.F.,.F.,
  (2,2),(7.117224960811,12.477229896296),.PIECEWISE_BEZIER_KNOTS.);
#832 = CARTESIAN_POINT('',(16.277005862107,-23.77999973297));
#833 = CARTESIAN_POINT('',(21.637010797591,-23.77999973297));
#834 = ( GEOMETRIC_REPRESENTATION_CONTEXT(2) 
PARAMETRIC_REPRESENTATION_CONTEXT() REPRESENTATION_CONTEXT('2D SPACE',''
  ) );
#835 = PCURVE('',#836,#841);
#836 = PLANE('',#837);
#837 = AXIS2_PLACEMENT_3D('',#838,#839,#840);
#838 = CARTESIAN_POINT('',(-5.731403549957,1.683532627153,3.779999732971
    ));
#839 = DIRECTION('',(-0.,-0.,-1.));
#840 = DIRECTION('',(-1.,0.,0.));
#841 = DEFINITIONAL_REPRESENTATION('',(#842),#845);
#842 = B_SPLINE_CURVE_WITH_KNOTS('',1,(#843,#844),.UNSPECIFIED.,.F.,.F.,
  (2,2),(7.117224960811,12.477229896296),.PIECEWISE_BEZIER_KNOTS.);
#843 = CARTESIAN_POINT('',(3.251151948201,2.03946885295));
#844 = CARTESIAN_POINT('',(3.246060911031,-3.320533664751));
#845 = ( GEOMETRIC_REPRESENTATION_CONTEXT(2) 
PARAMETRIC_REPRESENTATION_CONTEXT() REPRESENTATION_CONTEXT('2D SPACE',''
  ) );
#846 = ORIENTED_EDGE('',*,*,#847,.F.);
#847 = EDGE_CURVE('',#848,#822,#850,.T.);
#848 = VERTEX_POINT('',#849);
#849 = CARTESIAN_POINT('',(-8.982428028841,3.588797812671,3.780125207488
    ));
#850 = SURFACE_CURVE('',#851,(#855,#861),.PCURVE_S1.);
#851 = LINE('',#852,#853);
#852 = CARTESIAN_POINT('',(-8.989669072728,11.212394374817,
    3.814861081411));
#853 = VECTOR('',#854,1.);
#854 = DIRECTION('',(9.498096337475E-04,-0.999989168875,
    -4.556313730864E-03));
#855 = PCURVE('',#43,#856);
#856 = DEFINITIONAL_REPRESENTATION('',(#857),#860);
#857 = B_SPLINE_CURVE_WITH_KNOTS('',1,(#858,#859),.UNSPECIFIED.,.F.,.F.,
  (2,2),(7.489477372978,9.973453853178),.PIECEWISE_BEZIER_KNOTS.);
#858 = CARTESIAN_POINT('',(16.277009220904,-23.78073667281));
#859 = CARTESIAN_POINT('',(18.760959917302,-23.76941889667));
#860 = ( GEOMETRIC_REPRESENTATION_CONTEXT(2) 
PARAMETRIC_REPRESENTATION_CONTEXT() REPRESENTATION_CONTEXT('2D SPACE',''
  ) );
#861 = PCURVE('',#862,#867);
#862 = PLANE('',#863);
#863 = AXIS2_PLACEMENT_3D('',#864,#865,#866);
#864 = CARTESIAN_POINT('',(-5.459141537155,2.536799816442,3.780518908346
    ));
#865 = DIRECTION('',(1.47260168612E-03,4.557709523139E-03,
    -0.999988529298));
#866 = DIRECTION('',(-6.081990443527E-18,-0.999989613565,
    -4.557714464971E-03));
#867 = DEFINITIONAL_REPRESENTATION('',(#868),#871);
#868 = B_SPLINE_CURVE_WITH_KNOTS('',1,(#869,#870),.UNSPECIFIED.,.F.,.F.,
  (2,2),(7.489477372978,9.973453853178),.PIECEWISE_BEZIER_KNOTS.);
#869 = CARTESIAN_POINT('',(-1.186186977002,3.523417778179));
#870 = CARTESIAN_POINT('',(1.297788382751,3.52105847083));
#871 = ( GEOMETRIC_REPRESENTATION_CONTEXT(2) 
PARAMETRIC_REPRESENTATION_CONTEXT() REPRESENTATION_CONTEXT('2D SPACE',''
  ) );
#872 = ORIENTED_EDGE('',*,*,#873,.F.);
#873 = EDGE_CURVE('',#874,#848,#876,.T.);
#874 = VERTEX_POINT('',#875);
#875 = CARTESIAN_POINT('',(-8.982449695703,3.611609360162,3.779999732971
    ));
#876 = SURFACE_CURVE('',#877,(#881,#887),.PCURVE_S1.);
#877 = LINE('',#878,#879);
#878 = CARTESIAN_POINT('',(-8.989859390604,11.412766962497,
    3.737089602503));
#879 = VECTOR('',#880,1.);
#880 = DIRECTION('',(9.498051247213E-04,-0.999984421632,
    5.500396759742E-03));
#881 = PCURVE('',#43,#882);
#882 = DEFINITIONAL_REPRESENTATION('',(#883),#886);
#883 = B_SPLINE_CURVE_WITH_KNOTS('',1,(#884,#885),.UNSPECIFIED.,.F.,.F.,
  (2,2),(7.689888649123,9.829871440136),.PIECEWISE_BEZIER_KNOTS.);
#884 = CARTESIAN_POINT('',(16.277009232918,-23.77938704111));
#885 = CARTESIAN_POINT('',(18.416959651777,-23.79115779552));
#886 = ( GEOMETRIC_REPRESENTATION_CONTEXT(2) 
PARAMETRIC_REPRESENTATION_CONTEXT() REPRESENTATION_CONTEXT('2D SPACE',''
  ) );
#887 = PCURVE('',#888,#893);
#888 = PLANE('',#889);
#889 = AXIS2_PLACEMENT_3D('',#890,#891,#892);
#890 = CARTESIAN_POINT('',(-5.293039260008,2.698710852583,3.780505058763
    ));
#891 = DIRECTION('',(-1.224327403145E-03,-5.501557973662E-03,
    -0.999984116815));
#892 = DIRECTION('',(5.669898422778E-18,-0.999984866293,
    5.501562097023E-03));
#893 = DEFINITIONAL_REPRESENTATION('',(#894),#897);
#894 = B_SPLINE_CURVE_WITH_KNOTS('',1,(#895,#896),.UNSPECIFIED.,.F.,.F.,
  (2,2),(7.689888649123,9.829871440136),.PIECEWISE_BEZIER_KNOTS.);
#895 = CARTESIAN_POINT('',(-1.02427790629,3.689519000202));
#896 = CARTESIAN_POINT('',(1.115703919451,3.687486432057));
#897 = ( GEOMETRIC_REPRESENTATION_CONTEXT(2) 
PARAMETRIC_REPRESENTATION_CONTEXT() REPRESENTATION_CONTEXT('2D SPACE',''
  ) );
#898 = ORIENTED_EDGE('',*,*,#899,.F.);
#899 = EDGE_CURVE('',#900,#874,#902,.T.);
#900 = VERTEX_POINT('',#901);
#901 = CARTESIAN_POINT('',(-8.992758464304,14.465002059937,
    3.779999732971));
#902 = SURFACE_CURVE('',#903,(#907,#913),.PCURVE_S1.);
#903 = LINE('',#904,#905);
#904 = CARTESIAN_POINT('',(-8.993001893471,14.721291869345,
    3.779999732971));
#905 = VECTOR('',#906,1.);
#906 = DIRECTION('',(9.498194929226E-04,-0.999999548921,0.));
#907 = PCURVE('',#43,#908);
#908 = DEFINITIONAL_REPRESENTATION('',(#909),#912);
#909 = B_SPLINE_CURVE_WITH_KNOTS('',1,(#910,#911),.UNSPECIFIED.,.F.,.F.,
  (2,2),(0.256289925014,29.222304501582),.PIECEWISE_BEZIER_KNOTS.);
#910 = CARTESIAN_POINT('',(5.535000436783,-23.77999973297));
#911 = CARTESIAN_POINT('',(34.501015013351,-23.77999973297));
#912 = ( GEOMETRIC_REPRESENTATION_CONTEXT(2) 
PARAMETRIC_REPRESENTATION_CONTEXT() REPRESENTATION_CONTEXT('2D SPACE',''
  ) );
#913 = PCURVE('',#758,#914);
#914 = DEFINITIONAL_REPRESENTATION('',(#915),#918);
#915 = B_SPLINE_CURVE_WITH_KNOTS('',1,(#916,#917),.UNSPECIFIED.,.F.,.F.,
  (2,2),(0.256289925014,29.222304501582),.PIECEWISE_BEZIER_KNOTS.);
#916 = CARTESIAN_POINT('',(14.825123663317,5.00834165447));
#917 = CARTESIAN_POINT('',(14.79761117804,-23.95765985614));
#918 = ( GEOMETRIC_REPRESENTATION_CONTEXT(2) 
PARAMETRIC_REPRESENTATION_CONTEXT() REPRESENTATION_CONTEXT('2D SPACE',''
  ) );
#919 = ORIENTED_EDGE('',*,*,#920,.F.);
#920 = EDGE_CURVE('',#921,#900,#923,.T.);
#921 = VERTEX_POINT('',#922);
#922 = CARTESIAN_POINT('',(-8.994665702155,16.473001480103,
    4.670001029968));
#923 = SURFACE_CURVE('',#924,(#928,#934),.PCURVE_S1.);
#924 = LINE('',#925,#926);
#925 = CARTESIAN_POINT('',(-8.99103158977,12.646894758849,2.974163914596
    ));
#926 = VECTOR('',#927,1.);
#927 = DIRECTION('',(8.683477087168E-04,-0.914223516672,-0.405209337917)
  );
#928 = PCURVE('',#43,#929);
#929 = DEFINITIONAL_REPRESENTATION('',(#930),#933);
#930 = B_SPLINE_CURVE_WITH_KNOTS('',1,(#931,#932),.UNSPECIFIED.,.F.,.F.,
  (2,2),(-4.185088932278,-1.98869014845),.PIECEWISE_BEZIER_KNOTS.);
#931 = CARTESIAN_POINT('',(3.527000110852,-24.67000102996));
#932 = CARTESIAN_POINT('',(5.535000436784,-23.77999973297));
#933 = ( GEOMETRIC_REPRESENTATION_CONTEXT(2) 
PARAMETRIC_REPRESENTATION_CONTEXT() REPRESENTATION_CONTEXT('2D SPACE',''
  ) );
#934 = PCURVE('',#935,#940);
#935 = PLANE('',#936);
#936 = AXIS2_PLACEMENT_3D('',#937,#938,#939);
#937 = CARTESIAN_POINT('',(5.381450139683,15.0233641418,4.027481366712)
  );
#938 = DIRECTION('',(-0.,0.405209490687,-0.914223861348));
#939 = DIRECTION('',(0.,-0.914223861348,-0.405209490687));
#940 = DEFINITIONAL_REPRESENTATION('',(#941),#944);
#941 = B_SPLINE_CURVE_WITH_KNOTS('',1,(#942,#943),.UNSPECIFIED.,.F.,.F.,
  (2,2),(-4.185088932278,-1.98869014845),.PIECEWISE_BEZIER_KNOTS.);
#942 = CARTESIAN_POINT('',(-1.585648110481,14.376115841838));
#943 = CARTESIAN_POINT('',(0.610749845273,14.374208603987));
#944 = ( GEOMETRIC_REPRESENTATION_CONTEXT(2) 
PARAMETRIC_REPRESENTATION_CONTEXT() REPRESENTATION_CONTEXT('2D SPACE',''
  ) );
#945 = ORIENTED_EDGE('',*,*,#946,.F.);
#946 = EDGE_CURVE('',#947,#921,#949,.T.);
#947 = VERTEX_POINT('',#948);
#948 = CARTESIAN_POINT('',(-8.994667600752,16.47500038147,5.670001029968
    ));
#949 = SURFACE_CURVE('',#950,(#954,#960),.PCURVE_S1.);
#950 = LINE('',#951,#952);
#951 = CARTESIAN_POINT('',(-8.994642989327,16.449088706893,
    -7.292957024146));
#952 = VECTOR('',#953,1.);
#953 = DIRECTION('',(1.898592546383E-06,-1.998897373781E-03,
    -0.999998002201));
#954 = PCURVE('',#43,#955);
#955 = DEFINITIONAL_REPRESENTATION('',(#956),#959);
#956 = B_SPLINE_CURVE_WITH_KNOTS('',1,(#957,#958),.UNSPECIFIED.,.F.,.F.,
  (2,2),(-12.96298395155,-11.96298195375),.PIECEWISE_BEZIER_KNOTS.);
#957 = CARTESIAN_POINT('',(3.525001208583,-25.67000102996));
#958 = CARTESIAN_POINT('',(3.527000110852,-24.67000102996));
#959 = ( GEOMETRIC_REPRESENTATION_CONTEXT(2) 
PARAMETRIC_REPRESENTATION_CONTEXT() REPRESENTATION_CONTEXT('2D SPACE',''
  ) );
#960 = PCURVE('',#961,#966);
#961 = PLANE('',#962);
#962 = AXIS2_PLACEMENT_3D('',#963,#964,#965);
#963 = CARTESIAN_POINT('',(-4.955946161325,16.474474558308,
    5.406944947907));
#964 = DIRECTION('',(0.,0.999998002203,-1.998897373784E-03));
#965 = DIRECTION('',(0.,1.998897373784E-03,0.999998002203));
#966 = DEFINITIONAL_REPRESENTATION('',(#967),#970);
#967 = B_SPLINE_CURVE_WITH_KNOTS('',1,(#968,#969),.UNSPECIFIED.,.F.,.F.,
  (2,2),(-12.96298395155,-11.96298195375),.PIECEWISE_BEZIER_KNOTS.);
#968 = CARTESIAN_POINT('',(0.263056607595,-4.038721439427));
#969 = CARTESIAN_POINT('',(-0.736945390207,-4.03871954083));
#970 = ( GEOMETRIC_REPRESENTATION_CONTEXT(2) 
PARAMETRIC_REPRESENTATION_CONTEXT() REPRESENTATION_CONTEXT('2D SPACE',''
  ) );
#971 = ORIENTED_EDGE('',*,*,#972,.F.);
#972 = EDGE_CURVE('',#24,#947,#973,.T.);
#973 = SURFACE_CURVE('',#974,(#978,#984),.PCURVE_S1.);
#974 = LINE('',#975,#976);
#975 = CARTESIAN_POINT('',(-8.994667600752,16.47500038147,-6.61909380845
    ));
#976 = VECTOR('',#977,1.);
#977 = DIRECTION('',(-0.,0.,-1.));
#978 = PCURVE('',#43,#979);
#979 = DEFINITIONAL_REPRESENTATION('',(#980),#983);
#980 = B_SPLINE_CURVE_WITH_KNOTS('',1,(#981,#982),.UNSPECIFIED.,.F.,.F.,
  (2,2),(-13.01909380845,-12.28909483841),.PIECEWISE_BEZIER_KNOTS.);
#981 = CARTESIAN_POINT('',(3.525001208583,-26.4));
#982 = CARTESIAN_POINT('',(3.525001208583,-25.67000102996));
#983 = ( GEOMETRIC_REPRESENTATION_CONTEXT(2) 
PARAMETRIC_REPRESENTATION_CONTEXT() REPRESENTATION_CONTEXT('2D SPACE',''
  ) );
#984 = PCURVE('',#229,#985);
#985 = DEFINITIONAL_REPRESENTATION('',(#986),#989);
#986 = B_SPLINE_CURVE_WITH_KNOTS('',1,(#987,#988),.UNSPECIFIED.,.F.,.F.,
  (2,2),(-13.01909380845,-12.28909483841),.PIECEWISE_BEZIER_KNOTS.);
#987 = CARTESIAN_POINT('',(-0.361812383101,-13.53885211248));
#988 = CARTESIAN_POINT('',(-1.091811353133,-13.53885211248));
#989 = ( GEOMETRIC_REPRESENTATION_CONTEXT(2) 
PARAMETRIC_REPRESENTATION_CONTEXT() REPRESENTATION_CONTEXT('2D SPACE',''
  ) );
#990 = ADVANCED_FACE('',(#991),#229,.T.);
#991 = FACE_BOUND('',#992,.T.);
#992 = EDGE_LOOP('',(#993,#1014,#1035,#1036));
#993 = ORIENTED_EDGE('',*,*,#994,.F.);
#994 = EDGE_CURVE('',#995,#190,#997,.T.);
#995 = VERTEX_POINT('',#996);
#996 = CARTESIAN_POINT('',(9.222999572754,16.47500038147,5.670001029968)
  );
#997 = SURFACE_CURVE('',#998,(#1002,#1008),.PCURVE_S1.);
#998 = LINE('',#999,#1000);
#999 = CARTESIAN_POINT('',(9.222999572754,16.47500038147,-6.61909380845)
  );
#1000 = VECTOR('',#1001,1.);
#1001 = DIRECTION('',(0.,-0.,1.));
#1002 = PCURVE('',#229,#1003);
#1003 = DEFINITIONAL_REPRESENTATION('',(#1004),#1007);
#1004 = B_SPLINE_CURVE_WITH_KNOTS('',1,(#1005,#1006),.UNSPECIFIED.,.F.,
  .F.,(2,2),(12.289094838418,13.01909380845),.PIECEWISE_BEZIER_KNOTS.);
#1005 = CARTESIAN_POINT('',(-1.091811353133,4.678815061019));
#1006 = CARTESIAN_POINT('',(-0.361812383101,4.678815061019));
#1007 = ( GEOMETRIC_REPRESENTATION_CONTEXT(2) 
PARAMETRIC_REPRESENTATION_CONTEXT() REPRESENTATION_CONTEXT('2D SPACE',''
  ) );
#1008 = PCURVE('',#204,#1009);
#1009 = DEFINITIONAL_REPRESENTATION('',(#1010),#1013);
#1010 = B_SPLINE_CURVE_WITH_KNOTS('',1,(#1011,#1012),.UNSPECIFIED.,.F.,
  .F.,(2,2),(12.289094838418,13.01909380845),.PIECEWISE_BEZIER_KNOTS.);
#1011 = CARTESIAN_POINT('',(36.47500038147,-25.67000102996));
#1012 = CARTESIAN_POINT('',(36.47500038147,-26.4));
#1013 = ( GEOMETRIC_REPRESENTATION_CONTEXT(2) 
PARAMETRIC_REPRESENTATION_CONTEXT() REPRESENTATION_CONTEXT('2D SPACE',''
  ) );
#1014 = ORIENTED_EDGE('',*,*,#1015,.T.);
#1015 = EDGE_CURVE('',#995,#947,#1016,.T.);
#1016 = SURFACE_CURVE('',#1017,(#1021,#1028),.PCURVE_S1.);
#1017 = LINE('',#1018,#1019);
#1018 = CARTESIAN_POINT('',(9.722999572754,16.47500038147,5.670001029968
    ));
#1019 = VECTOR('',#1020,1.);
#1020 = DIRECTION('',(-1.,0.,0.));
#1021 = PCURVE('',#229,#1022);
#1022 = DEFINITIONAL_REPRESENTATION('',(#1023),#1027);
#1023 = LINE('',#1024,#1025);
#1024 = CARTESIAN_POINT('',(-1.091811353133,5.178815061019));
#1025 = VECTOR('',#1026,1.);
#1026 = DIRECTION('',(0.,-1.));
#1027 = ( GEOMETRIC_REPRESENTATION_CONTEXT(2) 
PARAMETRIC_REPRESENTATION_CONTEXT() REPRESENTATION_CONTEXT('2D SPACE',''
  ) );
#1028 = PCURVE('',#961,#1029);
#1029 = DEFINITIONAL_REPRESENTATION('',(#1030),#1034);
#1030 = LINE('',#1031,#1032);
#1031 = CARTESIAN_POINT('',(0.263056607595,14.678945734079));
#1032 = VECTOR('',#1033,1.);
#1033 = DIRECTION('',(0.,-1.));
#1034 = ( GEOMETRIC_REPRESENTATION_CONTEXT(2) 
PARAMETRIC_REPRESENTATION_CONTEXT() REPRESENTATION_CONTEXT('2D SPACE',''
  ) );
#1035 = ORIENTED_EDGE('',*,*,#972,.F.);
#1036 = ORIENTED_EDGE('',*,*,#215,.T.);
#1037 = ADVANCED_FACE('',(#1038),#204,.F.);
#1038 = FACE_BOUND('',#1039,.F.);
#1039 = EDGE_LOOP('',(#1040,#1041,#1042,#1063,#1084,#1105,#1126));
#1040 = ORIENTED_EDGE('',*,*,#189,.F.);
#1041 = ORIENTED_EDGE('',*,*,#994,.F.);
#1042 = ORIENTED_EDGE('',*,*,#1043,.F.);
#1043 = EDGE_CURVE('',#1044,#995,#1046,.T.);
#1044 = VERTEX_POINT('',#1045);
#1045 = CARTESIAN_POINT('',(9.222999572754,16.473001480103,
    4.670001029968));
#1046 = SURFACE_CURVE('',#1047,(#1051,#1057),.PCURVE_S1.);
#1047 = LINE('',#1048,#1049);
#1048 = CARTESIAN_POINT('',(9.222999572754,16.449008802736,
    -7.332931061044));
#1049 = VECTOR('',#1050,1.);
#1050 = DIRECTION('',(0.,1.998897373784E-03,0.999998002203));
#1051 = PCURVE('',#204,#1052);
#1052 = DEFINITIONAL_REPRESENTATION('',(#1053),#1056);
#1053 = B_SPLINE_CURVE_WITH_KNOTS('',1,(#1054,#1055),.UNSPECIFIED.,.F.,
  .F.,(2,2),(12.002956070486,13.002958068287),.PIECEWISE_BEZIER_KNOTS.);
#1054 = CARTESIAN_POINT('',(36.473001480103,-24.67000102996));
#1055 = CARTESIAN_POINT('',(36.47500038147,-25.67000102996));
#1056 = ( GEOMETRIC_REPRESENTATION_CONTEXT(2) 
PARAMETRIC_REPRESENTATION_CONTEXT() REPRESENTATION_CONTEXT('2D SPACE',''
  ) );
#1057 = PCURVE('',#961,#1058);
#1058 = DEFINITIONAL_REPRESENTATION('',(#1059),#1062);
#1059 = B_SPLINE_CURVE_WITH_KNOTS('',1,(#1060,#1061),.UNSPECIFIED.,.F.,
  .F.,(2,2),(12.002956070486,13.002958068287),.PIECEWISE_BEZIER_KNOTS.);
#1060 = CARTESIAN_POINT('',(-0.736945390207,14.178945734079));
#1061 = CARTESIAN_POINT('',(0.263056607595,14.178945734079));
#1062 = ( GEOMETRIC_REPRESENTATION_CONTEXT(2) 
PARAMETRIC_REPRESENTATION_CONTEXT() REPRESENTATION_CONTEXT('2D SPACE',''
  ) );
#1063 = ORIENTED_EDGE('',*,*,#1064,.F.);
#1064 = EDGE_CURVE('',#1065,#1044,#1067,.T.);
#1065 = VERTEX_POINT('',#1066);
#1066 = CARTESIAN_POINT('',(9.222999572754,14.465002059937,
    3.779999732971));
#1067 = SURFACE_CURVE('',#1068,(#1072,#1078),.PCURVE_S1.);
#1068 = LINE('',#1069,#1070);
#1069 = CARTESIAN_POINT('',(9.222999572754,-4.063508485051,
    -4.432352447437));
#1070 = VECTOR('',#1071,1.);
#1071 = DIRECTION('',(0.,0.914223861348,0.405209490687));
#1072 = PCURVE('',#204,#1073);
#1073 = DEFINITIONAL_REPRESENTATION('',(#1074),#1077);
#1074 = B_SPLINE_CURVE_WITH_KNOTS('',1,(#1075,#1076),.UNSPECIFIED.,.F.,
  .F.,(2,2),(20.266929499823,22.463327455577),.PIECEWISE_BEZIER_KNOTS.);
#1075 = CARTESIAN_POINT('',(34.465002059937,-23.77999973297));
#1076 = CARTESIAN_POINT('',(36.473001480103,-24.67000102996));
#1077 = ( GEOMETRIC_REPRESENTATION_CONTEXT(2) 
PARAMETRIC_REPRESENTATION_CONTEXT() REPRESENTATION_CONTEXT('2D SPACE',''
  ) );
#1078 = PCURVE('',#935,#1079);
#1079 = DEFINITIONAL_REPRESENTATION('',(#1080),#1083);
#1080 = B_SPLINE_CURVE_WITH_KNOTS('',1,(#1081,#1082),.UNSPECIFIED.,.F.,
  .F.,(2,2),(20.266929499823,22.463327455577),.PIECEWISE_BEZIER_KNOTS.);
#1081 = CARTESIAN_POINT('',(0.610749845273,-3.841549433071));
#1082 = CARTESIAN_POINT('',(-1.585648110481,-3.841549433071));
#1083 = ( GEOMETRIC_REPRESENTATION_CONTEXT(2) 
PARAMETRIC_REPRESENTATION_CONTEXT() REPRESENTATION_CONTEXT('2D SPACE',''
  ) );
#1084 = ORIENTED_EDGE('',*,*,#1085,.F.);
#1085 = EDGE_CURVE('',#1086,#1065,#1088,.T.);
#1086 = VERTEX_POINT('',#1087);
#1087 = CARTESIAN_POINT('',(9.222999572754,-14.50099945068,
    3.779999732971));
#1088 = SURFACE_CURVE('',#1089,(#1093,#1099),.PCURVE_S1.);
#1089 = LINE('',#1090,#1091);
#1090 = CARTESIAN_POINT('',(9.222999572754,-5.271669797267,
    3.779999732971));
#1091 = VECTOR('',#1092,1.);
#1092 = DIRECTION('',(0.,1.,-0.));
#1093 = PCURVE('',#204,#1094);
#1094 = DEFINITIONAL_REPRESENTATION('',(#1095),#1098);
#1095 = B_SPLINE_CURVE_WITH_KNOTS('',1,(#1096,#1097),.UNSPECIFIED.,.F.,
  .F.,(2,2),(-9.229329653414,19.736671857203),.PIECEWISE_BEZIER_KNOTS.);
#1096 = CARTESIAN_POINT('',(5.49900054932,-23.77999973297));
#1097 = CARTESIAN_POINT('',(34.465002059937,-23.77999973297));
#1098 = ( GEOMETRIC_REPRESENTATION_CONTEXT(2) 
PARAMETRIC_REPRESENTATION_CONTEXT() REPRESENTATION_CONTEXT('2D SPACE',''
  ) );
#1099 = PCURVE('',#758,#1100);
#1100 = DEFINITIONAL_REPRESENTATION('',(#1101),#1104);
#1101 = B_SPLINE_CURVE_WITH_KNOTS('',1,(#1102,#1103),.UNSPECIFIED.,.F.,
  .F.,(2,2),(-9.229329653414,19.736671857203),.PIECEWISE_BEZIER_KNOTS.);
#1102 = CARTESIAN_POINT('',(-3.390634373741,-23.95765985614));
#1103 = CARTESIAN_POINT('',(-3.390634373741,5.00834165447));
#1104 = ( GEOMETRIC_REPRESENTATION_CONTEXT(2) 
PARAMETRIC_REPRESENTATION_CONTEXT() REPRESENTATION_CONTEXT('2D SPACE',''
  ) );
#1105 = ORIENTED_EDGE('',*,*,#1106,.F.);
#1106 = EDGE_CURVE('',#1107,#1086,#1109,.T.);
#1107 = VERTEX_POINT('',#1108);
#1108 = CARTESIAN_POINT('',(9.222999572754,-16.47500038147,
    4.670001029968));
#1109 = SURFACE_CURVE('',#1110,(#1114,#1120),.PCURVE_S1.);
#1110 = LINE('',#1111,#1112);
#1111 = CARTESIAN_POINT('',(9.222999572754,-13.04380993132,
    3.123008876495));
#1112 = VECTOR('',#1113,1.);
#1113 = DIRECTION('',(0.,0.911627323154,-0.411017789978));
#1114 = PCURVE('',#204,#1115);
#1115 = DEFINITIONAL_REPRESENTATION('',(#1116),#1119);
#1116 = B_SPLINE_CURVE_WITH_KNOTS('',1,(#1117,#1118),.UNSPECIFIED.,.F.,
  .F.,(2,2),(-3.763808261336,-1.598448710727),.PIECEWISE_BEZIER_KNOTS.);
#1117 = CARTESIAN_POINT('',(3.524999618531,-24.67000102997));
#1118 = CARTESIAN_POINT('',(5.49900054932,-23.77999973297));
#1119 = ( GEOMETRIC_REPRESENTATION_CONTEXT(2) 
PARAMETRIC_REPRESENTATION_CONTEXT() REPRESENTATION_CONTEXT('2D SPACE',''
  ) );
#1120 = PCURVE('',#732,#1121);
#1121 = DEFINITIONAL_REPRESENTATION('',(#1122),#1125);
#1122 = B_SPLINE_CURVE_WITH_KNOTS('',1,(#1123,#1124),.UNSPECIFIED.,.F.,
  .F.,(2,2),(-3.763808261336,-1.598448710727),.PIECEWISE_BEZIER_KNOTS.);
#1123 = CARTESIAN_POINT('',(0.601293186937,-4.809385703361));
#1124 = CARTESIAN_POINT('',(-1.564066363672,-4.809385703361));
#1125 = ( GEOMETRIC_REPRESENTATION_CONTEXT(2) 
PARAMETRIC_REPRESENTATION_CONTEXT() REPRESENTATION_CONTEXT('2D SPACE',''
  ) );
#1126 = ORIENTED_EDGE('',*,*,#1127,.F.);
#1127 = EDGE_CURVE('',#167,#1107,#1128,.T.);
#1128 = SURFACE_CURVE('',#1129,(#1133,#1139),.PCURVE_S1.);
#1129 = LINE('',#1130,#1131);
#1130 = CARTESIAN_POINT('',(9.222999572754,-16.47500038147,
    -6.963703200543));
#1131 = VECTOR('',#1132,1.);
#1132 = DIRECTION('',(0.,0.,-1.));
#1133 = PCURVE('',#204,#1134);
#1134 = DEFINITIONAL_REPRESENTATION('',(#1135),#1138);
#1135 = B_SPLINE_CURVE_WITH_KNOTS('',1,(#1136,#1137),.UNSPECIFIED.,.F.,
  .F.,(2,2),(-13.36370320054,-11.63370423051),.PIECEWISE_BEZIER_KNOTS.);
#1136 = CARTESIAN_POINT('',(3.52499961853,-26.4));
#1137 = CARTESIAN_POINT('',(3.52499961853,-24.67000102996));
#1138 = ( GEOMETRIC_REPRESENTATION_CONTEXT(2) 
PARAMETRIC_REPRESENTATION_CONTEXT() REPRESENTATION_CONTEXT('2D SPACE',''
  ) );
#1139 = PCURVE('',#70,#1140);
#1140 = DEFINITIONAL_REPRESENTATION('',(#1141),#1144);
#1141 = B_SPLINE_CURVE_WITH_KNOTS('',1,(#1142,#1143),.UNSPECIFIED.,.F.,
  .F.,(2,2),(-13.36370320054,-11.63370423051),.PIECEWISE_BEZIER_KNOTS.);
#1142 = CARTESIAN_POINT('',(-0.327406401087,14.266404241969));
#1143 = CARTESIAN_POINT('',(1.402592568945,14.266404241969));
#1144 = ( GEOMETRIC_REPRESENTATION_CONTEXT(2) 
PARAMETRIC_REPRESENTATION_CONTEXT() REPRESENTATION_CONTEXT('2D SPACE',''
  ) );
#1145 = ADVANCED_FACE('',(#1146),#70,.T.);
#1146 = FACE_BOUND('',#1147,.T.);
#1147 = EDGE_LOOP('',(#1148,#1149,#1170,#1171,#1172,#1195,#1223,#1244));
#1148 = ORIENTED_EDGE('',*,*,#696,.F.);
#1149 = ORIENTED_EDGE('',*,*,#1150,.T.);
#1150 = EDGE_CURVE('',#697,#1107,#1151,.T.);
#1151 = SURFACE_CURVE('',#1152,(#1156,#1163),.PCURVE_S1.);
#1152 = LINE('',#1153,#1154);
#1153 = CARTESIAN_POINT('',(-9.464996337891,-16.47500038147,
    4.670001029968));
#1154 = VECTOR('',#1155,1.);
#1155 = DIRECTION('',(1.,0.,0.));
#1156 = PCURVE('',#70,#1157);
#1157 = DEFINITIONAL_REPRESENTATION('',(#1158),#1162);
#1158 = LINE('',#1159,#1160);
#1159 = CARTESIAN_POINT('',(1.402592568945,-4.421591668676));
#1160 = VECTOR('',#1161,1.);
#1161 = DIRECTION('',(0.,1.));
#1162 = ( GEOMETRIC_REPRESENTATION_CONTEXT(2) 
PARAMETRIC_REPRESENTATION_CONTEXT() REPRESENTATION_CONTEXT('2D SPACE',''
  ) );
#1163 = PCURVE('',#732,#1164);
#1164 = DEFINITIONAL_REPRESENTATION('',(#1165),#1169);
#1165 = LINE('',#1166,#1167);
#1166 = CARTESIAN_POINT('',(0.601293186937,13.878610207284));
#1167 = VECTOR('',#1168,1.);
#1168 = DIRECTION('',(0.,-1.));
#1169 = ( GEOMETRIC_REPRESENTATION_CONTEXT(2) 
PARAMETRIC_REPRESENTATION_CONTEXT() REPRESENTATION_CONTEXT('2D SPACE',''
  ) );
#1170 = ORIENTED_EDGE('',*,*,#1127,.F.);
#1171 = ORIENTED_EDGE('',*,*,#166,.T.);
#1172 = ORIENTED_EDGE('',*,*,#1173,.F.);
#1173 = EDGE_CURVE('',#1174,#139,#1176,.T.);
#1174 = VERTEX_POINT('',#1175);
#1175 = CARTESIAN_POINT('',(6.5418,-16.47500038147,5.));
#1176 = SURFACE_CURVE('',#1177,(#1181,#1188),.PCURVE_S1.);
#1177 = LINE('',#1178,#1179);
#1178 = CARTESIAN_POINT('',(6.5418,-16.47500038147,5.536296799457));
#1179 = VECTOR('',#1180,1.);
#1180 = DIRECTION('',(0.,0.,1.));
#1181 = PCURVE('',#70,#1182);
#1182 = DEFINITIONAL_REPRESENTATION('',(#1183),#1187);
#1183 = LINE('',#1184,#1185);
#1184 = CARTESIAN_POINT('',(0.536296799456,11.585204669215));
#1185 = VECTOR('',#1186,1.);
#1186 = DIRECTION('',(-1.,0.));
#1187 = ( GEOMETRIC_REPRESENTATION_CONTEXT(2) 
PARAMETRIC_REPRESENTATION_CONTEXT() REPRESENTATION_CONTEXT('2D SPACE',''
  ) );
#1188 = PCURVE('',#154,#1189);
#1189 = DEFINITIONAL_REPRESENTATION('',(#1190),#1194);
#1190 = LINE('',#1191,#1192);
#1191 = CARTESIAN_POINT('',(0.536296799457,-0.84079961853));
#1192 = VECTOR('',#1193,1.);
#1193 = DIRECTION('',(1.,0.));
#1194 = ( GEOMETRIC_REPRESENTATION_CONTEXT(2) 
PARAMETRIC_REPRESENTATION_CONTEXT() REPRESENTATION_CONTEXT('2D SPACE',''
  ) );
#1195 = ORIENTED_EDGE('',*,*,#1196,.T.);
#1196 = EDGE_CURVE('',#1174,#1197,#1199,.T.);
#1197 = VERTEX_POINT('',#1198);
#1198 = CARTESIAN_POINT('',(-6.2582,-16.47500038147,5.));
#1199 = SURFACE_CURVE('',#1200,(#1204,#1211),.PCURVE_S1.);
#1200 = LINE('',#1201,#1202);
#1201 = CARTESIAN_POINT('',(-5.650802334607,-16.47500038147,5.));
#1202 = VECTOR('',#1203,1.);
#1203 = DIRECTION('',(-1.,0.,0.));
#1204 = PCURVE('',#70,#1205);
#1205 = DEFINITIONAL_REPRESENTATION('',(#1206),#1210);
#1206 = LINE('',#1207,#1208);
#1207 = CARTESIAN_POINT('',(1.072593598913,-0.607397665392));
#1208 = VECTOR('',#1209,1.);
#1209 = DIRECTION('',(0.,-1.));
#1210 = ( GEOMETRIC_REPRESENTATION_CONTEXT(2) 
PARAMETRIC_REPRESENTATION_CONTEXT() REPRESENTATION_CONTEXT('2D SPACE',''
  ) );
#1211 = PCURVE('',#1212,#1217);
#1212 = PLANE('',#1213);
#1213 = AXIS2_PLACEMENT_3D('',#1214,#1215,#1216);
#1214 = CARTESIAN_POINT('',(-6.2582,-17.3158,5.));
#1215 = DIRECTION('',(0.,0.,1.));
#1216 = DIRECTION('',(1.,0.,-0.));
#1217 = DEFINITIONAL_REPRESENTATION('',(#1218),#1222);
#1218 = LINE('',#1219,#1220);
#1219 = CARTESIAN_POINT('',(0.607397665393,0.84079961853));
#1220 = VECTOR('',#1221,1.);
#1221 = DIRECTION('',(-1.,0.));
#1222 = ( GEOMETRIC_REPRESENTATION_CONTEXT(2) 
PARAMETRIC_REPRESENTATION_CONTEXT() REPRESENTATION_CONTEXT('2D SPACE',''
  ) );
#1223 = ORIENTED_EDGE('',*,*,#1224,.T.);
#1224 = EDGE_CURVE('',#1197,#55,#1225,.T.);
#1225 = SURFACE_CURVE('',#1226,(#1230,#1237),.PCURVE_S1.);
#1226 = LINE('',#1227,#1228);
#1227 = CARTESIAN_POINT('',(-6.2582,-16.47500038147,5.536296799457));
#1228 = VECTOR('',#1229,1.);
#1229 = DIRECTION('',(0.,0.,1.));
#1230 = PCURVE('',#70,#1231);
#1231 = DEFINITIONAL_REPRESENTATION('',(#1232),#1236);
#1232 = LINE('',#1233,#1234);
#1233 = CARTESIAN_POINT('',(0.536296799456,-1.214795330785));
#1234 = VECTOR('',#1235,1.);
#1235 = DIRECTION('',(-1.,0.));
#1236 = ( GEOMETRIC_REPRESENTATION_CONTEXT(2) 
PARAMETRIC_REPRESENTATION_CONTEXT() REPRESENTATION_CONTEXT('2D SPACE',''
  ) );
#1237 = PCURVE('',#98,#1238);
#1238 = DEFINITIONAL_REPRESENTATION('',(#1239),#1243);
#1239 = LINE('',#1240,#1241);
#1240 = CARTESIAN_POINT('',(0.536296799457,-0.84079961853));
#1241 = VECTOR('',#1242,1.);
#1242 = DIRECTION('',(1.,0.));
#1243 = ( GEOMETRIC_REPRESENTATION_CONTEXT(2) 
PARAMETRIC_REPRESENTATION_CONTEXT() REPRESENTATION_CONTEXT('2D SPACE',''
  ) );
#1244 = ORIENTED_EDGE('',*,*,#54,.T.);
#1245 = ADVANCED_FACE('',(#1246),#154,.F.);
#1246 = FACE_BOUND('',#1247,.F.);
#1247 = EDGE_LOOP('',(#1248,#1249,#1272,#1293));
#1248 = ORIENTED_EDGE('',*,*,#1173,.F.);
#1249 = ORIENTED_EDGE('',*,*,#1250,.T.);
#1250 = EDGE_CURVE('',#1174,#1251,#1253,.T.);
#1251 = VERTEX_POINT('',#1252);
#1252 = CARTESIAN_POINT('',(6.5418,-15.43254968643,5.));
#1253 = SURFACE_CURVE('',#1254,(#1258,#1265),.PCURVE_S1.);
#1254 = LINE('',#1255,#1256);
#1255 = CARTESIAN_POINT('',(6.5418,-17.3158,5.));
#1256 = VECTOR('',#1257,1.);
#1257 = DIRECTION('',(0.,1.,0.));
#1258 = PCURVE('',#154,#1259);
#1259 = DEFINITIONAL_REPRESENTATION('',(#1260),#1264);
#1260 = LINE('',#1261,#1262);
#1261 = CARTESIAN_POINT('',(0.,0.));
#1262 = VECTOR('',#1263,1.);
#1263 = DIRECTION('',(0.,-1.));
#1264 = ( GEOMETRIC_REPRESENTATION_CONTEXT(2) 
PARAMETRIC_REPRESENTATION_CONTEXT() REPRESENTATION_CONTEXT('2D SPACE',''
  ) );
#1265 = PCURVE('',#1212,#1266);
#1266 = DEFINITIONAL_REPRESENTATION('',(#1267),#1271);
#1267 = LINE('',#1268,#1269);
#1268 = CARTESIAN_POINT('',(12.8,0.));
#1269 = VECTOR('',#1270,1.);
#1270 = DIRECTION('',(0.,1.));
#1271 = ( GEOMETRIC_REPRESENTATION_CONTEXT(2) 
PARAMETRIC_REPRESENTATION_CONTEXT() REPRESENTATION_CONTEXT('2D SPACE',''
  ) );
#1272 = ORIENTED_EDGE('',*,*,#1273,.F.);
#1273 = EDGE_CURVE('',#111,#1251,#1274,.T.);
#1274 = SURFACE_CURVE('',#1275,(#1279,#1286),.PCURVE_S1.);
#1275 = LINE('',#1276,#1277);
#1276 = CARTESIAN_POINT('',(6.5418,-15.43254968643,4.6));
#1277 = VECTOR('',#1278,1.);
#1278 = DIRECTION('',(0.,0.,-1.));
#1279 = PCURVE('',#154,#1280);
#1280 = DEFINITIONAL_REPRESENTATION('',(#1281),#1285);
#1281 = LINE('',#1282,#1283);
#1282 = CARTESIAN_POINT('',(-0.4,-1.88325031357));
#1283 = VECTOR('',#1284,1.);
#1284 = DIRECTION('',(-1.,0.));
#1285 = ( GEOMETRIC_REPRESENTATION_CONTEXT(2) 
PARAMETRIC_REPRESENTATION_CONTEXT() REPRESENTATION_CONTEXT('2D SPACE',''
  ) );
#1286 = PCURVE('',#126,#1287);
#1287 = DEFINITIONAL_REPRESENTATION('',(#1288),#1292);
#1288 = LINE('',#1289,#1290);
#1289 = CARTESIAN_POINT('',(3.181199572754,-0.4));
#1290 = VECTOR('',#1291,1.);
#1291 = DIRECTION('',(0.,1.));
#1292 = ( GEOMETRIC_REPRESENTATION_CONTEXT(2) 
PARAMETRIC_REPRESENTATION_CONTEXT() REPRESENTATION_CONTEXT('2D SPACE',''
  ) );
#1293 = ORIENTED_EDGE('',*,*,#138,.T.);
#1294 = ADVANCED_FACE('',(#1295),#126,.T.);
#1295 = FACE_BOUND('',#1296,.T.);
#1296 = EDGE_LOOP('',(#1297,#1298,#1299,#1322));
#1297 = ORIENTED_EDGE('',*,*,#1273,.F.);
#1298 = ORIENTED_EDGE('',*,*,#110,.T.);
#1299 = ORIENTED_EDGE('',*,*,#1300,.T.);
#1300 = EDGE_CURVE('',#83,#1301,#1303,.T.);
#1301 = VERTEX_POINT('',#1302);
#1302 = CARTESIAN_POINT('',(-6.2582,-15.43254968643,5.));
#1303 = SURFACE_CURVE('',#1304,(#1308,#1315),.PCURVE_S1.);
#1304 = LINE('',#1305,#1306);
#1305 = CARTESIAN_POINT('',(-6.2582,-15.43254968643,4.6));
#1306 = VECTOR('',#1307,1.);
#1307 = DIRECTION('',(0.,0.,-1.));
#1308 = PCURVE('',#126,#1309);
#1309 = DEFINITIONAL_REPRESENTATION('',(#1310),#1314);
#1310 = LINE('',#1311,#1312);
#1311 = CARTESIAN_POINT('',(15.981199572754,-0.4));
#1312 = VECTOR('',#1313,1.);
#1313 = DIRECTION('',(0.,1.));
#1314 = ( GEOMETRIC_REPRESENTATION_CONTEXT(2) 
PARAMETRIC_REPRESENTATION_CONTEXT() REPRESENTATION_CONTEXT('2D SPACE',''
  ) );
#1315 = PCURVE('',#98,#1316);
#1316 = DEFINITIONAL_REPRESENTATION('',(#1317),#1321);
#1317 = LINE('',#1318,#1319);
#1318 = CARTESIAN_POINT('',(-0.4,-1.88325031357));
#1319 = VECTOR('',#1320,1.);
#1320 = DIRECTION('',(-1.,0.));
#1321 = ( GEOMETRIC_REPRESENTATION_CONTEXT(2) 
PARAMETRIC_REPRESENTATION_CONTEXT() REPRESENTATION_CONTEXT('2D SPACE',''
  ) );
#1322 = ORIENTED_EDGE('',*,*,#1323,.T.);
#1323 = EDGE_CURVE('',#1301,#1251,#1324,.T.);
#1324 = SURFACE_CURVE('',#1325,(#1329,#1336),.PCURVE_S1.);
#1325 = LINE('',#1326,#1327);
#1326 = CARTESIAN_POINT('',(1.732399786377,-15.43254968643,5.));
#1327 = VECTOR('',#1328,1.);
#1328 = DIRECTION('',(1.,0.,-0.));
#1329 = PCURVE('',#126,#1330);
#1330 = DEFINITIONAL_REPRESENTATION('',(#1331),#1335);
#1331 = LINE('',#1332,#1333);
#1332 = CARTESIAN_POINT('',(7.990599786377,-0.8));
#1333 = VECTOR('',#1334,1.);
#1334 = DIRECTION('',(-1.,0.));
#1335 = ( GEOMETRIC_REPRESENTATION_CONTEXT(2) 
PARAMETRIC_REPRESENTATION_CONTEXT() REPRESENTATION_CONTEXT('2D SPACE',''
  ) );
#1336 = PCURVE('',#1212,#1337);
#1337 = DEFINITIONAL_REPRESENTATION('',(#1338),#1342);
#1338 = LINE('',#1339,#1340);
#1339 = CARTESIAN_POINT('',(7.990599786377,1.88325031357));
#1340 = VECTOR('',#1341,1.);
#1341 = DIRECTION('',(1.,0.));
#1342 = ( GEOMETRIC_REPRESENTATION_CONTEXT(2) 
PARAMETRIC_REPRESENTATION_CONTEXT() REPRESENTATION_CONTEXT('2D SPACE',''
  ) );
#1343 = ADVANCED_FACE('',(#1344),#98,.T.);
#1344 = FACE_BOUND('',#1345,.T.);
#1345 = EDGE_LOOP('',(#1346,#1347,#1368,#1369));
#1346 = ORIENTED_EDGE('',*,*,#1224,.F.);
#1347 = ORIENTED_EDGE('',*,*,#1348,.T.);
#1348 = EDGE_CURVE('',#1197,#1301,#1349,.T.);
#1349 = SURFACE_CURVE('',#1350,(#1354,#1361),.PCURVE_S1.);
#1350 = LINE('',#1351,#1352);
#1351 = CARTESIAN_POINT('',(-6.2582,-17.3158,5.));
#1352 = VECTOR('',#1353,1.);
#1353 = DIRECTION('',(0.,1.,0.));
#1354 = PCURVE('',#98,#1355);
#1355 = DEFINITIONAL_REPRESENTATION('',(#1356),#1360);
#1356 = LINE('',#1357,#1358);
#1357 = CARTESIAN_POINT('',(0.,0.));
#1358 = VECTOR('',#1359,1.);
#1359 = DIRECTION('',(0.,-1.));
#1360 = ( GEOMETRIC_REPRESENTATION_CONTEXT(2) 
PARAMETRIC_REPRESENTATION_CONTEXT() REPRESENTATION_CONTEXT('2D SPACE',''
  ) );
#1361 = PCURVE('',#1212,#1362);
#1362 = DEFINITIONAL_REPRESENTATION('',(#1363),#1367);
#1363 = LINE('',#1364,#1365);
#1364 = CARTESIAN_POINT('',(0.,0.));
#1365 = VECTOR('',#1366,1.);
#1366 = DIRECTION('',(0.,1.));
#1367 = ( GEOMETRIC_REPRESENTATION_CONTEXT(2) 
PARAMETRIC_REPRESENTATION_CONTEXT() REPRESENTATION_CONTEXT('2D SPACE',''
  ) );
#1368 = ORIENTED_EDGE('',*,*,#1300,.F.);
#1369 = ORIENTED_EDGE('',*,*,#82,.T.);
#1370 = ADVANCED_FACE('',(#1371),#261,.F.);
#1371 = FACE_BOUND('',#1372,.F.);
#1372 = EDGE_LOOP('',(#1373,#1403,#1430,#1458,#1478,#1479));
#1373 = ORIENTED_EDGE('',*,*,#1374,.F.);
#1374 = EDGE_CURVE('',#1375,#1377,#1379,.T.);
#1375 = VERTEX_POINT('',#1376);
#1376 = CARTESIAN_POINT('',(-5.4582,-4.268504784332,8.4));
#1377 = VERTEX_POINT('',#1378);
#1378 = CARTESIAN_POINT('',(-5.4582,0.3842,8.4));
#1379 = SURFACE_CURVE('',#1380,(#1384,#1391),.PCURVE_S1.);
#1380 = LINE('',#1381,#1382);
#1381 = CARTESIAN_POINT('',(-5.4582,-15.0158,8.4));
#1382 = VECTOR('',#1383,1.);
#1383 = DIRECTION('',(-0.,1.,0.));
#1384 = PCURVE('',#261,#1385);
#1385 = DEFINITIONAL_REPRESENTATION('',(#1386),#1390);
#1386 = LINE('',#1387,#1388);
#1387 = CARTESIAN_POINT('',(3.4,0.));
#1388 = VECTOR('',#1389,1.);
#1389 = DIRECTION('',(0.,-1.));
#1390 = ( GEOMETRIC_REPRESENTATION_CONTEXT(2) 
PARAMETRIC_REPRESENTATION_CONTEXT() REPRESENTATION_CONTEXT('2D SPACE',''
  ) );
#1391 = PCURVE('',#1392,#1397);
#1392 = PLANE('',#1393);
#1393 = AXIS2_PLACEMENT_3D('',#1394,#1395,#1396);
#1394 = CARTESIAN_POINT('',(-5.4582,-15.0158,8.4));
#1395 = DIRECTION('',(0.,0.,1.));
#1396 = DIRECTION('',(1.,0.,-0.));
#1397 = DEFINITIONAL_REPRESENTATION('',(#1398),#1402);
#1398 = LINE('',#1399,#1400);
#1399 = CARTESIAN_POINT('',(0.,0.));
#1400 = VECTOR('',#1401,1.);
#1401 = DIRECTION('',(0.,1.));
#1402 = ( GEOMETRIC_REPRESENTATION_CONTEXT(2) 
PARAMETRIC_REPRESENTATION_CONTEXT() REPRESENTATION_CONTEXT('2D SPACE',''
  ) );
#1403 = ORIENTED_EDGE('',*,*,#1404,.F.);
#1404 = EDGE_CURVE('',#1405,#1375,#1407,.T.);
#1405 = VERTEX_POINT('',#1406);
#1406 = CARTESIAN_POINT('',(-5.4582,-4.268504784332,7.9));
#1407 = SURFACE_CURVE('',#1408,(#1412,#1419),.PCURVE_S1.);
#1408 = LINE('',#1409,#1410);
#1409 = CARTESIAN_POINT('',(-5.4582,-4.268504784332,7.9));
#1410 = VECTOR('',#1411,1.);
#1411 = DIRECTION('',(0.,0.,1.));
#1412 = PCURVE('',#261,#1413);
#1413 = DEFINITIONAL_REPRESENTATION('',(#1414),#1418);
#1414 = LINE('',#1415,#1416);
#1415 = CARTESIAN_POINT('',(2.9,-10.74729521566));
#1416 = VECTOR('',#1417,1.);
#1417 = DIRECTION('',(1.,0.));
#1418 = ( GEOMETRIC_REPRESENTATION_CONTEXT(2) 
PARAMETRIC_REPRESENTATION_CONTEXT() REPRESENTATION_CONTEXT('2D SPACE',''
  ) );
#1419 = PCURVE('',#1420,#1425);
#1420 = CYLINDRICAL_SURFACE('',#1421,2.15);
#1421 = AXIS2_PLACEMENT_3D('',#1422,#1423,#1424);
#1422 = CARTESIAN_POINT('',(-6.5582,-6.115800104523,7.9));
#1423 = DIRECTION('',(0.,0.,1.));
#1424 = DIRECTION('',(1.,0.,-0.));
#1425 = DEFINITIONAL_REPRESENTATION('',(#1426),#1429);
#1426 = B_SPLINE_CURVE_WITH_KNOTS('',1,(#1427,#1428),.UNSPECIFIED.,.F.,
  .F.,(2,2),(-5.999999999062E-07,0.7),.PIECEWISE_BEZIER_KNOTS.);
#1427 = CARTESIAN_POINT('',(1.033717941101,-5.999999999062E-07));
#1428 = CARTESIAN_POINT('',(1.033717941101,0.7));
#1429 = ( GEOMETRIC_REPRESENTATION_CONTEXT(2) 
PARAMETRIC_REPRESENTATION_CONTEXT() REPRESENTATION_CONTEXT('2D SPACE',''
  ) );
#1430 = ORIENTED_EDGE('',*,*,#1431,.T.);
#1431 = EDGE_CURVE('',#1405,#1432,#1434,.T.);
#1432 = VERTEX_POINT('',#1433);
#1433 = CARTESIAN_POINT('',(-5.4582,-4.445470795674,7.9));
#1434 = SURFACE_CURVE('',#1435,(#1439,#1446),.PCURVE_S1.);
#1435 = LINE('',#1436,#1437);
#1436 = CARTESIAN_POINT('',(-5.4582,-10.56580005226,7.9));
#1437 = VECTOR('',#1438,1.);
#1438 = DIRECTION('',(0.,-1.,0.));
#1439 = PCURVE('',#261,#1440);
#1440 = DEFINITIONAL_REPRESENTATION('',(#1441),#1445);
#1441 = LINE('',#1442,#1443);
#1442 = CARTESIAN_POINT('',(2.9,-4.44999994774));
#1443 = VECTOR('',#1444,1.);
#1444 = DIRECTION('',(0.,1.));
#1445 = ( GEOMETRIC_REPRESENTATION_CONTEXT(2) 
PARAMETRIC_REPRESENTATION_CONTEXT() REPRESENTATION_CONTEXT('2D SPACE',''
  ) );
#1446 = PCURVE('',#1447,#1452);
#1447 = PLANE('',#1448);
#1448 = AXIS2_PLACEMENT_3D('',#1449,#1450,#1451);
#1449 = CARTESIAN_POINT('',(-6.5582,-6.115800104523,7.9));
#1450 = DIRECTION('',(0.,0.,1.));
#1451 = DIRECTION('',(1.,0.,-0.));
#1452 = DEFINITIONAL_REPRESENTATION('',(#1453),#1457);
#1453 = LINE('',#1454,#1455);
#1454 = CARTESIAN_POINT('',(1.1,-4.449999947737));
#1455 = VECTOR('',#1456,1.);
#1456 = DIRECTION('',(0.,-1.));
#1457 = ( GEOMETRIC_REPRESENTATION_CONTEXT(2) 
PARAMETRIC_REPRESENTATION_CONTEXT() REPRESENTATION_CONTEXT('2D SPACE',''
  ) );
#1458 = ORIENTED_EDGE('',*,*,#1459,.F.);
#1459 = EDGE_CURVE('',#246,#1432,#1460,.T.);
#1460 = SURFACE_CURVE('',#1461,(#1465,#1472),.PCURVE_S1.);
#1461 = LINE('',#1462,#1463);
#1462 = CARTESIAN_POINT('',(-5.4582,-4.445470795674,5.));
#1463 = VECTOR('',#1464,1.);
#1464 = DIRECTION('',(0.,0.,1.));
#1465 = PCURVE('',#261,#1466);
#1466 = DEFINITIONAL_REPRESENTATION('',(#1467),#1471);
#1467 = LINE('',#1468,#1469);
#1468 = CARTESIAN_POINT('',(0.,-10.57032920432));
#1469 = VECTOR('',#1470,1.);
#1470 = DIRECTION('',(1.,0.));
#1471 = ( GEOMETRIC_REPRESENTATION_CONTEXT(2) 
PARAMETRIC_REPRESENTATION_CONTEXT() REPRESENTATION_CONTEXT('2D SPACE',''
  ) );
#1472 = PCURVE('',#680,#1473);
#1473 = DEFINITIONAL_REPRESENTATION('',(#1474),#1477);
#1474 = B_SPLINE_CURVE_WITH_KNOTS('',1,(#1475,#1476),.UNSPECIFIED.,.F.,
  .F.,(2,2),(1.2,2.9000006),.PIECEWISE_BEZIER_KNOTS.);
#1475 = CARTESIAN_POINT('',(0.988432088926,1.2));
#1476 = CARTESIAN_POINT('',(0.988432088926,2.9000006));
#1477 = ( GEOMETRIC_REPRESENTATION_CONTEXT(2) 
PARAMETRIC_REPRESENTATION_CONTEXT() REPRESENTATION_CONTEXT('2D SPACE',''
  ) );
#1478 = ORIENTED_EDGE('',*,*,#243,.F.);
#1479 = ORIENTED_EDGE('',*,*,#1480,.T.);
#1480 = EDGE_CURVE('',#244,#1377,#1481,.T.);
#1481 = SURFACE_CURVE('',#1482,(#1486,#1493),.PCURVE_S1.);
#1482 = LINE('',#1483,#1484);
#1483 = CARTESIAN_POINT('',(-5.4582,0.3842,5.));
#1484 = VECTOR('',#1485,1.);
#1485 = DIRECTION('',(0.,0.,1.));
#1486 = PCURVE('',#261,#1487);
#1487 = DEFINITIONAL_REPRESENTATION('',(#1488),#1492);
#1488 = LINE('',#1489,#1490);
#1489 = CARTESIAN_POINT('',(0.,-15.4));
#1490 = VECTOR('',#1491,1.);
#1491 = DIRECTION('',(1.,0.));
#1492 = ( GEOMETRIC_REPRESENTATION_CONTEXT(2) 
PARAMETRIC_REPRESENTATION_CONTEXT() REPRESENTATION_CONTEXT('2D SPACE',''
  ) );
#1493 = PCURVE('',#289,#1494);
#1494 = DEFINITIONAL_REPRESENTATION('',(#1495),#1499);
#1495 = LINE('',#1496,#1497);
#1496 = CARTESIAN_POINT('',(0.,0.));
#1497 = VECTOR('',#1498,1.);
#1498 = DIRECTION('',(1.,0.));
#1499 = ( GEOMETRIC_REPRESENTATION_CONTEXT(2) 
PARAMETRIC_REPRESENTATION_CONTEXT() REPRESENTATION_CONTEXT('2D SPACE',''
  ) );
#1500 = ADVANCED_FACE('',(#1501),#289,.T.);
#1501 = FACE_BOUND('',#1502,.T.);
#1502 = EDGE_LOOP('',(#1503,#1504,#1505,#1528,#1549,#1550,#1573,#1601));
#1503 = ORIENTED_EDGE('',*,*,#273,.F.);
#1504 = ORIENTED_EDGE('',*,*,#1480,.T.);
#1505 = ORIENTED_EDGE('',*,*,#1506,.T.);
#1506 = EDGE_CURVE('',#1377,#1507,#1509,.T.);
#1507 = VERTEX_POINT('',#1508);
#1508 = CARTESIAN_POINT('',(5.7418,0.3842,8.4));
#1509 = SURFACE_CURVE('',#1510,(#1514,#1521),.PCURVE_S1.);
#1510 = LINE('',#1511,#1512);
#1511 = CARTESIAN_POINT('',(-5.4582,0.3842,8.4));
#1512 = VECTOR('',#1513,1.);
#1513 = DIRECTION('',(1.,0.,-0.));
#1514 = PCURVE('',#289,#1515);
#1515 = DEFINITIONAL_REPRESENTATION('',(#1516),#1520);
#1516 = LINE('',#1517,#1518);
#1517 = CARTESIAN_POINT('',(3.4,0.));
#1518 = VECTOR('',#1519,1.);
#1519 = DIRECTION('',(0.,1.));
#1520 = ( GEOMETRIC_REPRESENTATION_CONTEXT(2) 
PARAMETRIC_REPRESENTATION_CONTEXT() REPRESENTATION_CONTEXT('2D SPACE',''
  ) );
#1521 = PCURVE('',#1392,#1522);
#1522 = DEFINITIONAL_REPRESENTATION('',(#1523),#1527);
#1523 = LINE('',#1524,#1525);
#1524 = CARTESIAN_POINT('',(0.,15.4));
#1525 = VECTOR('',#1526,1.);
#1526 = DIRECTION('',(1.,0.));
#1527 = ( GEOMETRIC_REPRESENTATION_CONTEXT(2) 
PARAMETRIC_REPRESENTATION_CONTEXT() REPRESENTATION_CONTEXT('2D SPACE',''
  ) );
#1528 = ORIENTED_EDGE('',*,*,#1529,.F.);
#1529 = EDGE_CURVE('',#386,#1507,#1530,.T.);
#1530 = SURFACE_CURVE('',#1531,(#1535,#1542),.PCURVE_S1.);
#1531 = LINE('',#1532,#1533);
#1532 = CARTESIAN_POINT('',(5.7418,0.3842,5.));
#1533 = VECTOR('',#1534,1.);
#1534 = DIRECTION('',(0.,0.,1.));
#1535 = PCURVE('',#289,#1536);
#1536 = DEFINITIONAL_REPRESENTATION('',(#1537),#1541);
#1537 = LINE('',#1538,#1539);
#1538 = CARTESIAN_POINT('',(0.,11.2));
#1539 = VECTOR('',#1540,1.);
#1540 = DIRECTION('',(1.,0.));
#1541 = ( GEOMETRIC_REPRESENTATION_CONTEXT(2) 
PARAMETRIC_REPRESENTATION_CONTEXT() REPRESENTATION_CONTEXT('2D SPACE',''
  ) );
#1542 = PCURVE('',#424,#1543);
#1543 = DEFINITIONAL_REPRESENTATION('',(#1544),#1548);
#1544 = LINE('',#1545,#1546);
#1545 = CARTESIAN_POINT('',(0.,-15.4));
#1546 = VECTOR('',#1547,1.);
#1547 = DIRECTION('',(1.,0.));
#1548 = ( GEOMETRIC_REPRESENTATION_CONTEXT(2) 
PARAMETRIC_REPRESENTATION_CONTEXT() REPRESENTATION_CONTEXT('2D SPACE',''
  ) );
#1549 = ORIENTED_EDGE('',*,*,#385,.F.);
#1550 = ORIENTED_EDGE('',*,*,#1551,.F.);
#1551 = EDGE_CURVE('',#1552,#358,#1554,.T.);
#1552 = VERTEX_POINT('',#1553);
#1553 = CARTESIAN_POINT('',(3.9918,0.3842,6.41));
#1554 = SURFACE_CURVE('',#1555,(#1559,#1566),.PCURVE_S1.);
#1555 = LINE('',#1556,#1557);
#1556 = CARTESIAN_POINT('',(3.9918,0.3842,4.75));
#1557 = VECTOR('',#1558,1.);
#1558 = DIRECTION('',(-0.,0.,-1.));
#1559 = PCURVE('',#289,#1560);
#1560 = DEFINITIONAL_REPRESENTATION('',(#1561),#1565);
#1561 = LINE('',#1562,#1563);
#1562 = CARTESIAN_POINT('',(-0.25,9.45));
#1563 = VECTOR('',#1564,1.);
#1564 = DIRECTION('',(-1.,0.));
#1565 = ( GEOMETRIC_REPRESENTATION_CONTEXT(2) 
PARAMETRIC_REPRESENTATION_CONTEXT() REPRESENTATION_CONTEXT('2D SPACE',''
  ) );
#1566 = PCURVE('',#373,#1567);
#1567 = DEFINITIONAL_REPRESENTATION('',(#1568),#1572);
#1568 = LINE('',#1569,#1570);
#1569 = CARTESIAN_POINT('',(0.25,-14.7));
#1570 = VECTOR('',#1571,1.);
#1571 = DIRECTION('',(-1.,-0.));
#1572 = ( GEOMETRIC_REPRESENTATION_CONTEXT(2) 
PARAMETRIC_REPRESENTATION_CONTEXT() REPRESENTATION_CONTEXT('2D SPACE',''
  ) );
#1573 = ORIENTED_EDGE('',*,*,#1574,.F.);
#1574 = EDGE_CURVE('',#1575,#1552,#1577,.T.);
#1575 = VERTEX_POINT('',#1576);
#1576 = CARTESIAN_POINT('',(-3.7082,0.3842,6.41));
#1577 = SURFACE_CURVE('',#1578,(#1582,#1589),.PCURVE_S1.);
#1578 = LINE('',#1579,#1580);
#1579 = CARTESIAN_POINT('',(-4.5832,0.3842,6.41));
#1580 = VECTOR('',#1581,1.);
#1581 = DIRECTION('',(1.,0.,-0.));
#1582 = PCURVE('',#289,#1583);
#1583 = DEFINITIONAL_REPRESENTATION('',(#1584),#1588);
#1584 = LINE('',#1585,#1586);
#1585 = CARTESIAN_POINT('',(1.41,0.875));
#1586 = VECTOR('',#1587,1.);
#1587 = DIRECTION('',(0.,1.));
#1588 = ( GEOMETRIC_REPRESENTATION_CONTEXT(2) 
PARAMETRIC_REPRESENTATION_CONTEXT() REPRESENTATION_CONTEXT('2D SPACE',''
  ) );
#1589 = PCURVE('',#1590,#1595);
#1590 = PLANE('',#1591);
#1591 = AXIS2_PLACEMENT_3D('',#1592,#1593,#1594);
#1592 = CARTESIAN_POINT('',(-3.7082,-14.3158,6.41));
#1593 = DIRECTION('',(0.,0.,1.));
#1594 = DIRECTION('',(1.,0.,-0.));
#1595 = DEFINITIONAL_REPRESENTATION('',(#1596),#1600);
#1596 = LINE('',#1597,#1598);
#1597 = CARTESIAN_POINT('',(-0.875,14.7));
#1598 = VECTOR('',#1599,1.);
#1599 = DIRECTION('',(1.,0.));
#1600 = ( GEOMETRIC_REPRESENTATION_CONTEXT(2) 
PARAMETRIC_REPRESENTATION_CONTEXT() REPRESENTATION_CONTEXT('2D SPACE',''
  ) );
#1601 = ORIENTED_EDGE('',*,*,#1602,.T.);
#1602 = EDGE_CURVE('',#1575,#274,#1603,.T.);
#1603 = SURFACE_CURVE('',#1604,(#1608,#1615),.PCURVE_S1.);
#1604 = LINE('',#1605,#1606);
#1605 = CARTESIAN_POINT('',(-3.7082,0.3842,4.75));
#1606 = VECTOR('',#1607,1.);
#1607 = DIRECTION('',(-0.,0.,-1.));
#1608 = PCURVE('',#289,#1609);
#1609 = DEFINITIONAL_REPRESENTATION('',(#1610),#1614);
#1610 = LINE('',#1611,#1612);
#1611 = CARTESIAN_POINT('',(-0.25,1.75));
#1612 = VECTOR('',#1613,1.);
#1613 = DIRECTION('',(-1.,0.));
#1614 = ( GEOMETRIC_REPRESENTATION_CONTEXT(2) 
PARAMETRIC_REPRESENTATION_CONTEXT() REPRESENTATION_CONTEXT('2D SPACE',''
  ) );
#1615 = PCURVE('',#317,#1616);
#1616 = DEFINITIONAL_REPRESENTATION('',(#1617),#1621);
#1617 = LINE('',#1618,#1619);
#1618 = CARTESIAN_POINT('',(0.25,-14.7));
#1619 = VECTOR('',#1620,1.);
#1620 = DIRECTION('',(-1.,-0.));
#1621 = ( GEOMETRIC_REPRESENTATION_CONTEXT(2) 
PARAMETRIC_REPRESENTATION_CONTEXT() REPRESENTATION_CONTEXT('2D SPACE',''
  ) );
#1622 = ADVANCED_FACE('',(#1623),#680,.T.);
#1623 = FACE_BOUND('',#1624,.T.);
#1624 = EDGE_LOOP('',(#1625,#1649,#1650,#1651));
#1625 = ORIENTED_EDGE('',*,*,#1626,.F.);
#1626 = EDGE_CURVE('',#1432,#1627,#1629,.T.);
#1627 = VERTEX_POINT('',#1628);
#1628 = CARTESIAN_POINT('',(-5.4582,-7.786129413372,7.9));
#1629 = SURFACE_CURVE('',#1630,(#1635,#1642),.PCURVE_S1.);
#1630 = CIRCLE('',#1631,2.);
#1631 = AXIS2_PLACEMENT_3D('',#1632,#1633,#1634);
#1632 = CARTESIAN_POINT('',(-6.5582,-6.115800104523,7.9));
#1633 = DIRECTION('',(0.,0.,1.));
#1634 = DIRECTION('',(1.,0.,-0.));
#1635 = PCURVE('',#680,#1636);
#1636 = DEFINITIONAL_REPRESENTATION('',(#1637),#1641);
#1637 = LINE('',#1638,#1639);
#1638 = CARTESIAN_POINT('',(0.,2.9));
#1639 = VECTOR('',#1640,1.);
#1640 = DIRECTION('',(1.,0.));
#1641 = ( GEOMETRIC_REPRESENTATION_CONTEXT(2) 
PARAMETRIC_REPRESENTATION_CONTEXT() REPRESENTATION_CONTEXT('2D SPACE',''
  ) );
#1642 = PCURVE('',#1447,#1643);
#1643 = DEFINITIONAL_REPRESENTATION('',(#1644),#1648);
#1644 = CIRCLE('',#1645,2.);
#1645 = AXIS2_PLACEMENT_2D('',#1646,#1647);
#1646 = CARTESIAN_POINT('',(0.,0.));
#1647 = DIRECTION('',(1.,0.));
#1648 = ( GEOMETRIC_REPRESENTATION_CONTEXT(2) 
PARAMETRIC_REPRESENTATION_CONTEXT() REPRESENTATION_CONTEXT('2D SPACE',''
  ) );
#1649 = ORIENTED_EDGE('',*,*,#1459,.F.);
#1650 = ORIENTED_EDGE('',*,*,#665,.T.);
#1651 = ORIENTED_EDGE('',*,*,#1652,.T.);
#1652 = EDGE_CURVE('',#638,#1627,#1653,.T.);
#1653 = SURFACE_CURVE('',#1654,(#1658,#1664),.PCURVE_S1.);
#1654 = LINE('',#1655,#1656);
#1655 = CARTESIAN_POINT('',(-5.4582,-7.786129413372,5.));
#1656 = VECTOR('',#1657,1.);
#1657 = DIRECTION('',(0.,0.,1.));
#1658 = PCURVE('',#680,#1659);
#1659 = DEFINITIONAL_REPRESENTATION('',(#1660),#1663);
#1660 = B_SPLINE_CURVE_WITH_KNOTS('',1,(#1661,#1662),.UNSPECIFIED.,.F.,
  .F.,(2,2),(1.2,2.9000006),.PIECEWISE_BEZIER_KNOTS.);
#1661 = CARTESIAN_POINT('',(5.294753218253,1.2));
#1662 = CARTESIAN_POINT('',(5.294753218253,2.9000006));
#1663 = ( GEOMETRIC_REPRESENTATION_CONTEXT(2) 
PARAMETRIC_REPRESENTATION_CONTEXT() REPRESENTATION_CONTEXT('2D SPACE',''
  ) );
#1664 = PCURVE('',#653,#1665);
#1665 = DEFINITIONAL_REPRESENTATION('',(#1666),#1670);
#1666 = LINE('',#1667,#1668);
#1667 = CARTESIAN_POINT('',(0.,-7.229670586628));
#1668 = VECTOR('',#1669,1.);
#1669 = DIRECTION('',(1.,0.));
#1670 = ( GEOMETRIC_REPRESENTATION_CONTEXT(2) 
PARAMETRIC_REPRESENTATION_CONTEXT() REPRESENTATION_CONTEXT('2D SPACE',''
  ) );
#1671 = ADVANCED_FACE('',(#1672),#317,.T.);
#1672 = FACE_BOUND('',#1673,.T.);
#1673 = EDGE_LOOP('',(#1674,#1704,#1725,#1726,#1727,#1750,#1778,#1806));
#1674 = ORIENTED_EDGE('',*,*,#1675,.T.);
#1675 = EDGE_CURVE('',#1676,#1678,#1680,.T.);
#1676 = VERTEX_POINT('',#1677);
#1677 = CARTESIAN_POINT('',(-3.7082,-11.4958,4.5));
#1678 = VERTEX_POINT('',#1679);
#1679 = CARTESIAN_POINT('',(-3.7082,0.4842,4.5));
#1680 = SURFACE_CURVE('',#1681,(#1685,#1692),.PCURVE_S1.);
#1681 = LINE('',#1682,#1683);
#1682 = CARTESIAN_POINT('',(-3.7082,-14.3158,4.5));
#1683 = VECTOR('',#1684,1.);
#1684 = DIRECTION('',(-0.,1.,0.));
#1685 = PCURVE('',#317,#1686);
#1686 = DEFINITIONAL_REPRESENTATION('',(#1687),#1691);
#1687 = LINE('',#1688,#1689);
#1688 = CARTESIAN_POINT('',(0.,0.));
#1689 = VECTOR('',#1690,1.);
#1690 = DIRECTION('',(0.,-1.));
#1691 = ( GEOMETRIC_REPRESENTATION_CONTEXT(2) 
PARAMETRIC_REPRESENTATION_CONTEXT() REPRESENTATION_CONTEXT('2D SPACE',''
  ) );
#1692 = PCURVE('',#1693,#1698);
#1693 = PLANE('',#1694);
#1694 = AXIS2_PLACEMENT_3D('',#1695,#1696,#1697);
#1695 = CARTESIAN_POINT('',(-3.7082,-14.3158,4.5));
#1696 = DIRECTION('',(0.,0.,1.));
#1697 = DIRECTION('',(1.,0.,-0.));
#1698 = DEFINITIONAL_REPRESENTATION('',(#1699),#1703);
#1699 = LINE('',#1700,#1701);
#1700 = CARTESIAN_POINT('',(0.,0.));
#1701 = VECTOR('',#1702,1.);
#1702 = DIRECTION('',(0.,1.));
#1703 = ( GEOMETRIC_REPRESENTATION_CONTEXT(2) 
PARAMETRIC_REPRESENTATION_CONTEXT() REPRESENTATION_CONTEXT('2D SPACE',''
  ) );
#1704 = ORIENTED_EDGE('',*,*,#1705,.T.);
#1705 = EDGE_CURVE('',#1678,#302,#1706,.T.);
#1706 = SURFACE_CURVE('',#1707,(#1711,#1718),.PCURVE_S1.);
#1707 = LINE('',#1708,#1709);
#1708 = CARTESIAN_POINT('',(-3.7082,0.4842,4.5));
#1709 = VECTOR('',#1710,1.);
#1710 = DIRECTION('',(0.,0.,1.));
#1711 = PCURVE('',#317,#1712);
#1712 = DEFINITIONAL_REPRESENTATION('',(#1713),#1717);
#1713 = LINE('',#1714,#1715);
#1714 = CARTESIAN_POINT('',(0.,-14.8));
#1715 = VECTOR('',#1716,1.);
#1716 = DIRECTION('',(1.,0.));
#1717 = ( GEOMETRIC_REPRESENTATION_CONTEXT(2) 
PARAMETRIC_REPRESENTATION_CONTEXT() REPRESENTATION_CONTEXT('2D SPACE',''
  ) );
#1718 = PCURVE('',#345,#1719);
#1719 = DEFINITIONAL_REPRESENTATION('',(#1720),#1724);
#1720 = LINE('',#1721,#1722);
#1721 = CARTESIAN_POINT('',(0.,0.));
#1722 = VECTOR('',#1723,1.);
#1723 = DIRECTION('',(1.,0.));
#1724 = ( GEOMETRIC_REPRESENTATION_CONTEXT(2) 
PARAMETRIC_REPRESENTATION_CONTEXT() REPRESENTATION_CONTEXT('2D SPACE',''
  ) );
#1725 = ORIENTED_EDGE('',*,*,#301,.F.);
#1726 = ORIENTED_EDGE('',*,*,#1602,.F.);
#1727 = ORIENTED_EDGE('',*,*,#1728,.F.);
#1728 = EDGE_CURVE('',#1729,#1575,#1731,.T.);
#1729 = VERTEX_POINT('',#1730);
#1730 = CARTESIAN_POINT('',(-3.7082,-9.58E-02,6.41));
#1731 = SURFACE_CURVE('',#1732,(#1736,#1743),.PCURVE_S1.);
#1732 = LINE('',#1733,#1734);
#1733 = CARTESIAN_POINT('',(-3.7082,-14.3158,6.41));
#1734 = VECTOR('',#1735,1.);
#1735 = DIRECTION('',(-0.,1.,0.));
#1736 = PCURVE('',#317,#1737);
#1737 = DEFINITIONAL_REPRESENTATION('',(#1738),#1742);
#1738 = LINE('',#1739,#1740);
#1739 = CARTESIAN_POINT('',(1.91,0.));
#1740 = VECTOR('',#1741,1.);
#1741 = DIRECTION('',(0.,-1.));
#1742 = ( GEOMETRIC_REPRESENTATION_CONTEXT(2) 
PARAMETRIC_REPRESENTATION_CONTEXT() REPRESENTATION_CONTEXT('2D SPACE',''
  ) );
#1743 = PCURVE('',#1590,#1744);
#1744 = DEFINITIONAL_REPRESENTATION('',(#1745),#1749);
#1745 = LINE('',#1746,#1747);
#1746 = CARTESIAN_POINT('',(0.,0.));
#1747 = VECTOR('',#1748,1.);
#1748 = DIRECTION('',(0.,1.));
#1749 = ( GEOMETRIC_REPRESENTATION_CONTEXT(2) 
PARAMETRIC_REPRESENTATION_CONTEXT() REPRESENTATION_CONTEXT('2D SPACE',''
  ) );
#1750 = ORIENTED_EDGE('',*,*,#1751,.T.);
#1751 = EDGE_CURVE('',#1729,#1752,#1754,.T.);
#1752 = VERTEX_POINT('',#1753);
#1753 = CARTESIAN_POINT('',(-3.7082,-9.58E-02,6.4));
#1754 = SURFACE_CURVE('',#1755,(#1759,#1766),.PCURVE_S1.);
#1755 = LINE('',#1756,#1757);
#1756 = CARTESIAN_POINT('',(-3.7082,-9.58E-02,5.45));
#1757 = VECTOR('',#1758,1.);
#1758 = DIRECTION('',(-0.,0.,-1.));
#1759 = PCURVE('',#317,#1760);
#1760 = DEFINITIONAL_REPRESENTATION('',(#1761),#1765);
#1761 = LINE('',#1762,#1763);
#1762 = CARTESIAN_POINT('',(0.95,-14.22));
#1763 = VECTOR('',#1764,1.);
#1764 = DIRECTION('',(-1.,-0.));
#1765 = ( GEOMETRIC_REPRESENTATION_CONTEXT(2) 
PARAMETRIC_REPRESENTATION_CONTEXT() REPRESENTATION_CONTEXT('2D SPACE',''
  ) );
#1766 = PCURVE('',#1767,#1772);
#1767 = PLANE('',#1768);
#1768 = AXIS2_PLACEMENT_3D('',#1769,#1770,#1771);
#1769 = CARTESIAN_POINT('',(-4.4782,-9.58E-02,6.4));
#1770 = DIRECTION('',(-0.,1.,0.));
#1771 = DIRECTION('',(0.,0.,1.));
#1772 = DEFINITIONAL_REPRESENTATION('',(#1773),#1777);
#1773 = LINE('',#1774,#1775);
#1774 = CARTESIAN_POINT('',(-0.95,0.77));
#1775 = VECTOR('',#1776,1.);
#1776 = DIRECTION('',(-1.,0.));
#1777 = ( GEOMETRIC_REPRESENTATION_CONTEXT(2) 
PARAMETRIC_REPRESENTATION_CONTEXT() REPRESENTATION_CONTEXT('2D SPACE',''
  ) );
#1778 = ORIENTED_EDGE('',*,*,#1779,.T.);
#1779 = EDGE_CURVE('',#1752,#1780,#1782,.T.);
#1780 = VERTEX_POINT('',#1781);
#1781 = CARTESIAN_POINT('',(-3.7082,-11.4958,6.4));
#1782 = SURFACE_CURVE('',#1783,(#1787,#1794),.PCURVE_S1.);
#1783 = LINE('',#1784,#1785);
#1784 = CARTESIAN_POINT('',(-3.7082,-9.58E-02,6.4));
#1785 = VECTOR('',#1786,1.);
#1786 = DIRECTION('',(0.,-1.,0.));
#1787 = PCURVE('',#317,#1788);
#1788 = DEFINITIONAL_REPRESENTATION('',(#1789),#1793);
#1789 = LINE('',#1790,#1791);
#1790 = CARTESIAN_POINT('',(1.9,-14.22));
#1791 = VECTOR('',#1792,1.);
#1792 = DIRECTION('',(0.,1.));
#1793 = ( GEOMETRIC_REPRESENTATION_CONTEXT(2) 
PARAMETRIC_REPRESENTATION_CONTEXT() REPRESENTATION_CONTEXT('2D SPACE',''
  ) );
#1794 = PCURVE('',#1795,#1800);
#1795 = PLANE('',#1796);
#1796 = AXIS2_PLACEMENT_3D('',#1797,#1798,#1799);
#1797 = CARTESIAN_POINT('',(-4.4782,-14.3358,6.4));
#1798 = DIRECTION('',(0.,0.,1.));
#1799 = DIRECTION('',(1.,0.,-0.));
#1800 = DEFINITIONAL_REPRESENTATION('',(#1801),#1805);
#1801 = LINE('',#1802,#1803);
#1802 = CARTESIAN_POINT('',(0.77,14.24));
#1803 = VECTOR('',#1804,1.);
#1804 = DIRECTION('',(0.,-1.));
#1805 = ( GEOMETRIC_REPRESENTATION_CONTEXT(2) 
PARAMETRIC_REPRESENTATION_CONTEXT() REPRESENTATION_CONTEXT('2D SPACE',''
  ) );
#1806 = ORIENTED_EDGE('',*,*,#1807,.T.);
#1807 = EDGE_CURVE('',#1780,#1676,#1808,.T.);
#1808 = SURFACE_CURVE('',#1809,(#1813,#1820),.PCURVE_S1.);
#1809 = LINE('',#1810,#1811);
#1810 = CARTESIAN_POINT('',(-3.7082,-11.4958,6.4));
#1811 = VECTOR('',#1812,1.);
#1812 = DIRECTION('',(0.,-9.349246523159E-16,-1.));
#1813 = PCURVE('',#317,#1814);
#1814 = DEFINITIONAL_REPRESENTATION('',(#1815),#1819);
#1815 = LINE('',#1816,#1817);
#1816 = CARTESIAN_POINT('',(1.9,-2.82));
#1817 = VECTOR('',#1818,1.);
#1818 = DIRECTION('',(-1.,9.349246523159E-16));
#1819 = ( GEOMETRIC_REPRESENTATION_CONTEXT(2) 
PARAMETRIC_REPRESENTATION_CONTEXT() REPRESENTATION_CONTEXT('2D SPACE',''
  ) );
#1820 = PCURVE('',#1821,#1826);
#1821 = PLANE('',#1822);
#1822 = AXIS2_PLACEMENT_3D('',#1823,#1824,#1825);
#1823 = CARTESIAN_POINT('',(-3.8082,-11.4958,4.2));
#1824 = DIRECTION('',(-0.,1.,0.));
#1825 = DIRECTION('',(0.,0.,1.));
#1826 = DEFINITIONAL_REPRESENTATION('',(#1827),#1831);
#1827 = LINE('',#1828,#1829);
#1828 = CARTESIAN_POINT('',(2.2,1.E-01));
#1829 = VECTOR('',#1830,1.);
#1830 = DIRECTION('',(-1.,0.));
#1831 = ( GEOMETRIC_REPRESENTATION_CONTEXT(2) 
PARAMETRIC_REPRESENTATION_CONTEXT() REPRESENTATION_CONTEXT('2D SPACE',''
  ) );
#1832 = ADVANCED_FACE('',(#1833),#653,.F.);
#1833 = FACE_BOUND('',#1834,.F.);
#1834 = EDGE_LOOP('',(#1835,#1865,#1886,#1887,#1888,#1911));
#1835 = ORIENTED_EDGE('',*,*,#1836,.F.);
#1836 = EDGE_CURVE('',#1837,#1839,#1841,.T.);
#1837 = VERTEX_POINT('',#1838);
#1838 = CARTESIAN_POINT('',(-5.4582,-15.0158,8.4));
#1839 = VERTEX_POINT('',#1840);
#1840 = CARTESIAN_POINT('',(-5.4582,-7.963095424714,8.4));
#1841 = SURFACE_CURVE('',#1842,(#1846,#1853),.PCURVE_S1.);
#1842 = LINE('',#1843,#1844);
#1843 = CARTESIAN_POINT('',(-5.4582,-15.0158,8.4));
#1844 = VECTOR('',#1845,1.);
#1845 = DIRECTION('',(0.,1.,0.));
#1846 = PCURVE('',#653,#1847);
#1847 = DEFINITIONAL_REPRESENTATION('',(#1848),#1852);
#1848 = LINE('',#1849,#1850);
#1849 = CARTESIAN_POINT('',(3.4,0.));
#1850 = VECTOR('',#1851,1.);
#1851 = DIRECTION('',(0.,-1.));
#1852 = ( GEOMETRIC_REPRESENTATION_CONTEXT(2) 
PARAMETRIC_REPRESENTATION_CONTEXT() REPRESENTATION_CONTEXT('2D SPACE',''
  ) );
#1853 = PCURVE('',#1854,#1859);
#1854 = PLANE('',#1855);
#1855 = AXIS2_PLACEMENT_3D('',#1856,#1857,#1858);
#1856 = CARTESIAN_POINT('',(-5.4582,-15.0158,8.4));
#1857 = DIRECTION('',(0.,0.,1.));
#1858 = DIRECTION('',(1.,0.,-0.));
#1859 = DEFINITIONAL_REPRESENTATION('',(#1860),#1864);
#1860 = LINE('',#1861,#1862);
#1861 = CARTESIAN_POINT('',(0.,0.));
#1862 = VECTOR('',#1863,1.);
#1863 = DIRECTION('',(0.,1.));
#1864 = ( GEOMETRIC_REPRESENTATION_CONTEXT(2) 
PARAMETRIC_REPRESENTATION_CONTEXT() REPRESENTATION_CONTEXT('2D SPACE',''
  ) );
#1865 = ORIENTED_EDGE('',*,*,#1866,.F.);
#1866 = EDGE_CURVE('',#610,#1837,#1867,.T.);
#1867 = SURFACE_CURVE('',#1868,(#1872,#1879),.PCURVE_S1.);
#1868 = LINE('',#1869,#1870);
#1869 = CARTESIAN_POINT('',(-5.4582,-15.0158,5.));
#1870 = VECTOR('',#1871,1.);
#1871 = DIRECTION('',(0.,0.,1.));
#1872 = PCURVE('',#653,#1873);
#1873 = DEFINITIONAL_REPRESENTATION('',(#1874),#1878);
#1874 = LINE('',#1875,#1876);
#1875 = CARTESIAN_POINT('',(0.,0.));
#1876 = VECTOR('',#1877,1.);
#1877 = DIRECTION('',(1.,0.));
#1878 = ( GEOMETRIC_REPRESENTATION_CONTEXT(2) 
PARAMETRIC_REPRESENTATION_CONTEXT() REPRESENTATION_CONTEXT('2D SPACE',''
  ) );
#1879 = PCURVE('',#625,#1880);
#1880 = DEFINITIONAL_REPRESENTATION('',(#1881),#1885);
#1881 = LINE('',#1882,#1883);
#1882 = CARTESIAN_POINT('',(0.,0.));
#1883 = VECTOR('',#1884,1.);
#1884 = DIRECTION('',(1.,0.));
#1885 = ( GEOMETRIC_REPRESENTATION_CONTEXT(2) 
PARAMETRIC_REPRESENTATION_CONTEXT() REPRESENTATION_CONTEXT('2D SPACE',''
  ) );
#1886 = ORIENTED_EDGE('',*,*,#637,.T.);
#1887 = ORIENTED_EDGE('',*,*,#1652,.T.);
#1888 = ORIENTED_EDGE('',*,*,#1889,.T.);
#1889 = EDGE_CURVE('',#1627,#1890,#1892,.T.);
#1890 = VERTEX_POINT('',#1891);
#1891 = CARTESIAN_POINT('',(-5.4582,-7.963095424714,7.9));
#1892 = SURFACE_CURVE('',#1893,(#1897,#1904),.PCURVE_S1.);
#1893 = LINE('',#1894,#1895);
#1894 = CARTESIAN_POINT('',(-5.4582,-10.56580005226,7.9));
#1895 = VECTOR('',#1896,1.);
#1896 = DIRECTION('',(0.,-1.,0.));
#1897 = PCURVE('',#653,#1898);
#1898 = DEFINITIONAL_REPRESENTATION('',(#1899),#1903);
#1899 = LINE('',#1900,#1901);
#1900 = CARTESIAN_POINT('',(2.9,-4.44999994774));
#1901 = VECTOR('',#1902,1.);
#1902 = DIRECTION('',(0.,1.));
#1903 = ( GEOMETRIC_REPRESENTATION_CONTEXT(2) 
PARAMETRIC_REPRESENTATION_CONTEXT() REPRESENTATION_CONTEXT('2D SPACE',''
  ) );
#1904 = PCURVE('',#1447,#1905);
#1905 = DEFINITIONAL_REPRESENTATION('',(#1906),#1910);
#1906 = LINE('',#1907,#1908);
#1907 = CARTESIAN_POINT('',(1.1,-4.449999947737));
#1908 = VECTOR('',#1909,1.);
#1909 = DIRECTION('',(0.,-1.));
#1910 = ( GEOMETRIC_REPRESENTATION_CONTEXT(2) 
PARAMETRIC_REPRESENTATION_CONTEXT() REPRESENTATION_CONTEXT('2D SPACE',''
  ) );
#1911 = ORIENTED_EDGE('',*,*,#1912,.T.);
#1912 = EDGE_CURVE('',#1890,#1839,#1913,.T.);
#1913 = SURFACE_CURVE('',#1914,(#1918,#1925),.PCURVE_S1.);
#1914 = LINE('',#1915,#1916);
#1915 = CARTESIAN_POINT('',(-5.4582,-7.963095424714,7.9));
#1916 = VECTOR('',#1917,1.);
#1917 = DIRECTION('',(0.,0.,1.));
#1918 = PCURVE('',#653,#1919);
#1919 = DEFINITIONAL_REPRESENTATION('',(#1920),#1924);
#1920 = LINE('',#1921,#1922);
#1921 = CARTESIAN_POINT('',(2.9,-7.052704575286));
#1922 = VECTOR('',#1923,1.);
#1923 = DIRECTION('',(1.,0.));
#1924 = ( GEOMETRIC_REPRESENTATION_CONTEXT(2) 
PARAMETRIC_REPRESENTATION_CONTEXT() REPRESENTATION_CONTEXT('2D SPACE',''
  ) );
#1925 = PCURVE('',#1926,#1931);
#1926 = CYLINDRICAL_SURFACE('',#1927,2.15);
#1927 = AXIS2_PLACEMENT_3D('',#1928,#1929,#1930);
#1928 = CARTESIAN_POINT('',(-6.5582,-6.115800104523,7.9));
#1929 = DIRECTION('',(0.,0.,1.));
#1930 = DIRECTION('',(1.,0.,-0.));
#1931 = DEFINITIONAL_REPRESENTATION('',(#1932),#1935);
#1932 = B_SPLINE_CURVE_WITH_KNOTS('',1,(#1933,#1934),.UNSPECIFIED.,.F.,
  .F.,(2,2),(-5.999999999062E-07,0.7),.PIECEWISE_BEZIER_KNOTS.);
#1933 = CARTESIAN_POINT('',(5.249467366078,-5.999999999062E-07));
#1934 = CARTESIAN_POINT('',(5.249467366078,0.7));
#1935 = ( GEOMETRIC_REPRESENTATION_CONTEXT(2) 
PARAMETRIC_REPRESENTATION_CONTEXT() REPRESENTATION_CONTEXT('2D SPACE',''
  ) );
#1936 = ADVANCED_FACE('',(#1937),#345,.F.);
#1937 = FACE_BOUND('',#1938,.F.);
#1938 = EDGE_LOOP('',(#1939,#1962,#1983,#1984));
#1939 = ORIENTED_EDGE('',*,*,#1940,.F.);
#1940 = EDGE_CURVE('',#1941,#330,#1943,.T.);
#1941 = VERTEX_POINT('',#1942);
#1942 = CARTESIAN_POINT('',(3.9918,0.4842,4.5));
#1943 = SURFACE_CURVE('',#1944,(#1948,#1955),.PCURVE_S1.);
#1944 = LINE('',#1945,#1946);
#1945 = CARTESIAN_POINT('',(3.9918,0.4842,4.5));
#1946 = VECTOR('',#1947,1.);
#1947 = DIRECTION('',(0.,0.,1.));
#1948 = PCURVE('',#345,#1949);
#1949 = DEFINITIONAL_REPRESENTATION('',(#1950),#1954);
#1950 = LINE('',#1951,#1952);
#1951 = CARTESIAN_POINT('',(0.,7.7));
#1952 = VECTOR('',#1953,1.);
#1953 = DIRECTION('',(1.,0.));
#1954 = ( GEOMETRIC_REPRESENTATION_CONTEXT(2) 
PARAMETRIC_REPRESENTATION_CONTEXT() REPRESENTATION_CONTEXT('2D SPACE',''
  ) );
#1955 = PCURVE('',#373,#1956);
#1956 = DEFINITIONAL_REPRESENTATION('',(#1957),#1961);
#1957 = LINE('',#1958,#1959);
#1958 = CARTESIAN_POINT('',(0.,-14.8));
#1959 = VECTOR('',#1960,1.);
#1960 = DIRECTION('',(1.,0.));
#1961 = ( GEOMETRIC_REPRESENTATION_CONTEXT(2) 
PARAMETRIC_REPRESENTATION_CONTEXT() REPRESENTATION_CONTEXT('2D SPACE',''
  ) );
#1962 = ORIENTED_EDGE('',*,*,#1963,.F.);
#1963 = EDGE_CURVE('',#1678,#1941,#1964,.T.);
#1964 = SURFACE_CURVE('',#1965,(#1969,#1976),.PCURVE_S1.);
#1965 = LINE('',#1966,#1967);
#1966 = CARTESIAN_POINT('',(-3.7082,0.4842,4.5));
#1967 = VECTOR('',#1968,1.);
#1968 = DIRECTION('',(1.,0.,-0.));
#1969 = PCURVE('',#345,#1970);
#1970 = DEFINITIONAL_REPRESENTATION('',(#1971),#1975);
#1971 = LINE('',#1972,#1973);
#1972 = CARTESIAN_POINT('',(0.,0.));
#1973 = VECTOR('',#1974,1.);
#1974 = DIRECTION('',(0.,1.));
#1975 = ( GEOMETRIC_REPRESENTATION_CONTEXT(2) 
PARAMETRIC_REPRESENTATION_CONTEXT() REPRESENTATION_CONTEXT('2D SPACE',''
  ) );
#1976 = PCURVE('',#1693,#1977);
#1977 = DEFINITIONAL_REPRESENTATION('',(#1978),#1982);
#1978 = LINE('',#1979,#1980);
#1979 = CARTESIAN_POINT('',(0.,14.8));
#1980 = VECTOR('',#1981,1.);
#1981 = DIRECTION('',(1.,0.));
#1982 = ( GEOMETRIC_REPRESENTATION_CONTEXT(2) 
PARAMETRIC_REPRESENTATION_CONTEXT() REPRESENTATION_CONTEXT('2D SPACE',''
  ) );
#1983 = ORIENTED_EDGE('',*,*,#1705,.T.);
#1984 = ORIENTED_EDGE('',*,*,#329,.F.);
#1985 = ADVANCED_FACE('',(#1986),#625,.F.);
#1986 = FACE_BOUND('',#1987,.F.);
#1987 = EDGE_LOOP('',(#1988,#1989,#2012,#2033));
#1988 = ORIENTED_EDGE('',*,*,#1866,.T.);
#1989 = ORIENTED_EDGE('',*,*,#1990,.F.);
#1990 = EDGE_CURVE('',#1991,#1837,#1993,.T.);
#1991 = VERTEX_POINT('',#1992);
#1992 = CARTESIAN_POINT('',(-3.8082,-15.0158,8.4));
#1993 = SURFACE_CURVE('',#1994,(#1998,#2005),.PCURVE_S1.);
#1994 = LINE('',#1995,#1996);
#1995 = CARTESIAN_POINT('',(-3.8082,-15.0158,8.4));
#1996 = VECTOR('',#1997,1.);
#1997 = DIRECTION('',(-1.,0.,0.));
#1998 = PCURVE('',#625,#1999);
#1999 = DEFINITIONAL_REPRESENTATION('',(#2000),#2004);
#2000 = LINE('',#2001,#2002);
#2001 = CARTESIAN_POINT('',(3.4,1.65));
#2002 = VECTOR('',#2003,1.);
#2003 = DIRECTION('',(0.,-1.));
#2004 = ( GEOMETRIC_REPRESENTATION_CONTEXT(2) 
PARAMETRIC_REPRESENTATION_CONTEXT() REPRESENTATION_CONTEXT('2D SPACE',''
  ) );
#2005 = PCURVE('',#1854,#2006);
#2006 = DEFINITIONAL_REPRESENTATION('',(#2007),#2011);
#2007 = LINE('',#2008,#2009);
#2008 = CARTESIAN_POINT('',(1.65,0.));
#2009 = VECTOR('',#2010,1.);
#2010 = DIRECTION('',(-1.,0.));
#2011 = ( GEOMETRIC_REPRESENTATION_CONTEXT(2) 
PARAMETRIC_REPRESENTATION_CONTEXT() REPRESENTATION_CONTEXT('2D SPACE',''
  ) );
#2012 = ORIENTED_EDGE('',*,*,#2013,.F.);
#2013 = EDGE_CURVE('',#582,#1991,#2014,.T.);
#2014 = SURFACE_CURVE('',#2015,(#2019,#2026),.PCURVE_S1.);
#2015 = LINE('',#2016,#2017);
#2016 = CARTESIAN_POINT('',(-3.8082,-15.0158,6.4));
#2017 = VECTOR('',#2018,1.);
#2018 = DIRECTION('',(0.,0.,1.));
#2019 = PCURVE('',#625,#2020);
#2020 = DEFINITIONAL_REPRESENTATION('',(#2021),#2025);
#2021 = LINE('',#2022,#2023);
#2022 = CARTESIAN_POINT('',(1.4,1.65));
#2023 = VECTOR('',#2024,1.);
#2024 = DIRECTION('',(1.,0.));
#2025 = ( GEOMETRIC_REPRESENTATION_CONTEXT(2) 
PARAMETRIC_REPRESENTATION_CONTEXT() REPRESENTATION_CONTEXT('2D SPACE',''
  ) );
#2026 = PCURVE('',#597,#2027);
#2027 = DEFINITIONAL_REPRESENTATION('',(#2028),#2032);
#2028 = LINE('',#2029,#2030);
#2029 = CARTESIAN_POINT('',(0.,0.));
#2030 = VECTOR('',#2031,1.);
#2031 = DIRECTION('',(1.,0.));
#2032 = ( GEOMETRIC_REPRESENTATION_CONTEXT(2) 
PARAMETRIC_REPRESENTATION_CONTEXT() REPRESENTATION_CONTEXT('2D SPACE',''
  ) );
#2033 = ORIENTED_EDGE('',*,*,#609,.T.);
#2034 = ADVANCED_FACE('',(#2035),#373,.F.);
#2035 = FACE_BOUND('',#2036,.F.);
#2036 = EDGE_LOOP('',(#2037,#2062,#2083,#2084,#2085,#2086,#2109,#2132));
#2037 = ORIENTED_EDGE('',*,*,#2038,.F.);
#2038 = EDGE_CURVE('',#2039,#2041,#2043,.T.);
#2039 = VERTEX_POINT('',#2040);
#2040 = CARTESIAN_POINT('',(3.9918,-11.4958,4.5));
#2041 = VERTEX_POINT('',#2042);
#2042 = CARTESIAN_POINT('',(3.9918,-11.4958,6.4));
#2043 = SURFACE_CURVE('',#2044,(#2048,#2055),.PCURVE_S1.);
#2044 = LINE('',#2045,#2046);
#2045 = CARTESIAN_POINT('',(3.9918,-11.4958,4.5));
#2046 = VECTOR('',#2047,1.);
#2047 = DIRECTION('',(0.,9.349246523159E-16,1.));
#2048 = PCURVE('',#373,#2049);
#2049 = DEFINITIONAL_REPRESENTATION('',(#2050),#2054);
#2050 = LINE('',#2051,#2052);
#2051 = CARTESIAN_POINT('',(0.,-2.82));
#2052 = VECTOR('',#2053,1.);
#2053 = DIRECTION('',(1.,-9.349246523159E-16));
#2054 = ( GEOMETRIC_REPRESENTATION_CONTEXT(2) 
PARAMETRIC_REPRESENTATION_CONTEXT() REPRESENTATION_CONTEXT('2D SPACE',''
  ) );
#2055 = PCURVE('',#1821,#2056);
#2056 = DEFINITIONAL_REPRESENTATION('',(#2057),#2061);
#2057 = LINE('',#2058,#2059);
#2058 = CARTESIAN_POINT('',(0.3,7.8));
#2059 = VECTOR('',#2060,1.);
#2060 = DIRECTION('',(1.,0.));
#2061 = ( GEOMETRIC_REPRESENTATION_CONTEXT(2) 
PARAMETRIC_REPRESENTATION_CONTEXT() REPRESENTATION_CONTEXT('2D SPACE',''
  ) );
#2062 = ORIENTED_EDGE('',*,*,#2063,.T.);
#2063 = EDGE_CURVE('',#2039,#1941,#2064,.T.);
#2064 = SURFACE_CURVE('',#2065,(#2069,#2076),.PCURVE_S1.);
#2065 = LINE('',#2066,#2067);
#2066 = CARTESIAN_POINT('',(3.9918,-14.3158,4.5));
#2067 = VECTOR('',#2068,1.);
#2068 = DIRECTION('',(-0.,1.,0.));
#2069 = PCURVE('',#373,#2070);
#2070 = DEFINITIONAL_REPRESENTATION('',(#2071),#2075);
#2071 = LINE('',#2072,#2073);
#2072 = CARTESIAN_POINT('',(0.,0.));
#2073 = VECTOR('',#2074,1.);
#2074 = DIRECTION('',(0.,-1.));
#2075 = ( GEOMETRIC_REPRESENTATION_CONTEXT(2) 
PARAMETRIC_REPRESENTATION_CONTEXT() REPRESENTATION_CONTEXT('2D SPACE',''
  ) );
#2076 = PCURVE('',#1693,#2077);
#2077 = DEFINITIONAL_REPRESENTATION('',(#2078),#2082);
#2078 = LINE('',#2079,#2080);
#2079 = CARTESIAN_POINT('',(7.7,0.));
#2080 = VECTOR('',#2081,1.);
#2081 = DIRECTION('',(0.,1.));
#2082 = ( GEOMETRIC_REPRESENTATION_CONTEXT(2) 
PARAMETRIC_REPRESENTATION_CONTEXT() REPRESENTATION_CONTEXT('2D SPACE',''
  ) );
#2083 = ORIENTED_EDGE('',*,*,#1940,.T.);
#2084 = ORIENTED_EDGE('',*,*,#357,.F.);
#2085 = ORIENTED_EDGE('',*,*,#1551,.F.);
#2086 = ORIENTED_EDGE('',*,*,#2087,.F.);
#2087 = EDGE_CURVE('',#2088,#1552,#2090,.T.);
#2088 = VERTEX_POINT('',#2089);
#2089 = CARTESIAN_POINT('',(3.9918,-9.58E-02,6.41));
#2090 = SURFACE_CURVE('',#2091,(#2095,#2102),.PCURVE_S1.);
#2091 = LINE('',#2092,#2093);
#2092 = CARTESIAN_POINT('',(3.9918,-14.3158,6.41));
#2093 = VECTOR('',#2094,1.);
#2094 = DIRECTION('',(-0.,1.,0.));
#2095 = PCURVE('',#373,#2096);
#2096 = DEFINITIONAL_REPRESENTATION('',(#2097),#2101);
#2097 = LINE('',#2098,#2099);
#2098 = CARTESIAN_POINT('',(1.91,0.));
#2099 = VECTOR('',#2100,1.);
#2100 = DIRECTION('',(0.,-1.));
#2101 = ( GEOMETRIC_REPRESENTATION_CONTEXT(2) 
PARAMETRIC_REPRESENTATION_CONTEXT() REPRESENTATION_CONTEXT('2D SPACE',''
  ) );
#2102 = PCURVE('',#1590,#2103);
#2103 = DEFINITIONAL_REPRESENTATION('',(#2104),#2108);
#2104 = LINE('',#2105,#2106);
#2105 = CARTESIAN_POINT('',(7.7,0.));
#2106 = VECTOR('',#2107,1.);
#2107 = DIRECTION('',(0.,1.));
#2108 = ( GEOMETRIC_REPRESENTATION_CONTEXT(2) 
PARAMETRIC_REPRESENTATION_CONTEXT() REPRESENTATION_CONTEXT('2D SPACE',''
  ) );
#2109 = ORIENTED_EDGE('',*,*,#2110,.T.);
#2110 = EDGE_CURVE('',#2088,#2111,#2113,.T.);
#2111 = VERTEX_POINT('',#2112);
#2112 = CARTESIAN_POINT('',(3.9918,-9.58E-02,6.4));
#2113 = SURFACE_CURVE('',#2114,(#2118,#2125),.PCURVE_S1.);
#2114 = LINE('',#2115,#2116);
#2115 = CARTESIAN_POINT('',(3.9918,-9.58E-02,5.45));
#2116 = VECTOR('',#2117,1.);
#2117 = DIRECTION('',(-0.,0.,-1.));
#2118 = PCURVE('',#373,#2119);
#2119 = DEFINITIONAL_REPRESENTATION('',(#2120),#2124);
#2120 = LINE('',#2121,#2122);
#2121 = CARTESIAN_POINT('',(0.95,-14.22));
#2122 = VECTOR('',#2123,1.);
#2123 = DIRECTION('',(-1.,-0.));
#2124 = ( GEOMETRIC_REPRESENTATION_CONTEXT(2) 
PARAMETRIC_REPRESENTATION_CONTEXT() REPRESENTATION_CONTEXT('2D SPACE',''
  ) );
#2125 = PCURVE('',#1767,#2126);
#2126 = DEFINITIONAL_REPRESENTATION('',(#2127),#2131);
#2127 = LINE('',#2128,#2129);
#2128 = CARTESIAN_POINT('',(-0.95,8.47));
#2129 = VECTOR('',#2130,1.);
#2130 = DIRECTION('',(-1.,0.));
#2131 = ( GEOMETRIC_REPRESENTATION_CONTEXT(2) 
PARAMETRIC_REPRESENTATION_CONTEXT() REPRESENTATION_CONTEXT('2D SPACE',''
  ) );
#2132 = ORIENTED_EDGE('',*,*,#2133,.F.);
#2133 = EDGE_CURVE('',#2041,#2111,#2134,.T.);
#2134 = SURFACE_CURVE('',#2135,(#2139,#2146),.PCURVE_S1.);
#2135 = LINE('',#2136,#2137);
#2136 = CARTESIAN_POINT('',(3.9918,-11.4958,6.4));
#2137 = VECTOR('',#2138,1.);
#2138 = DIRECTION('',(0.,1.,0.));
#2139 = PCURVE('',#373,#2140);
#2140 = DEFINITIONAL_REPRESENTATION('',(#2141),#2145);
#2141 = LINE('',#2142,#2143);
#2142 = CARTESIAN_POINT('',(1.9,-2.82));
#2143 = VECTOR('',#2144,1.);
#2144 = DIRECTION('',(0.,-1.));
#2145 = ( GEOMETRIC_REPRESENTATION_CONTEXT(2) 
PARAMETRIC_REPRESENTATION_CONTEXT() REPRESENTATION_CONTEXT('2D SPACE',''
  ) );
#2146 = PCURVE('',#2147,#2152);
#2147 = PLANE('',#2148);
#2148 = AXIS2_PLACEMENT_3D('',#2149,#2150,#2151);
#2149 = CARTESIAN_POINT('',(-4.4782,-14.3358,6.4));
#2150 = DIRECTION('',(0.,0.,1.));
#2151 = DIRECTION('',(1.,0.,-0.));
#2152 = DEFINITIONAL_REPRESENTATION('',(#2153),#2157);
#2153 = LINE('',#2154,#2155);
#2154 = CARTESIAN_POINT('',(8.47,2.84));
#2155 = VECTOR('',#2156,1.);
#2156 = DIRECTION('',(0.,1.));
#2157 = ( GEOMETRIC_REPRESENTATION_CONTEXT(2) 
PARAMETRIC_REPRESENTATION_CONTEXT() REPRESENTATION_CONTEXT('2D SPACE',''
  ) );
#2158 = ADVANCED_FACE('',(#2159),#597,.T.);
#2159 = FACE_BOUND('',#2160,.T.);
#2160 = EDGE_LOOP('',(#2161,#2162,#2163,#2186,#2214,#2237,#2260,#2288));
#2161 = ORIENTED_EDGE('',*,*,#2013,.F.);
#2162 = ORIENTED_EDGE('',*,*,#581,.T.);
#2163 = ORIENTED_EDGE('',*,*,#2164,.F.);
#2164 = EDGE_CURVE('',#2165,#554,#2167,.T.);
#2165 = VERTEX_POINT('',#2166);
#2166 = CARTESIAN_POINT('',(-3.8082,-14.3958,4.2));
#2167 = SURFACE_CURVE('',#2168,(#2172,#2179),.PCURVE_S1.);
#2168 = LINE('',#2169,#2170);
#2169 = CARTESIAN_POINT('',(-3.8082,-14.3958,4.2));
#2170 = VECTOR('',#2171,1.);
#2171 = DIRECTION('',(0.,0.,1.));
#2172 = PCURVE('',#597,#2173);
#2173 = DEFINITIONAL_REPRESENTATION('',(#2174),#2178);
#2174 = LINE('',#2175,#2176);
#2175 = CARTESIAN_POINT('',(-2.2,-0.62));
#2176 = VECTOR('',#2177,1.);
#2177 = DIRECTION('',(1.,0.));
#2178 = ( GEOMETRIC_REPRESENTATION_CONTEXT(2) 
PARAMETRIC_REPRESENTATION_CONTEXT() REPRESENTATION_CONTEXT('2D SPACE',''
  ) );
#2179 = PCURVE('',#569,#2180);
#2180 = DEFINITIONAL_REPRESENTATION('',(#2181),#2185);
#2181 = LINE('',#2182,#2183);
#2182 = CARTESIAN_POINT('',(0.,0.));
#2183 = VECTOR('',#2184,1.);
#2184 = DIRECTION('',(1.,0.));
#2185 = ( GEOMETRIC_REPRESENTATION_CONTEXT(2) 
PARAMETRIC_REPRESENTATION_CONTEXT() REPRESENTATION_CONTEXT('2D SPACE',''
  ) );
#2186 = ORIENTED_EDGE('',*,*,#2187,.T.);
#2187 = EDGE_CURVE('',#2165,#2188,#2190,.T.);
#2188 = VERTEX_POINT('',#2189);
#2189 = CARTESIAN_POINT('',(-3.8082,-11.4958,4.2));
#2190 = SURFACE_CURVE('',#2191,(#2195,#2202),.PCURVE_S1.);
#2191 = LINE('',#2192,#2193);
#2192 = CARTESIAN_POINT('',(-3.8082,-14.3958,4.2));
#2193 = VECTOR('',#2194,1.);
#2194 = DIRECTION('',(-0.,1.,0.));
#2195 = PCURVE('',#597,#2196);
#2196 = DEFINITIONAL_REPRESENTATION('',(#2197),#2201);
#2197 = LINE('',#2198,#2199);
#2198 = CARTESIAN_POINT('',(-2.2,-0.62));
#2199 = VECTOR('',#2200,1.);
#2200 = DIRECTION('',(0.,-1.));
#2201 = ( GEOMETRIC_REPRESENTATION_CONTEXT(2) 
PARAMETRIC_REPRESENTATION_CONTEXT() REPRESENTATION_CONTEXT('2D SPACE',''
  ) );
#2202 = PCURVE('',#2203,#2208);
#2203 = PLANE('',#2204);
#2204 = AXIS2_PLACEMENT_3D('',#2205,#2206,#2207);
#2205 = CARTESIAN_POINT('',(-3.8082,-14.3958,4.2));
#2206 = DIRECTION('',(0.,0.,1.));
#2207 = DIRECTION('',(1.,0.,-0.));
#2208 = DEFINITIONAL_REPRESENTATION('',(#2209),#2213);
#2209 = LINE('',#2210,#2211);
#2210 = CARTESIAN_POINT('',(0.,0.));
#2211 = VECTOR('',#2212,1.);
#2212 = DIRECTION('',(0.,1.));
#2213 = ( GEOMETRIC_REPRESENTATION_CONTEXT(2) 
PARAMETRIC_REPRESENTATION_CONTEXT() REPRESENTATION_CONTEXT('2D SPACE',''
  ) );
#2214 = ORIENTED_EDGE('',*,*,#2215,.T.);
#2215 = EDGE_CURVE('',#2188,#2216,#2218,.T.);
#2216 = VERTEX_POINT('',#2217);
#2217 = CARTESIAN_POINT('',(-3.8082,-11.4958,6.4));
#2218 = SURFACE_CURVE('',#2219,(#2223,#2230),.PCURVE_S1.);
#2219 = LINE('',#2220,#2221);
#2220 = CARTESIAN_POINT('',(-3.8082,-11.4958,4.2));
#2221 = VECTOR('',#2222,1.);
#2222 = DIRECTION('',(0.,0.,1.));
#2223 = PCURVE('',#597,#2224);
#2224 = DEFINITIONAL_REPRESENTATION('',(#2225),#2229);
#2225 = LINE('',#2226,#2227);
#2226 = CARTESIAN_POINT('',(-2.2,-3.52));
#2227 = VECTOR('',#2228,1.);
#2228 = DIRECTION('',(1.,0.));
#2229 = ( GEOMETRIC_REPRESENTATION_CONTEXT(2) 
PARAMETRIC_REPRESENTATION_CONTEXT() REPRESENTATION_CONTEXT('2D SPACE',''
  ) );
#2230 = PCURVE('',#1821,#2231);
#2231 = DEFINITIONAL_REPRESENTATION('',(#2232),#2236);
#2232 = LINE('',#2233,#2234);
#2233 = CARTESIAN_POINT('',(0.,0.));
#2234 = VECTOR('',#2235,1.);
#2235 = DIRECTION('',(1.,0.));
#2236 = ( GEOMETRIC_REPRESENTATION_CONTEXT(2) 
PARAMETRIC_REPRESENTATION_CONTEXT() REPRESENTATION_CONTEXT('2D SPACE',''
  ) );
#2237 = ORIENTED_EDGE('',*,*,#2238,.T.);
#2238 = EDGE_CURVE('',#2216,#2239,#2241,.T.);
#2239 = VERTEX_POINT('',#2240);
#2240 = CARTESIAN_POINT('',(-3.8082,-14.3358,6.4));
#2241 = SURFACE_CURVE('',#2242,(#2246,#2253),.PCURVE_S1.);
#2242 = LINE('',#2243,#2244);
#2243 = CARTESIAN_POINT('',(-3.8082,-11.4958,6.4));
#2244 = VECTOR('',#2245,1.);
#2245 = DIRECTION('',(-1.563694400881E-16,-1.,0.));
#2246 = PCURVE('',#597,#2247);
#2247 = DEFINITIONAL_REPRESENTATION('',(#2248),#2252);
#2248 = LINE('',#2249,#2250);
#2249 = CARTESIAN_POINT('',(0.,-3.52));
#2250 = VECTOR('',#2251,1.);
#2251 = DIRECTION('',(0.,1.));
#2252 = ( GEOMETRIC_REPRESENTATION_CONTEXT(2) 
PARAMETRIC_REPRESENTATION_CONTEXT() REPRESENTATION_CONTEXT('2D SPACE',''
  ) );
#2253 = PCURVE('',#1795,#2254);
#2254 = DEFINITIONAL_REPRESENTATION('',(#2255),#2259);
#2255 = LINE('',#2256,#2257);
#2256 = CARTESIAN_POINT('',(0.67,2.84));
#2257 = VECTOR('',#2258,1.);
#2258 = DIRECTION('',(-1.563694400881E-16,-1.));
#2259 = ( GEOMETRIC_REPRESENTATION_CONTEXT(2) 
PARAMETRIC_REPRESENTATION_CONTEXT() REPRESENTATION_CONTEXT('2D SPACE',''
  ) );
#2260 = ORIENTED_EDGE('',*,*,#2261,.T.);
#2261 = EDGE_CURVE('',#2239,#2262,#2264,.T.);
#2262 = VERTEX_POINT('',#2263);
#2263 = CARTESIAN_POINT('',(-3.8082,-14.3358,8.4));
#2264 = SURFACE_CURVE('',#2265,(#2269,#2276),.PCURVE_S1.);
#2265 = LINE('',#2266,#2267);
#2266 = CARTESIAN_POINT('',(-3.8082,-14.3358,6.4));
#2267 = VECTOR('',#2268,1.);
#2268 = DIRECTION('',(0.,0.,1.));
#2269 = PCURVE('',#597,#2270);
#2270 = DEFINITIONAL_REPRESENTATION('',(#2271),#2275);
#2271 = LINE('',#2272,#2273);
#2272 = CARTESIAN_POINT('',(0.,-0.68));
#2273 = VECTOR('',#2274,1.);
#2274 = DIRECTION('',(1.,0.));
#2275 = ( GEOMETRIC_REPRESENTATION_CONTEXT(2) 
PARAMETRIC_REPRESENTATION_CONTEXT() REPRESENTATION_CONTEXT('2D SPACE',''
  ) );
#2276 = PCURVE('',#2277,#2282);
#2277 = PLANE('',#2278);
#2278 = AXIS2_PLACEMENT_3D('',#2279,#2280,#2281);
#2279 = CARTESIAN_POINT('',(-5.4582,-14.3358,6.4));
#2280 = DIRECTION('',(-0.,1.,0.));
#2281 = DIRECTION('',(0.,0.,1.));
#2282 = DEFINITIONAL_REPRESENTATION('',(#2283),#2287);
#2283 = LINE('',#2284,#2285);
#2284 = CARTESIAN_POINT('',(0.,1.65));
#2285 = VECTOR('',#2286,1.);
#2286 = DIRECTION('',(1.,0.));
#2287 = ( GEOMETRIC_REPRESENTATION_CONTEXT(2) 
PARAMETRIC_REPRESENTATION_CONTEXT() REPRESENTATION_CONTEXT('2D SPACE',''
  ) );
#2288 = ORIENTED_EDGE('',*,*,#2289,.F.);
#2289 = EDGE_CURVE('',#1991,#2262,#2290,.T.);
#2290 = SURFACE_CURVE('',#2291,(#2295,#2302),.PCURVE_S1.);
#2291 = LINE('',#2292,#2293);
#2292 = CARTESIAN_POINT('',(-3.8082,-15.0158,8.4));
#2293 = VECTOR('',#2294,1.);
#2294 = DIRECTION('',(-0.,1.,0.));
#2295 = PCURVE('',#597,#2296);
#2296 = DEFINITIONAL_REPRESENTATION('',(#2297),#2301);
#2297 = LINE('',#2298,#2299);
#2298 = CARTESIAN_POINT('',(2.,0.));
#2299 = VECTOR('',#2300,1.);
#2300 = DIRECTION('',(0.,-1.));
#2301 = ( GEOMETRIC_REPRESENTATION_CONTEXT(2) 
PARAMETRIC_REPRESENTATION_CONTEXT() REPRESENTATION_CONTEXT('2D SPACE',''
  ) );
#2302 = PCURVE('',#1854,#2303);
#2303 = DEFINITIONAL_REPRESENTATION('',(#2304),#2308);
#2304 = LINE('',#2305,#2306);
#2305 = CARTESIAN_POINT('',(1.65,0.));
#2306 = VECTOR('',#2307,1.);
#2307 = DIRECTION('',(0.,1.));
#2308 = ( GEOMETRIC_REPRESENTATION_CONTEXT(2) 
PARAMETRIC_REPRESENTATION_CONTEXT() REPRESENTATION_CONTEXT('2D SPACE',''
  ) );
#2309 = ADVANCED_FACE('',(#2310),#569,.T.);
#2310 = FACE_BOUND('',#2311,.T.);
#2311 = EDGE_LOOP('',(#2312,#2335,#2336,#2337));
#2312 = ORIENTED_EDGE('',*,*,#2313,.F.);
#2313 = EDGE_CURVE('',#2165,#2314,#2316,.T.);
#2314 = VERTEX_POINT('',#2315);
#2315 = CARTESIAN_POINT('',(4.0918,-14.3958,4.2));
#2316 = SURFACE_CURVE('',#2317,(#2321,#2328),.PCURVE_S1.);
#2317 = LINE('',#2318,#2319);
#2318 = CARTESIAN_POINT('',(-3.8082,-14.3958,4.2));
#2319 = VECTOR('',#2320,1.);
#2320 = DIRECTION('',(1.,0.,-0.));
#2321 = PCURVE('',#569,#2322);
#2322 = DEFINITIONAL_REPRESENTATION('',(#2323),#2327);
#2323 = LINE('',#2324,#2325);
#2324 = CARTESIAN_POINT('',(0.,0.));
#2325 = VECTOR('',#2326,1.);
#2326 = DIRECTION('',(0.,1.));
#2327 = ( GEOMETRIC_REPRESENTATION_CONTEXT(2) 
PARAMETRIC_REPRESENTATION_CONTEXT() REPRESENTATION_CONTEXT('2D SPACE',''
  ) );
#2328 = PCURVE('',#2203,#2329);
#2329 = DEFINITIONAL_REPRESENTATION('',(#2330),#2334);
#2330 = LINE('',#2331,#2332);
#2331 = CARTESIAN_POINT('',(0.,0.));
#2332 = VECTOR('',#2333,1.);
#2333 = DIRECTION('',(1.,0.));
#2334 = ( GEOMETRIC_REPRESENTATION_CONTEXT(2) 
PARAMETRIC_REPRESENTATION_CONTEXT() REPRESENTATION_CONTEXT('2D SPACE',''
  ) );
#2335 = ORIENTED_EDGE('',*,*,#2164,.T.);
#2336 = ORIENTED_EDGE('',*,*,#553,.T.);
#2337 = ORIENTED_EDGE('',*,*,#2338,.F.);
#2338 = EDGE_CURVE('',#2314,#526,#2339,.T.);
#2339 = SURFACE_CURVE('',#2340,(#2344,#2351),.PCURVE_S1.);
#2340 = LINE('',#2341,#2342);
#2341 = CARTESIAN_POINT('',(4.0918,-14.3958,4.2));
#2342 = VECTOR('',#2343,1.);
#2343 = DIRECTION('',(0.,0.,1.));
#2344 = PCURVE('',#569,#2345);
#2345 = DEFINITIONAL_REPRESENTATION('',(#2346),#2350);
#2346 = LINE('',#2347,#2348);
#2347 = CARTESIAN_POINT('',(0.,7.9));
#2348 = VECTOR('',#2349,1.);
#2349 = DIRECTION('',(1.,0.));
#2350 = ( GEOMETRIC_REPRESENTATION_CONTEXT(2) 
PARAMETRIC_REPRESENTATION_CONTEXT() REPRESENTATION_CONTEXT('2D SPACE',''
  ) );
#2351 = PCURVE('',#541,#2352);
#2352 = DEFINITIONAL_REPRESENTATION('',(#2353),#2357);
#2353 = LINE('',#2354,#2355);
#2354 = CARTESIAN_POINT('',(-2.2,-0.62));
#2355 = VECTOR('',#2356,1.);
#2356 = DIRECTION('',(1.,0.));
#2357 = ( GEOMETRIC_REPRESENTATION_CONTEXT(2) 
PARAMETRIC_REPRESENTATION_CONTEXT() REPRESENTATION_CONTEXT('2D SPACE',''
  ) );
#2358 = ADVANCED_FACE('',(#2359),#424,.T.);
#2359 = FACE_BOUND('',#2360,.T.);
#2360 = EDGE_LOOP('',(#2361,#2384,#2411,#2439,#2459,#2460));
#2361 = ORIENTED_EDGE('',*,*,#2362,.F.);
#2362 = EDGE_CURVE('',#2363,#1507,#2365,.T.);
#2363 = VERTEX_POINT('',#2364);
#2364 = CARTESIAN_POINT('',(5.7418,-4.268504784332,8.4));
#2365 = SURFACE_CURVE('',#2366,(#2370,#2377),.PCURVE_S1.);
#2366 = LINE('',#2367,#2368);
#2367 = CARTESIAN_POINT('',(5.7418,-15.0158,8.4));
#2368 = VECTOR('',#2369,1.);
#2369 = DIRECTION('',(-0.,1.,0.));
#2370 = PCURVE('',#424,#2371);
#2371 = DEFINITIONAL_REPRESENTATION('',(#2372),#2376);
#2372 = LINE('',#2373,#2374);
#2373 = CARTESIAN_POINT('',(3.4,0.));
#2374 = VECTOR('',#2375,1.);
#2375 = DIRECTION('',(0.,-1.));
#2376 = ( GEOMETRIC_REPRESENTATION_CONTEXT(2) 
PARAMETRIC_REPRESENTATION_CONTEXT() REPRESENTATION_CONTEXT('2D SPACE',''
  ) );
#2377 = PCURVE('',#1392,#2378);
#2378 = DEFINITIONAL_REPRESENTATION('',(#2379),#2383);
#2379 = LINE('',#2380,#2381);
#2380 = CARTESIAN_POINT('',(11.2,0.));
#2381 = VECTOR('',#2382,1.);
#2382 = DIRECTION('',(0.,1.));
#2383 = ( GEOMETRIC_REPRESENTATION_CONTEXT(2) 
PARAMETRIC_REPRESENTATION_CONTEXT() REPRESENTATION_CONTEXT('2D SPACE',''
  ) );
#2384 = ORIENTED_EDGE('',*,*,#2385,.F.);
#2385 = EDGE_CURVE('',#2386,#2363,#2388,.T.);
#2386 = VERTEX_POINT('',#2387);
#2387 = CARTESIAN_POINT('',(5.7418,-4.268504784332,7.9));
#2388 = SURFACE_CURVE('',#2389,(#2393,#2400),.PCURVE_S1.);
#2389 = LINE('',#2390,#2391);
#2390 = CARTESIAN_POINT('',(5.7418,-4.268504784332,7.9));
#2391 = VECTOR('',#2392,1.);
#2392 = DIRECTION('',(0.,0.,1.));
#2393 = PCURVE('',#424,#2394);
#2394 = DEFINITIONAL_REPRESENTATION('',(#2395),#2399);
#2395 = LINE('',#2396,#2397);
#2396 = CARTESIAN_POINT('',(2.9,-10.74729521566));
#2397 = VECTOR('',#2398,1.);
#2398 = DIRECTION('',(1.,0.));
#2399 = ( GEOMETRIC_REPRESENTATION_CONTEXT(2) 
PARAMETRIC_REPRESENTATION_CONTEXT() REPRESENTATION_CONTEXT('2D SPACE',''
  ) );
#2400 = PCURVE('',#2401,#2406);
#2401 = CYLINDRICAL_SURFACE('',#2402,2.15);
#2402 = AXIS2_PLACEMENT_3D('',#2403,#2404,#2405);
#2403 = CARTESIAN_POINT('',(6.8418,-6.115800104523,7.9));
#2404 = DIRECTION('',(0.,0.,1.));
#2405 = DIRECTION('',(1.,0.,-0.));
#2406 = DEFINITIONAL_REPRESENTATION('',(#2407),#2410);
#2407 = B_SPLINE_CURVE_WITH_KNOTS('',1,(#2408,#2409),.UNSPECIFIED.,.F.,
  .F.,(2,2),(-5.999999999062E-07,0.7),.PIECEWISE_BEZIER_KNOTS.);
#2408 = CARTESIAN_POINT('',(2.107874712489,-5.999999999062E-07));
#2409 = CARTESIAN_POINT('',(2.107874712489,0.7));
#2410 = ( GEOMETRIC_REPRESENTATION_CONTEXT(2) 
PARAMETRIC_REPRESENTATION_CONTEXT() REPRESENTATION_CONTEXT('2D SPACE',''
  ) );
#2411 = ORIENTED_EDGE('',*,*,#2412,.T.);
#2412 = EDGE_CURVE('',#2386,#2413,#2415,.T.);
#2413 = VERTEX_POINT('',#2414);
#2414 = CARTESIAN_POINT('',(5.7418,-4.445470795674,7.9));
#2415 = SURFACE_CURVE('',#2416,(#2420,#2427),.PCURVE_S1.);
#2416 = LINE('',#2417,#2418);
#2417 = CARTESIAN_POINT('',(5.7418,-10.56580005226,7.9));
#2418 = VECTOR('',#2419,1.);
#2419 = DIRECTION('',(0.,-1.,0.));
#2420 = PCURVE('',#424,#2421);
#2421 = DEFINITIONAL_REPRESENTATION('',(#2422),#2426);
#2422 = LINE('',#2423,#2424);
#2423 = CARTESIAN_POINT('',(2.9,-4.44999994774));
#2424 = VECTOR('',#2425,1.);
#2425 = DIRECTION('',(0.,1.));
#2426 = ( GEOMETRIC_REPRESENTATION_CONTEXT(2) 
PARAMETRIC_REPRESENTATION_CONTEXT() REPRESENTATION_CONTEXT('2D SPACE',''
  ) );
#2427 = PCURVE('',#2428,#2433);
#2428 = PLANE('',#2429);
#2429 = AXIS2_PLACEMENT_3D('',#2430,#2431,#2432);
#2430 = CARTESIAN_POINT('',(6.8418,-6.115800104523,7.9));
#2431 = DIRECTION('',(0.,0.,1.));
#2432 = DIRECTION('',(1.,0.,-0.));
#2433 = DEFINITIONAL_REPRESENTATION('',(#2434),#2438);
#2434 = LINE('',#2435,#2436);
#2435 = CARTESIAN_POINT('',(-1.1,-4.449999947737));
#2436 = VECTOR('',#2437,1.);
#2437 = DIRECTION('',(0.,-1.));
#2438 = ( GEOMETRIC_REPRESENTATION_CONTEXT(2) 
PARAMETRIC_REPRESENTATION_CONTEXT() REPRESENTATION_CONTEXT('2D SPACE',''
  ) );
#2439 = ORIENTED_EDGE('',*,*,#2440,.F.);
#2440 = EDGE_CURVE('',#409,#2413,#2441,.T.);
#2441 = SURFACE_CURVE('',#2442,(#2446,#2453),.PCURVE_S1.);
#2442 = LINE('',#2443,#2444);
#2443 = CARTESIAN_POINT('',(5.7418,-4.445470795674,5.));
#2444 = VECTOR('',#2445,1.);
#2445 = DIRECTION('',(0.,0.,1.));
#2446 = PCURVE('',#424,#2447);
#2447 = DEFINITIONAL_REPRESENTATION('',(#2448),#2452);
#2448 = LINE('',#2449,#2450);
#2449 = CARTESIAN_POINT('',(0.,-10.57032920432));
#2450 = VECTOR('',#2451,1.);
#2451 = DIRECTION('',(1.,0.));
#2452 = ( GEOMETRIC_REPRESENTATION_CONTEXT(2) 
PARAMETRIC_REPRESENTATION_CONTEXT() REPRESENTATION_CONTEXT('2D SPACE',''
  ) );
#2453 = PCURVE('',#457,#2454);
#2454 = DEFINITIONAL_REPRESENTATION('',(#2455),#2458);
#2455 = B_SPLINE_CURVE_WITH_KNOTS('',1,(#2456,#2457),.UNSPECIFIED.,.F.,
  .F.,(2,2),(1.4,2.9),.PIECEWISE_BEZIER_KNOTS.);
#2456 = CARTESIAN_POINT('',(8.436345871843,1.4));
#2457 = CARTESIAN_POINT('',(8.436345871843,2.9));
#2458 = ( GEOMETRIC_REPRESENTATION_CONTEXT(2) 
PARAMETRIC_REPRESENTATION_CONTEXT() REPRESENTATION_CONTEXT('2D SPACE',''
  ) );
#2459 = ORIENTED_EDGE('',*,*,#408,.F.);
#2460 = ORIENTED_EDGE('',*,*,#1529,.T.);
#2461 = ADVANCED_FACE('',(#2462),#541,.F.);
#2462 = FACE_BOUND('',#2463,.F.);
#2463 = EDGE_LOOP('',(#2464,#2487,#2488,#2489,#2512,#2535,#2558,#2586));
#2464 = ORIENTED_EDGE('',*,*,#2465,.F.);
#2465 = EDGE_CURVE('',#498,#2466,#2468,.T.);
#2466 = VERTEX_POINT('',#2467);
#2467 = CARTESIAN_POINT('',(4.0918,-15.0158,8.4));
#2468 = SURFACE_CURVE('',#2469,(#2473,#2480),.PCURVE_S1.);
#2469 = LINE('',#2470,#2471);
#2470 = CARTESIAN_POINT('',(4.0918,-15.0158,6.4));
#2471 = VECTOR('',#2472,1.);
#2472 = DIRECTION('',(0.,0.,1.));
#2473 = PCURVE('',#541,#2474);
#2474 = DEFINITIONAL_REPRESENTATION('',(#2475),#2479);
#2475 = LINE('',#2476,#2477);
#2476 = CARTESIAN_POINT('',(0.,0.));
#2477 = VECTOR('',#2478,1.);
#2478 = DIRECTION('',(1.,0.));
#2479 = ( GEOMETRIC_REPRESENTATION_CONTEXT(2) 
PARAMETRIC_REPRESENTATION_CONTEXT() REPRESENTATION_CONTEXT('2D SPACE',''
  ) );
#2480 = PCURVE('',#513,#2481);
#2481 = DEFINITIONAL_REPRESENTATION('',(#2482),#2486);
#2482 = LINE('',#2483,#2484);
#2483 = CARTESIAN_POINT('',(0.,0.));
#2484 = VECTOR('',#2485,1.);
#2485 = DIRECTION('',(1.,0.));
#2486 = ( GEOMETRIC_REPRESENTATION_CONTEXT(2) 
PARAMETRIC_REPRESENTATION_CONTEXT() REPRESENTATION_CONTEXT('2D SPACE',''
  ) );
#2487 = ORIENTED_EDGE('',*,*,#525,.T.);
#2488 = ORIENTED_EDGE('',*,*,#2338,.F.);
#2489 = ORIENTED_EDGE('',*,*,#2490,.T.);
#2490 = EDGE_CURVE('',#2314,#2491,#2493,.T.);
#2491 = VERTEX_POINT('',#2492);
#2492 = CARTESIAN_POINT('',(4.0918,-11.4958,4.2));
#2493 = SURFACE_CURVE('',#2494,(#2498,#2505),.PCURVE_S1.);
#2494 = LINE('',#2495,#2496);
#2495 = CARTESIAN_POINT('',(4.0918,-14.3958,4.2));
#2496 = VECTOR('',#2497,1.);
#2497 = DIRECTION('',(-0.,1.,0.));
#2498 = PCURVE('',#541,#2499);
#2499 = DEFINITIONAL_REPRESENTATION('',(#2500),#2504);
#2500 = LINE('',#2501,#2502);
#2501 = CARTESIAN_POINT('',(-2.2,-0.62));
#2502 = VECTOR('',#2503,1.);
#2503 = DIRECTION('',(0.,-1.));
#2504 = ( GEOMETRIC_REPRESENTATION_CONTEXT(2) 
PARAMETRIC_REPRESENTATION_CONTEXT() REPRESENTATION_CONTEXT('2D SPACE',''
  ) );
#2505 = PCURVE('',#2203,#2506);
#2506 = DEFINITIONAL_REPRESENTATION('',(#2507),#2511);
#2507 = LINE('',#2508,#2509);
#2508 = CARTESIAN_POINT('',(7.9,0.));
#2509 = VECTOR('',#2510,1.);
#2510 = DIRECTION('',(0.,1.));
#2511 = ( GEOMETRIC_REPRESENTATION_CONTEXT(2) 
PARAMETRIC_REPRESENTATION_CONTEXT() REPRESENTATION_CONTEXT('2D SPACE',''
  ) );
#2512 = ORIENTED_EDGE('',*,*,#2513,.T.);
#2513 = EDGE_CURVE('',#2491,#2514,#2516,.T.);
#2514 = VERTEX_POINT('',#2515);
#2515 = CARTESIAN_POINT('',(4.0918,-11.4958,6.4));
#2516 = SURFACE_CURVE('',#2517,(#2521,#2528),.PCURVE_S1.);
#2517 = LINE('',#2518,#2519);
#2518 = CARTESIAN_POINT('',(4.0918,-11.4958,4.2));
#2519 = VECTOR('',#2520,1.);
#2520 = DIRECTION('',(0.,0.,1.));
#2521 = PCURVE('',#541,#2522);
#2522 = DEFINITIONAL_REPRESENTATION('',(#2523),#2527);
#2523 = LINE('',#2524,#2525);
#2524 = CARTESIAN_POINT('',(-2.2,-3.52));
#2525 = VECTOR('',#2526,1.);
#2526 = DIRECTION('',(1.,0.));
#2527 = ( GEOMETRIC_REPRESENTATION_CONTEXT(2) 
PARAMETRIC_REPRESENTATION_CONTEXT() REPRESENTATION_CONTEXT('2D SPACE',''
  ) );
#2528 = PCURVE('',#1821,#2529);
#2529 = DEFINITIONAL_REPRESENTATION('',(#2530),#2534);
#2530 = LINE('',#2531,#2532);
#2531 = CARTESIAN_POINT('',(0.,7.9));
#2532 = VECTOR('',#2533,1.);
#2533 = DIRECTION('',(1.,0.));
#2534 = ( GEOMETRIC_REPRESENTATION_CONTEXT(2) 
PARAMETRIC_REPRESENTATION_CONTEXT() REPRESENTATION_CONTEXT('2D SPACE',''
  ) );
#2535 = ORIENTED_EDGE('',*,*,#2536,.F.);
#2536 = EDGE_CURVE('',#2537,#2514,#2539,.T.);
#2537 = VERTEX_POINT('',#2538);
#2538 = CARTESIAN_POINT('',(4.0918,-14.3358,6.4));
#2539 = SURFACE_CURVE('',#2540,(#2544,#2551),.PCURVE_S1.);
#2540 = LINE('',#2541,#2542);
#2541 = CARTESIAN_POINT('',(4.0918,-14.3358,6.4));
#2542 = VECTOR('',#2543,1.);
#2543 = DIRECTION('',(0.,1.,0.));
#2544 = PCURVE('',#541,#2545);
#2545 = DEFINITIONAL_REPRESENTATION('',(#2546),#2550);
#2546 = LINE('',#2547,#2548);
#2547 = CARTESIAN_POINT('',(0.,-0.68));
#2548 = VECTOR('',#2549,1.);
#2549 = DIRECTION('',(0.,-1.));
#2550 = ( GEOMETRIC_REPRESENTATION_CONTEXT(2) 
PARAMETRIC_REPRESENTATION_CONTEXT() REPRESENTATION_CONTEXT('2D SPACE',''
  ) );
#2551 = PCURVE('',#2147,#2552);
#2552 = DEFINITIONAL_REPRESENTATION('',(#2553),#2557);
#2553 = LINE('',#2554,#2555);
#2554 = CARTESIAN_POINT('',(8.57,0.));
#2555 = VECTOR('',#2556,1.);
#2556 = DIRECTION('',(0.,1.));
#2557 = ( GEOMETRIC_REPRESENTATION_CONTEXT(2) 
PARAMETRIC_REPRESENTATION_CONTEXT() REPRESENTATION_CONTEXT('2D SPACE',''
  ) );
#2558 = ORIENTED_EDGE('',*,*,#2559,.T.);
#2559 = EDGE_CURVE('',#2537,#2560,#2562,.T.);
#2560 = VERTEX_POINT('',#2561);
#2561 = CARTESIAN_POINT('',(4.0918,-14.3358,8.4));
#2562 = SURFACE_CURVE('',#2563,(#2567,#2574),.PCURVE_S1.);
#2563 = LINE('',#2564,#2565);
#2564 = CARTESIAN_POINT('',(4.0918,-14.3358,6.4));
#2565 = VECTOR('',#2566,1.);
#2566 = DIRECTION('',(0.,0.,1.));
#2567 = PCURVE('',#541,#2568);
#2568 = DEFINITIONAL_REPRESENTATION('',(#2569),#2573);
#2569 = LINE('',#2570,#2571);
#2570 = CARTESIAN_POINT('',(0.,-0.68));
#2571 = VECTOR('',#2572,1.);
#2572 = DIRECTION('',(1.,0.));
#2573 = ( GEOMETRIC_REPRESENTATION_CONTEXT(2) 
PARAMETRIC_REPRESENTATION_CONTEXT() REPRESENTATION_CONTEXT('2D SPACE',''
  ) );
#2574 = PCURVE('',#2575,#2580);
#2575 = PLANE('',#2576);
#2576 = AXIS2_PLACEMENT_3D('',#2577,#2578,#2579);
#2577 = CARTESIAN_POINT('',(4.0918,-14.3358,6.4));
#2578 = DIRECTION('',(-0.,1.,0.));
#2579 = DIRECTION('',(0.,0.,1.));
#2580 = DEFINITIONAL_REPRESENTATION('',(#2581),#2585);
#2581 = LINE('',#2582,#2583);
#2582 = CARTESIAN_POINT('',(0.,0.));
#2583 = VECTOR('',#2584,1.);
#2584 = DIRECTION('',(1.,0.));
#2585 = ( GEOMETRIC_REPRESENTATION_CONTEXT(2) 
PARAMETRIC_REPRESENTATION_CONTEXT() REPRESENTATION_CONTEXT('2D SPACE',''
  ) );
#2586 = ORIENTED_EDGE('',*,*,#2587,.F.);
#2587 = EDGE_CURVE('',#2466,#2560,#2588,.T.);
#2588 = SURFACE_CURVE('',#2589,(#2593,#2600),.PCURVE_S1.);
#2589 = LINE('',#2590,#2591);
#2590 = CARTESIAN_POINT('',(4.0918,-15.0158,8.4));
#2591 = VECTOR('',#2592,1.);
#2592 = DIRECTION('',(-0.,1.,0.));
#2593 = PCURVE('',#541,#2594);
#2594 = DEFINITIONAL_REPRESENTATION('',(#2595),#2599);
#2595 = LINE('',#2596,#2597);
#2596 = CARTESIAN_POINT('',(2.,0.));
#2597 = VECTOR('',#2598,1.);
#2598 = DIRECTION('',(0.,-1.));
#2599 = ( GEOMETRIC_REPRESENTATION_CONTEXT(2) 
PARAMETRIC_REPRESENTATION_CONTEXT() REPRESENTATION_CONTEXT('2D SPACE',''
  ) );
#2600 = PCURVE('',#2601,#2606);
#2601 = PLANE('',#2602);
#2602 = AXIS2_PLACEMENT_3D('',#2603,#2604,#2605);
#2603 = CARTESIAN_POINT('',(-5.4582,-15.0158,8.4));
#2604 = DIRECTION('',(0.,0.,1.));
#2605 = DIRECTION('',(1.,0.,-0.));
#2606 = DEFINITIONAL_REPRESENTATION('',(#2607),#2611);
#2607 = LINE('',#2608,#2609);
#2608 = CARTESIAN_POINT('',(9.55,0.));
#2609 = VECTOR('',#2610,1.);
#2610 = DIRECTION('',(0.,1.));
#2611 = ( GEOMETRIC_REPRESENTATION_CONTEXT(2) 
PARAMETRIC_REPRESENTATION_CONTEXT() REPRESENTATION_CONTEXT('2D SPACE',''
  ) );
#2612 = ADVANCED_FACE('',(#2613),#457,.T.);
#2613 = FACE_BOUND('',#2614,.T.);
#2614 = EDGE_LOOP('',(#2615,#2616,#2617,#2645));
#2615 = ORIENTED_EDGE('',*,*,#436,.F.);
#2616 = ORIENTED_EDGE('',*,*,#2440,.T.);
#2617 = ORIENTED_EDGE('',*,*,#2618,.T.);
#2618 = EDGE_CURVE('',#2413,#2619,#2621,.T.);
#2619 = VERTEX_POINT('',#2620);
#2620 = CARTESIAN_POINT('',(5.7418,-7.786129413372,7.9));
#2621 = SURFACE_CURVE('',#2622,(#2627,#2634),.PCURVE_S1.);
#2622 = CIRCLE('',#2623,2.);
#2623 = AXIS2_PLACEMENT_3D('',#2624,#2625,#2626);
#2624 = CARTESIAN_POINT('',(6.8418,-6.115800104523,7.9));
#2625 = DIRECTION('',(0.,0.,-1.));
#2626 = DIRECTION('',(-0.55,0.835164654425,0.));
#2627 = PCURVE('',#457,#2628);
#2628 = DEFINITIONAL_REPRESENTATION('',(#2629),#2633);
#2629 = LINE('',#2630,#2631);
#2630 = CARTESIAN_POINT('',(8.436345871843,2.9));
#2631 = VECTOR('',#2632,1.);
#2632 = DIRECTION('',(-1.,-0.));
#2633 = ( GEOMETRIC_REPRESENTATION_CONTEXT(2) 
PARAMETRIC_REPRESENTATION_CONTEXT() REPRESENTATION_CONTEXT('2D SPACE',''
  ) );
#2634 = PCURVE('',#2428,#2635);
#2635 = DEFINITIONAL_REPRESENTATION('',(#2636),#2644);
#2636 = ( BOUNDED_CURVE() B_SPLINE_CURVE(2,(#2637,#2638,#2639,#2640,
#2641,#2642,#2643),.UNSPECIFIED.,.T.,.F.) B_SPLINE_CURVE_WITH_KNOTS((1,2
    ,2,2,2,1),(-2.094395102393,0.,2.094395102393,4.188790204786,
6.28318530718,8.377580409573),.UNSPECIFIED.) CURVE() 
GEOMETRIC_REPRESENTATION_ITEM() RATIONAL_B_SPLINE_CURVE((1.,0.5,1.,0.5,
1.,0.5,1.)) REPRESENTATION_ITEM('') );
#2637 = CARTESIAN_POINT('',(-1.1,1.670329308849));
#2638 = CARTESIAN_POINT('',(1.793095228299,3.575585197174));
#2639 = CARTESIAN_POINT('',(1.996547614149,0.117463289738));
#2640 = CARTESIAN_POINT('',(2.199999999999,-3.340658617699));
#2641 = CARTESIAN_POINT('',(-0.896547614149,-1.787792598587));
#2642 = CARTESIAN_POINT('',(-3.993095228298,-0.234926579476));
#2643 = CARTESIAN_POINT('',(-1.1,1.670329308849));
#2644 = ( GEOMETRIC_REPRESENTATION_CONTEXT(2) 
PARAMETRIC_REPRESENTATION_CONTEXT() REPRESENTATION_CONTEXT('2D SPACE',''
  ) );
#2645 = ORIENTED_EDGE('',*,*,#2646,.F.);
#2646 = EDGE_CURVE('',#437,#2619,#2647,.T.);
#2647 = SURFACE_CURVE('',#2648,(#2652,#2658),.PCURVE_S1.);
#2648 = LINE('',#2649,#2650);
#2649 = CARTESIAN_POINT('',(5.7418,-7.786129413372,5.));
#2650 = VECTOR('',#2651,1.);
#2651 = DIRECTION('',(0.,0.,1.));
#2652 = PCURVE('',#457,#2653);
#2653 = DEFINITIONAL_REPRESENTATION('',(#2654),#2657);
#2654 = B_SPLINE_CURVE_WITH_KNOTS('',1,(#2655,#2656),.UNSPECIFIED.,.F.,
  .F.,(2,2),(1.4,2.9),.PIECEWISE_BEZIER_KNOTS.);
#2655 = CARTESIAN_POINT('',(4.130024742516,1.4));
#2656 = CARTESIAN_POINT('',(4.130024742516,2.9));
#2657 = ( GEOMETRIC_REPRESENTATION_CONTEXT(2) 
PARAMETRIC_REPRESENTATION_CONTEXT() REPRESENTATION_CONTEXT('2D SPACE',''
  ) );
#2658 = PCURVE('',#485,#2659);
#2659 = DEFINITIONAL_REPRESENTATION('',(#2660),#2664);
#2660 = LINE('',#2661,#2662);
#2661 = CARTESIAN_POINT('',(0.,-7.229670586628));
#2662 = VECTOR('',#2663,1.);
#2663 = DIRECTION('',(1.,0.));
#2664 = ( GEOMETRIC_REPRESENTATION_CONTEXT(2) 
PARAMETRIC_REPRESENTATION_CONTEXT() REPRESENTATION_CONTEXT('2D SPACE',''
  ) );
#2665 = ADVANCED_FACE('',(#2666),#513,.F.);
#2666 = FACE_BOUND('',#2667,.F.);
#2667 = EDGE_LOOP('',(#2668,#2669,#2692,#2713));
#2668 = ORIENTED_EDGE('',*,*,#2465,.T.);
#2669 = ORIENTED_EDGE('',*,*,#2670,.F.);
#2670 = EDGE_CURVE('',#2671,#2466,#2673,.T.);
#2671 = VERTEX_POINT('',#2672);
#2672 = CARTESIAN_POINT('',(5.7418,-15.0158,8.4));
#2673 = SURFACE_CURVE('',#2674,(#2678,#2685),.PCURVE_S1.);
#2674 = LINE('',#2675,#2676);
#2675 = CARTESIAN_POINT('',(5.7418,-15.0158,8.4));
#2676 = VECTOR('',#2677,1.);
#2677 = DIRECTION('',(-1.,0.,0.));
#2678 = PCURVE('',#513,#2679);
#2679 = DEFINITIONAL_REPRESENTATION('',(#2680),#2684);
#2680 = LINE('',#2681,#2682);
#2681 = CARTESIAN_POINT('',(2.,1.65));
#2682 = VECTOR('',#2683,1.);
#2683 = DIRECTION('',(0.,-1.));
#2684 = ( GEOMETRIC_REPRESENTATION_CONTEXT(2) 
PARAMETRIC_REPRESENTATION_CONTEXT() REPRESENTATION_CONTEXT('2D SPACE',''
  ) );
#2685 = PCURVE('',#2601,#2686);
#2686 = DEFINITIONAL_REPRESENTATION('',(#2687),#2691);
#2687 = LINE('',#2688,#2689);
#2688 = CARTESIAN_POINT('',(11.2,0.));
#2689 = VECTOR('',#2690,1.);
#2690 = DIRECTION('',(-1.,0.));
#2691 = ( GEOMETRIC_REPRESENTATION_CONTEXT(2) 
PARAMETRIC_REPRESENTATION_CONTEXT() REPRESENTATION_CONTEXT('2D SPACE',''
  ) );
#2692 = ORIENTED_EDGE('',*,*,#2693,.F.);
#2693 = EDGE_CURVE('',#470,#2671,#2694,.T.);
#2694 = SURFACE_CURVE('',#2695,(#2699,#2706),.PCURVE_S1.);
#2695 = LINE('',#2696,#2697);
#2696 = CARTESIAN_POINT('',(5.7418,-15.0158,5.));
#2697 = VECTOR('',#2698,1.);
#2698 = DIRECTION('',(0.,0.,1.));
#2699 = PCURVE('',#513,#2700);
#2700 = DEFINITIONAL_REPRESENTATION('',(#2701),#2705);
#2701 = LINE('',#2702,#2703);
#2702 = CARTESIAN_POINT('',(-1.4,1.65));
#2703 = VECTOR('',#2704,1.);
#2704 = DIRECTION('',(1.,0.));
#2705 = ( GEOMETRIC_REPRESENTATION_CONTEXT(2) 
PARAMETRIC_REPRESENTATION_CONTEXT() REPRESENTATION_CONTEXT('2D SPACE',''
  ) );
#2706 = PCURVE('',#485,#2707);
#2707 = DEFINITIONAL_REPRESENTATION('',(#2708),#2712);
#2708 = LINE('',#2709,#2710);
#2709 = CARTESIAN_POINT('',(0.,0.));
#2710 = VECTOR('',#2711,1.);
#2711 = DIRECTION('',(1.,0.));
#2712 = ( GEOMETRIC_REPRESENTATION_CONTEXT(2) 
PARAMETRIC_REPRESENTATION_CONTEXT() REPRESENTATION_CONTEXT('2D SPACE',''
  ) );
#2713 = ORIENTED_EDGE('',*,*,#497,.T.);
#2714 = ADVANCED_FACE('',(#2715),#485,.T.);
#2715 = FACE_BOUND('',#2716,.T.);
#2716 = EDGE_LOOP('',(#2717,#2740,#2741,#2742,#2743,#2766));
#2717 = ORIENTED_EDGE('',*,*,#2718,.T.);
#2718 = EDGE_CURVE('',#2719,#2671,#2721,.T.);
#2719 = VERTEX_POINT('',#2720);
#2720 = CARTESIAN_POINT('',(5.7418,-7.963095424714,8.4));
#2721 = SURFACE_CURVE('',#2722,(#2726,#2733),.PCURVE_S1.);
#2722 = LINE('',#2723,#2724);
#2723 = CARTESIAN_POINT('',(5.7418,-7.963095424714,8.4));
#2724 = VECTOR('',#2725,1.);
#2725 = DIRECTION('',(0.,-1.,0.));
#2726 = PCURVE('',#485,#2727);
#2727 = DEFINITIONAL_REPRESENTATION('',(#2728),#2732);
#2728 = LINE('',#2729,#2730);
#2729 = CARTESIAN_POINT('',(3.4,-7.052704575286));
#2730 = VECTOR('',#2731,1.);
#2731 = DIRECTION('',(0.,1.));
#2732 = ( GEOMETRIC_REPRESENTATION_CONTEXT(2) 
PARAMETRIC_REPRESENTATION_CONTEXT() REPRESENTATION_CONTEXT('2D SPACE',''
  ) );
#2733 = PCURVE('',#2601,#2734);
#2734 = DEFINITIONAL_REPRESENTATION('',(#2735),#2739);
#2735 = LINE('',#2736,#2737);
#2736 = CARTESIAN_POINT('',(11.2,7.052704575286));
#2737 = VECTOR('',#2738,1.);
#2738 = DIRECTION('',(0.,-1.));
#2739 = ( GEOMETRIC_REPRESENTATION_CONTEXT(2) 
PARAMETRIC_REPRESENTATION_CONTEXT() REPRESENTATION_CONTEXT('2D SPACE',''
  ) );
#2740 = ORIENTED_EDGE('',*,*,#2693,.F.);
#2741 = ORIENTED_EDGE('',*,*,#469,.F.);
#2742 = ORIENTED_EDGE('',*,*,#2646,.T.);
#2743 = ORIENTED_EDGE('',*,*,#2744,.T.);
#2744 = EDGE_CURVE('',#2619,#2745,#2747,.T.);
#2745 = VERTEX_POINT('',#2746);
#2746 = CARTESIAN_POINT('',(5.7418,-7.963095424714,7.9));
#2747 = SURFACE_CURVE('',#2748,(#2752,#2759),.PCURVE_S1.);
#2748 = LINE('',#2749,#2750);
#2749 = CARTESIAN_POINT('',(5.7418,-10.56580005226,7.9));
#2750 = VECTOR('',#2751,1.);
#2751 = DIRECTION('',(0.,-1.,0.));
#2752 = PCURVE('',#485,#2753);
#2753 = DEFINITIONAL_REPRESENTATION('',(#2754),#2758);
#2754 = LINE('',#2755,#2756);
#2755 = CARTESIAN_POINT('',(2.9,-4.44999994774));
#2756 = VECTOR('',#2757,1.);
#2757 = DIRECTION('',(0.,1.));
#2758 = ( GEOMETRIC_REPRESENTATION_CONTEXT(2) 
PARAMETRIC_REPRESENTATION_CONTEXT() REPRESENTATION_CONTEXT('2D SPACE',''
  ) );
#2759 = PCURVE('',#2428,#2760);
#2760 = DEFINITIONAL_REPRESENTATION('',(#2761),#2765);
#2761 = LINE('',#2762,#2763);
#2762 = CARTESIAN_POINT('',(-1.1,-4.449999947737));
#2763 = VECTOR('',#2764,1.);
#2764 = DIRECTION('',(0.,-1.));
#2765 = ( GEOMETRIC_REPRESENTATION_CONTEXT(2) 
PARAMETRIC_REPRESENTATION_CONTEXT() REPRESENTATION_CONTEXT('2D SPACE',''
  ) );
#2766 = ORIENTED_EDGE('',*,*,#2767,.T.);
#2767 = EDGE_CURVE('',#2745,#2719,#2768,.T.);
#2768 = SURFACE_CURVE('',#2769,(#2773,#2780),.PCURVE_S1.);
#2769 = LINE('',#2770,#2771);
#2770 = CARTESIAN_POINT('',(5.7418,-7.963095424714,7.9));
#2771 = VECTOR('',#2772,1.);
#2772 = DIRECTION('',(0.,0.,1.));
#2773 = PCURVE('',#485,#2774);
#2774 = DEFINITIONAL_REPRESENTATION('',(#2775),#2779);
#2775 = LINE('',#2776,#2777);
#2776 = CARTESIAN_POINT('',(2.9,-7.052704575286));
#2777 = VECTOR('',#2778,1.);
#2778 = DIRECTION('',(1.,0.));
#2779 = ( GEOMETRIC_REPRESENTATION_CONTEXT(2) 
PARAMETRIC_REPRESENTATION_CONTEXT() REPRESENTATION_CONTEXT('2D SPACE',''
  ) );
#2780 = PCURVE('',#2781,#2786);
#2781 = CYLINDRICAL_SURFACE('',#2782,2.15);
#2782 = AXIS2_PLACEMENT_3D('',#2783,#2784,#2785);
#2783 = CARTESIAN_POINT('',(6.8418,-6.115800104523,7.9));
#2784 = DIRECTION('',(0.,0.,1.));
#2785 = DIRECTION('',(1.,0.,-0.));
#2786 = DEFINITIONAL_REPRESENTATION('',(#2787),#2790);
#2787 = B_SPLINE_CURVE_WITH_KNOTS('',1,(#2788,#2789),.UNSPECIFIED.,.F.,
  .F.,(2,2),(-5.999999999062E-07,0.7),.PIECEWISE_BEZIER_KNOTS.);
#2788 = CARTESIAN_POINT('',(4.175310594691,-5.999999999062E-07));
#2789 = CARTESIAN_POINT('',(4.175310594691,0.7));
#2790 = ( GEOMETRIC_REPRESENTATION_CONTEXT(2) 
PARAMETRIC_REPRESENTATION_CONTEXT() REPRESENTATION_CONTEXT('2D SPACE',''
  ) );
#2791 = ADVANCED_FACE('',(#2792),#961,.T.);
#2792 = FACE_BOUND('',#2793,.T.);
#2793 = EDGE_LOOP('',(#2794,#2795,#2796,#2797));
#2794 = ORIENTED_EDGE('',*,*,#946,.F.);
#2795 = ORIENTED_EDGE('',*,*,#1015,.F.);
#2796 = ORIENTED_EDGE('',*,*,#1043,.F.);
#2797 = ORIENTED_EDGE('',*,*,#2798,.F.);
#2798 = EDGE_CURVE('',#921,#1044,#2799,.T.);
#2799 = SURFACE_CURVE('',#2800,(#2804,#2811),.PCURVE_S1.);
#2800 = LINE('',#2801,#2802);
#2801 = CARTESIAN_POINT('',(-9.49299621582,16.473001480103,
    4.670001029968));
#2802 = VECTOR('',#2803,1.);
#2803 = DIRECTION('',(1.,0.,0.));
#2804 = PCURVE('',#961,#2805);
#2805 = DEFINITIONAL_REPRESENTATION('',(#2806),#2810);
#2806 = LINE('',#2807,#2808);
#2807 = CARTESIAN_POINT('',(-0.736945390207,-4.537050054495));
#2808 = VECTOR('',#2809,1.);
#2809 = DIRECTION('',(0.,1.));
#2810 = ( GEOMETRIC_REPRESENTATION_CONTEXT(2) 
PARAMETRIC_REPRESENTATION_CONTEXT() REPRESENTATION_CONTEXT('2D SPACE',''
  ) );
#2811 = PCURVE('',#935,#2812);
#2812 = DEFINITIONAL_REPRESENTATION('',(#2813),#2817);
#2813 = LINE('',#2814,#2815);
#2814 = CARTESIAN_POINT('',(-1.585648110481,14.874446355503));
#2815 = VECTOR('',#2816,1.);
#2816 = DIRECTION('',(0.,-1.));
#2817 = ( GEOMETRIC_REPRESENTATION_CONTEXT(2) 
PARAMETRIC_REPRESENTATION_CONTEXT() REPRESENTATION_CONTEXT('2D SPACE',''
  ) );
#2818 = ADVANCED_FACE('',(#2819),#935,.T.);
#2819 = FACE_BOUND('',#2820,.T.);
#2820 = EDGE_LOOP('',(#2821,#2822,#2843,#2844));
#2821 = ORIENTED_EDGE('',*,*,#1064,.F.);
#2822 = ORIENTED_EDGE('',*,*,#2823,.F.);
#2823 = EDGE_CURVE('',#900,#1065,#2824,.T.);
#2824 = SURFACE_CURVE('',#2825,(#2829,#2836),.PCURVE_S1.);
#2825 = LINE('',#2826,#2827);
#2826 = CARTESIAN_POINT('',(-9.49299621582,14.465002059937,
    3.779999732971));
#2827 = VECTOR('',#2828,1.);
#2828 = DIRECTION('',(1.,0.,0.));
#2829 = PCURVE('',#935,#2830);
#2830 = DEFINITIONAL_REPRESENTATION('',(#2831),#2835);
#2831 = LINE('',#2832,#2833);
#2832 = CARTESIAN_POINT('',(0.610749845273,14.874446355503));
#2833 = VECTOR('',#2834,1.);
#2834 = DIRECTION('',(0.,-1.));
#2835 = ( GEOMETRIC_REPRESENTATION_CONTEXT(2) 
PARAMETRIC_REPRESENTATION_CONTEXT() REPRESENTATION_CONTEXT('2D SPACE',''
  ) );
#2836 = PCURVE('',#758,#2837);
#2837 = DEFINITIONAL_REPRESENTATION('',(#2838),#2842);
#2838 = LINE('',#2839,#2840);
#2839 = CARTESIAN_POINT('',(15.325361414833,5.00834165447));
#2840 = VECTOR('',#2841,1.);
#2841 = DIRECTION('',(-1.,0.));
#2842 = ( GEOMETRIC_REPRESENTATION_CONTEXT(2) 
PARAMETRIC_REPRESENTATION_CONTEXT() REPRESENTATION_CONTEXT('2D SPACE',''
  ) );
#2843 = ORIENTED_EDGE('',*,*,#920,.F.);
#2844 = ORIENTED_EDGE('',*,*,#2798,.T.);
#2845 = ADVANCED_FACE('',(#2846,#3533,#3731),#758,.T.);
#2846 = FACE_BOUND('',#2847,.T.);
#2847 = EDGE_LOOP('',(#2848,#2849,#2872,#2900,#2928,#2956,#2984,#3012,
    #3040,#3068,#3096,#3124,#3152,#3180,#3208,#3236,#3264,#3292,#3320,
    #3348,#3376,#3404,#3432,#3460,#3488,#3509,#3510,#3511,#3512));
#2848 = ORIENTED_EDGE('',*,*,#743,.F.);
#2849 = ORIENTED_EDGE('',*,*,#2850,.T.);
#2850 = EDGE_CURVE('',#744,#2851,#2853,.T.);
#2851 = VERTEX_POINT('',#2852);
#2852 = CARTESIAN_POINT('',(6.700134277344E-02,-3.779001235962,
    3.779999732971));
#2853 = SURFACE_CURVE('',#2854,(#2858,#2865),.PCURVE_S1.);
#2854 = LINE('',#2855,#2856);
#2855 = CARTESIAN_POINT('',(-9.48299407959,3.723001480103,3.779999732971
    ));
#2856 = VECTOR('',#2857,1.);
#2857 = DIRECTION('',(0.786380943927,-0.617741864397,0.));
#2858 = PCURVE('',#758,#2859);
#2859 = DEFINITIONAL_REPRESENTATION('',(#2860),#2864);
#2860 = LINE('',#2861,#2862);
#2861 = CARTESIAN_POINT('',(15.315359278603,-5.733658925364));
#2862 = VECTOR('',#2863,1.);
#2863 = DIRECTION('',(-0.786380943927,-0.617741864397));
#2864 = ( GEOMETRIC_REPRESENTATION_CONTEXT(2) 
PARAMETRIC_REPRESENTATION_CONTEXT() REPRESENTATION_CONTEXT('2D SPACE',''
  ) );
#2865 = PCURVE('',#784,#2866);
#2866 = DEFINITIONAL_REPRESENTATION('',(#2867),#2871);
#2867 = LINE('',#2868,#2869);
#2868 = CARTESIAN_POINT('',(-3.62403573965,4.904190807622));
#2869 = VECTOR('',#2870,1.);
#2870 = DIRECTION('',(0.617717865656,-0.786399795555));
#2871 = ( GEOMETRIC_REPRESENTATION_CONTEXT(2) 
PARAMETRIC_REPRESENTATION_CONTEXT() REPRESENTATION_CONTEXT('2D SPACE',''
  ) );
#2872 = ORIENTED_EDGE('',*,*,#2873,.T.);
#2873 = EDGE_CURVE('',#2851,#2874,#2876,.T.);
#2874 = VERTEX_POINT('',#2875);
#2875 = CARTESIAN_POINT('',(-0.734992980957,-2.13099861145,
    3.779999732971));
#2876 = SURFACE_CURVE('',#2877,(#2881,#2888),.PCURVE_S1.);
#2877 = LINE('',#2878,#2879);
#2878 = CARTESIAN_POINT('',(6.700134277344E-02,-3.779001235962,
    3.779999732971));
#2879 = VECTOR('',#2880,1.);
#2880 = DIRECTION('',(-0.437581890493,0.89917856353,0.));
#2881 = PCURVE('',#758,#2882);
#2882 = DEFINITIONAL_REPRESENTATION('',(#2883),#2887);
#2883 = LINE('',#2884,#2885);
#2884 = CARTESIAN_POINT('',(5.76536385624,-13.23566164142));
#2885 = VECTOR('',#2886,1.);
#2886 = DIRECTION('',(0.437581890493,0.89917856353));
#2887 = ( GEOMETRIC_REPRESENTATION_CONTEXT(2) 
PARAMETRIC_REPRESENTATION_CONTEXT() REPRESENTATION_CONTEXT('2D SPACE',''
  ) );
#2888 = PCURVE('',#2889,#2894);
#2889 = PLANE('',#2890);
#2890 = AXIS2_PLACEMENT_3D('',#2891,#2892,#2893);
#2891 = CARTESIAN_POINT('',(-0.495892134251,-2.808809466102,
    3.782373673609));
#2892 = DIRECTION('',(-2.61471197532E-02,-1.272439819699E-02,
    -0.999577119496));
#2893 = DIRECTION('',(-0.999658050244,-9.109512229474E-17,
    2.61492367544E-02));
#2894 = DEFINITIONAL_REPRESENTATION('',(#2895),#2899);
#2895 = LINE('',#2896,#2897);
#2896 = CARTESIAN_POINT('',(-0.562763072473,-0.970270321424));
#2897 = VECTOR('',#2898,1.);
#2898 = DIRECTION('',(0.437432259472,0.899251365511));
#2899 = ( GEOMETRIC_REPRESENTATION_CONTEXT(2) 
PARAMETRIC_REPRESENTATION_CONTEXT() REPRESENTATION_CONTEXT('2D SPACE',''
  ) );
#2900 = ORIENTED_EDGE('',*,*,#2901,.T.);
#2901 = EDGE_CURVE('',#2874,#2902,#2904,.T.);
#2902 = VERTEX_POINT('',#2903);
#2903 = CARTESIAN_POINT('',(-0.290992736816,-2.261001586914,
    3.779999732971));
#2904 = SURFACE_CURVE('',#2905,(#2909,#2916),.PCURVE_S1.);
#2905 = LINE('',#2906,#2907);
#2906 = CARTESIAN_POINT('',(-0.734992980957,-2.13099861145,
    3.779999732971));
#2907 = VECTOR('',#2908,1.);
#2908 = DIRECTION('',(0.959707284049,-0.281001652921,0.));
#2909 = PCURVE('',#758,#2910);
#2910 = DEFINITIONAL_REPRESENTATION('',(#2911),#2915);
#2911 = LINE('',#2912,#2913);
#2912 = CARTESIAN_POINT('',(6.56735817997,-11.58765901691));
#2913 = VECTOR('',#2914,1.);
#2914 = DIRECTION('',(-0.959707284049,-0.281001652921));
#2915 = ( GEOMETRIC_REPRESENTATION_CONTEXT(2) 
PARAMETRIC_REPRESENTATION_CONTEXT() REPRESENTATION_CONTEXT('2D SPACE',''
  ) );
#2916 = PCURVE('',#2917,#2922);
#2917 = PLANE('',#2918);
#2918 = AXIS2_PLACEMENT_3D('',#2919,#2920,#2921);
#2919 = CARTESIAN_POINT('',(-0.596964567879,-2.170609423053,
    4.139503246033));
#2920 = DIRECTION('',(0.281001005984,0.959705074561,-2.145809423529E-03)
  );
#2921 = DIRECTION('',(0.959707284049,-0.28100165292,2.992719719373E-15)
  );
#2922 = DEFINITIONAL_REPRESENTATION('',(#2923),#2927);
#2923 = LINE('',#2924,#2925);
#2924 = CARTESIAN_POINT('',(-0.143597576971,0.359504340731));
#2925 = VECTOR('',#2926,1.);
#2926 = DIRECTION('',(1.,3.789066562883E-15));
#2927 = ( GEOMETRIC_REPRESENTATION_CONTEXT(2) 
PARAMETRIC_REPRESENTATION_CONTEXT() REPRESENTATION_CONTEXT('2D SPACE',''
  ) );
#2928 = ORIENTED_EDGE('',*,*,#2929,.F.);
#2929 = EDGE_CURVE('',#2930,#2902,#2932,.T.);
#2930 = VERTEX_POINT('',#2931);
#2931 = CARTESIAN_POINT('',(0.170997619629,-2.304998397827,
    3.779999732971));
#2932 = SURFACE_CURVE('',#2933,(#2937,#2944),.PCURVE_S1.);
#2933 = LINE('',#2934,#2935);
#2934 = CARTESIAN_POINT('',(0.170997619629,-2.304998397827,
    3.779999732971));
#2935 = VECTOR('',#2936,1.);
#2936 = DIRECTION('',(-0.995495934374,9.480424380823E-02,0.));
#2937 = PCURVE('',#758,#2938);
#2938 = DEFINITIONAL_REPRESENTATION('',(#2939),#2943);
#2939 = LINE('',#2940,#2941);
#2940 = CARTESIAN_POINT('',(5.661367579384,-11.76165880329));
#2941 = VECTOR('',#2942,1.);
#2942 = DIRECTION('',(0.995495934374,9.480424380823E-02));
#2943 = ( GEOMETRIC_REPRESENTATION_CONTEXT(2) 
PARAMETRIC_REPRESENTATION_CONTEXT() REPRESENTATION_CONTEXT('2D SPACE',''
  ) );
#2944 = PCURVE('',#2945,#2950);
#2945 = PLANE('',#2946);
#2946 = AXIS2_PLACEMENT_3D('',#2947,#2948,#2949);
#2947 = CARTESIAN_POINT('',(-0.147300332908,-2.273881737666,
    4.139302685312));
#2948 = DIRECTION('',(9.480400851446E-02,0.995493463663,
    -2.227952745987E-03));
#2949 = DIRECTION('',(0.995495934374,-9.480424380814E-02,
    -1.671868973701E-16));
#2950 = DEFINITIONAL_REPRESENTATION('',(#2951),#2955);
#2951 = LINE('',#2952,#2953);
#2952 = CARTESIAN_POINT('',(0.319814309107,0.359303844094));
#2953 = VECTOR('',#2954,1.);
#2954 = DIRECTION('',(-1.,-1.88294966045E-17));
#2955 = ( GEOMETRIC_REPRESENTATION_CONTEXT(2) 
PARAMETRIC_REPRESENTATION_CONTEXT() REPRESENTATION_CONTEXT('2D SPACE',''
  ) );
#2956 = ORIENTED_EDGE('',*,*,#2957,.T.);
#2957 = EDGE_CURVE('',#2930,#2958,#2960,.T.);
#2958 = VERTEX_POINT('',#2959);
#2959 = CARTESIAN_POINT('',(0.631004333496,-2.261001586914,
    3.779999732971));
#2960 = SURFACE_CURVE('',#2961,(#2965,#2972),.PCURVE_S1.);
#2961 = LINE('',#2962,#2963);
#2962 = CARTESIAN_POINT('',(0.170997619629,-2.304998397827,
    3.779999732971));
#2963 = VECTOR('',#2964,1.);
#2964 = DIRECTION('',(0.995457270589,9.520936105029E-02,0.));
#2965 = PCURVE('',#758,#2966);
#2966 = DEFINITIONAL_REPRESENTATION('',(#2967),#2971);
#2967 = LINE('',#2968,#2969);
#2968 = CARTESIAN_POINT('',(5.661367579384,-11.76165880329));
#2969 = VECTOR('',#2970,1.);
#2970 = DIRECTION('',(-0.995457270589,9.520936105029E-02));
#2971 = ( GEOMETRIC_REPRESENTATION_CONTEXT(2) 
PARAMETRIC_REPRESENTATION_CONTEXT() REPRESENTATION_CONTEXT('2D SPACE',''
  ) );
#2972 = PCURVE('',#2973,#2978);
#2973 = PLANE('',#2974);
#2974 = AXIS2_PLACEMENT_3D('',#2975,#2976,#2977);
#2975 = CARTESIAN_POINT('',(0.313960540155,-2.290520925486,
    4.139562813117));
#2976 = DIRECTION('',(-9.520912521998E-02,0.995454804873,
    -2.225742426105E-03));
#2977 = DIRECTION('',(0.995457270589,9.520936105049E-02,
    -4.372037586572E-16));
#2978 = DEFINITIONAL_REPRESENTATION('',(#2979),#2983);
#2979 = LINE('',#2980,#2981);
#2980 = CARTESIAN_POINT('',(-0.143691869553,0.359563970774));
#2981 = VECTOR('',#2982,1.);
#2982 = DIRECTION('',(1.,4.344277569918E-18));
#2983 = ( GEOMETRIC_REPRESENTATION_CONTEXT(2) 
PARAMETRIC_REPRESENTATION_CONTEXT() REPRESENTATION_CONTEXT('2D SPACE',''
  ) );
#2984 = ORIENTED_EDGE('',*,*,#2985,.F.);
#2985 = EDGE_CURVE('',#2986,#2958,#2988,.T.);
#2986 = VERTEX_POINT('',#2987);
#2987 = CARTESIAN_POINT('',(1.075004577637,-2.13099861145,3.779999732971
    ));
#2988 = SURFACE_CURVE('',#2989,(#2993,#3000),.PCURVE_S1.);
#2989 = LINE('',#2990,#2991);
#2990 = CARTESIAN_POINT('',(1.075004577637,-2.13099861145,3.779999732971
    ));
#2991 = VECTOR('',#2992,1.);
#2992 = DIRECTION('',(-0.959707284049,-0.281001652921,0.));
#2993 = PCURVE('',#758,#2994);
#2994 = DEFINITIONAL_REPRESENTATION('',(#2995),#2999);
#2995 = LINE('',#2996,#2997);
#2996 = CARTESIAN_POINT('',(4.757360621376,-11.58765901691));
#2997 = VECTOR('',#2998,1.);
#2998 = DIRECTION('',(0.959707284049,-0.281001652921));
#2999 = ( GEOMETRIC_REPRESENTATION_CONTEXT(2) 
PARAMETRIC_REPRESENTATION_CONTEXT() REPRESENTATION_CONTEXT('2D SPACE',''
  ) );
#3000 = PCURVE('',#3001,#3006);
#3001 = PLANE('',#3002);
#3002 = AXIS2_PLACEMENT_3D('',#3003,#3004,#3005);
#3003 = CARTESIAN_POINT('',(0.769014390123,-2.219787794433,
    4.139484119363));
#3004 = DIRECTION('',(-0.281001004749,0.959705070342,-2.147856942163E-03
    ));
#3005 = DIRECTION('',(0.959707284049,0.281001652921,5.473062651407E-16)
  );
#3006 = DEFINITIONAL_REPRESENTATION('',(#3007),#3011);
#3007 = LINE('',#3008,#3009);
#3008 = CARTESIAN_POINT('',(0.318610918984,0.359485215598));
#3009 = VECTOR('',#3010,1.);
#3010 = DIRECTION('',(-1.,-4.107069080444E-16));
#3011 = ( GEOMETRIC_REPRESENTATION_CONTEXT(2) 
PARAMETRIC_REPRESENTATION_CONTEXT() REPRESENTATION_CONTEXT('2D SPACE',''
  ) );
#3012 = ORIENTED_EDGE('',*,*,#3013,.T.);
#3013 = EDGE_CURVE('',#2986,#3014,#3016,.T.);
#3014 = VERTEX_POINT('',#3015);
#3015 = CARTESIAN_POINT('',(1.48299407959,-1.920999526978,3.779999732971
    ));
#3016 = SURFACE_CURVE('',#3017,(#3021,#3028),.PCURVE_S1.);
#3017 = LINE('',#3018,#3019);
#3018 = CARTESIAN_POINT('',(1.075004577637,-2.13099861145,3.779999732971
    ));
#3019 = VECTOR('',#3020,1.);
#3020 = DIRECTION('',(0.889131830624,0.457651163848,0.));
#3021 = PCURVE('',#758,#3022);
#3022 = DEFINITIONAL_REPRESENTATION('',(#3023),#3027);
#3023 = LINE('',#3024,#3025);
#3024 = CARTESIAN_POINT('',(4.757360621376,-11.58765901691));
#3025 = VECTOR('',#3026,1.);
#3026 = DIRECTION('',(-0.889131830624,0.457651163848));
#3027 = ( GEOMETRIC_REPRESENTATION_CONTEXT(2) 
PARAMETRIC_REPRESENTATION_CONTEXT() REPRESENTATION_CONTEXT('2D SPACE',''
  ) );
#3028 = PCURVE('',#3029,#3034);
#3029 = PLANE('',#3030);
#3030 = AXIS2_PLACEMENT_3D('',#3031,#3032,#3033);
#3031 = CARTESIAN_POINT('',(1.201635698665,-2.065014531233,
    4.139990151051));
#3032 = DIRECTION('',(-0.457650259486,0.889130073615,-1.988010422451E-03
    ));
#3033 = DIRECTION('',(0.889131830624,0.457651163848,-1.377898466868E-15)
  );
#3034 = DEFINITIONAL_REPRESENTATION('',(#3035),#3039);
#3035 = LINE('',#3036,#3037);
#3036 = CARTESIAN_POINT('',(-0.14278945156,0.359991129457));
#3037 = VECTOR('',#3038,1.);
#3038 = DIRECTION('',(1.,-1.033624283317E-15));
#3039 = ( GEOMETRIC_REPRESENTATION_CONTEXT(2) 
PARAMETRIC_REPRESENTATION_CONTEXT() REPRESENTATION_CONTEXT('2D SPACE',''
  ) );
#3040 = ORIENTED_EDGE('',*,*,#3041,.T.);
#3041 = EDGE_CURVE('',#3014,#3042,#3044,.T.);
#3042 = VERTEX_POINT('',#3043);
#3043 = CARTESIAN_POINT('',(1.842994689941,-1.637001037598,
    3.779999732971));
#3044 = SURFACE_CURVE('',#3045,(#3049,#3056),.PCURVE_S1.);
#3045 = LINE('',#3046,#3047);
#3046 = CARTESIAN_POINT('',(1.48299407959,-1.920999526978,3.779999732971
    ));
#3047 = VECTOR('',#3048,1.);
#3048 = DIRECTION('',(0.785108122376,0.6193587298,0.));
#3049 = PCURVE('',#758,#3050);
#3050 = DEFINITIONAL_REPRESENTATION('',(#3051),#3055);
#3051 = LINE('',#3052,#3053);
#3052 = CARTESIAN_POINT('',(4.349371119423,-11.37765993244));
#3053 = VECTOR('',#3054,1.);
#3054 = DIRECTION('',(-0.785108122376,0.6193587298));
#3055 = ( GEOMETRIC_REPRESENTATION_CONTEXT(2) 
PARAMETRIC_REPRESENTATION_CONTEXT() REPRESENTATION_CONTEXT('2D SPACE',''
  ) );
#3056 = PCURVE('',#3057,#3062);
#3057 = PLANE('',#3058);
#3058 = AXIS2_PLACEMENT_3D('',#3059,#3060,#3061);
#3059 = CARTESIAN_POINT('',(1.594712461939,-1.832062531329,
    4.140029091357));
#3060 = DIRECTION('',(-0.619357777338,0.785106915021,-1.753749493352E-03
    ));
#3061 = DIRECTION('',(0.785108122376,0.6193587298,-1.450844726274E-15));
#3062 = DEFINITIONAL_REPRESENTATION('',(#3063),#3067);
#3063 = LINE('',#3064,#3065);
#3064 = CARTESIAN_POINT('',(-0.142794914058,0.360029912047));
#3065 = VECTOR('',#3066,1.);
#3066 = DIRECTION('',(1.,-1.088252212772E-15));
#3067 = ( GEOMETRIC_REPRESENTATION_CONTEXT(2) 
PARAMETRIC_REPRESENTATION_CONTEXT() REPRESENTATION_CONTEXT('2D SPACE',''
  ) );
#3068 = ORIENTED_EDGE('',*,*,#3069,.T.);
#3069 = EDGE_CURVE('',#3042,#3070,#3072,.T.);
#3070 = VERTEX_POINT('',#3071);
#3071 = CARTESIAN_POINT('',(2.136993408203,-1.292999267578,
    3.779999732971));
#3072 = SURFACE_CURVE('',#3073,(#3077,#3084),.PCURVE_S1.);
#3073 = LINE('',#3074,#3075);
#3074 = CARTESIAN_POINT('',(1.842994689941,-1.637001037598,
    3.779999732971));
#3075 = VECTOR('',#3076,1.);
#3076 = DIRECTION('',(0.649695201006,0.760194807789,0.));
#3077 = PCURVE('',#758,#3078);
#3078 = DEFINITIONAL_REPRESENTATION('',(#3079),#3083);
#3079 = LINE('',#3080,#3081);
#3080 = CARTESIAN_POINT('',(3.989370509072,-11.09366144306));
#3081 = VECTOR('',#3082,1.);
#3082 = DIRECTION('',(-0.649695201006,0.760194807789));
#3083 = ( GEOMETRIC_REPRESENTATION_CONTEXT(2) 
PARAMETRIC_REPRESENTATION_CONTEXT() REPRESENTATION_CONTEXT('2D SPACE',''
  ) );
#3084 = PCURVE('',#3085,#3090);
#3085 = PLANE('',#3086);
#3086 = AXIS2_PLACEMENT_3D('',#3087,#3088,#3089);
#3087 = CARTESIAN_POINT('',(1.934036484118,-1.53047493256,4.140871287325
    ));
#3088 = DIRECTION('',(-0.760194807789,0.649695201006,-0.));
#3089 = DIRECTION('',(-0.649695201006,-0.760194807789,0.));
#3090 = DEFINITIONAL_REPRESENTATION('',(#3091),#3095);
#3091 = LINE('',#3092,#3093);
#3092 = CARTESIAN_POINT('',(0.140130008712,-0.360871554354));
#3093 = VECTOR('',#3094,1.);
#3094 = DIRECTION('',(-1.,0.));
#3095 = ( GEOMETRIC_REPRESENTATION_CONTEXT(2) 
PARAMETRIC_REPRESENTATION_CONTEXT() REPRESENTATION_CONTEXT('2D SPACE',''
  ) );
#3096 = ORIENTED_EDGE('',*,*,#3097,.T.);
#3097 = EDGE_CURVE('',#3070,#3098,#3100,.T.);
#3098 = VERTEX_POINT('',#3099);
#3099 = CARTESIAN_POINT('',(2.355003356934,-0.899002075195,
    3.779999732971));
#3100 = SURFACE_CURVE('',#3101,(#3105,#3112),.PCURVE_S1.);
#3101 = LINE('',#3102,#3103);
#3102 = CARTESIAN_POINT('',(2.136993408203,-1.292999267578,
    3.779999732971));
#3103 = VECTOR('',#3104,1.);
#3104 = DIRECTION('',(0.484153298881,0.874983190229,0.));
#3105 = PCURVE('',#758,#3106);
#3106 = DEFINITIONAL_REPRESENTATION('',(#3107),#3111);
#3107 = LINE('',#3108,#3109);
#3108 = CARTESIAN_POINT('',(3.69537179081,-10.74965967304));
#3109 = VECTOR('',#3110,1.);
#3110 = DIRECTION('',(-0.484153298881,0.874983190229));
#3111 = ( GEOMETRIC_REPRESENTATION_CONTEXT(2) 
PARAMETRIC_REPRESENTATION_CONTEXT() REPRESENTATION_CONTEXT('2D SPACE',''
  ) );
#3112 = PCURVE('',#3113,#3118);
#3113 = PLANE('',#3114);
#3114 = AXIS2_PLACEMENT_3D('',#3115,#3116,#3117);
#3115 = CARTESIAN_POINT('',(2.287536029171,-1.020122840589,
    4.141206041834));
#3116 = DIRECTION('',(-0.874982675596,0.484153014119,-1.084586047835E-03
    ));
#3117 = DIRECTION('',(-0.48415329888,-0.874983190229,1.840851142015E-16)
  );
#3118 = DEFINITIONAL_REPRESENTATION('',(#3119),#3123);
#3119 = LINE('',#3120,#3121);
#3120 = CARTESIAN_POINT('',(0.311647993189,-0.361206521312));
#3121 = VECTOR('',#3122,1.);
#3122 = DIRECTION('',(-1.,-5.735783704319E-16));
#3123 = ( GEOMETRIC_REPRESENTATION_CONTEXT(2) 
PARAMETRIC_REPRESENTATION_CONTEXT() REPRESENTATION_CONTEXT('2D SPACE',''
  ) );
#3124 = ORIENTED_EDGE('',*,*,#3125,.T.);
#3125 = EDGE_CURVE('',#3098,#3126,#3128,.T.);
#3126 = VERTEX_POINT('',#3127);
#3127 = CARTESIAN_POINT('',(2.488998413086,-0.470998764038,
    3.779999732971));
#3128 = SURFACE_CURVE('',#3129,(#3133,#3140),.PCURVE_S1.);
#3129 = LINE('',#3130,#3131);
#3130 = CARTESIAN_POINT('',(2.355003356934,-0.899002075195,
    3.779999732971));
#3131 = VECTOR('',#3132,1.);
#3132 = DIRECTION('',(0.298770643572,0.95432494599,0.));
#3133 = PCURVE('',#758,#3134);
#3134 = DEFINITIONAL_REPRESENTATION('',(#3135),#3139);
#3135 = LINE('',#3136,#3137);
#3136 = CARTESIAN_POINT('',(3.477361842079,-10.35566248066));
#3137 = VECTOR('',#3138,1.);
#3138 = DIRECTION('',(-0.298770643572,0.95432494599));
#3139 = ( GEOMETRIC_REPRESENTATION_CONTEXT(2) 
PARAMETRIC_REPRESENTATION_CONTEXT() REPRESENTATION_CONTEXT('2D SPACE',''
  ) );
#3140 = PCURVE('',#3141,#3146);
#3141 = PLANE('',#3142);
#3142 = AXIS2_PLACEMENT_3D('',#3143,#3144,#3145);
#3143 = CARTESIAN_POINT('',(2.396424254008,-0.765887002839,
    4.141394212707));
#3144 = DIRECTION('',(-0.954324732241,0.298770576654,-6.692974937517E-04
    ));
#3145 = DIRECTION('',(-0.298770643573,-0.95432494599,8.198705158877E-16)
  );
#3146 = DEFINITIONAL_REPRESENTATION('',(#3147),#3151);
#3147 = LINE('',#3148,#3149);
#3148 = CARTESIAN_POINT('',(0.139410382313,-0.361394560681));
#3149 = VECTOR('',#3150,1.);
#3150 = DIRECTION('',(-1.,1.09394772485E-15));
#3151 = ( GEOMETRIC_REPRESENTATION_CONTEXT(2) 
PARAMETRIC_REPRESENTATION_CONTEXT() REPRESENTATION_CONTEXT('2D SPACE',''
  ) );
#3152 = ORIENTED_EDGE('',*,*,#3153,.F.);
#3153 = EDGE_CURVE('',#3154,#3126,#3156,.T.);
#3154 = VERTEX_POINT('',#3155);
#3155 = CARTESIAN_POINT('',(2.535003662109,-2.700233459473E-02,
    3.779999732971));
#3156 = SURFACE_CURVE('',#3157,(#3161,#3168),.PCURVE_S1.);
#3157 = LINE('',#3158,#3159);
#3158 = CARTESIAN_POINT('',(2.535003662109,-2.700233459473E-02,
    3.779999732971));
#3159 = VECTOR('',#3160,1.);
#3160 = DIRECTION('',(-0.103064469054,-0.994674678083,0.));
#3161 = PCURVE('',#758,#3162);
#3162 = DEFINITIONAL_REPRESENTATION('',(#3163),#3167);
#3163 = LINE('',#3164,#3165);
#3164 = CARTESIAN_POINT('',(3.297361536904,-9.483662740062));
#3165 = VECTOR('',#3166,1.);
#3166 = DIRECTION('',(0.103064469054,-0.994674678083));
#3167 = ( GEOMETRIC_REPRESENTATION_CONTEXT(2) 
PARAMETRIC_REPRESENTATION_CONTEXT() REPRESENTATION_CONTEXT('2D SPACE',''
  ) );
#3168 = PCURVE('',#3169,#3174);
#3169 = PLANE('',#3170);
#3170 = AXIS2_PLACEMENT_3D('',#3171,#3172,#3173);
#3171 = CARTESIAN_POINT('',(2.520790665362,-0.164171895493,
    4.312283048764));
#3172 = DIRECTION('',(-0.994674678083,0.103064469054,-0.));
#3173 = DIRECTION('',(-0.103064469054,-0.994674678083,0.));
#3174 = DEFINITIONAL_REPRESENTATION('',(#3175),#3179);
#3175 = LINE('',#3176,#3177);
#3176 = CARTESIAN_POINT('',(-0.137903943793,-0.532283315793));
#3177 = VECTOR('',#3178,1.);
#3178 = DIRECTION('',(1.,0.));
#3179 = ( GEOMETRIC_REPRESENTATION_CONTEXT(2) 
PARAMETRIC_REPRESENTATION_CONTEXT() REPRESENTATION_CONTEXT('2D SPACE',''
  ) );
#3180 = ORIENTED_EDGE('',*,*,#3181,.T.);
#3181 = EDGE_CURVE('',#3154,#3182,#3184,.T.);
#3182 = VERTEX_POINT('',#3183);
#3183 = CARTESIAN_POINT('',(2.488998413086,0.416997909546,3.779999732971
    ));
#3184 = SURFACE_CURVE('',#3185,(#3189,#3196),.PCURVE_S1.);
#3185 = LINE('',#3186,#3187);
#3186 = CARTESIAN_POINT('',(2.535003662109,-2.700233459473E-02,
    3.779999732971));
#3187 = VECTOR('',#3188,1.);
#3188 = DIRECTION('',(-0.103063592966,0.994674768859,0.));
#3189 = PCURVE('',#758,#3190);
#3190 = DEFINITIONAL_REPRESENTATION('',(#3191),#3195);
#3191 = LINE('',#3192,#3193);
#3192 = CARTESIAN_POINT('',(3.297361536904,-9.483662740062));
#3193 = VECTOR('',#3194,1.);
#3194 = DIRECTION('',(0.103063592966,0.994674768859));
#3195 = ( GEOMETRIC_REPRESENTATION_CONTEXT(2) 
PARAMETRIC_REPRESENTATION_CONTEXT() REPRESENTATION_CONTEXT('2D SPACE',''
  ) );
#3196 = PCURVE('',#3197,#3202);
#3197 = PLANE('',#3198);
#3198 = AXIS2_PLACEMENT_3D('',#3199,#3200,#3201);
#3199 = CARTESIAN_POINT('',(2.520790644739,0.110168603859,4.141716899412
    ));
#3200 = DIRECTION('',(-0.994674768859,-0.103063592966,-0.));
#3201 = DIRECTION('',(0.103063592966,-0.994674768859,0.));
#3202 = DEFINITIONAL_REPRESENTATION('',(#3203),#3207);
#3203 = LINE('',#3204,#3205);
#3204 = CARTESIAN_POINT('',(0.137905316138,-0.361717166441));
#3205 = VECTOR('',#3206,1.);
#3206 = DIRECTION('',(-1.,0.));
#3207 = ( GEOMETRIC_REPRESENTATION_CONTEXT(2) 
PARAMETRIC_REPRESENTATION_CONTEXT() REPRESENTATION_CONTEXT('2D SPACE',''
  ) );
#3208 = ORIENTED_EDGE('',*,*,#3209,.T.);
#3209 = EDGE_CURVE('',#3182,#3210,#3212,.T.);
#3210 = VERTEX_POINT('',#3211);
#3211 = CARTESIAN_POINT('',(2.355003356934,0.844999313354,3.779999732971
    ));
#3212 = SURFACE_CURVE('',#3213,(#3217,#3224),.PCURVE_S1.);
#3213 = LINE('',#3214,#3215);
#3214 = CARTESIAN_POINT('',(2.488998413086,0.416997909546,3.779999732971
    ));
#3215 = VECTOR('',#3216,1.);
#3216 = DIRECTION('',(-0.298771856166,0.954324566363,0.));
#3217 = PCURVE('',#758,#3218);
#3218 = DEFINITIONAL_REPRESENTATION('',(#3219),#3223);
#3219 = LINE('',#3220,#3221);
#3220 = CARTESIAN_POINT('',(3.343366785927,-9.039662495921));
#3221 = VECTOR('',#3222,1.);
#3222 = DIRECTION('',(0.298771856166,0.954324566363));
#3223 = ( GEOMETRIC_REPRESENTATION_CONTEXT(2) 
PARAMETRIC_REPRESENTATION_CONTEXT() REPRESENTATION_CONTEXT('2D SPACE',''
  ) );
#3224 = PCURVE('',#3225,#3230);
#3225 = PLANE('',#3226);
#3226 = AXIS2_PLACEMENT_3D('',#3227,#3228,#3229);
#3227 = CARTESIAN_POINT('',(2.447577544772,0.550112300996,4.141394463887
    ));
#3228 = DIRECTION('',(-0.954324352612,-0.298771789246,6.693002101671E-04
    ));
#3229 = DIRECTION('',(0.298771856165,-0.954324566363,-2.644613974493E-16
    ));
#3230 = DEFINITIONAL_REPRESENTATION('',(#3231),#3235);
#3231 = LINE('',#3232,#3233);
#3232 = CARTESIAN_POINT('',(0.139409723607,-0.361394811862));
#3233 = VECTOR('',#3234,1.);
#3234 = DIRECTION('',(-1.,-6.77436002534E-16));
#3235 = ( GEOMETRIC_REPRESENTATION_CONTEXT(2) 
PARAMETRIC_REPRESENTATION_CONTEXT() REPRESENTATION_CONTEXT('2D SPACE',''
  ) );
#3236 = ORIENTED_EDGE('',*,*,#3237,.F.);
#3237 = EDGE_CURVE('',#3238,#3210,#3240,.T.);
#3238 = VERTEX_POINT('',#3239);
#3239 = CARTESIAN_POINT('',(2.136993408203,1.239000320435,3.779999732971
    ));
#3240 = SURFACE_CURVE('',#3241,(#3245,#3252),.PCURVE_S1.);
#3241 = LINE('',#3242,#3243);
#3242 = CARTESIAN_POINT('',(2.136993408203,1.239000320435,3.779999732971
    ));
#3243 = VECTOR('',#3244,1.);
#3244 = DIRECTION('',(0.484149710103,-0.874985175993,0.));
#3245 = PCURVE('',#758,#3246);
#3246 = DEFINITIONAL_REPRESENTATION('',(#3247),#3251);
#3247 = LINE('',#3248,#3249);
#3248 = CARTESIAN_POINT('',(3.69537179081,-8.217660085032));
#3249 = VECTOR('',#3250,1.);
#3250 = DIRECTION('',(-0.484149710103,-0.874985175993));
#3251 = ( GEOMETRIC_REPRESENTATION_CONTEXT(2) 
PARAMETRIC_REPRESENTATION_CONTEXT() REPRESENTATION_CONTEXT('2D SPACE',''
  ) );
#3252 = PCURVE('',#3253,#3258);
#3253 = PLANE('',#3254);
#3254 = AXIS2_PLACEMENT_3D('',#3255,#3256,#3257);
#3255 = CARTESIAN_POINT('',(2.287549870096,0.966905409383,4.141176602498
    ));
#3256 = DIRECTION('',(-0.874985175993,-0.484149710103,-0.));
#3257 = DIRECTION('',(0.484149710103,-0.874985175993,0.));
#3258 = DEFINITIONAL_REPRESENTATION('',(#3259),#3263);
#3259 = LINE('',#3260,#3261);
#3260 = CARTESIAN_POINT('',(-0.310970881013,-0.361176869527));
#3261 = VECTOR('',#3262,1.);
#3262 = DIRECTION('',(1.,0.));
#3263 = ( GEOMETRIC_REPRESENTATION_CONTEXT(2) 
PARAMETRIC_REPRESENTATION_CONTEXT() REPRESENTATION_CONTEXT('2D SPACE',''
  ) );
#3264 = ORIENTED_EDGE('',*,*,#3265,.F.);
#3265 = EDGE_CURVE('',#3266,#3238,#3268,.T.);
#3266 = VERTEX_POINT('',#3267);
#3267 = CARTESIAN_POINT('',(1.842994689941,1.582998275757,3.779999732971
    ));
#3268 = SURFACE_CURVE('',#3269,(#3273,#3280),.PCURVE_S1.);
#3269 = LINE('',#3270,#3271);
#3270 = CARTESIAN_POINT('',(1.842994689941,1.582998275757,3.779999732971
    ));
#3271 = VECTOR('',#3272,1.);
#3272 = DIRECTION('',(0.649699364526,-0.760191249446,0.));
#3273 = PCURVE('',#758,#3274);
#3274 = DEFINITIONAL_REPRESENTATION('',(#3275),#3279);
#3275 = LINE('',#3276,#3277);
#3276 = CARTESIAN_POINT('',(3.989370509072,-7.87366212971));
#3277 = VECTOR('',#3278,1.);
#3278 = DIRECTION('',(-0.649699364526,-0.760191249446));
#3279 = ( GEOMETRIC_REPRESENTATION_CONTEXT(2) 
PARAMETRIC_REPRESENTATION_CONTEXT() REPRESENTATION_CONTEXT('2D SPACE',''
  ) );
#3280 = PCURVE('',#3281,#3286);
#3281 = PLANE('',#3282);
#3282 = AXIS2_PLACEMENT_3D('',#3283,#3284,#3285);
#3283 = CARTESIAN_POINT('',(2.045951714326,1.345525126828,4.140871684893
    ));
#3284 = DIRECTION('',(-0.760191249446,-0.649699364526,-0.));
#3285 = DIRECTION('',(0.649699364526,-0.760191249446,0.));
#3286 = DEFINITIONAL_REPRESENTATION('',(#3287),#3291);
#3287 = LINE('',#3288,#3289);
#3288 = CARTESIAN_POINT('',(-0.312386059563,-0.360871951922));
#3289 = VECTOR('',#3290,1.);
#3290 = DIRECTION('',(1.,0.));
#3291 = ( GEOMETRIC_REPRESENTATION_CONTEXT(2) 
PARAMETRIC_REPRESENTATION_CONTEXT() REPRESENTATION_CONTEXT('2D SPACE',''
  ) );
#3292 = ORIENTED_EDGE('',*,*,#3293,.F.);
#3293 = EDGE_CURVE('',#3294,#3266,#3296,.T.);
#3294 = VERTEX_POINT('',#3295);
#3295 = CARTESIAN_POINT('',(1.48299407959,1.867002487183,3.779999732971)
  );
#3296 = SURFACE_CURVE('',#3297,(#3301,#3308),.PCURVE_S1.);
#3297 = LINE('',#3298,#3299);
#3298 = CARTESIAN_POINT('',(1.48299407959,1.867002487183,3.779999732971)
  );
#3299 = VECTOR('',#3300,1.);
#3300 = DIRECTION('',(0.785102054333,-0.619366421662,0.));
#3301 = PCURVE('',#758,#3302);
#3302 = DEFINITIONAL_REPRESENTATION('',(#3303),#3307);
#3303 = LINE('',#3304,#3305);
#3304 = CARTESIAN_POINT('',(4.349371119423,-7.589657918284));
#3305 = VECTOR('',#3306,1.);
#3306 = DIRECTION('',(-0.785102054333,-0.619366421662));
#3307 = ( GEOMETRIC_REPRESENTATION_CONTEXT(2) 
PARAMETRIC_REPRESENTATION_CONTEXT() REPRESENTATION_CONTEXT('2D SPACE',''
  ) );
#3308 = PCURVE('',#3309,#3314);
#3309 = PLANE('',#3310);
#3310 = AXIS2_PLACEMENT_3D('',#3311,#3312,#3313);
#3311 = CARTESIAN_POINT('',(1.731276205517,1.671939430798,4.140028550419
    ));
#3312 = DIRECTION('',(-0.619365463737,-0.785100840077,1.758760954615E-03
    ));
#3313 = DIRECTION('',(-0.785102054333,0.619366421662,-3.576062742781E-15
    ));
#3314 = DEFINITIONAL_REPRESENTATION('',(#3315),#3319);
#3315 = LINE('',#3316,#3317);
#3316 = CARTESIAN_POINT('',(0.315742314351,0.360029374277));
#3317 = VECTOR('',#3318,1.);
#3318 = DIRECTION('',(-1.,2.682138550489E-15));
#3319 = ( GEOMETRIC_REPRESENTATION_CONTEXT(2) 
PARAMETRIC_REPRESENTATION_CONTEXT() REPRESENTATION_CONTEXT('2D SPACE',''
  ) );
#3320 = ORIENTED_EDGE('',*,*,#3321,.F.);
#3321 = EDGE_CURVE('',#3322,#3294,#3324,.T.);
#3322 = VERTEX_POINT('',#3323);
#3323 = CARTESIAN_POINT('',(1.075004577637,2.077001571655,3.779999732971
    ));
#3324 = SURFACE_CURVE('',#3325,(#3329,#3336),.PCURVE_S1.);
#3325 = LINE('',#3326,#3327);
#3326 = CARTESIAN_POINT('',(1.075004577637,2.077001571655,3.779999732971
    ));
#3327 = VECTOR('',#3328,1.);
#3328 = DIRECTION('',(0.889131830624,-0.457651163848,0.));
#3329 = PCURVE('',#758,#3330);
#3330 = DEFINITIONAL_REPRESENTATION('',(#3331),#3335);
#3331 = LINE('',#3332,#3333);
#3332 = CARTESIAN_POINT('',(4.757360621376,-7.379658833812));
#3333 = VECTOR('',#3334,1.);
#3334 = DIRECTION('',(-0.889131830624,-0.457651163848));
#3335 = ( GEOMETRIC_REPRESENTATION_CONTEXT(2) 
PARAMETRIC_REPRESENTATION_CONTEXT() REPRESENTATION_CONTEXT('2D SPACE',''
  ) );
#3336 = PCURVE('',#3337,#3342);
#3337 = PLANE('',#3338);
#3338 = AXIS2_PLACEMENT_3D('',#3339,#3340,#3341);
#3339 = CARTESIAN_POINT('',(1.201649462947,2.011815311124,4.313995058879
    ));
#3340 = DIRECTION('',(-0.457651163848,-0.889131830624,-0.));
#3341 = DIRECTION('',(-0.889131830624,0.457651163848,0.));
#3342 = DEFINITIONAL_REPRESENTATION('',(#3343),#3347);
#3343 = LINE('',#3344,#3345);
#3344 = CARTESIAN_POINT('',(0.142436566714,0.533995325908));
#3345 = VECTOR('',#3346,1.);
#3346 = DIRECTION('',(-1.,0.));
#3347 = ( GEOMETRIC_REPRESENTATION_CONTEXT(2) 
PARAMETRIC_REPRESENTATION_CONTEXT() REPRESENTATION_CONTEXT('2D SPACE',''
  ) );
#3348 = ORIENTED_EDGE('',*,*,#3349,.T.);
#3349 = EDGE_CURVE('',#3322,#3350,#3352,.T.);
#3350 = VERTEX_POINT('',#3351);
#3351 = CARTESIAN_POINT('',(0.631004333496,2.206998825073,3.779999732971
    ));
#3352 = SURFACE_CURVE('',#3353,(#3357,#3364),.PCURVE_S1.);
#3353 = LINE('',#3354,#3355);
#3354 = CARTESIAN_POINT('',(1.075004577637,2.077001571655,3.779999732971
    ));
#3355 = VECTOR('',#3356,1.);
#3356 = DIRECTION('',(-0.959710619444,0.280990261267,0.));
#3357 = PCURVE('',#758,#3358);
#3358 = DEFINITIONAL_REPRESENTATION('',(#3359),#3363);
#3359 = LINE('',#3360,#3361);
#3360 = CARTESIAN_POINT('',(4.757360621376,-7.379658833812));
#3361 = VECTOR('',#3362,1.);
#3362 = DIRECTION('',(0.959710619444,0.280990261267));
#3363 = ( GEOMETRIC_REPRESENTATION_CONTEXT(2) 
PARAMETRIC_REPRESENTATION_CONTEXT() REPRESENTATION_CONTEXT('2D SPACE',''
  ) );
#3364 = PCURVE('',#3365,#3370);
#3365 = PLANE('',#3366);
#3366 = AXIS2_PLACEMENT_3D('',#3367,#3368,#3369);
#3367 = CARTESIAN_POINT('',(0.769023551547,2.166588668767,4.314506722651
    ));
#3368 = DIRECTION('',(-0.280990261267,-0.959710619444,-0.));
#3369 = DIRECTION('',(-0.959710619444,0.280990261267,0.));
#3370 = DEFINITIONAL_REPRESENTATION('',(#3371),#3375);
#3371 = LINE('',#3372,#3373);
#3372 = CARTESIAN_POINT('',(-0.318826341911,0.53450698968));
#3373 = VECTOR('',#3374,1.);
#3374 = DIRECTION('',(1.,0.));
#3375 = ( GEOMETRIC_REPRESENTATION_CONTEXT(2) 
PARAMETRIC_REPRESENTATION_CONTEXT() REPRESENTATION_CONTEXT('2D SPACE',''
  ) );
#3376 = ORIENTED_EDGE('',*,*,#3377,.T.);
#3377 = EDGE_CURVE('',#3350,#3378,#3380,.T.);
#3378 = VERTEX_POINT('',#3379);
#3379 = CARTESIAN_POINT('',(0.170997619629,2.251001358032,3.779999732971
    ));
#3380 = SURFACE_CURVE('',#3381,(#3385,#3392),.PCURVE_S1.);
#3381 = LINE('',#3382,#3383);
#3382 = CARTESIAN_POINT('',(0.631004333496,2.206998825073,3.779999732971
    ));
#3383 = VECTOR('',#3384,1.);
#3384 = DIRECTION('',(-0.995456096936,9.522163132468E-02,0.));
#3385 = PCURVE('',#758,#3386);
#3386 = DEFINITIONAL_REPRESENTATION('',(#3387),#3391);
#3387 = LINE('',#3388,#3389);
#3388 = CARTESIAN_POINT('',(5.201360865517,-7.249661580394));
#3389 = VECTOR('',#3390,1.);
#3390 = DIRECTION('',(0.995456096936,9.522163132468E-02));
#3391 = ( GEOMETRIC_REPRESENTATION_CONTEXT(2) 
PARAMETRIC_REPRESENTATION_CONTEXT() REPRESENTATION_CONTEXT('2D SPACE',''
  ) );
#3392 = PCURVE('',#3393,#3398);
#3393 = PLANE('',#3394);
#3394 = AXIS2_PLACEMENT_3D('',#3395,#3396,#3397);
#3395 = CARTESIAN_POINT('',(0.313963851317,2.237325739542,4.31443465528)
  );
#3396 = DIRECTION('',(-9.522163132468E-02,-0.995456096936,-0.));
#3397 = DIRECTION('',(-0.995456096936,9.522163132468E-02,0.));
#3398 = DEFINITIONAL_REPRESENTATION('',(#3399),#3403);
#3399 = LINE('',#3400,#3401);
#3400 = CARTESIAN_POINT('',(-0.31848765923,0.534434922309));
#3401 = VECTOR('',#3402,1.);
#3402 = DIRECTION('',(1.,0.));
#3403 = ( GEOMETRIC_REPRESENTATION_CONTEXT(2) 
PARAMETRIC_REPRESENTATION_CONTEXT() REPRESENTATION_CONTEXT('2D SPACE',''
  ) );
#3404 = ORIENTED_EDGE('',*,*,#3405,.F.);
#3405 = EDGE_CURVE('',#3406,#3378,#3408,.T.);
#3406 = VERTEX_POINT('',#3407);
#3407 = CARTESIAN_POINT('',(-0.290992736816,2.206998825073,
    3.779999732971));
#3408 = SURFACE_CURVE('',#3409,(#3413,#3420),.PCURVE_S1.);
#3409 = LINE('',#3410,#3411);
#3410 = CARTESIAN_POINT('',(-0.290992736816,2.206998825073,
    3.779999732971));
#3411 = VECTOR('',#3412,1.);
#3412 = DIRECTION('',(0.995494770643,9.481646282144E-02,0.));
#3413 = PCURVE('',#758,#3414);
#3414 = DEFINITIONAL_REPRESENTATION('',(#3415),#3419);
#3415 = LINE('',#3416,#3417);
#3416 = CARTESIAN_POINT('',(6.123357935829,-7.249661580394));
#3417 = VECTOR('',#3418,1.);
#3418 = DIRECTION('',(-0.995494770643,9.481646282144E-02));
#3419 = ( GEOMETRIC_REPRESENTATION_CONTEXT(2) 
PARAMETRIC_REPRESENTATION_CONTEXT() REPRESENTATION_CONTEXT('2D SPACE',''
  ) );
#3420 = PCURVE('',#3421,#3426);
#3421 = PLANE('',#3422);
#3422 = AXIS2_PLACEMENT_3D('',#3423,#3424,#3425);
#3423 = CARTESIAN_POINT('',(-0.147303466427,2.220684590951,
    4.314701257559));
#3424 = DIRECTION('',(9.481646282144E-02,-0.995494770643,-0.));
#3425 = DIRECTION('',(-0.995494770643,-9.481646282144E-02,0.));
#3426 = DEFINITIONAL_REPRESENTATION('',(#3427),#3431);
#3427 = LINE('',#3428,#3429);
#3428 = CARTESIAN_POINT('',(0.144339553181,0.534701524588));
#3429 = VECTOR('',#3430,1.);
#3430 = DIRECTION('',(-1.,0.));
#3431 = ( GEOMETRIC_REPRESENTATION_CONTEXT(2) 
PARAMETRIC_REPRESENTATION_CONTEXT() REPRESENTATION_CONTEXT('2D SPACE',''
  ) );
#3432 = ORIENTED_EDGE('',*,*,#3433,.T.);
#3433 = EDGE_CURVE('',#3406,#3434,#3436,.T.);
#3434 = VERTEX_POINT('',#3435);
#3435 = CARTESIAN_POINT('',(-0.734992980957,2.077001571655,
    3.779999732971));
#3436 = SURFACE_CURVE('',#3437,(#3441,#3448),.PCURVE_S1.);
#3437 = LINE('',#3438,#3439);
#3438 = CARTESIAN_POINT('',(-0.290992736816,2.206998825073,
    3.779999732971));
#3439 = VECTOR('',#3440,1.);
#3440 = DIRECTION('',(-0.959710619444,-0.280990261267,0.));
#3441 = PCURVE('',#758,#3442);
#3442 = DEFINITIONAL_REPRESENTATION('',(#3443),#3447);
#3443 = LINE('',#3444,#3445);
#3444 = CARTESIAN_POINT('',(6.123357935829,-7.249661580394));
#3445 = VECTOR('',#3446,1.);
#3446 = DIRECTION('',(0.959710619444,-0.280990261267));
#3447 = ( GEOMETRIC_REPRESENTATION_CONTEXT(2) 
PARAMETRIC_REPRESENTATION_CONTEXT() REPRESENTATION_CONTEXT('2D SPACE',''
  ) );
#3448 = PCURVE('',#3449,#3454);
#3449 = PLANE('',#3450);
#3450 = AXIS2_PLACEMENT_3D('',#3451,#3452,#3453);
#3451 = CARTESIAN_POINT('',(-0.596973762906,2.117411727961,
    4.314506722651));
#3452 = DIRECTION('',(0.280990261267,-0.959710619444,-0.));
#3453 = DIRECTION('',(-0.959710619444,-0.280990261267,0.));
#3454 = DEFINITIONAL_REPRESENTATION('',(#3455),#3459);
#3455 = LINE('',#3456,#3457);
#3456 = CARTESIAN_POINT('',(-0.318826341911,0.53450698968));
#3457 = VECTOR('',#3458,1.);
#3458 = DIRECTION('',(1.,0.));
#3459 = ( GEOMETRIC_REPRESENTATION_CONTEXT(2) 
PARAMETRIC_REPRESENTATION_CONTEXT() REPRESENTATION_CONTEXT('2D SPACE',''
  ) );
#3460 = ORIENTED_EDGE('',*,*,#3461,.T.);
#3461 = EDGE_CURVE('',#3434,#3462,#3464,.T.);
#3462 = VERTEX_POINT('',#3463);
#3463 = CARTESIAN_POINT('',(-1.142997741699,1.867002487183,
    3.779999732971));
#3464 = SURFACE_CURVE('',#3465,(#3469,#3476),.PCURVE_S1.);
#3465 = LINE('',#3466,#3467);
#3466 = CARTESIAN_POINT('',(-0.734992980957,2.077001571655,
    3.779999732971));
#3467 = VECTOR('',#3468,1.);
#3468 = DIRECTION('',(-0.889138795079,-0.457637632943,0.));
#3469 = PCURVE('',#758,#3470);
#3470 = DEFINITIONAL_REPRESENTATION('',(#3471),#3475);
#3471 = LINE('',#3472,#3473);
#3472 = CARTESIAN_POINT('',(6.56735817997,-7.379658833812));
#3473 = VECTOR('',#3474,1.);
#3474 = DIRECTION('',(0.889138795079,-0.457637632943));
#3475 = ( GEOMETRIC_REPRESENTATION_CONTEXT(2) 
PARAMETRIC_REPRESENTATION_CONTEXT() REPRESENTATION_CONTEXT('2D SPACE',''
  ) );
#3476 = PCURVE('',#3477,#3482);
#3477 = PLANE('',#3478);
#3478 = AXIS2_PLACEMENT_3D('',#3479,#3480,#3481);
#3479 = CARTESIAN_POINT('',(-1.016347471519,1.932189081421,
    4.313996901845));
#3480 = DIRECTION('',(0.457637632943,-0.889138795079,-0.));
#3481 = DIRECTION('',(-0.889138795079,-0.457637632943,0.));
#3482 = DEFINITIONAL_REPRESENTATION('',(#3483),#3487);
#3483 = LINE('',#3484,#3485);
#3484 = CARTESIAN_POINT('',(-0.31643483798,0.533997168874));
#3485 = VECTOR('',#3486,1.);
#3486 = DIRECTION('',(1.,0.));
#3487 = ( GEOMETRIC_REPRESENTATION_CONTEXT(2) 
PARAMETRIC_REPRESENTATION_CONTEXT() REPRESENTATION_CONTEXT('2D SPACE',''
  ) );
#3488 = ORIENTED_EDGE('',*,*,#3489,.T.);
#3489 = EDGE_CURVE('',#3462,#874,#3490,.T.);
#3490 = SURFACE_CURVE('',#3491,(#3495,#3502),.PCURVE_S1.);
#3491 = LINE('',#3492,#3493);
#3492 = CARTESIAN_POINT('',(-1.142997741699,1.867002487183,
    3.779999732971));
#3493 = VECTOR('',#3494,1.);
#3494 = DIRECTION('',(-0.976120925971,0.217227847852,0.));
#3495 = PCURVE('',#758,#3496);
#3496 = DEFINITIONAL_REPRESENTATION('',(#3497),#3501);
#3497 = LINE('',#3498,#3499);
#3498 = CARTESIAN_POINT('',(6.975362940712,-7.589657918284));
#3499 = VECTOR('',#3500,1.);
#3500 = DIRECTION('',(0.976120925971,0.217227847852));
#3501 = ( GEOMETRIC_REPRESENTATION_CONTEXT(2) 
PARAMETRIC_REPRESENTATION_CONTEXT() REPRESENTATION_CONTEXT('2D SPACE',''
  ) );
#3502 = PCURVE('',#888,#3503);
#3503 = DEFINITIONAL_REPRESENTATION('',(#3504),#3508);
#3504 = LINE('',#3505,#3506);
#3505 = CARTESIAN_POINT('',(0.831692998488,-4.150044628722));
#3506 = VECTOR('',#3507,1.);
#3507 = DIRECTION('',(-0.217224560389,0.976121657563));
#3508 = ( GEOMETRIC_REPRESENTATION_CONTEXT(2) 
PARAMETRIC_REPRESENTATION_CONTEXT() REPRESENTATION_CONTEXT('2D SPACE',''
  ) );
#3509 = ORIENTED_EDGE('',*,*,#899,.F.);
#3510 = ORIENTED_EDGE('',*,*,#2823,.T.);
#3511 = ORIENTED_EDGE('',*,*,#1085,.F.);
#3512 = ORIENTED_EDGE('',*,*,#3513,.T.);
#3513 = EDGE_CURVE('',#1086,#718,#3514,.T.);
#3514 = SURFACE_CURVE('',#3515,(#3519,#3526),.PCURVE_S1.);
#3515 = LINE('',#3516,#3517);
#3516 = CARTESIAN_POINT('',(9.722999572754,-14.50099945068,
    3.779999732971));
#3517 = VECTOR('',#3518,1.);
#3518 = DIRECTION('',(-1.,0.,0.));
#3519 = PCURVE('',#758,#3520);
#3520 = DEFINITIONAL_REPRESENTATION('',(#3521),#3525);
#3521 = LINE('',#3522,#3523);
#3522 = CARTESIAN_POINT('',(-3.890634373741,-23.95765985614));
#3523 = VECTOR('',#3524,1.);
#3524 = DIRECTION('',(1.,0.));
#3525 = ( GEOMETRIC_REPRESENTATION_CONTEXT(2) 
PARAMETRIC_REPRESENTATION_CONTEXT() REPRESENTATION_CONTEXT('2D SPACE',''
  ) );
#3526 = PCURVE('',#732,#3527);
#3527 = DEFINITIONAL_REPRESENTATION('',(#3528),#3532);
#3528 = LINE('',#3529,#3530);
#3529 = CARTESIAN_POINT('',(-1.564066363672,-5.309385703361));
#3530 = VECTOR('',#3531,1.);
#3531 = DIRECTION('',(0.,1.));
#3532 = ( GEOMETRIC_REPRESENTATION_CONTEXT(2) 
PARAMETRIC_REPRESENTATION_CONTEXT() REPRESENTATION_CONTEXT('2D SPACE',''
  ) );
#3533 = FACE_BOUND('',#3534,.T.);
#3534 = EDGE_LOOP('',(#3535,#3565,#3593,#3621,#3649,#3677,#3705));
#3535 = ORIENTED_EDGE('',*,*,#3536,.T.);
#3536 = EDGE_CURVE('',#3537,#3539,#3541,.T.);
#3537 = VERTEX_POINT('',#3538);
#3538 = CARTESIAN_POINT('',(2.395004272461,-5.731000900269,
    3.779999732971));
#3539 = VERTEX_POINT('',#3540);
#3540 = CARTESIAN_POINT('',(-2.126998901367,-5.731000900269,
    3.779999732971));
#3541 = SURFACE_CURVE('',#3542,(#3546,#3553),.PCURVE_S1.);
#3542 = LINE('',#3543,#3544);
#3543 = CARTESIAN_POINT('',(2.395004272461,-5.731000900269,
    3.779999732971));
#3544 = VECTOR('',#3545,1.);
#3545 = DIRECTION('',(-1.,0.,0.));
#3546 = PCURVE('',#758,#3547);
#3547 = DEFINITIONAL_REPRESENTATION('',(#3548),#3552);
#3548 = LINE('',#3549,#3550);
#3549 = CARTESIAN_POINT('',(3.437360926552,-15.18766130573));
#3550 = VECTOR('',#3551,1.);
#3551 = DIRECTION('',(1.,0.));
#3552 = ( GEOMETRIC_REPRESENTATION_CONTEXT(2) 
PARAMETRIC_REPRESENTATION_CONTEXT() REPRESENTATION_CONTEXT('2D SPACE',''
  ) );
#3553 = PCURVE('',#3554,#3559);
#3554 = PLANE('',#3555);
#3555 = AXIS2_PLACEMENT_3D('',#3556,#3557,#3558);
#3556 = CARTESIAN_POINT('',(-0.738072873263,-5.731000900269,
    4.404074193148));
#3557 = DIRECTION('',(-0.,-1.,-0.));
#3558 = DIRECTION('',(0.,0.,-1.));
#3559 = DEFINITIONAL_REPRESENTATION('',(#3560),#3564);
#3560 = LINE('',#3561,#3562);
#3561 = CARTESIAN_POINT('',(0.624074460177,3.133077145724));
#3562 = VECTOR('',#3563,1.);
#3563 = DIRECTION('',(0.,-1.));
#3564 = ( GEOMETRIC_REPRESENTATION_CONTEXT(2) 
PARAMETRIC_REPRESENTATION_CONTEXT() REPRESENTATION_CONTEXT('2D SPACE',''
  ) );
#3565 = ORIENTED_EDGE('',*,*,#3566,.T.);
#3566 = EDGE_CURVE('',#3539,#3567,#3569,.T.);
#3567 = VERTEX_POINT('',#3568);
#3568 = CARTESIAN_POINT('',(-2.346992492676,-7.400999069214,
    3.779999732971));
#3569 = SURFACE_CURVE('',#3570,(#3574,#3581),.PCURVE_S1.);
#3570 = LINE('',#3571,#3572);
#3571 = CARTESIAN_POINT('',(-2.126998901367,-5.731000900269,
    3.779999732971));
#3572 = VECTOR('',#3573,1.);
#3573 = DIRECTION('',(-0.130604482981,-0.991434551055,0.));
#3574 = PCURVE('',#758,#3575);
#3575 = DEFINITIONAL_REPRESENTATION('',(#3576),#3580);
#3576 = LINE('',#3577,#3578);
#3577 = CARTESIAN_POINT('',(7.95936410038,-15.18766130573));
#3578 = VECTOR('',#3579,1.);
#3579 = DIRECTION('',(0.130604482981,-0.991434551055));
#3580 = ( GEOMETRIC_REPRESENTATION_CONTEXT(2) 
PARAMETRIC_REPRESENTATION_CONTEXT() REPRESENTATION_CONTEXT('2D SPACE',''
  ) );
#3581 = PCURVE('',#3582,#3587);
#3582 = PLANE('',#3583);
#3583 = AXIS2_PLACEMENT_3D('',#3584,#3585,#3586);
#3584 = CARTESIAN_POINT('',(-2.271141710193,-6.775128837115,
    4.435314202151));
#3585 = DIRECTION('',(0.991385176074,-0.130597978675,9.980011407353E-03)
  );
#3586 = DIRECTION('',(0.130604482981,0.991434551055,6.654337675553E-15)
  );
#3587 = DEFINITIONAL_REPRESENTATION('',(#3588),#3592);
#3588 = LINE('',#3589,#3590);
#3589 = CARTESIAN_POINT('',(1.054010209333,-0.655347106484));
#3590 = VECTOR('',#3591,1.);
#3591 = DIRECTION('',(-1.,4.99080362957E-15));
#3592 = ( GEOMETRIC_REPRESENTATION_CONTEXT(2) 
PARAMETRIC_REPRESENTATION_CONTEXT() REPRESENTATION_CONTEXT('2D SPACE',''
  ) );
#3593 = ORIENTED_EDGE('',*,*,#3594,.T.);
#3594 = EDGE_CURVE('',#3567,#3595,#3597,.T.);
#3595 = VERTEX_POINT('',#3596);
#3596 = CARTESIAN_POINT('',(-2.721000671387,-9.689001083374,
    3.779999732971));
#3597 = SURFACE_CURVE('',#3598,(#3602,#3609),.PCURVE_S1.);
#3598 = LINE('',#3599,#3600);
#3599 = CARTESIAN_POINT('',(-2.346992492676,-7.400999069214,
    3.779999732971));
#3600 = VECTOR('',#3601,1.);
#3601 = DIRECTION('',(-0.161323827576,-0.986901526322,0.));
#3602 = PCURVE('',#758,#3603);
#3603 = DEFINITIONAL_REPRESENTATION('',(#3604),#3608);
#3604 = LINE('',#3605,#3606);
#3605 = CARTESIAN_POINT('',(8.179357691689,-16.85765947468));
#3606 = VECTOR('',#3607,1.);
#3607 = DIRECTION('',(0.161323827576,-0.986901526322));
#3608 = ( GEOMETRIC_REPRESENTATION_CONTEXT(2) 
PARAMETRIC_REPRESENTATION_CONTEXT() REPRESENTATION_CONTEXT('2D SPACE',''
  ) );
#3609 = PCURVE('',#3610,#3615);
#3610 = PLANE('',#3611);
#3611 = AXIS2_PLACEMENT_3D('',#3612,#3613,#3614);
#3612 = CARTESIAN_POINT('',(-2.486409404107,-8.20636202102,
    4.401878410756));
#3613 = DIRECTION('',(0.986826540263,-0.161311569983,1.23270767657E-02)
  );
#3614 = DIRECTION('',(0.161323827577,0.986901526322,3.539074051586E-15)
  );
#3615 = DEFINITIONAL_REPRESENTATION('',(#3616),#3620);
#3616 = LINE('',#3617,#3618);
#3617 = CARTESIAN_POINT('',(0.817305196161,-0.621925932524));
#3618 = VECTOR('',#3619,1.);
#3619 = DIRECTION('',(-1.,-6.471308051694E-15));
#3620 = ( GEOMETRIC_REPRESENTATION_CONTEXT(2) 
PARAMETRIC_REPRESENTATION_CONTEXT() REPRESENTATION_CONTEXT('2D SPACE',''
  ) );
#3621 = ORIENTED_EDGE('',*,*,#3622,.T.);
#3622 = EDGE_CURVE('',#3595,#3623,#3625,.T.);
#3623 = VERTEX_POINT('',#3624);
#3624 = CARTESIAN_POINT('',(5.499267578125E-02,-10.04699897766,
    3.779999732971));
#3625 = SURFACE_CURVE('',#3626,(#3630,#3637),.PCURVE_S1.);
#3626 = LINE('',#3627,#3628);
#3627 = CARTESIAN_POINT('',(-2.721000671387,-9.689001083374,
    3.779999732971));
#3628 = VECTOR('',#3629,1.);
#3629 = DIRECTION('',(0.991786697232,-0.127902881883,0.));
#3630 = PCURVE('',#758,#3631);
#3631 = DEFINITIONAL_REPRESENTATION('',(#3632),#3636);
#3632 = LINE('',#3633,#3634);
#3633 = CARTESIAN_POINT('',(8.5533658704,-19.14566148884));
#3634 = VECTOR('',#3635,1.);
#3635 = DIRECTION('',(-0.991786697232,-0.127902881883));
#3636 = ( GEOMETRIC_REPRESENTATION_CONTEXT(2) 
PARAMETRIC_REPRESENTATION_CONTEXT() REPRESENTATION_CONTEXT('2D SPACE',''
  ) );
#3637 = PCURVE('',#3638,#3643);
#3638 = PLANE('',#3639);
#3639 = AXIS2_PLACEMENT_3D('',#3640,#3641,#3642);
#3640 = CARTESIAN_POINT('',(-1.651803486354,-9.826886983284,
    5.017439668236));
#3641 = DIRECTION('',(0.127902881883,0.991786697232,0.));
#3642 = DIRECTION('',(0.991786697232,-0.127902881883,0.));
#3643 = DEFINITIONAL_REPRESENTATION('',(#3644),#3648);
#3644 = LINE('',#3645,#3646);
#3645 = CARTESIAN_POINT('',(-1.078051548803,1.237439935265));
#3646 = VECTOR('',#3647,1.);
#3647 = DIRECTION('',(1.,0.));
#3648 = ( GEOMETRIC_REPRESENTATION_CONTEXT(2) 
PARAMETRIC_REPRESENTATION_CONTEXT() REPRESENTATION_CONTEXT('2D SPACE',''
  ) );
#3649 = ORIENTED_EDGE('',*,*,#3650,.T.);
#3650 = EDGE_CURVE('',#3623,#3651,#3653,.T.);
#3651 = VERTEX_POINT('',#3652);
#3652 = CARTESIAN_POINT('',(3.005004882812,-9.689001083374,
    3.779999732971));
#3653 = SURFACE_CURVE('',#3654,(#3658,#3665),.PCURVE_S1.);
#3654 = LINE('',#3655,#3656);
#3655 = CARTESIAN_POINT('',(5.499267578125E-02,-10.04699897766,
    3.779999732971));
#3656 = VECTOR('',#3657,1.);
#3657 = DIRECTION('',(0.992716862316,0.120470873132,0.));
#3658 = PCURVE('',#758,#3659);
#3659 = DEFINITIONAL_REPRESENTATION('',(#3660),#3664);
#3660 = LINE('',#3661,#3662);
#3661 = CARTESIAN_POINT('',(5.777372523232,-19.50365938312));
#3662 = VECTOR('',#3663,1.);
#3663 = DIRECTION('',(-0.992716862316,0.120470873132));
#3664 = ( GEOMETRIC_REPRESENTATION_CONTEXT(2) 
PARAMETRIC_REPRESENTATION_CONTEXT() REPRESENTATION_CONTEXT('2D SPACE',''
  ) );
#3665 = PCURVE('',#3666,#3671);
#3666 = PLANE('',#3667);
#3667 = AXIS2_PLACEMENT_3D('',#3668,#3669,#3670);
#3668 = CARTESIAN_POINT('',(1.204220605955,-9.9075347483,4.367831831161)
  );
#3669 = DIRECTION('',(-0.120470873132,0.992716862316,0.));
#3670 = DIRECTION('',(0.992716862316,0.120470873132,0.));
#3671 = DEFINITIONAL_REPRESENTATION('',(#3672),#3676);
#3672 = LINE('',#3673,#3674);
#3673 = CARTESIAN_POINT('',(-1.15765932241,0.58783209819));
#3674 = VECTOR('',#3675,1.);
#3675 = DIRECTION('',(1.,0.));
#3676 = ( GEOMETRIC_REPRESENTATION_CONTEXT(2) 
PARAMETRIC_REPRESENTATION_CONTEXT() REPRESENTATION_CONTEXT('2D SPACE',''
  ) );
#3677 = ORIENTED_EDGE('',*,*,#3678,.T.);
#3678 = EDGE_CURVE('',#3651,#3679,#3681,.T.);
#3679 = VERTEX_POINT('',#3680);
#3680 = CARTESIAN_POINT('',(2.61499786377,-7.400999069214,3.779999732971
    ));
#3681 = SURFACE_CURVE('',#3682,(#3686,#3693),.PCURVE_S1.);
#3682 = LINE('',#3683,#3684);
#3683 = CARTESIAN_POINT('',(3.005004882812,-9.689001083374,
    3.779999732971));
#3684 = VECTOR('',#3685,1.);
#3685 = DIRECTION('',(-0.168033769336,0.985781239608,0.));
#3686 = PCURVE('',#758,#3687);
#3687 = DEFINITIONAL_REPRESENTATION('',(#3688),#3692);
#3688 = LINE('',#3689,#3690);
#3689 = CARTESIAN_POINT('',(2.827360316201,-19.14566148884));
#3690 = VECTOR('',#3691,1.);
#3691 = DIRECTION('',(0.168033769336,0.985781239608));
#3692 = ( GEOMETRIC_REPRESENTATION_CONTEXT(2) 
PARAMETRIC_REPRESENTATION_CONTEXT() REPRESENTATION_CONTEXT('2D SPACE',''
  ) );
#3693 = PCURVE('',#3694,#3699);
#3694 = PLANE('',#3695);
#3695 = AXIS2_PLACEMENT_3D('',#3696,#3697,#3698);
#3696 = CARTESIAN_POINT('',(2.760410361665,-8.206559643105,
    4.401732791644));
#3697 = DIRECTION('',(-0.985699979171,-0.168019917888,1.28397140155E-02)
  );
#3698 = DIRECTION('',(0.168033769336,-0.985781239608,2.711698057178E-15)
  );
#3699 = DEFINITIONAL_REPRESENTATION('',(#3700),#3704);
#3700 = LINE('',#3701,#3702);
#3701 = CARTESIAN_POINT('',(1.502463099982,-0.621784313924));
#3702 = VECTOR('',#3703,1.);
#3703 = DIRECTION('',(-1.,2.033898882513E-15));
#3704 = ( GEOMETRIC_REPRESENTATION_CONTEXT(2) 
PARAMETRIC_REPRESENTATION_CONTEXT() REPRESENTATION_CONTEXT('2D SPACE',''
  ) );
#3705 = ORIENTED_EDGE('',*,*,#3706,.F.);
#3706 = EDGE_CURVE('',#3537,#3679,#3707,.T.);
#3707 = SURFACE_CURVE('',#3708,(#3712,#3719),.PCURVE_S1.);
#3708 = LINE('',#3709,#3710);
#3709 = CARTESIAN_POINT('',(2.395004272461,-5.731000900269,
    3.779999732971));
#3710 = VECTOR('',#3711,1.);
#3711 = DIRECTION('',(0.130604482981,-0.991434551055,0.));
#3712 = PCURVE('',#758,#3713);
#3713 = DEFINITIONAL_REPRESENTATION('',(#3714),#3718);
#3714 = LINE('',#3715,#3716);
#3715 = CARTESIAN_POINT('',(3.437360926552,-15.18766130573));
#3716 = VECTOR('',#3717,1.);
#3717 = DIRECTION('',(-0.130604482981,-0.991434551055));
#3718 = ( GEOMETRIC_REPRESENTATION_CONTEXT(2) 
PARAMETRIC_REPRESENTATION_CONTEXT() REPRESENTATION_CONTEXT('2D SPACE',''
  ) );
#3719 = PCURVE('',#3720,#3725);
#3720 = PLANE('',#3721);
#3721 = AXIS2_PLACEMENT_3D('',#3722,#3723,#3724);
#3722 = CARTESIAN_POINT('',(2.472068224471,-6.24263872377,4.445362013546
    ));
#3723 = DIRECTION('',(-0.991331765357,-0.130590942729,1.439918998171E-02
    ));
#3724 = DIRECTION('',(0.13060448298,-0.991434551055,-1.492453993886E-15)
  );
#3725 = DEFINITIONAL_REPRESENTATION('',(#3726),#3730);
#3726 = LINE('',#3727,#3728);
#3727 = CARTESIAN_POINT('',(-0.517320313454,-0.665431268303));
#3728 = VECTOR('',#3729,1.);
#3729 = DIRECTION('',(1.,1.182691366729E-14));
#3730 = ( GEOMETRIC_REPRESENTATION_CONTEXT(2) 
PARAMETRIC_REPRESENTATION_CONTEXT() REPRESENTATION_CONTEXT('2D SPACE',''
  ) );
#3731 = FACE_BOUND('',#3732,.T.);
#3732 = EDGE_LOOP('',(#3733,#3763,#3791,#3819,#3847,#3875,#3903));
#3733 = ORIENTED_EDGE('',*,*,#3734,.T.);
#3734 = EDGE_CURVE('',#3735,#3737,#3739,.T.);
#3735 = VERTEX_POINT('',#3736);
#3736 = CARTESIAN_POINT('',(2.61499786377,7.349000930786,3.779999732971)
  );
#3737 = VERTEX_POINT('',#3738);
#3738 = CARTESIAN_POINT('',(3.005004882812,9.409002304077,3.779999732971
    ));
#3739 = SURFACE_CURVE('',#3740,(#3744,#3751),.PCURVE_S1.);
#3740 = LINE('',#3741,#3742);
#3741 = CARTESIAN_POINT('',(2.61499786377,7.349000930786,3.779999732971)
  );
#3742 = VECTOR('',#3743,1.);
#3743 = DIRECTION('',(0.186019233633,0.982546103101,0.));
#3744 = PCURVE('',#758,#3745);
#3745 = DEFINITIONAL_REPRESENTATION('',(#3746),#3750);
#3746 = LINE('',#3747,#3748);
#3747 = CARTESIAN_POINT('',(3.217367335243,-2.107659474681));
#3748 = VECTOR('',#3749,1.);
#3749 = DIRECTION('',(-0.186019233633,0.982546103101));
#3750 = ( GEOMETRIC_REPRESENTATION_CONTEXT(2) 
PARAMETRIC_REPRESENTATION_CONTEXT() REPRESENTATION_CONTEXT('2D SPACE',''
  ) );
#3751 = PCURVE('',#3752,#3757);
#3752 = PLANE('',#3753);
#3753 = AXIS2_PLACEMENT_3D('',#3754,#3755,#3756);
#3754 = CARTESIAN_POINT('',(2.757483194413,8.053809412175,4.414471099061
    ));
#3755 = DIRECTION('',(-0.982449657004,0.186000974104,1.401103438055E-02)
  );
#3756 = DIRECTION('',(-0.186019233633,-0.982546103101,
    -7.065068851919E-16));
#3757 = DEFINITIONAL_REPRESENTATION('',(#3758),#3762);
#3758 = LINE('',#3759,#3760);
#3759 = CARTESIAN_POINT('',(0.719011838831,-0.634533651507));
#3760 = VECTOR('',#3761,1.);
#3761 = DIRECTION('',(-1.,-5.301163035982E-16));
#3762 = ( GEOMETRIC_REPRESENTATION_CONTEXT(2) 
PARAMETRIC_REPRESENTATION_CONTEXT() REPRESENTATION_CONTEXT('2D SPACE',''
  ) );
#3763 = ORIENTED_EDGE('',*,*,#3764,.T.);
#3764 = EDGE_CURVE('',#3737,#3765,#3767,.T.);
#3765 = VERTEX_POINT('',#3766);
#3766 = CARTESIAN_POINT('',(3.900146484375E-02,9.762998580933,
    3.779999732971));
#3767 = SURFACE_CURVE('',#3768,(#3772,#3779),.PCURVE_S1.);
#3768 = LINE('',#3769,#3770);
#3769 = CARTESIAN_POINT('',(3.005004882812,9.409002304077,3.779999732971
    ));
#3770 = VECTOR('',#3771,1.);
#3771 = DIRECTION('',(-0.992952837027,0.118510182851,0.));
#3772 = PCURVE('',#758,#3773);
#3773 = DEFINITIONAL_REPRESENTATION('',(#3774),#3778);
#3774 = LINE('',#3775,#3776);
#3775 = CARTESIAN_POINT('',(2.827360316201,-4.765810139E-02));
#3776 = VECTOR('',#3777,1.);
#3777 = DIRECTION('',(0.992952837027,0.118510182851));
#3778 = ( GEOMETRIC_REPRESENTATION_CONTEXT(2) 
PARAMETRIC_REPRESENTATION_CONTEXT() REPRESENTATION_CONTEXT('2D SPACE',''
  ) );
#3779 = PCURVE('',#3780,#3785);
#3780 = PLANE('',#3781);
#3781 = AXIS2_PLACEMENT_3D('',#3782,#3783,#3784);
#3782 = CARTESIAN_POINT('',(1.19558122997,9.624959316291,4.367261480704)
  );
#3783 = DIRECTION('',(-0.118510182851,-0.992952837027,-0.));
#3784 = DIRECTION('',(-0.992952837027,0.118510182851,0.));
#3785 = DEFINITIONAL_REPRESENTATION('',(#3786),#3790);
#3786 = LINE('',#3787,#3788);
#3787 = CARTESIAN_POINT('',(-1.822265454479,0.587261747733));
#3788 = VECTOR('',#3789,1.);
#3789 = DIRECTION('',(1.,0.));
#3790 = ( GEOMETRIC_REPRESENTATION_CONTEXT(2) 
PARAMETRIC_REPRESENTATION_CONTEXT() REPRESENTATION_CONTEXT('2D SPACE',''
  ) );
#3791 = ORIENTED_EDGE('',*,*,#3792,.T.);
#3792 = EDGE_CURVE('',#3765,#3793,#3795,.T.);
#3793 = VERTEX_POINT('',#3794);
#3794 = CARTESIAN_POINT('',(-2.721000671387,9.409002304077,
    3.779999732971));
#3795 = SURFACE_CURVE('',#3796,(#3800,#3807),.PCURVE_S1.);
#3796 = LINE('',#3797,#3798);
#3797 = CARTESIAN_POINT('',(3.900146484375E-02,9.762998580933,
    3.779999732971));
#3798 = VECTOR('',#3799,1.);
#3799 = DIRECTION('',(-0.991874870815,-0.12721729696,0.));
#3800 = PCURVE('',#758,#3801);
#3801 = DEFINITIONAL_REPRESENTATION('',(#3802),#3806);
#3802 = LINE('',#3803,#3804);
#3803 = CARTESIAN_POINT('',(5.793363734169,0.306338175466));
#3804 = VECTOR('',#3805,1.);
#3805 = DIRECTION('',(0.991874870815,-0.12721729696));
#3806 = ( GEOMETRIC_REPRESENTATION_CONTEXT(2) 
PARAMETRIC_REPRESENTATION_CONTEXT() REPRESENTATION_CONTEXT('2D SPACE',''
  ) );
#3807 = PCURVE('',#3808,#3813);
#3808 = PLANE('',#3809);
#3809 = AXIS2_PLACEMENT_3D('',#3810,#3811,#3812);
#3810 = CARTESIAN_POINT('',(-1.659161565977,9.54519317328,5.016768345326
    ));
#3811 = DIRECTION('',(0.12721729696,-0.991874870815,-0.));
#3812 = DIRECTION('',(-0.991874870815,-0.12721729696,0.));
#3813 = DEFINITIONAL_REPRESENTATION('',(#3814),#3818);
#3814 = LINE('',#3815,#3816);
#3815 = CARTESIAN_POINT('',(-1.712073852043,1.236768612355));
#3816 = VECTOR('',#3817,1.);
#3817 = DIRECTION('',(1.,0.));
#3818 = ( GEOMETRIC_REPRESENTATION_CONTEXT(2) 
PARAMETRIC_REPRESENTATION_CONTEXT() REPRESENTATION_CONTEXT('2D SPACE',''
  ) );
#3819 = ORIENTED_EDGE('',*,*,#3820,.T.);
#3820 = EDGE_CURVE('',#3793,#3821,#3823,.T.);
#3821 = VERTEX_POINT('',#3822);
#3822 = CARTESIAN_POINT('',(-2.346992492676,7.349000930786,
    3.779999732971));
#3823 = SURFACE_CURVE('',#3824,(#3828,#3835),.PCURVE_S1.);
#3824 = LINE('',#3825,#3826);
#3825 = CARTESIAN_POINT('',(-2.721000671387,9.409002304077,
    3.779999732971));
#3826 = VECTOR('',#3827,1.);
#3827 = DIRECTION('',(0.17863691066,-0.9839150645,0.));
#3828 = PCURVE('',#758,#3829);
#3829 = DEFINITIONAL_REPRESENTATION('',(#3830),#3834);
#3830 = LINE('',#3831,#3832);
#3831 = CARTESIAN_POINT('',(8.5533658704,-4.765810139E-02));
#3832 = VECTOR('',#3833,1.);
#3833 = DIRECTION('',(-0.17863691066,-0.9839150645));
#3834 = ( GEOMETRIC_REPRESENTATION_CONTEXT(2) 
PARAMETRIC_REPRESENTATION_CONTEXT() REPRESENTATION_CONTEXT('2D SPACE',''
  ) );
#3835 = PCURVE('',#3836,#3841);
#3836 = PLANE('',#3837);
#3837 = AXIS2_PLACEMENT_3D('',#3838,#3839,#3840);
#3838 = CARTESIAN_POINT('',(-2.483595605258,8.053590680122,
    4.414655174987));
#3839 = DIRECTION('',(0.983825996644,0.178620739745,1.345509795152E-02)
  );
#3840 = DIRECTION('',(-0.17863691066,0.9839150645,1.292822173398E-14));
#3841 = DEFINITIONAL_REPRESENTATION('',(#3842),#3846);
#3842 = LINE('',#3843,#3844);
#3843 = CARTESIAN_POINT('',(1.376019222996,-0.634712898721));
#3844 = VECTOR('',#3845,1.);
#3845 = DIRECTION('',(-1.,9.696160220338E-15));
#3846 = ( GEOMETRIC_REPRESENTATION_CONTEXT(2) 
PARAMETRIC_REPRESENTATION_CONTEXT() REPRESENTATION_CONTEXT('2D SPACE',''
  ) );
#3847 = ORIENTED_EDGE('',*,*,#3848,.T.);
#3848 = EDGE_CURVE('',#3821,#3849,#3851,.T.);
#3849 = VERTEX_POINT('',#3850);
#3850 = CARTESIAN_POINT('',(-2.126998901367,5.484998703003,
    3.779999732971));
#3851 = SURFACE_CURVE('',#3852,(#3856,#3863),.PCURVE_S1.);
#3852 = LINE('',#3853,#3854);
#3853 = CARTESIAN_POINT('',(-2.346992492676,7.349000930786,
    3.779999732971));
#3854 = VECTOR('',#3855,1.);
#3855 = DIRECTION('',(0.117208681387,-0.993107307902,0.));
#3856 = PCURVE('',#758,#3857);
#3857 = DEFINITIONAL_REPRESENTATION('',(#3858),#3862);
#3858 = LINE('',#3859,#3860);
#3859 = CARTESIAN_POINT('',(8.179357691689,-2.107659474681));
#3860 = VECTOR('',#3861,1.);
#3861 = DIRECTION('',(-0.117208681387,-0.993107307902));
#3862 = ( GEOMETRIC_REPRESENTATION_CONTEXT(2) 
PARAMETRIC_REPRESENTATION_CONTEXT() REPRESENTATION_CONTEXT('2D SPACE',''
  ) );
#3863 = PCURVE('',#3864,#3869);
#3864 = PLANE('',#3865);
#3865 = AXIS2_PLACEMENT_3D('',#3866,#3867,#3868);
#3866 = CARTESIAN_POINT('',(-2.269377345022,6.643121029036,
    4.420507143748));
#3867 = DIRECTION('',(0.993068602613,0.117204113304,8.828721833084E-03)
  );
#3868 = DIRECTION('',(-0.117208681386,0.993107307902,-7.348036436719E-16
    ));
#3869 = DEFINITIONAL_REPRESENTATION('',(#3870),#3874);
#3870 = LINE('',#3871,#3872);
#3871 = CARTESIAN_POINT('',(0.710111658041,-0.640532374837));
#3872 = VECTOR('',#3873,1.);
#3873 = DIRECTION('',(-1.,-7.127355776163E-15));
#3874 = ( GEOMETRIC_REPRESENTATION_CONTEXT(2) 
PARAMETRIC_REPRESENTATION_CONTEXT() REPRESENTATION_CONTEXT('2D SPACE',''
  ) );
#3875 = ORIENTED_EDGE('',*,*,#3876,.T.);
#3876 = EDGE_CURVE('',#3849,#3877,#3879,.T.);
#3877 = VERTEX_POINT('',#3878);
#3878 = CARTESIAN_POINT('',(2.395004272461,5.484998703003,3.779999732971
    ));
#3879 = SURFACE_CURVE('',#3880,(#3884,#3891),.PCURVE_S1.);
#3880 = LINE('',#3881,#3882);
#3881 = CARTESIAN_POINT('',(-2.126998901367,5.484998703003,
    3.779999732971));
#3882 = VECTOR('',#3883,1.);
#3883 = DIRECTION('',(1.,0.,0.));
#3884 = PCURVE('',#758,#3885);
#3885 = DEFINITIONAL_REPRESENTATION('',(#3886),#3890);
#3886 = LINE('',#3887,#3888);
#3887 = CARTESIAN_POINT('',(7.95936410038,-3.971661702464));
#3888 = VECTOR('',#3889,1.);
#3889 = DIRECTION('',(-1.,0.));
#3890 = ( GEOMETRIC_REPRESENTATION_CONTEXT(2) 
PARAMETRIC_REPRESENTATION_CONTEXT() REPRESENTATION_CONTEXT('2D SPACE',''
  ) );
#3891 = PCURVE('',#3892,#3897);
#3892 = PLANE('',#3893);
#3893 = AXIS2_PLACEMENT_3D('',#3894,#3895,#3896);
#3894 = CARTESIAN_POINT('',(-0.744777539711,5.484998703003,4.4047745261)
  );
#3895 = DIRECTION('',(0.,1.,0.));
#3896 = DIRECTION('',(0.,-0.,1.));
#3897 = DEFINITIONAL_REPRESENTATION('',(#3898),#3902);
#3898 = LINE('',#3899,#3900);
#3899 = CARTESIAN_POINT('',(-0.624774793129,-1.382221361656));
#3900 = VECTOR('',#3901,1.);
#3901 = DIRECTION('',(0.,1.));
#3902 = ( GEOMETRIC_REPRESENTATION_CONTEXT(2) 
PARAMETRIC_REPRESENTATION_CONTEXT() REPRESENTATION_CONTEXT('2D SPACE',''
  ) );
#3903 = ORIENTED_EDGE('',*,*,#3904,.T.);
#3904 = EDGE_CURVE('',#3877,#3735,#3905,.T.);
#3905 = SURFACE_CURVE('',#3906,(#3910,#3917),.PCURVE_S1.);
#3906 = LINE('',#3907,#3908);
#3907 = CARTESIAN_POINT('',(2.395004272461,5.484998703003,3.779999732971
    ));
#3908 = VECTOR('',#3909,1.);
#3909 = DIRECTION('',(0.117208681387,0.993107307902,0.));
#3910 = PCURVE('',#758,#3911);
#3911 = DEFINITIONAL_REPRESENTATION('',(#3912),#3916);
#3912 = LINE('',#3913,#3914);
#3913 = CARTESIAN_POINT('',(3.437360926552,-3.971661702464));
#3914 = VECTOR('',#3915,1.);
#3915 = DIRECTION('',(-0.117208681387,0.993107307902));
#3916 = ( GEOMETRIC_REPRESENTATION_CONTEXT(2) 
PARAMETRIC_REPRESENTATION_CONTEXT() REPRESENTATION_CONTEXT('2D SPACE',''
  ) );
#3917 = PCURVE('',#3918,#3923);
#3918 = PLANE('',#3919);
#3919 = AXIS2_PLACEMENT_3D('',#3920,#3921,#3922);
#3920 = CARTESIAN_POINT('',(2.537382716116,6.643121029036,4.420507143748
    ));
#3921 = DIRECTION('',(-0.993068602613,0.117204113304,8.828721833084E-03)
  );
#3922 = DIRECTION('',(-0.117208681386,-0.993107307902,7.348036436719E-16
    ));
#3923 = DEFINITIONAL_REPRESENTATION('',(#3924),#3928);
#3924 = LINE('',#3925,#3926);
#3925 = CARTESIAN_POINT('',(1.166827735066,-0.640532374837));
#3926 = VECTOR('',#3927,1.);
#3927 = DIRECTION('',(-1.,7.127355776163E-15));
#3928 = ( GEOMETRIC_REPRESENTATION_CONTEXT(2) 
PARAMETRIC_REPRESENTATION_CONTEXT() REPRESENTATION_CONTEXT('2D SPACE',''
  ) );
#3929 = ADVANCED_FACE('',(#3930),#888,.T.);
#3930 = FACE_BOUND('',#3931,.T.);
#3931 = EDGE_LOOP('',(#3932,#3933,#3961,#3982));
#3932 = ORIENTED_EDGE('',*,*,#3489,.F.);
#3933 = ORIENTED_EDGE('',*,*,#3934,.F.);
#3934 = EDGE_CURVE('',#3935,#3462,#3937,.T.);
#3935 = VERTEX_POINT('',#3936);
#3936 = CARTESIAN_POINT('',(-1.500999450684,1.582998275757,
    3.782000541687));
#3937 = SURFACE_CURVE('',#3938,(#3942,#3949),.PCURVE_S1.);
#3938 = LINE('',#3939,#3940);
#3939 = CARTESIAN_POINT('',(-1.500999450684,1.582998275757,
    3.782000541687));
#3940 = VECTOR('',#3941,1.);
#3941 = DIRECTION('',(0.783413644844,0.621485229932,-4.378361357953E-03)
  );
#3942 = PCURVE('',#888,#3943);
#3943 = DEFINITIONAL_REPRESENTATION('',(#3944),#3948);
#3944 = LINE('',#3945,#3946);
#3945 = CARTESIAN_POINT('',(1.115703919451,-3.792042651419));
#3946 = VECTOR('',#3947,1.);
#3947 = DIRECTION('',(-0.621499912383,-0.783414232005));
#3948 = ( GEOMETRIC_REPRESENTATION_CONTEXT(2) 
PARAMETRIC_REPRESENTATION_CONTEXT() REPRESENTATION_CONTEXT('2D SPACE',''
  ) );
#3949 = PCURVE('',#3950,#3955);
#3950 = PLANE('',#3951);
#3951 = AXIS2_PLACEMENT_3D('',#3952,#3953,#3954);
#3952 = CARTESIAN_POINT('',(-1.253995176914,1.778947770495,
    4.140816605628));
#3953 = DIRECTION('',(0.621491186969,-0.783421153991,-0.));
#3954 = DIRECTION('',(-0.783421153991,-0.621491186969,0.));
#3955 = DEFINITIONAL_REPRESENTATION('',(#3956),#3960);
#3956 = LINE('',#3957,#3958);
#3957 = CARTESIAN_POINT('',(0.315289257268,0.358816063941));
#3958 = VECTOR('',#3959,1.);
#3959 = DIRECTION('',(-0.99999041493,4.378361357953E-03));
#3960 = ( GEOMETRIC_REPRESENTATION_CONTEXT(2) 
PARAMETRIC_REPRESENTATION_CONTEXT() REPRESENTATION_CONTEXT('2D SPACE',''
  ) );
#3961 = ORIENTED_EDGE('',*,*,#3962,.T.);
#3962 = EDGE_CURVE('',#3935,#848,#3963,.T.);
#3963 = SURFACE_CURVE('',#3964,(#3968,#3975),.PCURVE_S1.);
#3964 = LINE('',#3965,#3966);
#3965 = CARTESIAN_POINT('',(-1.500999450684,1.582998275757,
    3.782000541687));
#3966 = VECTOR('',#3967,1.);
#3967 = DIRECTION('',(-0.9658884511,0.25895837776,-2.421146745041E-04));
#3968 = PCURVE('',#888,#3969);
#3969 = DEFINITIONAL_REPRESENTATION('',(#3970),#3974);
#3970 = LINE('',#3971,#3972);
#3971 = CARTESIAN_POINT('',(1.115703919451,-3.792042651419));
#3972 = VECTOR('',#3973,1.);
#3973 = DIRECTION('',(-0.258955790769,0.965889175023));
#3974 = ( GEOMETRIC_REPRESENTATION_CONTEXT(2) 
PARAMETRIC_REPRESENTATION_CONTEXT() REPRESENTATION_CONTEXT('2D SPACE',''
  ) );
#3975 = PCURVE('',#862,#3976);
#3976 = DEFINITIONAL_REPRESENTATION('',(#3977),#3981);
#3977 = LINE('',#3978,#3979);
#3978 = CARTESIAN_POINT('',(0.953784881226,-3.958146378204));
#3979 = VECTOR('',#3980,1.);
#3980 = DIRECTION('',(-0.258954584616,0.965889498393));
#3981 = ( GEOMETRIC_REPRESENTATION_CONTEXT(2) 
PARAMETRIC_REPRESENTATION_CONTEXT() REPRESENTATION_CONTEXT('2D SPACE',''
  ) );
#3982 = ORIENTED_EDGE('',*,*,#873,.F.);
#3983 = ADVANCED_FACE('',(#3984),#862,.T.);
#3984 = FACE_BOUND('',#3985,.T.);
#3985 = EDGE_LOOP('',(#3986,#3987,#4015,#4036));
#3986 = ORIENTED_EDGE('',*,*,#3962,.F.);
#3987 = ORIENTED_EDGE('',*,*,#3988,.F.);
#3988 = EDGE_CURVE('',#3989,#3935,#3991,.T.);
#3989 = VERTEX_POINT('',#3990);
#3990 = CARTESIAN_POINT('',(-1.794998168945,1.239000320435,
    3.779999732971));
#3991 = SURFACE_CURVE('',#3992,(#3996,#4003),.PCURVE_S1.);
#3992 = LINE('',#3993,#3994);
#3993 = CARTESIAN_POINT('',(-1.794998168945,1.239000320435,
    3.779999732971));
#3994 = VECTOR('',#3995,1.);
#3995 = DIRECTION('',(0.649693013831,0.760183818713,4.421486775075E-03)
  );
#3996 = PCURVE('',#862,#3997);
#3997 = DEFINITIONAL_REPRESENTATION('',(#3998),#4002);
#3998 = LINE('',#3999,#4000);
#3999 = CARTESIAN_POINT('',(1.297788382751,-3.664147341166));
#4000 = VECTOR('',#4001,1.);
#4001 = DIRECTION('',(-0.760196074988,-0.64969371828));
#4002 = ( GEOMETRIC_REPRESENTATION_CONTEXT(2) 
PARAMETRIC_REPRESENTATION_CONTEXT() REPRESENTATION_CONTEXT('2D SPACE',''
  ) );
#4003 = PCURVE('',#4004,#4009);
#4004 = PLANE('',#4005);
#4005 = AXIS2_PLACEMENT_3D('',#4006,#4007,#4008);
#4006 = CARTESIAN_POINT('',(-1.592135201846,1.477171722229,
    4.141396011471));
#4007 = DIRECTION('',(0.760186250254,-0.64970357632,1.458712444026E-03)
  );
#4008 = DIRECTION('',(0.649704267554,0.760187059033,1.101248097723E-15)
  );
#4009 = DEFINITIONAL_REPRESENTATION('',(#4010),#4014);
#4010 = LINE('',#4011,#4012);
#4011 = CARTESIAN_POINT('',(-0.312855752929,-0.361396662998));
#4012 = VECTOR('',#4013,1.);
#4013 = DIRECTION('',(0.999990225159,4.421491479194E-03));
#4014 = ( GEOMETRIC_REPRESENTATION_CONTEXT(2) 
PARAMETRIC_REPRESENTATION_CONTEXT() REPRESENTATION_CONTEXT('2D SPACE',''
  ) );
#4015 = ORIENTED_EDGE('',*,*,#4016,.F.);
#4016 = EDGE_CURVE('',#822,#3989,#4017,.T.);
#4017 = SURFACE_CURVE('',#4018,(#4022,#4029),.PCURVE_S1.);
#4018 = LINE('',#4019,#4020);
#4019 = CARTESIAN_POINT('',(-9.48299407959,3.723001480103,3.779999732971
    ));
#4020 = VECTOR('',#4021,1.);
#4021 = DIRECTION('',(0.951563768139,-0.307451451721,0.));
#4022 = PCURVE('',#862,#4023);
#4023 = DEFINITIONAL_REPRESENTATION('',(#4024),#4028);
#4024 = LINE('',#4025,#4026);
#4025 = CARTESIAN_POINT('',(-1.186186977002,4.023856905416));
#4026 = VECTOR('',#4027,1.);
#4027 = DIRECTION('',(0.307448258397,-0.9515647999));
#4028 = ( GEOMETRIC_REPRESENTATION_CONTEXT(2) 
PARAMETRIC_REPRESENTATION_CONTEXT() REPRESENTATION_CONTEXT('2D SPACE',''
  ) );
#4029 = PCURVE('',#836,#4030);
#4030 = DEFINITIONAL_REPRESENTATION('',(#4031),#4035);
#4031 = LINE('',#4032,#4033);
#4032 = CARTESIAN_POINT('',(3.751590529633,2.03946885295));
#4033 = VECTOR('',#4034,1.);
#4034 = DIRECTION('',(-0.951563768139,-0.307451451721));
#4035 = ( GEOMETRIC_REPRESENTATION_CONTEXT(2) 
PARAMETRIC_REPRESENTATION_CONTEXT() REPRESENTATION_CONTEXT('2D SPACE',''
  ) );
#4036 = ORIENTED_EDGE('',*,*,#847,.F.);
#4037 = ADVANCED_FACE('',(#4038),#836,.T.);
#4038 = FACE_BOUND('',#4039,.T.);
#4039 = EDGE_LOOP('',(#4040,#4070,#4098,#4126,#4154,#4175,#4176,#4177,
    #4205,#4233));
#4040 = ORIENTED_EDGE('',*,*,#4041,.F.);
#4041 = EDGE_CURVE('',#4042,#4044,#4046,.T.);
#4042 = VERTEX_POINT('',#4043);
#4043 = CARTESIAN_POINT('',(-2.149002075195,-0.470998764038,
    3.779999732971));
#4044 = VERTEX_POINT('',#4045);
#4045 = CARTESIAN_POINT('',(-2.193000793457,-2.700233459473E-02,
    3.779999732971));
#4046 = SURFACE_CURVE('',#4047,(#4051,#4058),.PCURVE_S1.);
#4047 = LINE('',#4048,#4049);
#4048 = CARTESIAN_POINT('',(-2.149002075195,-0.470998764038,
    3.779999732971));
#4049 = VECTOR('',#4050,1.);
#4050 = DIRECTION('',(-9.861398678177E-02,0.995125761706,0.));
#4051 = PCURVE('',#836,#4052);
#4052 = DEFINITIONAL_REPRESENTATION('',(#4053),#4057);
#4053 = LINE('',#4054,#4055);
#4054 = CARTESIAN_POINT('',(-3.582401474762,-2.154531391191));
#4055 = VECTOR('',#4056,1.);
#4056 = DIRECTION('',(9.861398678177E-02,0.995125761706));
#4057 = ( GEOMETRIC_REPRESENTATION_CONTEXT(2) 
PARAMETRIC_REPRESENTATION_CONTEXT() REPRESENTATION_CONTEXT('2D SPACE',''
  ) );
#4058 = PCURVE('',#4059,#4064);
#4059 = PLANE('',#4060);
#4060 = AXIS2_PLACEMENT_3D('',#4061,#4062,#4063);
#4061 = CARTESIAN_POINT('',(-2.162594116601,-0.333839817337,
    4.312255056842));
#4062 = DIRECTION('',(0.995125761706,9.861398678177E-02,0.));
#4063 = DIRECTION('',(-9.861398678177E-02,0.995125761706,0.));
#4064 = DEFINITIONAL_REPRESENTATION('',(#4065),#4069);
#4065 = LINE('',#4066,#4067);
#4066 = CARTESIAN_POINT('',(-0.137830766702,-0.532255323871));
#4067 = VECTOR('',#4068,1.);
#4068 = DIRECTION('',(1.,0.));
#4069 = ( GEOMETRIC_REPRESENTATION_CONTEXT(2) 
PARAMETRIC_REPRESENTATION_CONTEXT() REPRESENTATION_CONTEXT('2D SPACE',''
  ) );
#4070 = ORIENTED_EDGE('',*,*,#4071,.T.);
#4071 = EDGE_CURVE('',#4042,#4072,#4074,.T.);
#4072 = VERTEX_POINT('',#4073);
#4073 = CARTESIAN_POINT('',(-2.012992858887,-0.899002075195,
    3.779999732971));
#4074 = SURFACE_CURVE('',#4075,(#4079,#4086),.PCURVE_S1.);
#4075 = LINE('',#4076,#4077);
#4076 = CARTESIAN_POINT('',(-2.149002075195,-0.470998764038,
    3.779999732971));
#4077 = VECTOR('',#4078,1.);
#4078 = DIRECTION('',(0.302852505561,-0.953037438863,0.));
#4079 = PCURVE('',#836,#4080);
#4080 = DEFINITIONAL_REPRESENTATION('',(#4081),#4085);
#4081 = LINE('',#4082,#4083);
#4082 = CARTESIAN_POINT('',(-3.582401474762,-2.154531391191));
#4083 = VECTOR('',#4084,1.);
#4084 = DIRECTION('',(-0.302852505561,-0.953037438863));
#4085 = ( GEOMETRIC_REPRESENTATION_CONTEXT(2) 
PARAMETRIC_REPRESENTATION_CONTEXT() REPRESENTATION_CONTEXT('2D SPACE',''
  ) );
#4086 = PCURVE('',#4087,#4092);
#4087 = PLANE('',#4088);
#4088 = AXIS2_PLACEMENT_3D('',#4089,#4090,#4091);
#4089 = CARTESIAN_POINT('',(-2.10693931705,-0.603364792247,
    4.141341873008));
#4090 = DIRECTION('',(0.953037438863,0.302852505561,0.));
#4091 = DIRECTION('',(-0.302852505561,0.953037438863,0.));
#4092 = DEFINITIONAL_REPRESENTATION('',(#4093),#4097);
#4093 = LINE('',#4094,#4095);
#4094 = CARTESIAN_POINT('',(0.138888592212,-0.361342140037));
#4095 = VECTOR('',#4096,1.);
#4096 = DIRECTION('',(-1.,0.));
#4097 = ( GEOMETRIC_REPRESENTATION_CONTEXT(2) 
PARAMETRIC_REPRESENTATION_CONTEXT() REPRESENTATION_CONTEXT('2D SPACE',''
  ) );
#4098 = ORIENTED_EDGE('',*,*,#4099,.T.);
#4099 = EDGE_CURVE('',#4072,#4100,#4102,.T.);
#4100 = VERTEX_POINT('',#4101);
#4101 = CARTESIAN_POINT('',(-1.794998168945,-1.292999267578,
    3.779999732971));
#4102 = SURFACE_CURVE('',#4103,(#4107,#4114),.PCURVE_S1.);
#4103 = LINE('',#4104,#4105);
#4104 = CARTESIAN_POINT('',(-2.012992858887,-0.899002075195,
    3.779999732971));
#4105 = VECTOR('',#4106,1.);
#4106 = DIRECTION('',(0.484127354891,-0.87499754528,0.));
#4107 = PCURVE('',#836,#4108);
#4108 = DEFINITIONAL_REPRESENTATION('',(#4109),#4113);
#4109 = LINE('',#4110,#4111);
#4110 = CARTESIAN_POINT('',(-3.71841069107,-2.582534702348));
#4111 = VECTOR('',#4112,1.);
#4112 = DIRECTION('',(-0.484127354891,-0.87499754528));
#4113 = ( GEOMETRIC_REPRESENTATION_CONTEXT(2) 
PARAMETRIC_REPRESENTATION_CONTEXT() REPRESENTATION_CONTEXT('2D SPACE',''
  ) );
#4114 = PCURVE('',#4115,#4120);
#4115 = PLANE('',#4116);
#4116 = AXIS2_PLACEMENT_3D('',#4117,#4118,#4119);
#4117 = CARTESIAN_POINT('',(-1.945530442819,-1.020122495686,
    4.141207057784));
#4118 = DIRECTION('',(0.874997030693,0.484127070176,-1.084527928938E-03)
  );
#4119 = DIRECTION('',(-0.484127354892,0.87499754528,2.635975926335E-16)
  );
#4120 = DEFINITIONAL_REPRESENTATION('',(#4121),#4125);
#4121 = LINE('',#4122,#4123);
#4122 = CARTESIAN_POINT('',(0.138640471658,-0.361207537239));
#4123 = VECTOR('',#4124,1.);
#4124 = DIRECTION('',(-1.,-5.140653102752E-16));
#4125 = ( GEOMETRIC_REPRESENTATION_CONTEXT(2) 
PARAMETRIC_REPRESENTATION_CONTEXT() REPRESENTATION_CONTEXT('2D SPACE',''
  ) );
#4126 = ORIENTED_EDGE('',*,*,#4127,.T.);
#4127 = EDGE_CURVE('',#4100,#4128,#4130,.T.);
#4128 = VERTEX_POINT('',#4129);
#4129 = CARTESIAN_POINT('',(-1.500999450684,-1.637001037598,
    3.779999732971));
#4130 = SURFACE_CURVE('',#4131,(#4135,#4142),.PCURVE_S1.);
#4131 = LINE('',#4132,#4133);
#4132 = CARTESIAN_POINT('',(-1.794998168945,-1.292999267578,
    3.779999732971));
#4133 = VECTOR('',#4134,1.);
#4134 = DIRECTION('',(0.649695201006,-0.760194807789,0.));
#4135 = PCURVE('',#836,#4136);
#4136 = DEFINITIONAL_REPRESENTATION('',(#4137),#4141);
#4137 = LINE('',#4138,#4139);
#4138 = CARTESIAN_POINT('',(-3.936405381012,-2.976531894731));
#4139 = VECTOR('',#4140,1.);
#4140 = DIRECTION('',(-0.649695201006,-0.760194807789));
#4141 = ( GEOMETRIC_REPRESENTATION_CONTEXT(2) 
PARAMETRIC_REPRESENTATION_CONTEXT() REPRESENTATION_CONTEXT('2D SPACE',''
  ) );
#4142 = PCURVE('',#4143,#4148);
#4143 = PLANE('',#4144);
#4144 = AXIS2_PLACEMENT_3D('',#4145,#4146,#4147);
#4145 = CARTESIAN_POINT('',(-1.703940057697,-1.398736763741,
    4.140896617928));
#4146 = DIRECTION('',(0.760194004173,0.649694514201,-1.454041367224E-03)
  );
#4147 = DIRECTION('',(-0.649695201006,0.760194807789,-7.931186106916E-16
    ));
#4148 = DEFINITIONAL_REPRESENTATION('',(#4149),#4153);
#4149 = LINE('',#4150,#4151);
#4150 = CARTESIAN_POINT('',(0.139541113462,-0.360897266468));
#4151 = VECTOR('',#4152,1.);
#4152 = DIRECTION('',(-1.,-5.950765571109E-16));
#4153 = ( GEOMETRIC_REPRESENTATION_CONTEXT(2) 
PARAMETRIC_REPRESENTATION_CONTEXT() REPRESENTATION_CONTEXT('2D SPACE',''
  ) );
#4154 = ORIENTED_EDGE('',*,*,#4155,.T.);
#4155 = EDGE_CURVE('',#4128,#796,#4156,.T.);
#4156 = SURFACE_CURVE('',#4157,(#4161,#4168),.PCURVE_S1.);
#4157 = LINE('',#4158,#4159);
#4158 = CARTESIAN_POINT('',(-1.500999450684,-1.637001037598,
    3.779999732971));
#4159 = VECTOR('',#4160,1.);
#4160 = DIRECTION('',(-0.830189203763,0.557481735984,0.));
#4161 = PCURVE('',#836,#4162);
#4162 = DEFINITIONAL_REPRESENTATION('',(#4163),#4167);
#4163 = LINE('',#4164,#4165);
#4164 = CARTESIAN_POINT('',(-4.230404099273,-3.320533664751));
#4165 = VECTOR('',#4166,1.);
#4166 = DIRECTION('',(0.830189203763,0.557481735984));
#4167 = ( GEOMETRIC_REPRESENTATION_CONTEXT(2) 
PARAMETRIC_REPRESENTATION_CONTEXT() REPRESENTATION_CONTEXT('2D SPACE',''
  ) );
#4168 = PCURVE('',#810,#4169);
#4169 = DEFINITIONAL_REPRESENTATION('',(#4170),#4174);
#4170 = LINE('',#4171,#4172);
#4171 = CARTESIAN_POINT('',(2.502805774908,-3.834737248328));
#4172 = VECTOR('',#4173,1.);
#4173 = DIRECTION('',(-0.54832753745,0.836263661577));
#4174 = ( GEOMETRIC_REPRESENTATION_CONTEXT(2) 
PARAMETRIC_REPRESENTATION_CONTEXT() REPRESENTATION_CONTEXT('2D SPACE',''
  ) );
#4175 = ORIENTED_EDGE('',*,*,#821,.F.);
#4176 = ORIENTED_EDGE('',*,*,#4016,.T.);
#4177 = ORIENTED_EDGE('',*,*,#4178,.T.);
#4178 = EDGE_CURVE('',#3989,#4179,#4181,.T.);
#4179 = VERTEX_POINT('',#4180);
#4180 = CARTESIAN_POINT('',(-2.012992858887,0.844999313354,
    3.779999732971));
#4181 = SURFACE_CURVE('',#4182,(#4186,#4193),.PCURVE_S1.);
#4182 = LINE('',#4183,#4184);
#4183 = CARTESIAN_POINT('',(-1.794998168945,1.239000320435,
    3.779999732971));
#4184 = VECTOR('',#4185,1.);
#4185 = DIRECTION('',(-0.484123766188,-0.874999530864,0.));
#4186 = PCURVE('',#836,#4187);
#4187 = DEFINITIONAL_REPRESENTATION('',(#4188),#4192);
#4188 = LINE('',#4189,#4190);
#4189 = CARTESIAN_POINT('',(-3.936405381012,-0.444532306718));
#4190 = VECTOR('',#4191,1.);
#4191 = DIRECTION('',(0.484123766188,-0.874999530864));
#4192 = ( GEOMETRIC_REPRESENTATION_CONTEXT(2) 
PARAMETRIC_REPRESENTATION_CONTEXT() REPRESENTATION_CONTEXT('2D SPACE',''
  ) );
#4193 = PCURVE('',#4194,#4199);
#4194 = PLANE('',#4195);
#4195 = AXIS2_PLACEMENT_3D('',#4196,#4197,#4198);
#4196 = CARTESIAN_POINT('',(-1.862446744885,1.117094567347,
    4.141177618551));
#4197 = DIRECTION('',(0.874999530864,-0.484123766188,0.));
#4198 = DIRECTION('',(0.484123766188,0.874999530864,0.));
#4199 = DEFINITIONAL_REPRESENTATION('',(#4200),#4204);
#4200 = LINE('',#4201,#4202);
#4201 = CARTESIAN_POINT('',(0.13932093537,-0.36117788558));
#4202 = VECTOR('',#4203,1.);
#4203 = DIRECTION('',(-1.,0.));
#4204 = ( GEOMETRIC_REPRESENTATION_CONTEXT(2) 
PARAMETRIC_REPRESENTATION_CONTEXT() REPRESENTATION_CONTEXT('2D SPACE',''
  ) );
#4205 = ORIENTED_EDGE('',*,*,#4206,.F.);
#4206 = EDGE_CURVE('',#4207,#4179,#4209,.T.);
#4207 = VERTEX_POINT('',#4208);
#4208 = CARTESIAN_POINT('',(-2.149002075195,0.416997909546,
    3.779999732971));
#4209 = SURFACE_CURVE('',#4210,(#4214,#4221),.PCURVE_S1.);
#4210 = LINE('',#4211,#4212);
#4211 = CARTESIAN_POINT('',(-2.149002075195,0.416997909546,
    3.779999732971));
#4212 = VECTOR('',#4213,1.);
#4213 = DIRECTION('',(0.302853731407,0.953037049318,0.));
#4214 = PCURVE('',#836,#4215);
#4215 = DEFINITIONAL_REPRESENTATION('',(#4216),#4220);
#4216 = LINE('',#4217,#4218);
#4217 = CARTESIAN_POINT('',(-3.582401474762,-1.266534717607));
#4218 = VECTOR('',#4219,1.);
#4219 = DIRECTION('',(-0.302853731407,0.953037049318));
#4220 = ( GEOMETRIC_REPRESENTATION_CONTEXT(2) 
PARAMETRIC_REPRESENTATION_CONTEXT() REPRESENTATION_CONTEXT('2D SPACE',''
  ) );
#4221 = PCURVE('',#4222,#4227);
#4222 = PLANE('',#4223);
#4223 = AXIS2_PLACEMENT_3D('',#4224,#4225,#4226);
#4224 = CARTESIAN_POINT('',(-2.055055587878,0.712633966764,
    4.141342123458));
#4225 = DIRECTION('',(0.953037049318,-0.302853731407,0.));
#4226 = DIRECTION('',(0.302853731407,0.953037049318,0.));
#4227 = DEFINITIONAL_REPRESENTATION('',(#4228),#4232);
#4228 = LINE('',#4229,#4230);
#4229 = CARTESIAN_POINT('',(-0.31020415988,-0.361342390487));
#4230 = VECTOR('',#4231,1.);
#4231 = DIRECTION('',(1.,0.));
#4232 = ( GEOMETRIC_REPRESENTATION_CONTEXT(2) 
PARAMETRIC_REPRESENTATION_CONTEXT() REPRESENTATION_CONTEXT('2D SPACE',''
  ) );
#4233 = ORIENTED_EDGE('',*,*,#4234,.F.);
#4234 = EDGE_CURVE('',#4044,#4207,#4235,.T.);
#4235 = SURFACE_CURVE('',#4236,(#4240,#4247),.PCURVE_S1.);
#4236 = LINE('',#4237,#4238);
#4237 = CARTESIAN_POINT('',(-2.193000793457,-2.700233459473E-02,
    3.779999732971));
#4238 = VECTOR('',#4239,1.);
#4239 = DIRECTION('',(9.861314776354E-02,0.99512584485,0.));
#4240 = PCURVE('',#836,#4241);
#4241 = DEFINITIONAL_REPRESENTATION('',(#4242),#4246);
#4242 = LINE('',#4243,#4244);
#4243 = CARTESIAN_POINT('',(-3.5384027565,-1.710534961748));
#4244 = VECTOR('',#4245,1.);
#4245 = DIRECTION('',(-9.861314776354E-02,0.99512584485));
#4246 = ( GEOMETRIC_REPRESENTATION_CONTEXT(2) 
PARAMETRIC_REPRESENTATION_CONTEXT() REPRESENTATION_CONTEXT('2D SPACE',''
  ) );
#4247 = PCURVE('',#4248,#4253);
#4248 = PLANE('',#4249);
#4249 = AXIS2_PLACEMENT_3D('',#4250,#4251,#4252);
#4250 = CARTESIAN_POINT('',(-2.162597326282,0.280615839187,
    4.141777452862));
#4251 = DIRECTION('',(0.995125820568,-9.861314535739E-02,
    2.209104115201E-04));
#4252 = DIRECTION('',(9.861314776362E-02,0.99512584485,
    2.013916650384E-17));
#4253 = DEFINITIONAL_REPRESENTATION('',(#4254),#4258);
#4254 = LINE('',#4255,#4256);
#4255 = CARTESIAN_POINT('',(-0.309116976677,-0.361777728719));
#4256 = VECTOR('',#4257,1.);
#4257 = DIRECTION('',(1.,-1.911731697928E-18));
#4258 = ( GEOMETRIC_REPRESENTATION_CONTEXT(2) 
PARAMETRIC_REPRESENTATION_CONTEXT() REPRESENTATION_CONTEXT('2D SPACE',''
  ) );
#4259 = ADVANCED_FACE('',(#4260),#810,.T.);
#4260 = FACE_BOUND('',#4261,.T.);
#4261 = EDGE_LOOP('',(#4262,#4290,#4311,#4312));
#4262 = ORIENTED_EDGE('',*,*,#4263,.F.);
#4263 = EDGE_CURVE('',#4264,#4128,#4266,.T.);
#4264 = VERTEX_POINT('',#4265);
#4265 = CARTESIAN_POINT('',(-1.142997741699,-1.920999526978,
    3.787999153137));
#4266 = SURFACE_CURVE('',#4267,(#4271,#4278),.PCURVE_S1.);
#4267 = LINE('',#4268,#4269);
#4268 = CARTESIAN_POINT('',(-1.142997741699,-1.920999526978,
    3.787999153137));
#4269 = VECTOR('',#4270,1.);
#4270 = DIRECTION('',(-0.783307241872,0.621388300193,-1.750272020929E-02
    ));
#4271 = PCURVE('',#810,#4272);
#4272 = DEFINITIONAL_REPRESENTATION('',(#4273),#4277);
#4273 = LINE('',#4274,#4275);
#4274 = CARTESIAN_POINT('',(2.783584535533,-4.195358440039));
#4275 = VECTOR('',#4276,1.);
#4276 = DIRECTION('',(-0.614343538151,0.789038666437));
#4277 = ( GEOMETRIC_REPRESENTATION_CONTEXT(2) 
PARAMETRIC_REPRESENTATION_CONTEXT() REPRESENTATION_CONTEXT('2D SPACE',''
  ) );
#4278 = PCURVE('',#4279,#4284);
#4279 = PLANE('',#4280);
#4280 = AXIS2_PLACEMENT_3D('',#4281,#4282,#4283);
#4281 = CARTESIAN_POINT('',(-1.390154783468,-1.724932791148,
    4.142466224134));
#4282 = DIRECTION('',(0.621483501733,0.783427250658,0.));
#4283 = DIRECTION('',(0.783427250658,-0.621483501733,0.));
#4284 = DEFINITIONAL_REPRESENTATION('',(#4285),#4289);
#4285 = LINE('',#4286,#4287);
#4286 = CARTESIAN_POINT('',(0.315481803271,0.354467070997));
#4287 = VECTOR('',#4288,1.);
#4288 = DIRECTION('',(-0.99984681566,1.750272020929E-02));
#4289 = ( GEOMETRIC_REPRESENTATION_CONTEXT(2) 
PARAMETRIC_REPRESENTATION_CONTEXT() REPRESENTATION_CONTEXT('2D SPACE',''
  ) );
#4290 = ORIENTED_EDGE('',*,*,#4291,.F.);
#4291 = EDGE_CURVE('',#770,#4264,#4292,.T.);
#4292 = SURFACE_CURVE('',#4293,(#4297,#4304),.PCURVE_S1.);
#4293 = LINE('',#4294,#4295);
#4294 = CARTESIAN_POINT('',(-9.48299407959,3.723001480103,3.779999732971
    ));
#4295 = VECTOR('',#4296,1.);
#4296 = DIRECTION('',(0.828179962199,-0.560461701818,7.943599999673E-04)
  );
#4297 = PCURVE('',#810,#4298);
#4298 = DEFINITIONAL_REPRESENTATION('',(#4299),#4303);
#4299 = LINE('',#4300,#4301);
#4300 = CARTESIAN_POINT('',(-2.769182151422,4.205661283478));
#4301 = VECTOR('',#4302,1.);
#4302 = DIRECTION('',(0.551401933356,-0.834239718481));
#4303 = ( GEOMETRIC_REPRESENTATION_CONTEXT(2) 
PARAMETRIC_REPRESENTATION_CONTEXT() REPRESENTATION_CONTEXT('2D SPACE',''
  ) );
#4304 = PCURVE('',#784,#4305);
#4305 = DEFINITIONAL_REPRESENTATION('',(#4306),#4310);
#4306 = LINE('',#4307,#4308);
#4307 = CARTESIAN_POINT('',(-3.62403573965,4.904190807622));
#4308 = VECTOR('',#4309,1.);
#4309 = DIRECTION('',(0.560432926415,-0.82819981586));
#4310 = ( GEOMETRIC_REPRESENTATION_CONTEXT(2) 
PARAMETRIC_REPRESENTATION_CONTEXT() REPRESENTATION_CONTEXT('2D SPACE',''
  ) );
#4311 = ORIENTED_EDGE('',*,*,#795,.F.);
#4312 = ORIENTED_EDGE('',*,*,#4155,.F.);
#4313 = ADVANCED_FACE('',(#4314),#784,.T.);
#4314 = FACE_BOUND('',#4315,.T.);
#4315 = EDGE_LOOP('',(#4316,#4337,#4338,#4339));
#4316 = ORIENTED_EDGE('',*,*,#4317,.F.);
#4317 = EDGE_CURVE('',#2851,#4264,#4318,.T.);
#4318 = SURFACE_CURVE('',#4319,(#4323,#4330),.PCURVE_S1.);
#4319 = LINE('',#4320,#4321);
#4320 = CARTESIAN_POINT('',(6.700134277344E-02,-3.779001235962,
    3.779999732971));
#4321 = VECTOR('',#4322,1.);
#4322 = DIRECTION('',(-0.545713169523,0.837964271709,3.607762178638E-03)
  );
#4323 = PCURVE('',#784,#4324);
#4324 = DEFINITIONAL_REPRESENTATION('',(#4325),#4329);
#4325 = LINE('',#4326,#4327);
#4326 = CARTESIAN_POINT('',(3.877675530054,-4.646033553355));
#4327 = VECTOR('',#4328,1.);
#4328 = DIRECTION('',(-0.837963518416,0.545726251709));
#4329 = ( GEOMETRIC_REPRESENTATION_CONTEXT(2) 
PARAMETRIC_REPRESENTATION_CONTEXT() REPRESENTATION_CONTEXT('2D SPACE',''
  ) );
#4330 = PCURVE('',#2889,#4331);
#4331 = DEFINITIONAL_REPRESENTATION('',(#4332),#4336);
#4332 = LINE('',#4333,#4334);
#4333 = CARTESIAN_POINT('',(-0.562763072473,-0.970270321424));
#4334 = VECTOR('',#4335,1.);
#4335 = DIRECTION('',(0.545620903265,0.838032117475));
#4336 = ( GEOMETRIC_REPRESENTATION_CONTEXT(2) 
PARAMETRIC_REPRESENTATION_CONTEXT() REPRESENTATION_CONTEXT('2D SPACE',''
  ) );
#4337 = ORIENTED_EDGE('',*,*,#2850,.F.);
#4338 = ORIENTED_EDGE('',*,*,#769,.F.);
#4339 = ORIENTED_EDGE('',*,*,#4291,.T.);
#4340 = ADVANCED_FACE('',(#4341),#732,.T.);
#4341 = FACE_BOUND('',#4342,.T.);
#4342 = EDGE_LOOP('',(#4343,#4344,#4345,#4346));
#4343 = ORIENTED_EDGE('',*,*,#1150,.F.);
#4344 = ORIENTED_EDGE('',*,*,#717,.F.);
#4345 = ORIENTED_EDGE('',*,*,#3513,.F.);
#4346 = ORIENTED_EDGE('',*,*,#1106,.F.);
#4347 = ADVANCED_FACE('',(#4348),#1212,.T.);
#4348 = FACE_BOUND('',#4349,.T.);
#4349 = EDGE_LOOP('',(#4350,#4351,#4352,#4353));
#4350 = ORIENTED_EDGE('',*,*,#1348,.F.);
#4351 = ORIENTED_EDGE('',*,*,#1196,.F.);
#4352 = ORIENTED_EDGE('',*,*,#1250,.T.);
#4353 = ORIENTED_EDGE('',*,*,#1323,.F.);
#4354 = ADVANCED_FACE('',(#4355),#1392,.T.);
#4355 = FACE_BOUND('',#4356,.T.);
#4356 = EDGE_LOOP('',(#4357,#4381,#4382,#4383,#4384,#4408,#4436,#4464,
    #4487,#4515,#4543,#4571,#4594,#4622));
#4357 = ORIENTED_EDGE('',*,*,#4358,.F.);
#4358 = EDGE_CURVE('',#2363,#4359,#4361,.T.);
#4359 = VERTEX_POINT('',#4360);
#4360 = CARTESIAN_POINT('',(4.808944864974,-5.415800104523,8.4));
#4361 = SURFACE_CURVE('',#4362,(#4367,#4374),.PCURVE_S1.);
#4362 = CIRCLE('',#4363,2.15);
#4363 = AXIS2_PLACEMENT_3D('',#4364,#4365,#4366);
#4364 = CARTESIAN_POINT('',(6.8418,-6.115800104523,8.4));
#4365 = DIRECTION('',(0.,0.,1.));
#4366 = DIRECTION('',(1.,0.,-0.));
#4367 = PCURVE('',#1392,#4368);
#4368 = DEFINITIONAL_REPRESENTATION('',(#4369),#4373);
#4369 = CIRCLE('',#4370,2.15);
#4370 = AXIS2_PLACEMENT_2D('',#4371,#4372);
#4371 = CARTESIAN_POINT('',(12.3,8.899999895477));
#4372 = DIRECTION('',(1.,0.));
#4373 = ( GEOMETRIC_REPRESENTATION_CONTEXT(2) 
PARAMETRIC_REPRESENTATION_CONTEXT() REPRESENTATION_CONTEXT('2D SPACE',''
  ) );
#4374 = PCURVE('',#2401,#4375);
#4375 = DEFINITIONAL_REPRESENTATION('',(#4376),#4380);
#4376 = LINE('',#4377,#4378);
#4377 = CARTESIAN_POINT('',(0.,0.5));
#4378 = VECTOR('',#4379,1.);
#4379 = DIRECTION('',(1.,0.));
#4380 = ( GEOMETRIC_REPRESENTATION_CONTEXT(2) 
PARAMETRIC_REPRESENTATION_CONTEXT() REPRESENTATION_CONTEXT('2D SPACE',''
  ) );
#4381 = ORIENTED_EDGE('',*,*,#2362,.T.);
#4382 = ORIENTED_EDGE('',*,*,#1506,.F.);
#4383 = ORIENTED_EDGE('',*,*,#1374,.F.);
#4384 = ORIENTED_EDGE('',*,*,#4385,.F.);
#4385 = EDGE_CURVE('',#4386,#1375,#4388,.T.);
#4386 = VERTEX_POINT('',#4387);
#4387 = CARTESIAN_POINT('',(-4.525344864974,-5.415800104523,8.4));
#4388 = SURFACE_CURVE('',#4389,(#4394,#4401),.PCURVE_S1.);
#4389 = CIRCLE('',#4390,2.15);
#4390 = AXIS2_PLACEMENT_3D('',#4391,#4392,#4393);
#4391 = CARTESIAN_POINT('',(-6.5582,-6.115800104523,8.4));
#4392 = DIRECTION('',(0.,0.,1.));
#4393 = DIRECTION('',(1.,0.,-0.));
#4394 = PCURVE('',#1392,#4395);
#4395 = DEFINITIONAL_REPRESENTATION('',(#4396),#4400);
#4396 = CIRCLE('',#4397,2.15);
#4397 = AXIS2_PLACEMENT_2D('',#4398,#4399);
#4398 = CARTESIAN_POINT('',(-1.1,8.899999895477));
#4399 = DIRECTION('',(1.,0.));
#4400 = ( GEOMETRIC_REPRESENTATION_CONTEXT(2) 
PARAMETRIC_REPRESENTATION_CONTEXT() REPRESENTATION_CONTEXT('2D SPACE',''
  ) );
#4401 = PCURVE('',#1420,#4402);
#4402 = DEFINITIONAL_REPRESENTATION('',(#4403),#4407);
#4403 = LINE('',#4404,#4405);
#4404 = CARTESIAN_POINT('',(0.,0.5));
#4405 = VECTOR('',#4406,1.);
#4406 = DIRECTION('',(1.,0.));
#4407 = ( GEOMETRIC_REPRESENTATION_CONTEXT(2) 
PARAMETRIC_REPRESENTATION_CONTEXT() REPRESENTATION_CONTEXT('2D SPACE',''
  ) );
#4408 = ORIENTED_EDGE('',*,*,#4409,.F.);
#4409 = EDGE_CURVE('',#4410,#4386,#4412,.T.);
#4410 = VERTEX_POINT('',#4411);
#4411 = CARTESIAN_POINT('',(-4.4782,-5.415800104523,8.4));
#4412 = SURFACE_CURVE('',#4413,(#4417,#4424),.PCURVE_S1.);
#4413 = LINE('',#4414,#4415);
#4414 = CARTESIAN_POINT('',(-5.3332,-5.415800104523,8.4));
#4415 = VECTOR('',#4416,1.);
#4416 = DIRECTION('',(-1.,-0.,0.));
#4417 = PCURVE('',#1392,#4418);
#4418 = DEFINITIONAL_REPRESENTATION('',(#4419),#4423);
#4419 = LINE('',#4420,#4421);
#4420 = CARTESIAN_POINT('',(0.125,9.599999895477));
#4421 = VECTOR('',#4422,1.);
#4422 = DIRECTION('',(-1.,0.));
#4423 = ( GEOMETRIC_REPRESENTATION_CONTEXT(2) 
PARAMETRIC_REPRESENTATION_CONTEXT() REPRESENTATION_CONTEXT('2D SPACE',''
  ) );
#4424 = PCURVE('',#4425,#4430);
#4425 = PLANE('',#4426);
#4426 = AXIS2_PLACEMENT_3D('',#4427,#4428,#4429);
#4427 = CARTESIAN_POINT('',(-5.2082,-5.415800104523,8.1));
#4428 = DIRECTION('',(-0.,1.,0.));
#4429 = DIRECTION('',(0.,0.,1.));
#4430 = DEFINITIONAL_REPRESENTATION('',(#4431),#4435);
#4431 = LINE('',#4432,#4433);
#4432 = CARTESIAN_POINT('',(0.3,-0.125));
#4433 = VECTOR('',#4434,1.);
#4434 = DIRECTION('',(0.,-1.));
#4435 = ( GEOMETRIC_REPRESENTATION_CONTEXT(2) 
PARAMETRIC_REPRESENTATION_CONTEXT() REPRESENTATION_CONTEXT('2D SPACE',''
  ) );
#4436 = ORIENTED_EDGE('',*,*,#4437,.T.);
#4437 = EDGE_CURVE('',#4410,#4438,#4440,.T.);
#4438 = VERTEX_POINT('',#4439);
#4439 = CARTESIAN_POINT('',(-4.4782,-9.58E-02,8.4));
#4440 = SURFACE_CURVE('',#4441,(#4445,#4452),.PCURVE_S1.);
#4441 = LINE('',#4442,#4443);
#4442 = CARTESIAN_POINT('',(-4.4782,-14.6758,8.4));
#4443 = VECTOR('',#4444,1.);
#4444 = DIRECTION('',(-0.,1.,0.));
#4445 = PCURVE('',#1392,#4446);
#4446 = DEFINITIONAL_REPRESENTATION('',(#4447),#4451);
#4447 = LINE('',#4448,#4449);
#4448 = CARTESIAN_POINT('',(0.98,0.34));
#4449 = VECTOR('',#4450,1.);
#4450 = DIRECTION('',(0.,1.));
#4451 = ( GEOMETRIC_REPRESENTATION_CONTEXT(2) 
PARAMETRIC_REPRESENTATION_CONTEXT() REPRESENTATION_CONTEXT('2D SPACE',''
  ) );
#4452 = PCURVE('',#4453,#4458);
#4453 = PLANE('',#4454);
#4454 = AXIS2_PLACEMENT_3D('',#4455,#4456,#4457);
#4455 = CARTESIAN_POINT('',(-4.4782,-14.3358,6.4));
#4456 = DIRECTION('',(1.,0.,-0.));
#4457 = DIRECTION('',(0.,0.,1.));
#4458 = DEFINITIONAL_REPRESENTATION('',(#4459),#4463);
#4459 = LINE('',#4460,#4461);
#4460 = CARTESIAN_POINT('',(2.,0.34));
#4461 = VECTOR('',#4462,1.);
#4462 = DIRECTION('',(0.,-1.));
#4463 = ( GEOMETRIC_REPRESENTATION_CONTEXT(2) 
PARAMETRIC_REPRESENTATION_CONTEXT() REPRESENTATION_CONTEXT('2D SPACE',''
  ) );
#4464 = ORIENTED_EDGE('',*,*,#4465,.F.);
#4465 = EDGE_CURVE('',#4466,#4438,#4468,.T.);
#4466 = VERTEX_POINT('',#4467);
#4467 = CARTESIAN_POINT('',(-4.2382,-9.58E-02,8.4));
#4468 = SURFACE_CURVE('',#4469,(#4473,#4480),.PCURVE_S1.);
#4469 = LINE('',#4470,#4471);
#4470 = CARTESIAN_POINT('',(-4.9682,-9.58E-02,8.4));
#4471 = VECTOR('',#4472,1.);
#4472 = DIRECTION('',(-1.,-0.,0.));
#4473 = PCURVE('',#1392,#4474);
#4474 = DEFINITIONAL_REPRESENTATION('',(#4475),#4479);
#4475 = LINE('',#4476,#4477);
#4476 = CARTESIAN_POINT('',(0.49,14.92));
#4477 = VECTOR('',#4478,1.);
#4478 = DIRECTION('',(-1.,0.));
#4479 = ( GEOMETRIC_REPRESENTATION_CONTEXT(2) 
PARAMETRIC_REPRESENTATION_CONTEXT() REPRESENTATION_CONTEXT('2D SPACE',''
  ) );
#4480 = PCURVE('',#1767,#4481);
#4481 = DEFINITIONAL_REPRESENTATION('',(#4482),#4486);
#4482 = LINE('',#4483,#4484);
#4483 = CARTESIAN_POINT('',(2.,-0.49));
#4484 = VECTOR('',#4485,1.);
#4485 = DIRECTION('',(0.,-1.));
#4486 = ( GEOMETRIC_REPRESENTATION_CONTEXT(2) 
PARAMETRIC_REPRESENTATION_CONTEXT() REPRESENTATION_CONTEXT('2D SPACE',''
  ) );
#4487 = ORIENTED_EDGE('',*,*,#4488,.T.);
#4488 = EDGE_CURVE('',#4466,#4489,#4491,.T.);
#4489 = VERTEX_POINT('',#4490);
#4490 = CARTESIAN_POINT('',(-4.2382,-3.58E-02,8.4));
#4491 = SURFACE_CURVE('',#4492,(#4496,#4503),.PCURVE_S1.);
#4492 = LINE('',#4493,#4494);
#4493 = CARTESIAN_POINT('',(-4.2382,-13.25580010452,8.4));
#4494 = VECTOR('',#4495,1.);
#4495 = DIRECTION('',(-0.,1.,0.));
#4496 = PCURVE('',#1392,#4497);
#4497 = DEFINITIONAL_REPRESENTATION('',(#4498),#4502);
#4498 = LINE('',#4499,#4500);
#4499 = CARTESIAN_POINT('',(1.22,1.75999989548));
#4500 = VECTOR('',#4501,1.);
#4501 = DIRECTION('',(0.,1.));
#4502 = ( GEOMETRIC_REPRESENTATION_CONTEXT(2) 
PARAMETRIC_REPRESENTATION_CONTEXT() REPRESENTATION_CONTEXT('2D SPACE',''
  ) );
#4503 = PCURVE('',#4504,#4509);
#4504 = PLANE('',#4505);
#4505 = AXIS2_PLACEMENT_3D('',#4506,#4507,#4508);
#4506 = CARTESIAN_POINT('',(-4.2382,-11.49580020904,7.7));
#4507 = DIRECTION('',(1.,0.,-0.));
#4508 = DIRECTION('',(0.,0.,1.));
#4509 = DEFINITIONAL_REPRESENTATION('',(#4510),#4514);
#4510 = LINE('',#4511,#4512);
#4511 = CARTESIAN_POINT('',(0.7,1.75999989548));
#4512 = VECTOR('',#4513,1.);
#4513 = DIRECTION('',(0.,-1.));
#4514 = ( GEOMETRIC_REPRESENTATION_CONTEXT(2) 
PARAMETRIC_REPRESENTATION_CONTEXT() REPRESENTATION_CONTEXT('2D SPACE',''
  ) );
#4515 = ORIENTED_EDGE('',*,*,#4516,.T.);
#4516 = EDGE_CURVE('',#4489,#4517,#4519,.T.);
#4517 = VERTEX_POINT('',#4518);
#4518 = CARTESIAN_POINT('',(4.5218,-3.58E-02,8.4));
#4519 = SURFACE_CURVE('',#4520,(#4524,#4531),.PCURVE_S1.);
#4520 = LINE('',#4521,#4522);
#4521 = CARTESIAN_POINT('',(-4.8482,-3.58E-02,8.4));
#4522 = VECTOR('',#4523,1.);
#4523 = DIRECTION('',(1.,0.,-0.));
#4524 = PCURVE('',#1392,#4525);
#4525 = DEFINITIONAL_REPRESENTATION('',(#4526),#4530);
#4526 = LINE('',#4527,#4528);
#4527 = CARTESIAN_POINT('',(0.61,14.98));
#4528 = VECTOR('',#4529,1.);
#4529 = DIRECTION('',(1.,0.));
#4530 = ( GEOMETRIC_REPRESENTATION_CONTEXT(2) 
PARAMETRIC_REPRESENTATION_CONTEXT() REPRESENTATION_CONTEXT('2D SPACE',''
  ) );
#4531 = PCURVE('',#4532,#4537);
#4532 = PLANE('',#4533);
#4533 = AXIS2_PLACEMENT_3D('',#4534,#4535,#4536);
#4534 = CARTESIAN_POINT('',(-4.2382,-0.7358,7.7));
#4535 = DIRECTION('',(0.,-0.707106781187,0.707106781187));
#4536 = DIRECTION('',(0.,0.707106781187,0.707106781187));
#4537 = DEFINITIONAL_REPRESENTATION('',(#4538),#4542);
#4538 = LINE('',#4539,#4540);
#4539 = CARTESIAN_POINT('',(0.989949493661,0.61));
#4540 = VECTOR('',#4541,1.);
#4541 = DIRECTION('',(0.,-1.));
#4542 = ( GEOMETRIC_REPRESENTATION_CONTEXT(2) 
PARAMETRIC_REPRESENTATION_CONTEXT() REPRESENTATION_CONTEXT('2D SPACE',''
  ) );
#4543 = ORIENTED_EDGE('',*,*,#4544,.F.);
#4544 = EDGE_CURVE('',#4545,#4517,#4547,.T.);
#4545 = VERTEX_POINT('',#4546);
#4546 = CARTESIAN_POINT('',(4.5218,-9.58E-02,8.4));
#4547 = SURFACE_CURVE('',#4548,(#4552,#4559),.PCURVE_S1.);
#4548 = LINE('',#4549,#4550);
#4549 = CARTESIAN_POINT('',(4.5218,-13.25580010452,8.4));
#4550 = VECTOR('',#4551,1.);
#4551 = DIRECTION('',(-0.,1.,0.));
#4552 = PCURVE('',#1392,#4553);
#4553 = DEFINITIONAL_REPRESENTATION('',(#4554),#4558);
#4554 = LINE('',#4555,#4556);
#4555 = CARTESIAN_POINT('',(9.98,1.75999989548));
#4556 = VECTOR('',#4557,1.);
#4557 = DIRECTION('',(0.,1.));
#4558 = ( GEOMETRIC_REPRESENTATION_CONTEXT(2) 
PARAMETRIC_REPRESENTATION_CONTEXT() REPRESENTATION_CONTEXT('2D SPACE',''
  ) );
#4559 = PCURVE('',#4560,#4565);
#4560 = PLANE('',#4561);
#4561 = AXIS2_PLACEMENT_3D('',#4562,#4563,#4564);
#4562 = CARTESIAN_POINT('',(4.5218,-11.49580020904,7.7));
#4563 = DIRECTION('',(1.,0.,-0.));
#4564 = DIRECTION('',(0.,0.,1.));
#4565 = DEFINITIONAL_REPRESENTATION('',(#4566),#4570);
#4566 = LINE('',#4567,#4568);
#4567 = CARTESIAN_POINT('',(0.7,1.75999989548));
#4568 = VECTOR('',#4569,1.);
#4569 = DIRECTION('',(0.,-1.));
#4570 = ( GEOMETRIC_REPRESENTATION_CONTEXT(2) 
PARAMETRIC_REPRESENTATION_CONTEXT() REPRESENTATION_CONTEXT('2D SPACE',''
  ) );
#4571 = ORIENTED_EDGE('',*,*,#4572,.F.);
#4572 = EDGE_CURVE('',#4573,#4545,#4575,.T.);
#4573 = VERTEX_POINT('',#4574);
#4574 = CARTESIAN_POINT('',(4.7618,-9.58E-02,8.4));
#4575 = SURFACE_CURVE('',#4576,(#4580,#4587),.PCURVE_S1.);
#4576 = LINE('',#4577,#4578);
#4577 = CARTESIAN_POINT('',(-4.9682,-9.58E-02,8.4));
#4578 = VECTOR('',#4579,1.);
#4579 = DIRECTION('',(-1.,-0.,0.));
#4580 = PCURVE('',#1392,#4581);
#4581 = DEFINITIONAL_REPRESENTATION('',(#4582),#4586);
#4582 = LINE('',#4583,#4584);
#4583 = CARTESIAN_POINT('',(0.49,14.92));
#4584 = VECTOR('',#4585,1.);
#4585 = DIRECTION('',(-1.,0.));
#4586 = ( GEOMETRIC_REPRESENTATION_CONTEXT(2) 
PARAMETRIC_REPRESENTATION_CONTEXT() REPRESENTATION_CONTEXT('2D SPACE',''
  ) );
#4587 = PCURVE('',#1767,#4588);
#4588 = DEFINITIONAL_REPRESENTATION('',(#4589),#4593);
#4589 = LINE('',#4590,#4591);
#4590 = CARTESIAN_POINT('',(2.,-0.49));
#4591 = VECTOR('',#4592,1.);
#4592 = DIRECTION('',(0.,-1.));
#4593 = ( GEOMETRIC_REPRESENTATION_CONTEXT(2) 
PARAMETRIC_REPRESENTATION_CONTEXT() REPRESENTATION_CONTEXT('2D SPACE',''
  ) );
#4594 = ORIENTED_EDGE('',*,*,#4595,.F.);
#4595 = EDGE_CURVE('',#4596,#4573,#4598,.T.);
#4596 = VERTEX_POINT('',#4597);
#4597 = CARTESIAN_POINT('',(4.7618,-5.415800104523,8.4));
#4598 = SURFACE_CURVE('',#4599,(#4603,#4610),.PCURVE_S1.);
#4599 = LINE('',#4600,#4601);
#4600 = CARTESIAN_POINT('',(4.7618,-14.6758,8.4));
#4601 = VECTOR('',#4602,1.);
#4602 = DIRECTION('',(-0.,1.,0.));
#4603 = PCURVE('',#1392,#4604);
#4604 = DEFINITIONAL_REPRESENTATION('',(#4605),#4609);
#4605 = LINE('',#4606,#4607);
#4606 = CARTESIAN_POINT('',(10.22,0.34));
#4607 = VECTOR('',#4608,1.);
#4608 = DIRECTION('',(0.,1.));
#4609 = ( GEOMETRIC_REPRESENTATION_CONTEXT(2) 
PARAMETRIC_REPRESENTATION_CONTEXT() REPRESENTATION_CONTEXT('2D SPACE',''
  ) );
#4610 = PCURVE('',#4611,#4616);
#4611 = PLANE('',#4612);
#4612 = AXIS2_PLACEMENT_3D('',#4613,#4614,#4615);
#4613 = CARTESIAN_POINT('',(4.7618,-14.3358,6.4));
#4614 = DIRECTION('',(1.,0.,-0.));
#4615 = DIRECTION('',(0.,0.,1.));
#4616 = DEFINITIONAL_REPRESENTATION('',(#4617),#4621);
#4617 = LINE('',#4618,#4619);
#4618 = CARTESIAN_POINT('',(2.,0.34));
#4619 = VECTOR('',#4620,1.);
#4620 = DIRECTION('',(0.,-1.));
#4621 = ( GEOMETRIC_REPRESENTATION_CONTEXT(2) 
PARAMETRIC_REPRESENTATION_CONTEXT() REPRESENTATION_CONTEXT('2D SPACE',''
  ) );
#4622 = ORIENTED_EDGE('',*,*,#4623,.F.);
#4623 = EDGE_CURVE('',#4359,#4596,#4624,.T.);
#4624 = SURFACE_CURVE('',#4625,(#4629,#4636),.PCURVE_S1.);
#4625 = LINE('',#4626,#4627);
#4626 = CARTESIAN_POINT('',(-5.3332,-5.415800104523,8.4));
#4627 = VECTOR('',#4628,1.);
#4628 = DIRECTION('',(-1.,-0.,0.));
#4629 = PCURVE('',#1392,#4630);
#4630 = DEFINITIONAL_REPRESENTATION('',(#4631),#4635);
#4631 = LINE('',#4632,#4633);
#4632 = CARTESIAN_POINT('',(0.125,9.599999895477));
#4633 = VECTOR('',#4634,1.);
#4634 = DIRECTION('',(-1.,0.));
#4635 = ( GEOMETRIC_REPRESENTATION_CONTEXT(2) 
PARAMETRIC_REPRESENTATION_CONTEXT() REPRESENTATION_CONTEXT('2D SPACE',''
  ) );
#4636 = PCURVE('',#4637,#4642);
#4637 = PLANE('',#4638);
#4638 = AXIS2_PLACEMENT_3D('',#4639,#4640,#4641);
#4639 = CARTESIAN_POINT('',(-5.2082,-5.415800104523,8.1));
#4640 = DIRECTION('',(-0.,1.,0.));
#4641 = DIRECTION('',(0.,0.,1.));
#4642 = DEFINITIONAL_REPRESENTATION('',(#4643),#4647);
#4643 = LINE('',#4644,#4645);
#4644 = CARTESIAN_POINT('',(0.3,-0.125));
#4645 = VECTOR('',#4646,1.);
#4646 = DIRECTION('',(0.,-1.));
#4647 = ( GEOMETRIC_REPRESENTATION_CONTEXT(2) 
PARAMETRIC_REPRESENTATION_CONTEXT() REPRESENTATION_CONTEXT('2D SPACE',''
  ) );
#4648 = ADVANCED_FACE('',(#4649),#1420,.F.);
#4649 = FACE_BOUND('',#4650,.F.);
#4650 = EDGE_LOOP('',(#4651,#4675,#4697,#4698,#4699,#4721));
#4651 = ORIENTED_EDGE('',*,*,#4652,.F.);
#4652 = EDGE_CURVE('',#4653,#4655,#4657,.T.);
#4653 = VERTEX_POINT('',#4654);
#4654 = CARTESIAN_POINT('',(-4.4782,-5.571649390106,7.9));
#4655 = VERTEX_POINT('',#4656);
#4656 = CARTESIAN_POINT('',(-4.4782,-5.571649390106,8.1));
#4657 = SURFACE_CURVE('',#4658,(#4662,#4668),.PCURVE_S1.);
#4658 = LINE('',#4659,#4660);
#4659 = CARTESIAN_POINT('',(-4.4782,-5.571649390106,7.9));
#4660 = VECTOR('',#4661,1.);
#4661 = DIRECTION('',(0.,0.,1.));
#4662 = PCURVE('',#1420,#4663);
#4663 = DEFINITIONAL_REPRESENTATION('',(#4664),#4667);
#4664 = B_SPLINE_CURVE_WITH_KNOTS('',1,(#4665,#4666),.UNSPECIFIED.,.F.,
  .F.,(2,2),(-5.999999999062E-07,0.7),.PIECEWISE_BEZIER_KNOTS.);
#4665 = CARTESIAN_POINT('',(0.25587638323,-5.999999999062E-07));
#4666 = CARTESIAN_POINT('',(0.25587638323,0.7));
#4667 = ( GEOMETRIC_REPRESENTATION_CONTEXT(2) 
PARAMETRIC_REPRESENTATION_CONTEXT() REPRESENTATION_CONTEXT('2D SPACE',''
  ) );
#4668 = PCURVE('',#4453,#4669);
#4669 = DEFINITIONAL_REPRESENTATION('',(#4670),#4674);
#4670 = LINE('',#4671,#4672);
#4671 = CARTESIAN_POINT('',(1.5,-8.764150609894));
#4672 = VECTOR('',#4673,1.);
#4673 = DIRECTION('',(1.,0.));
#4674 = ( GEOMETRIC_REPRESENTATION_CONTEXT(2) 
PARAMETRIC_REPRESENTATION_CONTEXT() REPRESENTATION_CONTEXT('2D SPACE',''
  ) );
#4675 = ORIENTED_EDGE('',*,*,#4676,.T.);
#4676 = EDGE_CURVE('',#4653,#1405,#4677,.T.);
#4677 = SURFACE_CURVE('',#4678,(#4683,#4690),.PCURVE_S1.);
#4678 = CIRCLE('',#4679,2.15);
#4679 = AXIS2_PLACEMENT_3D('',#4680,#4681,#4682);
#4680 = CARTESIAN_POINT('',(-6.5582,-6.115800104523,7.9));
#4681 = DIRECTION('',(0.,0.,1.));
#4682 = DIRECTION('',(1.,0.,-0.));
#4683 = PCURVE('',#1420,#4684);
#4684 = DEFINITIONAL_REPRESENTATION('',(#4685),#4689);
#4685 = LINE('',#4686,#4687);
#4686 = CARTESIAN_POINT('',(0.,0.));
#4687 = VECTOR('',#4688,1.);
#4688 = DIRECTION('',(1.,0.));
#4689 = ( GEOMETRIC_REPRESENTATION_CONTEXT(2) 
PARAMETRIC_REPRESENTATION_CONTEXT() REPRESENTATION_CONTEXT('2D SPACE',''
  ) );
#4690 = PCURVE('',#1447,#4691);
#4691 = DEFINITIONAL_REPRESENTATION('',(#4692),#4696);
#4692 = CIRCLE('',#4693,2.15);
#4693 = AXIS2_PLACEMENT_2D('',#4694,#4695);
#4694 = CARTESIAN_POINT('',(0.,0.));
#4695 = DIRECTION('',(1.,0.));
#4696 = ( GEOMETRIC_REPRESENTATION_CONTEXT(2) 
PARAMETRIC_REPRESENTATION_CONTEXT() REPRESENTATION_CONTEXT('2D SPACE',''
  ) );
#4697 = ORIENTED_EDGE('',*,*,#1404,.T.);
#4698 = ORIENTED_EDGE('',*,*,#4385,.F.);
#4699 = ORIENTED_EDGE('',*,*,#4700,.F.);
#4700 = EDGE_CURVE('',#4701,#4386,#4703,.T.);
#4701 = VERTEX_POINT('',#4702);
#4702 = CARTESIAN_POINT('',(-4.525344864974,-5.415800104523,8.1));
#4703 = SURFACE_CURVE('',#4704,(#4708,#4714),.PCURVE_S1.);
#4704 = LINE('',#4705,#4706);
#4705 = CARTESIAN_POINT('',(-4.525344864974,-5.415800104523,7.9));
#4706 = VECTOR('',#4707,1.);
#4707 = DIRECTION('',(0.,0.,1.));
#4708 = PCURVE('',#1420,#4709);
#4709 = DEFINITIONAL_REPRESENTATION('',(#4710),#4713);
#4710 = B_SPLINE_CURVE_WITH_KNOTS('',1,(#4711,#4712),.UNSPECIFIED.,.F.,
  .F.,(2,2),(-5.999999999062E-07,0.5000006),.PIECEWISE_BEZIER_KNOTS.);
#4711 = CARTESIAN_POINT('',(0.331626561754,-5.999999999062E-07));
#4712 = CARTESIAN_POINT('',(0.331626561754,0.5000006));
#4713 = ( GEOMETRIC_REPRESENTATION_CONTEXT(2) 
PARAMETRIC_REPRESENTATION_CONTEXT() REPRESENTATION_CONTEXT('2D SPACE',''
  ) );
#4714 = PCURVE('',#4425,#4715);
#4715 = DEFINITIONAL_REPRESENTATION('',(#4716),#4720);
#4716 = LINE('',#4717,#4718);
#4717 = CARTESIAN_POINT('',(-0.2,0.682855135026));
#4718 = VECTOR('',#4719,1.);
#4719 = DIRECTION('',(1.,0.));
#4720 = ( GEOMETRIC_REPRESENTATION_CONTEXT(2) 
PARAMETRIC_REPRESENTATION_CONTEXT() REPRESENTATION_CONTEXT('2D SPACE',''
  ) );
#4721 = ORIENTED_EDGE('',*,*,#4722,.F.);
#4722 = EDGE_CURVE('',#4655,#4701,#4723,.T.);
#4723 = SURFACE_CURVE('',#4724,(#4729,#4736),.PCURVE_S1.);
#4724 = CIRCLE('',#4725,2.15);
#4725 = AXIS2_PLACEMENT_3D('',#4726,#4727,#4728);
#4726 = CARTESIAN_POINT('',(-6.5582,-6.115800104523,8.1));
#4727 = DIRECTION('',(0.,0.,1.));
#4728 = DIRECTION('',(0.967441860465,0.253093355543,-0.));
#4729 = PCURVE('',#1420,#4730);
#4730 = DEFINITIONAL_REPRESENTATION('',(#4731),#4735);
#4731 = LINE('',#4732,#4733);
#4732 = CARTESIAN_POINT('',(0.25587638323,0.2));
#4733 = VECTOR('',#4734,1.);
#4734 = DIRECTION('',(1.,0.));
#4735 = ( GEOMETRIC_REPRESENTATION_CONTEXT(2) 
PARAMETRIC_REPRESENTATION_CONTEXT() REPRESENTATION_CONTEXT('2D SPACE',''
  ) );
#4736 = PCURVE('',#4737,#4742);
#4737 = PLANE('',#4738);
#4738 = AXIS2_PLACEMENT_3D('',#4739,#4740,#4741);
#4739 = CARTESIAN_POINT('',(-5.2082,-6.815800104523,8.1));
#4740 = DIRECTION('',(0.,0.,1.));
#4741 = DIRECTION('',(1.,0.,-0.));
#4742 = DEFINITIONAL_REPRESENTATION('',(#4743),#4747);
#4743 = CIRCLE('',#4744,2.15);
#4744 = AXIS2_PLACEMENT_2D('',#4745,#4746);
#4745 = CARTESIAN_POINT('',(-1.35,0.7));
#4746 = DIRECTION('',(0.967441860465,0.253093355543));
#4747 = ( GEOMETRIC_REPRESENTATION_CONTEXT(2) 
PARAMETRIC_REPRESENTATION_CONTEXT() REPRESENTATION_CONTEXT('2D SPACE',''
  ) );
#4748 = ADVANCED_FACE('',(#4749,#4800),#1447,.T.);
#4749 = FACE_BOUND('',#4750,.T.);
#4750 = EDGE_LOOP('',(#4751,#4774,#4775,#4776,#4777,#4778));
#4751 = ORIENTED_EDGE('',*,*,#4752,.F.);
#4752 = EDGE_CURVE('',#4653,#4753,#4755,.T.);
#4753 = VERTEX_POINT('',#4754);
#4754 = CARTESIAN_POINT('',(-4.4782,-6.659950818939,7.9));
#4755 = SURFACE_CURVE('',#4756,(#4760,#4767),.PCURVE_S1.);
#4756 = LINE('',#4757,#4758);
#4757 = CARTESIAN_POINT('',(-4.4782,-10.22580005226,7.9));
#4758 = VECTOR('',#4759,1.);
#4759 = DIRECTION('',(0.,-1.,0.));
#4760 = PCURVE('',#1447,#4761);
#4761 = DEFINITIONAL_REPRESENTATION('',(#4762),#4766);
#4762 = LINE('',#4763,#4764);
#4763 = CARTESIAN_POINT('',(2.08,-4.109999947737));
#4764 = VECTOR('',#4765,1.);
#4765 = DIRECTION('',(0.,-1.));
#4766 = ( GEOMETRIC_REPRESENTATION_CONTEXT(2) 
PARAMETRIC_REPRESENTATION_CONTEXT() REPRESENTATION_CONTEXT('2D SPACE',''
  ) );
#4767 = PCURVE('',#4453,#4768);
#4768 = DEFINITIONAL_REPRESENTATION('',(#4769),#4773);
#4769 = LINE('',#4770,#4771);
#4770 = CARTESIAN_POINT('',(1.5,-4.10999994774));
#4771 = VECTOR('',#4772,1.);
#4772 = DIRECTION('',(0.,1.));
#4773 = ( GEOMETRIC_REPRESENTATION_CONTEXT(2) 
PARAMETRIC_REPRESENTATION_CONTEXT() REPRESENTATION_CONTEXT('2D SPACE',''
  ) );
#4774 = ORIENTED_EDGE('',*,*,#4676,.T.);
#4775 = ORIENTED_EDGE('',*,*,#1431,.T.);
#4776 = ORIENTED_EDGE('',*,*,#1626,.T.);
#4777 = ORIENTED_EDGE('',*,*,#1889,.T.);
#4778 = ORIENTED_EDGE('',*,*,#4779,.T.);
#4779 = EDGE_CURVE('',#1890,#4753,#4780,.T.);
#4780 = SURFACE_CURVE('',#4781,(#4786,#4793),.PCURVE_S1.);
#4781 = CIRCLE('',#4782,2.15);
#4782 = AXIS2_PLACEMENT_3D('',#4783,#4784,#4785);
#4783 = CARTESIAN_POINT('',(-6.5582,-6.115800104523,7.9));
#4784 = DIRECTION('',(0.,0.,1.));
#4785 = DIRECTION('',(1.,0.,-0.));
#4786 = PCURVE('',#1447,#4787);
#4787 = DEFINITIONAL_REPRESENTATION('',(#4788),#4792);
#4788 = CIRCLE('',#4789,2.15);
#4789 = AXIS2_PLACEMENT_2D('',#4790,#4791);
#4790 = CARTESIAN_POINT('',(0.,0.));
#4791 = DIRECTION('',(1.,0.));
#4792 = ( GEOMETRIC_REPRESENTATION_CONTEXT(2) 
PARAMETRIC_REPRESENTATION_CONTEXT() REPRESENTATION_CONTEXT('2D SPACE',''
  ) );
#4793 = PCURVE('',#1926,#4794);
#4794 = DEFINITIONAL_REPRESENTATION('',(#4795),#4799);
#4795 = LINE('',#4796,#4797);
#4796 = CARTESIAN_POINT('',(0.,0.));
#4797 = VECTOR('',#4798,1.);
#4798 = DIRECTION('',(1.,0.));
#4799 = ( GEOMETRIC_REPRESENTATION_CONTEXT(2) 
PARAMETRIC_REPRESENTATION_CONTEXT() REPRESENTATION_CONTEXT('2D SPACE',''
  ) );
#4800 = FACE_BOUND('',#4801,.T.);
#4801 = EDGE_LOOP('',(#4802));
#4802 = ORIENTED_EDGE('',*,*,#4803,.F.);
#4803 = EDGE_CURVE('',#4804,#4804,#4806,.T.);
#4804 = VERTEX_POINT('',#4805);
#4805 = CARTESIAN_POINT('',(-5.7082,-6.115800104523,7.9));
#4806 = SURFACE_CURVE('',#4807,(#4812,#4819),.PCURVE_S1.);
#4807 = CIRCLE('',#4808,0.85);
#4808 = AXIS2_PLACEMENT_3D('',#4809,#4810,#4811);
#4809 = CARTESIAN_POINT('',(-6.5582,-6.115800104523,7.9));
#4810 = DIRECTION('',(0.,0.,1.));
#4811 = DIRECTION('',(1.,0.,-0.));
#4812 = PCURVE('',#1447,#4813);
#4813 = DEFINITIONAL_REPRESENTATION('',(#4814),#4818);
#4814 = CIRCLE('',#4815,0.85);
#4815 = AXIS2_PLACEMENT_2D('',#4816,#4817);
#4816 = CARTESIAN_POINT('',(0.,0.));
#4817 = DIRECTION('',(1.,0.));
#4818 = ( GEOMETRIC_REPRESENTATION_CONTEXT(2) 
PARAMETRIC_REPRESENTATION_CONTEXT() REPRESENTATION_CONTEXT('2D SPACE',''
  ) );
#4819 = PCURVE('',#4820,#4825);
#4820 = CYLINDRICAL_SURFACE('',#4821,0.85);
#4821 = AXIS2_PLACEMENT_3D('',#4822,#4823,#4824);
#4822 = CARTESIAN_POINT('',(-6.5582,-6.115800104523,5.));
#4823 = DIRECTION('',(0.,0.,1.));
#4824 = DIRECTION('',(1.,0.,-0.));
#4825 = DEFINITIONAL_REPRESENTATION('',(#4826),#4830);
#4826 = LINE('',#4827,#4828);
#4827 = CARTESIAN_POINT('',(0.,2.9));
#4828 = VECTOR('',#4829,1.);
#4829 = DIRECTION('',(1.,0.));
#4830 = ( GEOMETRIC_REPRESENTATION_CONTEXT(2) 
PARAMETRIC_REPRESENTATION_CONTEXT() REPRESENTATION_CONTEXT('2D SPACE',''
  ) );
#4831 = ADVANCED_FACE('',(#4832),#1590,.F.);
#4832 = FACE_BOUND('',#4833,.F.);
#4833 = EDGE_LOOP('',(#4834,#4835,#4856,#4857));
#4834 = ORIENTED_EDGE('',*,*,#1728,.F.);
#4835 = ORIENTED_EDGE('',*,*,#4836,.T.);
#4836 = EDGE_CURVE('',#1729,#2088,#4837,.T.);
#4837 = SURFACE_CURVE('',#4838,(#4842,#4849),.PCURVE_S1.);
#4838 = LINE('',#4839,#4840);
#4839 = CARTESIAN_POINT('',(-4.0932,-9.58E-02,6.41));
#4840 = VECTOR('',#4841,1.);
#4841 = DIRECTION('',(1.,0.,-0.));
#4842 = PCURVE('',#1590,#4843);
#4843 = DEFINITIONAL_REPRESENTATION('',(#4844),#4848);
#4844 = LINE('',#4845,#4846);
#4845 = CARTESIAN_POINT('',(-0.385,14.22));
#4846 = VECTOR('',#4847,1.);
#4847 = DIRECTION('',(1.,0.));
#4848 = ( GEOMETRIC_REPRESENTATION_CONTEXT(2) 
PARAMETRIC_REPRESENTATION_CONTEXT() REPRESENTATION_CONTEXT('2D SPACE',''
  ) );
#4849 = PCURVE('',#1767,#4850);
#4850 = DEFINITIONAL_REPRESENTATION('',(#4851),#4855);
#4851 = LINE('',#4852,#4853);
#4852 = CARTESIAN_POINT('',(1.E-02,0.385));
#4853 = VECTOR('',#4854,1.);
#4854 = DIRECTION('',(0.,1.));
#4855 = ( GEOMETRIC_REPRESENTATION_CONTEXT(2) 
PARAMETRIC_REPRESENTATION_CONTEXT() REPRESENTATION_CONTEXT('2D SPACE',''
  ) );
#4856 = ORIENTED_EDGE('',*,*,#2087,.T.);
#4857 = ORIENTED_EDGE('',*,*,#1574,.F.);
#4858 = ADVANCED_FACE('',(#4859,#4885),#1693,.T.);
#4859 = FACE_BOUND('',#4860,.T.);
#4860 = EDGE_LOOP('',(#4861,#4862,#4883,#4884));
#4861 = ORIENTED_EDGE('',*,*,#1675,.F.);
#4862 = ORIENTED_EDGE('',*,*,#4863,.F.);
#4863 = EDGE_CURVE('',#2039,#1676,#4864,.T.);
#4864 = SURFACE_CURVE('',#4865,(#4869,#4876),.PCURVE_S1.);
#4865 = LINE('',#4866,#4867);
#4866 = CARTESIAN_POINT('',(-3.7582,-11.4958,4.5));
#4867 = VECTOR('',#4868,1.);
#4868 = DIRECTION('',(-1.,-0.,0.));
#4869 = PCURVE('',#1693,#4870);
#4870 = DEFINITIONAL_REPRESENTATION('',(#4871),#4875);
#4871 = LINE('',#4872,#4873);
#4872 = CARTESIAN_POINT('',(-5.E-02,2.82));
#4873 = VECTOR('',#4874,1.);
#4874 = DIRECTION('',(-1.,0.));
#4875 = ( GEOMETRIC_REPRESENTATION_CONTEXT(2) 
PARAMETRIC_REPRESENTATION_CONTEXT() REPRESENTATION_CONTEXT('2D SPACE',''
  ) );
#4876 = PCURVE('',#1821,#4877);
#4877 = DEFINITIONAL_REPRESENTATION('',(#4878),#4882);
#4878 = LINE('',#4879,#4880);
#4879 = CARTESIAN_POINT('',(0.3,5.E-02));
#4880 = VECTOR('',#4881,1.);
#4881 = DIRECTION('',(0.,-1.));
#4882 = ( GEOMETRIC_REPRESENTATION_CONTEXT(2) 
PARAMETRIC_REPRESENTATION_CONTEXT() REPRESENTATION_CONTEXT('2D SPACE',''
  ) );
#4883 = ORIENTED_EDGE('',*,*,#2063,.T.);
#4884 = ORIENTED_EDGE('',*,*,#1963,.F.);
#4885 = FACE_BOUND('',#4886,.T.);
#4886 = EDGE_LOOP('',(#4887,#4917,#4945,#4973));
#4887 = ORIENTED_EDGE('',*,*,#4888,.T.);
#4888 = EDGE_CURVE('',#4889,#4891,#4893,.T.);
#4889 = VERTEX_POINT('',#4890);
#4890 = CARTESIAN_POINT('',(1.6418,-9.7158,4.5));
#4891 = VERTEX_POINT('',#4892);
#4892 = CARTESIAN_POINT('',(-1.3582,-9.7158,4.5));
#4893 = SURFACE_CURVE('',#4894,(#4898,#4905),.PCURVE_S1.);
#4894 = LINE('',#4895,#4896);
#4895 = CARTESIAN_POINT('',(-2.5332,-9.7158,4.5));
#4896 = VECTOR('',#4897,1.);
#4897 = DIRECTION('',(-1.,-0.,0.));
#4898 = PCURVE('',#1693,#4899);
#4899 = DEFINITIONAL_REPRESENTATION('',(#4900),#4904);
#4900 = LINE('',#4901,#4902);
#4901 = CARTESIAN_POINT('',(1.175,4.6));
#4902 = VECTOR('',#4903,1.);
#4903 = DIRECTION('',(-1.,0.));
#4904 = ( GEOMETRIC_REPRESENTATION_CONTEXT(2) 
PARAMETRIC_REPRESENTATION_CONTEXT() REPRESENTATION_CONTEXT('2D SPACE',''
  ) );
#4905 = PCURVE('',#4906,#4911);
#4906 = PLANE('',#4907);
#4907 = AXIS2_PLACEMENT_3D('',#4908,#4909,#4910);
#4908 = CARTESIAN_POINT('',(-1.3582,-9.7158,4.2));
#4909 = DIRECTION('',(-0.,1.,0.));
#4910 = DIRECTION('',(0.,0.,1.));
#4911 = DEFINITIONAL_REPRESENTATION('',(#4912),#4916);
#4912 = LINE('',#4913,#4914);
#4913 = CARTESIAN_POINT('',(0.3,-1.175));
#4914 = VECTOR('',#4915,1.);
#4915 = DIRECTION('',(0.,-1.));
#4916 = ( GEOMETRIC_REPRESENTATION_CONTEXT(2) 
PARAMETRIC_REPRESENTATION_CONTEXT() REPRESENTATION_CONTEXT('2D SPACE',''
  ) );
#4917 = ORIENTED_EDGE('',*,*,#4918,.T.);
#4918 = EDGE_CURVE('',#4891,#4919,#4921,.T.);
#4919 = VERTEX_POINT('',#4920);
#4920 = CARTESIAN_POINT('',(-1.3582,-6.0158,4.5));
#4921 = SURFACE_CURVE('',#4922,(#4926,#4933),.PCURVE_S1.);
#4922 = LINE('',#4923,#4924);
#4923 = CARTESIAN_POINT('',(-1.3582,-12.0158,4.5));
#4924 = VECTOR('',#4925,1.);
#4925 = DIRECTION('',(-0.,1.,0.));
#4926 = PCURVE('',#1693,#4927);
#4927 = DEFINITIONAL_REPRESENTATION('',(#4928),#4932);
#4928 = LINE('',#4929,#4930);
#4929 = CARTESIAN_POINT('',(2.35,2.3));
#4930 = VECTOR('',#4931,1.);
#4931 = DIRECTION('',(0.,1.));
#4932 = ( GEOMETRIC_REPRESENTATION_CONTEXT(2) 
PARAMETRIC_REPRESENTATION_CONTEXT() REPRESENTATION_CONTEXT('2D SPACE',''
  ) );
#4933 = PCURVE('',#4934,#4939);
#4934 = PLANE('',#4935);
#4935 = AXIS2_PLACEMENT_3D('',#4936,#4937,#4938);
#4936 = CARTESIAN_POINT('',(-1.3582,-9.7158,4.2));
#4937 = DIRECTION('',(1.,0.,-0.));
#4938 = DIRECTION('',(0.,0.,1.));
#4939 = DEFINITIONAL_REPRESENTATION('',(#4940),#4944);
#4940 = LINE('',#4941,#4942);
#4941 = CARTESIAN_POINT('',(0.3,2.3));
#4942 = VECTOR('',#4943,1.);
#4943 = DIRECTION('',(0.,-1.));
#4944 = ( GEOMETRIC_REPRESENTATION_CONTEXT(2) 
PARAMETRIC_REPRESENTATION_CONTEXT() REPRESENTATION_CONTEXT('2D SPACE',''
  ) );
#4945 = ORIENTED_EDGE('',*,*,#4946,.F.);
#4946 = EDGE_CURVE('',#4947,#4919,#4949,.T.);
#4947 = VERTEX_POINT('',#4948);
#4948 = CARTESIAN_POINT('',(1.6418,-6.0158,4.5));
#4949 = SURFACE_CURVE('',#4950,(#4954,#4961),.PCURVE_S1.);
#4950 = LINE('',#4951,#4952);
#4951 = CARTESIAN_POINT('',(-2.5332,-6.0158,4.5));
#4952 = VECTOR('',#4953,1.);
#4953 = DIRECTION('',(-1.,-0.,0.));
#4954 = PCURVE('',#1693,#4955);
#4955 = DEFINITIONAL_REPRESENTATION('',(#4956),#4960);
#4956 = LINE('',#4957,#4958);
#4957 = CARTESIAN_POINT('',(1.175,8.3));
#4958 = VECTOR('',#4959,1.);
#4959 = DIRECTION('',(-1.,0.));
#4960 = ( GEOMETRIC_REPRESENTATION_CONTEXT(2) 
PARAMETRIC_REPRESENTATION_CONTEXT() REPRESENTATION_CONTEXT('2D SPACE',''
  ) );
#4961 = PCURVE('',#4962,#4967);
#4962 = PLANE('',#4963);
#4963 = AXIS2_PLACEMENT_3D('',#4964,#4965,#4966);
#4964 = CARTESIAN_POINT('',(-1.3582,-6.0158,4.2));
#4965 = DIRECTION('',(-0.,1.,0.));
#4966 = DIRECTION('',(0.,0.,1.));
#4967 = DEFINITIONAL_REPRESENTATION('',(#4968),#4972);
#4968 = LINE('',#4969,#4970);
#4969 = CARTESIAN_POINT('',(0.3,-1.175));
#4970 = VECTOR('',#4971,1.);
#4971 = DIRECTION('',(0.,-1.));
#4972 = ( GEOMETRIC_REPRESENTATION_CONTEXT(2) 
PARAMETRIC_REPRESENTATION_CONTEXT() REPRESENTATION_CONTEXT('2D SPACE',''
  ) );
#4973 = ORIENTED_EDGE('',*,*,#4974,.F.);
#4974 = EDGE_CURVE('',#4889,#4947,#4975,.T.);
#4975 = SURFACE_CURVE('',#4976,(#4980,#4987),.PCURVE_S1.);
#4976 = LINE('',#4977,#4978);
#4977 = CARTESIAN_POINT('',(1.6418,-12.0158,4.5));
#4978 = VECTOR('',#4979,1.);
#4979 = DIRECTION('',(-0.,1.,0.));
#4980 = PCURVE('',#1693,#4981);
#4981 = DEFINITIONAL_REPRESENTATION('',(#4982),#4986);
#4982 = LINE('',#4983,#4984);
#4983 = CARTESIAN_POINT('',(5.35,2.3));
#4984 = VECTOR('',#4985,1.);
#4985 = DIRECTION('',(0.,1.));
#4986 = ( GEOMETRIC_REPRESENTATION_CONTEXT(2) 
PARAMETRIC_REPRESENTATION_CONTEXT() REPRESENTATION_CONTEXT('2D SPACE',''
  ) );
#4987 = PCURVE('',#4988,#4993);
#4988 = PLANE('',#4989);
#4989 = AXIS2_PLACEMENT_3D('',#4990,#4991,#4992);
#4990 = CARTESIAN_POINT('',(1.6418,-9.7158,4.2));
#4991 = DIRECTION('',(1.,0.,-0.));
#4992 = DIRECTION('',(0.,0.,1.));
#4993 = DEFINITIONAL_REPRESENTATION('',(#4994),#4998);
#4994 = LINE('',#4995,#4996);
#4995 = CARTESIAN_POINT('',(0.3,2.3));
#4996 = VECTOR('',#4997,1.);
#4997 = DIRECTION('',(0.,-1.));
#4998 = ( GEOMETRIC_REPRESENTATION_CONTEXT(2) 
PARAMETRIC_REPRESENTATION_CONTEXT() REPRESENTATION_CONTEXT('2D SPACE',''
  ) );
#4999 = ADVANCED_FACE('',(#5000),#1767,.F.);
#5000 = FACE_BOUND('',#5001,.F.);
#5001 = EDGE_LOOP('',(#5002,#5025,#5046,#5047,#5048,#5049,#5072,#5093,
    #5094,#5117,#5140,#5161));
#5002 = ORIENTED_EDGE('',*,*,#5003,.F.);
#5003 = EDGE_CURVE('',#5004,#4573,#5006,.T.);
#5004 = VERTEX_POINT('',#5005);
#5005 = CARTESIAN_POINT('',(4.7618,-9.58E-02,6.4));
#5006 = SURFACE_CURVE('',#5007,(#5011,#5018),.PCURVE_S1.);
#5007 = LINE('',#5008,#5009);
#5008 = CARTESIAN_POINT('',(4.7618,-9.58E-02,6.4));
#5009 = VECTOR('',#5010,1.);
#5010 = DIRECTION('',(0.,0.,1.));
#5011 = PCURVE('',#1767,#5012);
#5012 = DEFINITIONAL_REPRESENTATION('',(#5013),#5017);
#5013 = LINE('',#5014,#5015);
#5014 = CARTESIAN_POINT('',(0.,9.24));
#5015 = VECTOR('',#5016,1.);
#5016 = DIRECTION('',(1.,0.));
#5017 = ( GEOMETRIC_REPRESENTATION_CONTEXT(2) 
PARAMETRIC_REPRESENTATION_CONTEXT() REPRESENTATION_CONTEXT('2D SPACE',''
  ) );
#5018 = PCURVE('',#4611,#5019);
#5019 = DEFINITIONAL_REPRESENTATION('',(#5020),#5024);
#5020 = LINE('',#5021,#5022);
#5021 = CARTESIAN_POINT('',(0.,-14.24));
#5022 = VECTOR('',#5023,1.);
#5023 = DIRECTION('',(1.,0.));
#5024 = ( GEOMETRIC_REPRESENTATION_CONTEXT(2) 
PARAMETRIC_REPRESENTATION_CONTEXT() REPRESENTATION_CONTEXT('2D SPACE',''
  ) );
#5025 = ORIENTED_EDGE('',*,*,#5026,.F.);
#5026 = EDGE_CURVE('',#2111,#5004,#5027,.T.);
#5027 = SURFACE_CURVE('',#5028,(#5032,#5039),.PCURVE_S1.);
#5028 = LINE('',#5029,#5030);
#5029 = CARTESIAN_POINT('',(-4.4782,-9.58E-02,6.4));
#5030 = VECTOR('',#5031,1.);
#5031 = DIRECTION('',(1.,0.,-0.));
#5032 = PCURVE('',#1767,#5033);
#5033 = DEFINITIONAL_REPRESENTATION('',(#5034),#5038);
#5034 = LINE('',#5035,#5036);
#5035 = CARTESIAN_POINT('',(0.,0.));
#5036 = VECTOR('',#5037,1.);
#5037 = DIRECTION('',(0.,1.));
#5038 = ( GEOMETRIC_REPRESENTATION_CONTEXT(2) 
PARAMETRIC_REPRESENTATION_CONTEXT() REPRESENTATION_CONTEXT('2D SPACE',''
  ) );
#5039 = PCURVE('',#2147,#5040);
#5040 = DEFINITIONAL_REPRESENTATION('',(#5041),#5045);
#5041 = LINE('',#5042,#5043);
#5042 = CARTESIAN_POINT('',(0.,14.24));
#5043 = VECTOR('',#5044,1.);
#5044 = DIRECTION('',(1.,0.));
#5045 = ( GEOMETRIC_REPRESENTATION_CONTEXT(2) 
PARAMETRIC_REPRESENTATION_CONTEXT() REPRESENTATION_CONTEXT('2D SPACE',''
  ) );
#5046 = ORIENTED_EDGE('',*,*,#2110,.F.);
#5047 = ORIENTED_EDGE('',*,*,#4836,.F.);
#5048 = ORIENTED_EDGE('',*,*,#1751,.T.);
#5049 = ORIENTED_EDGE('',*,*,#5050,.F.);
#5050 = EDGE_CURVE('',#5051,#1752,#5053,.T.);
#5051 = VERTEX_POINT('',#5052);
#5052 = CARTESIAN_POINT('',(-4.4782,-9.58E-02,6.4));
#5053 = SURFACE_CURVE('',#5054,(#5058,#5065),.PCURVE_S1.);
#5054 = LINE('',#5055,#5056);
#5055 = CARTESIAN_POINT('',(-4.4782,-9.58E-02,6.4));
#5056 = VECTOR('',#5057,1.);
#5057 = DIRECTION('',(1.,0.,-0.));
#5058 = PCURVE('',#1767,#5059);
#5059 = DEFINITIONAL_REPRESENTATION('',(#5060),#5064);
#5060 = LINE('',#5061,#5062);
#5061 = CARTESIAN_POINT('',(0.,0.));
#5062 = VECTOR('',#5063,1.);
#5063 = DIRECTION('',(0.,1.));
#5064 = ( GEOMETRIC_REPRESENTATION_CONTEXT(2) 
PARAMETRIC_REPRESENTATION_CONTEXT() REPRESENTATION_CONTEXT('2D SPACE',''
  ) );
#5065 = PCURVE('',#1795,#5066);
#5066 = DEFINITIONAL_REPRESENTATION('',(#5067),#5071);
#5067 = LINE('',#5068,#5069);
#5068 = CARTESIAN_POINT('',(0.,14.24));
#5069 = VECTOR('',#5070,1.);
#5070 = DIRECTION('',(1.,0.));
#5071 = ( GEOMETRIC_REPRESENTATION_CONTEXT(2) 
PARAMETRIC_REPRESENTATION_CONTEXT() REPRESENTATION_CONTEXT('2D SPACE',''
  ) );
#5072 = ORIENTED_EDGE('',*,*,#5073,.T.);
#5073 = EDGE_CURVE('',#5051,#4438,#5074,.T.);
#5074 = SURFACE_CURVE('',#5075,(#5079,#5086),.PCURVE_S1.);
#5075 = LINE('',#5076,#5077);
#5076 = CARTESIAN_POINT('',(-4.4782,-9.58E-02,6.4));
#5077 = VECTOR('',#5078,1.);
#5078 = DIRECTION('',(0.,0.,1.));
#5079 = PCURVE('',#1767,#5080);
#5080 = DEFINITIONAL_REPRESENTATION('',(#5081),#5085);
#5081 = LINE('',#5082,#5083);
#5082 = CARTESIAN_POINT('',(0.,0.));
#5083 = VECTOR('',#5084,1.);
#5084 = DIRECTION('',(1.,0.));
#5085 = ( GEOMETRIC_REPRESENTATION_CONTEXT(2) 
PARAMETRIC_REPRESENTATION_CONTEXT() REPRESENTATION_CONTEXT('2D SPACE',''
  ) );
#5086 = PCURVE('',#4453,#5087);
#5087 = DEFINITIONAL_REPRESENTATION('',(#5088),#5092);
#5088 = LINE('',#5089,#5090);
#5089 = CARTESIAN_POINT('',(0.,-14.24));
#5090 = VECTOR('',#5091,1.);
#5091 = DIRECTION('',(1.,0.));
#5092 = ( GEOMETRIC_REPRESENTATION_CONTEXT(2) 
PARAMETRIC_REPRESENTATION_CONTEXT() REPRESENTATION_CONTEXT('2D SPACE',''
  ) );
#5093 = ORIENTED_EDGE('',*,*,#4465,.F.);
#5094 = ORIENTED_EDGE('',*,*,#5095,.T.);
#5095 = EDGE_CURVE('',#4466,#5096,#5098,.T.);
#5096 = VERTEX_POINT('',#5097);
#5097 = CARTESIAN_POINT('',(-4.2382,-9.58E-02,8.34));
#5098 = SURFACE_CURVE('',#5099,(#5103,#5110),.PCURVE_S1.);
#5099 = LINE('',#5100,#5101);
#5100 = CARTESIAN_POINT('',(-4.2382,-9.58E-02,7.05));
#5101 = VECTOR('',#5102,1.);
#5102 = DIRECTION('',(-0.,0.,-1.));
#5103 = PCURVE('',#1767,#5104);
#5104 = DEFINITIONAL_REPRESENTATION('',(#5105),#5109);
#5105 = LINE('',#5106,#5107);
#5106 = CARTESIAN_POINT('',(0.65,0.24));
#5107 = VECTOR('',#5108,1.);
#5108 = DIRECTION('',(-1.,0.));
#5109 = ( GEOMETRIC_REPRESENTATION_CONTEXT(2) 
PARAMETRIC_REPRESENTATION_CONTEXT() REPRESENTATION_CONTEXT('2D SPACE',''
  ) );
#5110 = PCURVE('',#4504,#5111);
#5111 = DEFINITIONAL_REPRESENTATION('',(#5112),#5116);
#5112 = LINE('',#5113,#5114);
#5113 = CARTESIAN_POINT('',(-0.65,-11.40000020904));
#5114 = VECTOR('',#5115,1.);
#5115 = DIRECTION('',(-1.,-0.));
#5116 = ( GEOMETRIC_REPRESENTATION_CONTEXT(2) 
PARAMETRIC_REPRESENTATION_CONTEXT() REPRESENTATION_CONTEXT('2D SPACE',''
  ) );
#5117 = ORIENTED_EDGE('',*,*,#5118,.T.);
#5118 = EDGE_CURVE('',#5096,#5119,#5121,.T.);
#5119 = VERTEX_POINT('',#5120);
#5120 = CARTESIAN_POINT('',(4.5218,-9.58E-02,8.34));
#5121 = SURFACE_CURVE('',#5122,(#5126,#5133),.PCURVE_S1.);
#5122 = LINE('',#5123,#5124);
#5123 = CARTESIAN_POINT('',(-4.3582,-9.58E-02,8.34));
#5124 = VECTOR('',#5125,1.);
#5125 = DIRECTION('',(1.,0.,0.));
#5126 = PCURVE('',#1767,#5127);
#5127 = DEFINITIONAL_REPRESENTATION('',(#5128),#5132);
#5128 = LINE('',#5129,#5130);
#5129 = CARTESIAN_POINT('',(1.94,0.12));
#5130 = VECTOR('',#5131,1.);
#5131 = DIRECTION('',(0.,1.));
#5132 = ( GEOMETRIC_REPRESENTATION_CONTEXT(2) 
PARAMETRIC_REPRESENTATION_CONTEXT() REPRESENTATION_CONTEXT('2D SPACE',''
  ) );
#5133 = PCURVE('',#4532,#5134);
#5134 = DEFINITIONAL_REPRESENTATION('',(#5135),#5139);
#5135 = LINE('',#5136,#5137);
#5136 = CARTESIAN_POINT('',(0.905096679919,0.12));
#5137 = VECTOR('',#5138,1.);
#5138 = DIRECTION('',(0.,-1.));
#5139 = ( GEOMETRIC_REPRESENTATION_CONTEXT(2) 
PARAMETRIC_REPRESENTATION_CONTEXT() REPRESENTATION_CONTEXT('2D SPACE',''
  ) );
#5140 = ORIENTED_EDGE('',*,*,#5141,.F.);
#5141 = EDGE_CURVE('',#4545,#5119,#5142,.T.);
#5142 = SURFACE_CURVE('',#5143,(#5147,#5154),.PCURVE_S1.);
#5143 = LINE('',#5144,#5145);
#5144 = CARTESIAN_POINT('',(4.5218,-9.58E-02,7.05));
#5145 = VECTOR('',#5146,1.);
#5146 = DIRECTION('',(-0.,0.,-1.));
#5147 = PCURVE('',#1767,#5148);
#5148 = DEFINITIONAL_REPRESENTATION('',(#5149),#5153);
#5149 = LINE('',#5150,#5151);
#5150 = CARTESIAN_POINT('',(0.65,9.));
#5151 = VECTOR('',#5152,1.);
#5152 = DIRECTION('',(-1.,0.));
#5153 = ( GEOMETRIC_REPRESENTATION_CONTEXT(2) 
PARAMETRIC_REPRESENTATION_CONTEXT() REPRESENTATION_CONTEXT('2D SPACE',''
  ) );
#5154 = PCURVE('',#4560,#5155);
#5155 = DEFINITIONAL_REPRESENTATION('',(#5156),#5160);
#5156 = LINE('',#5157,#5158);
#5157 = CARTESIAN_POINT('',(-0.65,-11.40000020904));
#5158 = VECTOR('',#5159,1.);
#5159 = DIRECTION('',(-1.,-0.));
#5160 = ( GEOMETRIC_REPRESENTATION_CONTEXT(2) 
PARAMETRIC_REPRESENTATION_CONTEXT() REPRESENTATION_CONTEXT('2D SPACE',''
  ) );
#5161 = ORIENTED_EDGE('',*,*,#4572,.F.);
#5162 = ADVANCED_FACE('',(#5163),#1795,.T.);
#5163 = FACE_BOUND('',#5164,.T.);
#5164 = EDGE_LOOP('',(#5165,#5166,#5167,#5190,#5218,#5246,#5267,#5268));
#5165 = ORIENTED_EDGE('',*,*,#1779,.F.);
#5166 = ORIENTED_EDGE('',*,*,#5050,.F.);
#5167 = ORIENTED_EDGE('',*,*,#5168,.F.);
#5168 = EDGE_CURVE('',#5169,#5051,#5171,.T.);
#5169 = VERTEX_POINT('',#5170);
#5170 = CARTESIAN_POINT('',(-4.4782,-11.7158,6.4));
#5171 = SURFACE_CURVE('',#5172,(#5176,#5183),.PCURVE_S1.);
#5172 = LINE('',#5173,#5174);
#5173 = CARTESIAN_POINT('',(-4.4782,-11.7158,6.4));
#5174 = VECTOR('',#5175,1.);
#5175 = DIRECTION('',(0.,1.,0.));
#5176 = PCURVE('',#1795,#5177);
#5177 = DEFINITIONAL_REPRESENTATION('',(#5178),#5182);
#5178 = LINE('',#5179,#5180);
#5179 = CARTESIAN_POINT('',(0.,2.62));
#5180 = VECTOR('',#5181,1.);
#5181 = DIRECTION('',(0.,1.));
#5182 = ( GEOMETRIC_REPRESENTATION_CONTEXT(2) 
PARAMETRIC_REPRESENTATION_CONTEXT() REPRESENTATION_CONTEXT('2D SPACE',''
  ) );
#5183 = PCURVE('',#4453,#5184);
#5184 = DEFINITIONAL_REPRESENTATION('',(#5185),#5189);
#5185 = LINE('',#5186,#5187);
#5186 = CARTESIAN_POINT('',(0.,-2.62));
#5187 = VECTOR('',#5188,1.);
#5188 = DIRECTION('',(0.,-1.));
#5189 = ( GEOMETRIC_REPRESENTATION_CONTEXT(2) 
PARAMETRIC_REPRESENTATION_CONTEXT() REPRESENTATION_CONTEXT('2D SPACE',''
  ) );
#5190 = ORIENTED_EDGE('',*,*,#5191,.F.);
#5191 = EDGE_CURVE('',#5192,#5169,#5194,.T.);
#5192 = VERTEX_POINT('',#5193);
#5193 = CARTESIAN_POINT('',(-4.4882,-11.7158,6.4));
#5194 = SURFACE_CURVE('',#5195,(#5199,#5206),.PCURVE_S1.);
#5195 = LINE('',#5196,#5197);
#5196 = CARTESIAN_POINT('',(-22.2441,-11.7158,6.4));
#5197 = VECTOR('',#5198,1.);
#5198 = DIRECTION('',(1.,0.,-0.));
#5199 = PCURVE('',#1795,#5200);
#5200 = DEFINITIONAL_REPRESENTATION('',(#5201),#5205);
#5201 = LINE('',#5202,#5203);
#5202 = CARTESIAN_POINT('',(-17.7659,2.62));
#5203 = VECTOR('',#5204,1.);
#5204 = DIRECTION('',(1.,0.));
#5205 = ( GEOMETRIC_REPRESENTATION_CONTEXT(2) 
PARAMETRIC_REPRESENTATION_CONTEXT() REPRESENTATION_CONTEXT('2D SPACE',''
  ) );
#5206 = PCURVE('',#5207,#5212);
#5207 = PLANE('',#5208);
#5208 = AXIS2_PLACEMENT_3D('',#5209,#5210,#5211);
#5209 = CARTESIAN_POINT('',(-4.4882,-11.7158,5.));
#5210 = DIRECTION('',(-0.,1.,0.));
#5211 = DIRECTION('',(0.,0.,1.));
#5212 = DEFINITIONAL_REPRESENTATION('',(#5213),#5217);
#5213 = LINE('',#5214,#5215);
#5214 = CARTESIAN_POINT('',(1.4,-17.7559));
#5215 = VECTOR('',#5216,1.);
#5216 = DIRECTION('',(0.,1.));
#5217 = ( GEOMETRIC_REPRESENTATION_CONTEXT(2) 
PARAMETRIC_REPRESENTATION_CONTEXT() REPRESENTATION_CONTEXT('2D SPACE',''
  ) );
#5218 = ORIENTED_EDGE('',*,*,#5219,.T.);
#5219 = EDGE_CURVE('',#5192,#5220,#5222,.T.);
#5220 = VERTEX_POINT('',#5221);
#5221 = CARTESIAN_POINT('',(-4.4882,-14.3358,6.4));
#5222 = SURFACE_CURVE('',#5223,(#5227,#5234),.PCURVE_S1.);
#5223 = LINE('',#5224,#5225);
#5224 = CARTESIAN_POINT('',(-4.4882,-20.0579,6.4));
#5225 = VECTOR('',#5226,1.);
#5226 = DIRECTION('',(0.,-1.,0.));
#5227 = PCURVE('',#1795,#5228);
#5228 = DEFINITIONAL_REPRESENTATION('',(#5229),#5233);
#5229 = LINE('',#5230,#5231);
#5230 = CARTESIAN_POINT('',(-1.E-02,-5.7221));
#5231 = VECTOR('',#5232,1.);
#5232 = DIRECTION('',(0.,-1.));
#5233 = ( GEOMETRIC_REPRESENTATION_CONTEXT(2) 
PARAMETRIC_REPRESENTATION_CONTEXT() REPRESENTATION_CONTEXT('2D SPACE',''
  ) );
#5234 = PCURVE('',#5235,#5240);
#5235 = PLANE('',#5236);
#5236 = AXIS2_PLACEMENT_3D('',#5237,#5238,#5239);
#5237 = CARTESIAN_POINT('',(-4.4882,-15.1158,5.));
#5238 = DIRECTION('',(1.,0.,-0.));
#5239 = DIRECTION('',(0.,0.,1.));
#5240 = DEFINITIONAL_REPRESENTATION('',(#5241),#5245);
#5241 = LINE('',#5242,#5243);
#5242 = CARTESIAN_POINT('',(1.4,4.9421));
#5243 = VECTOR('',#5244,1.);
#5244 = DIRECTION('',(0.,1.));
#5245 = ( GEOMETRIC_REPRESENTATION_CONTEXT(2) 
PARAMETRIC_REPRESENTATION_CONTEXT() REPRESENTATION_CONTEXT('2D SPACE',''
  ) );
#5246 = ORIENTED_EDGE('',*,*,#5247,.T.);
#5247 = EDGE_CURVE('',#5220,#2239,#5248,.T.);
#5248 = SURFACE_CURVE('',#5249,(#5253,#5260),.PCURVE_S1.);
#5249 = LINE('',#5250,#5251);
#5250 = CARTESIAN_POINT('',(-5.4582,-14.3358,6.4));
#5251 = VECTOR('',#5252,1.);
#5252 = DIRECTION('',(1.,0.,-0.));
#5253 = PCURVE('',#1795,#5254);
#5254 = DEFINITIONAL_REPRESENTATION('',(#5255),#5259);
#5255 = LINE('',#5256,#5257);
#5256 = CARTESIAN_POINT('',(-0.98,0.));
#5257 = VECTOR('',#5258,1.);
#5258 = DIRECTION('',(1.,0.));
#5259 = ( GEOMETRIC_REPRESENTATION_CONTEXT(2) 
PARAMETRIC_REPRESENTATION_CONTEXT() REPRESENTATION_CONTEXT('2D SPACE',''
  ) );
#5260 = PCURVE('',#2277,#5261);
#5261 = DEFINITIONAL_REPRESENTATION('',(#5262),#5266);
#5262 = LINE('',#5263,#5264);
#5263 = CARTESIAN_POINT('',(0.,0.));
#5264 = VECTOR('',#5265,1.);
#5265 = DIRECTION('',(0.,1.));
#5266 = ( GEOMETRIC_REPRESENTATION_CONTEXT(2) 
PARAMETRIC_REPRESENTATION_CONTEXT() REPRESENTATION_CONTEXT('2D SPACE',''
  ) );
#5267 = ORIENTED_EDGE('',*,*,#2238,.F.);
#5268 = ORIENTED_EDGE('',*,*,#5269,.T.);
#5269 = EDGE_CURVE('',#2216,#1780,#5270,.T.);
#5270 = SURFACE_CURVE('',#5271,(#5275,#5282),.PCURVE_S1.);
#5271 = LINE('',#5272,#5273);
#5272 = CARTESIAN_POINT('',(-3.8082,-11.4958,6.4));
#5273 = VECTOR('',#5274,1.);
#5274 = DIRECTION('',(1.,0.,-0.));
#5275 = PCURVE('',#1795,#5276);
#5276 = DEFINITIONAL_REPRESENTATION('',(#5277),#5281);
#5277 = LINE('',#5278,#5279);
#5278 = CARTESIAN_POINT('',(0.67,2.84));
#5279 = VECTOR('',#5280,1.);
#5280 = DIRECTION('',(1.,0.));
#5281 = ( GEOMETRIC_REPRESENTATION_CONTEXT(2) 
PARAMETRIC_REPRESENTATION_CONTEXT() REPRESENTATION_CONTEXT('2D SPACE',''
  ) );
#5282 = PCURVE('',#1821,#5283);
#5283 = DEFINITIONAL_REPRESENTATION('',(#5284),#5288);
#5284 = LINE('',#5285,#5286);
#5285 = CARTESIAN_POINT('',(2.2,0.));
#5286 = VECTOR('',#5287,1.);
#5287 = DIRECTION('',(0.,1.));
#5288 = ( GEOMETRIC_REPRESENTATION_CONTEXT(2) 
PARAMETRIC_REPRESENTATION_CONTEXT() REPRESENTATION_CONTEXT('2D SPACE',''
  ) );
#5289 = ADVANCED_FACE('',(#5290),#1821,.F.);
#5290 = FACE_BOUND('',#5291,.F.);
#5291 = EDGE_LOOP('',(#5292,#5293,#5314,#5315,#5316,#5317,#5318,#5319));
#5292 = ORIENTED_EDGE('',*,*,#2513,.F.);
#5293 = ORIENTED_EDGE('',*,*,#5294,.F.);
#5294 = EDGE_CURVE('',#2188,#2491,#5295,.T.);
#5295 = SURFACE_CURVE('',#5296,(#5300,#5307),.PCURVE_S1.);
#5296 = LINE('',#5297,#5298);
#5297 = CARTESIAN_POINT('',(-3.8082,-11.4958,4.2));
#5298 = VECTOR('',#5299,1.);
#5299 = DIRECTION('',(1.,0.,-0.));
#5300 = PCURVE('',#1821,#5301);
#5301 = DEFINITIONAL_REPRESENTATION('',(#5302),#5306);
#5302 = LINE('',#5303,#5304);
#5303 = CARTESIAN_POINT('',(0.,0.));
#5304 = VECTOR('',#5305,1.);
#5305 = DIRECTION('',(0.,1.));
#5306 = ( GEOMETRIC_REPRESENTATION_CONTEXT(2) 
PARAMETRIC_REPRESENTATION_CONTEXT() REPRESENTATION_CONTEXT('2D SPACE',''
  ) );
#5307 = PCURVE('',#2203,#5308);
#5308 = DEFINITIONAL_REPRESENTATION('',(#5309),#5313);
#5309 = LINE('',#5310,#5311);
#5310 = CARTESIAN_POINT('',(0.,2.9));
#5311 = VECTOR('',#5312,1.);
#5312 = DIRECTION('',(1.,0.));
#5313 = ( GEOMETRIC_REPRESENTATION_CONTEXT(2) 
PARAMETRIC_REPRESENTATION_CONTEXT() REPRESENTATION_CONTEXT('2D SPACE',''
  ) );
#5314 = ORIENTED_EDGE('',*,*,#2215,.T.);
#5315 = ORIENTED_EDGE('',*,*,#5269,.T.);
#5316 = ORIENTED_EDGE('',*,*,#1807,.T.);
#5317 = ORIENTED_EDGE('',*,*,#4863,.F.);
#5318 = ORIENTED_EDGE('',*,*,#2038,.T.);
#5319 = ORIENTED_EDGE('',*,*,#5320,.T.);
#5320 = EDGE_CURVE('',#2041,#2514,#5321,.T.);
#5321 = SURFACE_CURVE('',#5322,(#5326,#5333),.PCURVE_S1.);
#5322 = LINE('',#5323,#5324);
#5323 = CARTESIAN_POINT('',(-3.8082,-11.4958,6.4));
#5324 = VECTOR('',#5325,1.);
#5325 = DIRECTION('',(1.,0.,-0.));
#5326 = PCURVE('',#1821,#5327);
#5327 = DEFINITIONAL_REPRESENTATION('',(#5328),#5332);
#5328 = LINE('',#5329,#5330);
#5329 = CARTESIAN_POINT('',(2.2,0.));
#5330 = VECTOR('',#5331,1.);
#5331 = DIRECTION('',(0.,1.));
#5332 = ( GEOMETRIC_REPRESENTATION_CONTEXT(2) 
PARAMETRIC_REPRESENTATION_CONTEXT() REPRESENTATION_CONTEXT('2D SPACE',''
  ) );
#5333 = PCURVE('',#2147,#5334);
#5334 = DEFINITIONAL_REPRESENTATION('',(#5335),#5339);
#5335 = LINE('',#5336,#5337);
#5336 = CARTESIAN_POINT('',(0.67,2.84));
#5337 = VECTOR('',#5338,1.);
#5338 = DIRECTION('',(1.,0.));
#5339 = ( GEOMETRIC_REPRESENTATION_CONTEXT(2) 
PARAMETRIC_REPRESENTATION_CONTEXT() REPRESENTATION_CONTEXT('2D SPACE',''
  ) );
#5340 = ADVANCED_FACE('',(#5341),#1854,.T.);
#5341 = FACE_BOUND('',#5342,.T.);
#5342 = EDGE_LOOP('',(#5343,#5367,#5368,#5369,#5370,#5393,#5416,#5439,
    #5462));
#5343 = ORIENTED_EDGE('',*,*,#5344,.F.);
#5344 = EDGE_CURVE('',#1839,#5345,#5347,.T.);
#5345 = VERTEX_POINT('',#5346);
#5346 = CARTESIAN_POINT('',(-4.525344864974,-6.815800104523,8.4));
#5347 = SURFACE_CURVE('',#5348,(#5353,#5360),.PCURVE_S1.);
#5348 = CIRCLE('',#5349,2.15);
#5349 = AXIS2_PLACEMENT_3D('',#5350,#5351,#5352);
#5350 = CARTESIAN_POINT('',(-6.5582,-6.115800104523,8.4));
#5351 = DIRECTION('',(0.,0.,1.));
#5352 = DIRECTION('',(1.,0.,-0.));
#5353 = PCURVE('',#1854,#5354);
#5354 = DEFINITIONAL_REPRESENTATION('',(#5355),#5359);
#5355 = CIRCLE('',#5356,2.15);
#5356 = AXIS2_PLACEMENT_2D('',#5357,#5358);
#5357 = CARTESIAN_POINT('',(-1.1,8.899999895477));
#5358 = DIRECTION('',(1.,0.));
#5359 = ( GEOMETRIC_REPRESENTATION_CONTEXT(2) 
PARAMETRIC_REPRESENTATION_CONTEXT() REPRESENTATION_CONTEXT('2D SPACE',''
  ) );
#5360 = PCURVE('',#1926,#5361);
#5361 = DEFINITIONAL_REPRESENTATION('',(#5362),#5366);
#5362 = LINE('',#5363,#5364);
#5363 = CARTESIAN_POINT('',(0.,0.5));
#5364 = VECTOR('',#5365,1.);
#5365 = DIRECTION('',(1.,0.));
#5366 = ( GEOMETRIC_REPRESENTATION_CONTEXT(2) 
PARAMETRIC_REPRESENTATION_CONTEXT() REPRESENTATION_CONTEXT('2D SPACE',''
  ) );
#5367 = ORIENTED_EDGE('',*,*,#1836,.F.);
#5368 = ORIENTED_EDGE('',*,*,#1990,.F.);
#5369 = ORIENTED_EDGE('',*,*,#2289,.T.);
#5370 = ORIENTED_EDGE('',*,*,#5371,.F.);
#5371 = EDGE_CURVE('',#5372,#2262,#5374,.T.);
#5372 = VERTEX_POINT('',#5373);
#5373 = CARTESIAN_POINT('',(-4.4882,-14.3358,8.4));
#5374 = SURFACE_CURVE('',#5375,(#5379,#5386),.PCURVE_S1.);
#5375 = LINE('',#5376,#5377);
#5376 = CARTESIAN_POINT('',(-5.4582,-14.3358,8.4));
#5377 = VECTOR('',#5378,1.);
#5378 = DIRECTION('',(1.,0.,-0.));
#5379 = PCURVE('',#1854,#5380);
#5380 = DEFINITIONAL_REPRESENTATION('',(#5381),#5385);
#5381 = LINE('',#5382,#5383);
#5382 = CARTESIAN_POINT('',(0.,0.68));
#5383 = VECTOR('',#5384,1.);
#5384 = DIRECTION('',(1.,0.));
#5385 = ( GEOMETRIC_REPRESENTATION_CONTEXT(2) 
PARAMETRIC_REPRESENTATION_CONTEXT() REPRESENTATION_CONTEXT('2D SPACE',''
  ) );
#5386 = PCURVE('',#2277,#5387);
#5387 = DEFINITIONAL_REPRESENTATION('',(#5388),#5392);
#5388 = LINE('',#5389,#5390);
#5389 = CARTESIAN_POINT('',(2.,0.));
#5390 = VECTOR('',#5391,1.);
#5391 = DIRECTION('',(0.,1.));
#5392 = ( GEOMETRIC_REPRESENTATION_CONTEXT(2) 
PARAMETRIC_REPRESENTATION_CONTEXT() REPRESENTATION_CONTEXT('2D SPACE',''
  ) );
#5393 = ORIENTED_EDGE('',*,*,#5394,.T.);
#5394 = EDGE_CURVE('',#5372,#5395,#5397,.T.);
#5395 = VERTEX_POINT('',#5396);
#5396 = CARTESIAN_POINT('',(-4.4882,-11.7158,8.4));
#5397 = SURFACE_CURVE('',#5398,(#5402,#5409),.PCURVE_S1.);
#5398 = LINE('',#5399,#5400);
#5399 = CARTESIAN_POINT('',(-4.4882,-15.0658,8.4));
#5400 = VECTOR('',#5401,1.);
#5401 = DIRECTION('',(-0.,1.,0.));
#5402 = PCURVE('',#1854,#5403);
#5403 = DEFINITIONAL_REPRESENTATION('',(#5404),#5408);
#5404 = LINE('',#5405,#5406);
#5405 = CARTESIAN_POINT('',(0.97,-5.E-02));
#5406 = VECTOR('',#5407,1.);
#5407 = DIRECTION('',(0.,1.));
#5408 = ( GEOMETRIC_REPRESENTATION_CONTEXT(2) 
PARAMETRIC_REPRESENTATION_CONTEXT() REPRESENTATION_CONTEXT('2D SPACE',''
  ) );
#5409 = PCURVE('',#5235,#5410);
#5410 = DEFINITIONAL_REPRESENTATION('',(#5411),#5415);
#5411 = LINE('',#5412,#5413);
#5412 = CARTESIAN_POINT('',(3.4,-5.E-02));
#5413 = VECTOR('',#5414,1.);
#5414 = DIRECTION('',(0.,-1.));
#5415 = ( GEOMETRIC_REPRESENTATION_CONTEXT(2) 
PARAMETRIC_REPRESENTATION_CONTEXT() REPRESENTATION_CONTEXT('2D SPACE',''
  ) );
#5416 = ORIENTED_EDGE('',*,*,#5417,.F.);
#5417 = EDGE_CURVE('',#5418,#5395,#5420,.T.);
#5418 = VERTEX_POINT('',#5419);
#5419 = CARTESIAN_POINT('',(-4.4782,-11.7158,8.4));
#5420 = SURFACE_CURVE('',#5421,(#5425,#5432),.PCURVE_S1.);
#5421 = LINE('',#5422,#5423);
#5422 = CARTESIAN_POINT('',(-4.9732,-11.7158,8.4));
#5423 = VECTOR('',#5424,1.);
#5424 = DIRECTION('',(-1.,-0.,0.));
#5425 = PCURVE('',#1854,#5426);
#5426 = DEFINITIONAL_REPRESENTATION('',(#5427),#5431);
#5427 = LINE('',#5428,#5429);
#5428 = CARTESIAN_POINT('',(0.485,3.3));
#5429 = VECTOR('',#5430,1.);
#5430 = DIRECTION('',(-1.,0.));
#5431 = ( GEOMETRIC_REPRESENTATION_CONTEXT(2) 
PARAMETRIC_REPRESENTATION_CONTEXT() REPRESENTATION_CONTEXT('2D SPACE',''
  ) );
#5432 = PCURVE('',#5207,#5433);
#5433 = DEFINITIONAL_REPRESENTATION('',(#5434),#5438);
#5434 = LINE('',#5435,#5436);
#5435 = CARTESIAN_POINT('',(3.4,-0.485));
#5436 = VECTOR('',#5437,1.);
#5437 = DIRECTION('',(0.,-1.));
#5438 = ( GEOMETRIC_REPRESENTATION_CONTEXT(2) 
PARAMETRIC_REPRESENTATION_CONTEXT() REPRESENTATION_CONTEXT('2D SPACE',''
  ) );
#5439 = ORIENTED_EDGE('',*,*,#5440,.T.);
#5440 = EDGE_CURVE('',#5418,#5441,#5443,.T.);
#5441 = VERTEX_POINT('',#5442);
#5442 = CARTESIAN_POINT('',(-4.4782,-6.815800104523,8.4));
#5443 = SURFACE_CURVE('',#5444,(#5448,#5455),.PCURVE_S1.);
#5444 = LINE('',#5445,#5446);
#5445 = CARTESIAN_POINT('',(-4.4782,-14.6758,8.4));
#5446 = VECTOR('',#5447,1.);
#5447 = DIRECTION('',(-0.,1.,0.));
#5448 = PCURVE('',#1854,#5449);
#5449 = DEFINITIONAL_REPRESENTATION('',(#5450),#5454);
#5450 = LINE('',#5451,#5452);
#5451 = CARTESIAN_POINT('',(0.98,0.34));
#5452 = VECTOR('',#5453,1.);
#5453 = DIRECTION('',(0.,1.));
#5454 = ( GEOMETRIC_REPRESENTATION_CONTEXT(2) 
PARAMETRIC_REPRESENTATION_CONTEXT() REPRESENTATION_CONTEXT('2D SPACE',''
  ) );
#5455 = PCURVE('',#4453,#5456);
#5456 = DEFINITIONAL_REPRESENTATION('',(#5457),#5461);
#5457 = LINE('',#5458,#5459);
#5458 = CARTESIAN_POINT('',(2.,0.34));
#5459 = VECTOR('',#5460,1.);
#5460 = DIRECTION('',(0.,-1.));
#5461 = ( GEOMETRIC_REPRESENTATION_CONTEXT(2) 
PARAMETRIC_REPRESENTATION_CONTEXT() REPRESENTATION_CONTEXT('2D SPACE',''
  ) );
#5462 = ORIENTED_EDGE('',*,*,#5463,.T.);
#5463 = EDGE_CURVE('',#5441,#5345,#5464,.T.);
#5464 = SURFACE_CURVE('',#5465,(#5469,#5476),.PCURVE_S1.);
#5465 = LINE('',#5466,#5467);
#5466 = CARTESIAN_POINT('',(-5.3332,-6.815800104523,8.4));
#5467 = VECTOR('',#5468,1.);
#5468 = DIRECTION('',(-1.,-0.,0.));
#5469 = PCURVE('',#1854,#5470);
#5470 = DEFINITIONAL_REPRESENTATION('',(#5471),#5475);
#5471 = LINE('',#5472,#5473);
#5472 = CARTESIAN_POINT('',(0.125,8.199999895477));
#5473 = VECTOR('',#5474,1.);
#5474 = DIRECTION('',(-1.,0.));
#5475 = ( GEOMETRIC_REPRESENTATION_CONTEXT(2) 
PARAMETRIC_REPRESENTATION_CONTEXT() REPRESENTATION_CONTEXT('2D SPACE',''
  ) );
#5476 = PCURVE('',#5477,#5482);
#5477 = PLANE('',#5478);
#5478 = AXIS2_PLACEMENT_3D('',#5479,#5480,#5481);
#5479 = CARTESIAN_POINT('',(-5.2082,-6.815800104523,8.1));
#5480 = DIRECTION('',(-0.,1.,0.));
#5481 = DIRECTION('',(0.,0.,1.));
#5482 = DEFINITIONAL_REPRESENTATION('',(#5483),#5487);
#5483 = LINE('',#5484,#5485);
#5484 = CARTESIAN_POINT('',(0.3,-0.125));
#5485 = VECTOR('',#5486,1.);
#5486 = DIRECTION('',(0.,-1.));
#5487 = ( GEOMETRIC_REPRESENTATION_CONTEXT(2) 
PARAMETRIC_REPRESENTATION_CONTEXT() REPRESENTATION_CONTEXT('2D SPACE',''
  ) );
#5488 = ADVANCED_FACE('',(#5489),#1926,.F.);
#5489 = FACE_BOUND('',#5490,.F.);
#5490 = EDGE_LOOP('',(#5491,#5492,#5493,#5515,#5544,#5564));
#5491 = ORIENTED_EDGE('',*,*,#1912,.F.);
#5492 = ORIENTED_EDGE('',*,*,#4779,.T.);
#5493 = ORIENTED_EDGE('',*,*,#5494,.T.);
#5494 = EDGE_CURVE('',#4753,#5495,#5497,.T.);
#5495 = VERTEX_POINT('',#5496);
#5496 = CARTESIAN_POINT('',(-4.4782,-6.659950818939,8.1));
#5497 = SURFACE_CURVE('',#5498,(#5502,#5508),.PCURVE_S1.);
#5498 = LINE('',#5499,#5500);
#5499 = CARTESIAN_POINT('',(-4.4782,-6.659950818939,7.9));
#5500 = VECTOR('',#5501,1.);
#5501 = DIRECTION('',(0.,0.,1.));
#5502 = PCURVE('',#1926,#5503);
#5503 = DEFINITIONAL_REPRESENTATION('',(#5504),#5507);
#5504 = B_SPLINE_CURVE_WITH_KNOTS('',1,(#5505,#5506),.UNSPECIFIED.,.F.,
  .F.,(2,2),(-5.999999999062E-07,0.7),.PIECEWISE_BEZIER_KNOTS.);
#5505 = CARTESIAN_POINT('',(6.027308923949,-5.999999999062E-07));
#5506 = CARTESIAN_POINT('',(6.027308923949,0.7));
#5507 = ( GEOMETRIC_REPRESENTATION_CONTEXT(2) 
PARAMETRIC_REPRESENTATION_CONTEXT() REPRESENTATION_CONTEXT('2D SPACE',''
  ) );
#5508 = PCURVE('',#4453,#5509);
#5509 = DEFINITIONAL_REPRESENTATION('',(#5510),#5514);
#5510 = LINE('',#5511,#5512);
#5511 = CARTESIAN_POINT('',(1.5,-7.675849181061));
#5512 = VECTOR('',#5513,1.);
#5513 = DIRECTION('',(1.,0.));
#5514 = ( GEOMETRIC_REPRESENTATION_CONTEXT(2) 
PARAMETRIC_REPRESENTATION_CONTEXT() REPRESENTATION_CONTEXT('2D SPACE',''
  ) );
#5515 = ORIENTED_EDGE('',*,*,#5516,.F.);
#5516 = EDGE_CURVE('',#5517,#5495,#5519,.T.);
#5517 = VERTEX_POINT('',#5518);
#5518 = CARTESIAN_POINT('',(-4.525344864974,-6.815800104523,8.1));
#5519 = SURFACE_CURVE('',#5520,(#5525,#5532),.PCURVE_S1.);
#5520 = CIRCLE('',#5521,2.15);
#5521 = AXIS2_PLACEMENT_3D('',#5522,#5523,#5524);
#5522 = CARTESIAN_POINT('',(-6.5582,-6.115800104523,8.1));
#5523 = DIRECTION('',(0.,0.,1.));
#5524 = DIRECTION('',(0.945514016291,-0.325581395349,0.));
#5525 = PCURVE('',#1926,#5526);
#5526 = DEFINITIONAL_REPRESENTATION('',(#5527),#5531);
#5527 = LINE('',#5528,#5529);
#5528 = CARTESIAN_POINT('',(5.951558745426,0.2));
#5529 = VECTOR('',#5530,1.);
#5530 = DIRECTION('',(1.,0.));
#5531 = ( GEOMETRIC_REPRESENTATION_CONTEXT(2) 
PARAMETRIC_REPRESENTATION_CONTEXT() REPRESENTATION_CONTEXT('2D SPACE',''
  ) );
#5532 = PCURVE('',#5533,#5538);
#5533 = PLANE('',#5534);
#5534 = AXIS2_PLACEMENT_3D('',#5535,#5536,#5537);
#5535 = CARTESIAN_POINT('',(-5.2082,-6.815800104523,8.1));
#5536 = DIRECTION('',(0.,0.,1.));
#5537 = DIRECTION('',(1.,0.,-0.));
#5538 = DEFINITIONAL_REPRESENTATION('',(#5539),#5543);
#5539 = CIRCLE('',#5540,2.15);
#5540 = AXIS2_PLACEMENT_2D('',#5541,#5542);
#5541 = CARTESIAN_POINT('',(-1.35,0.7));
#5542 = DIRECTION('',(0.945514016291,-0.325581395349));
#5543 = ( GEOMETRIC_REPRESENTATION_CONTEXT(2) 
PARAMETRIC_REPRESENTATION_CONTEXT() REPRESENTATION_CONTEXT('2D SPACE',''
  ) );
#5544 = ORIENTED_EDGE('',*,*,#5545,.T.);
#5545 = EDGE_CURVE('',#5517,#5345,#5546,.T.);
#5546 = SURFACE_CURVE('',#5547,(#5551,#5557),.PCURVE_S1.);
#5547 = LINE('',#5548,#5549);
#5548 = CARTESIAN_POINT('',(-4.525344864974,-6.815800104523,7.9));
#5549 = VECTOR('',#5550,1.);
#5550 = DIRECTION('',(0.,0.,1.));
#5551 = PCURVE('',#1926,#5552);
#5552 = DEFINITIONAL_REPRESENTATION('',(#5553),#5556);
#5553 = B_SPLINE_CURVE_WITH_KNOTS('',1,(#5554,#5555),.UNSPECIFIED.,.F.,
  .F.,(2,2),(-5.999999999062E-07,0.5000006),.PIECEWISE_BEZIER_KNOTS.);
#5554 = CARTESIAN_POINT('',(5.951558745426,-5.999999999062E-07));
#5555 = CARTESIAN_POINT('',(5.951558745426,0.5000006));
#5556 = ( GEOMETRIC_REPRESENTATION_CONTEXT(2) 
PARAMETRIC_REPRESENTATION_CONTEXT() REPRESENTATION_CONTEXT('2D SPACE',''
  ) );
#5557 = PCURVE('',#5477,#5558);
#5558 = DEFINITIONAL_REPRESENTATION('',(#5559),#5563);
#5559 = LINE('',#5560,#5561);
#5560 = CARTESIAN_POINT('',(-0.2,0.682855135026));
#5561 = VECTOR('',#5562,1.);
#5562 = DIRECTION('',(1.,0.));
#5563 = ( GEOMETRIC_REPRESENTATION_CONTEXT(2) 
PARAMETRIC_REPRESENTATION_CONTEXT() REPRESENTATION_CONTEXT('2D SPACE',''
  ) );
#5564 = ORIENTED_EDGE('',*,*,#5344,.F.);
#5565 = ADVANCED_FACE('',(#5566),#2147,.T.);
#5566 = FACE_BOUND('',#5567,.T.);
#5567 = EDGE_LOOP('',(#5568,#5569,#5570,#5571,#5594,#5622,#5650,#5671));
#5568 = ORIENTED_EDGE('',*,*,#2133,.F.);
#5569 = ORIENTED_EDGE('',*,*,#5320,.T.);
#5570 = ORIENTED_EDGE('',*,*,#2536,.F.);
#5571 = ORIENTED_EDGE('',*,*,#5572,.T.);
#5572 = EDGE_CURVE('',#2537,#5573,#5575,.T.);
#5573 = VERTEX_POINT('',#5574);
#5574 = CARTESIAN_POINT('',(4.7718,-14.3358,6.4));
#5575 = SURFACE_CURVE('',#5576,(#5580,#5587),.PCURVE_S1.);
#5576 = LINE('',#5577,#5578);
#5577 = CARTESIAN_POINT('',(4.0918,-14.3358,6.4));
#5578 = VECTOR('',#5579,1.);
#5579 = DIRECTION('',(1.,0.,-0.));
#5580 = PCURVE('',#2147,#5581);
#5581 = DEFINITIONAL_REPRESENTATION('',(#5582),#5586);
#5582 = LINE('',#5583,#5584);
#5583 = CARTESIAN_POINT('',(8.57,0.));
#5584 = VECTOR('',#5585,1.);
#5585 = DIRECTION('',(1.,0.));
#5586 = ( GEOMETRIC_REPRESENTATION_CONTEXT(2) 
PARAMETRIC_REPRESENTATION_CONTEXT() REPRESENTATION_CONTEXT('2D SPACE',''
  ) );
#5587 = PCURVE('',#2575,#5588);
#5588 = DEFINITIONAL_REPRESENTATION('',(#5589),#5593);
#5589 = LINE('',#5590,#5591);
#5590 = CARTESIAN_POINT('',(0.,0.));
#5591 = VECTOR('',#5592,1.);
#5592 = DIRECTION('',(0.,1.));
#5593 = ( GEOMETRIC_REPRESENTATION_CONTEXT(2) 
PARAMETRIC_REPRESENTATION_CONTEXT() REPRESENTATION_CONTEXT('2D SPACE',''
  ) );
#5594 = ORIENTED_EDGE('',*,*,#5595,.F.);
#5595 = EDGE_CURVE('',#5596,#5573,#5598,.T.);
#5596 = VERTEX_POINT('',#5597);
#5597 = CARTESIAN_POINT('',(4.7718,-11.7158,6.4));
#5598 = SURFACE_CURVE('',#5599,(#5603,#5610),.PCURVE_S1.);
#5599 = LINE('',#5600,#5601);
#5600 = CARTESIAN_POINT('',(4.7718,-20.0579,6.4));
#5601 = VECTOR('',#5602,1.);
#5602 = DIRECTION('',(0.,-1.,0.));
#5603 = PCURVE('',#2147,#5604);
#5604 = DEFINITIONAL_REPRESENTATION('',(#5605),#5609);
#5605 = LINE('',#5606,#5607);
#5606 = CARTESIAN_POINT('',(9.25,-5.7221));
#5607 = VECTOR('',#5608,1.);
#5608 = DIRECTION('',(0.,-1.));
#5609 = ( GEOMETRIC_REPRESENTATION_CONTEXT(2) 
PARAMETRIC_REPRESENTATION_CONTEXT() REPRESENTATION_CONTEXT('2D SPACE',''
  ) );
#5610 = PCURVE('',#5611,#5616);
#5611 = PLANE('',#5612);
#5612 = AXIS2_PLACEMENT_3D('',#5613,#5614,#5615);
#5613 = CARTESIAN_POINT('',(4.7718,-15.1158,5.));
#5614 = DIRECTION('',(1.,0.,-0.));
#5615 = DIRECTION('',(0.,0.,1.));
#5616 = DEFINITIONAL_REPRESENTATION('',(#5617),#5621);
#5617 = LINE('',#5618,#5619);
#5618 = CARTESIAN_POINT('',(1.4,4.9421));
#5619 = VECTOR('',#5620,1.);
#5620 = DIRECTION('',(0.,1.));
#5621 = ( GEOMETRIC_REPRESENTATION_CONTEXT(2) 
PARAMETRIC_REPRESENTATION_CONTEXT() REPRESENTATION_CONTEXT('2D SPACE',''
  ) );
#5622 = ORIENTED_EDGE('',*,*,#5623,.F.);
#5623 = EDGE_CURVE('',#5624,#5596,#5626,.T.);
#5624 = VERTEX_POINT('',#5625);
#5625 = CARTESIAN_POINT('',(4.7618,-11.7158,6.4));
#5626 = SURFACE_CURVE('',#5627,(#5631,#5638),.PCURVE_S1.);
#5627 = LINE('',#5628,#5629);
#5628 = CARTESIAN_POINT('',(-22.2441,-11.7158,6.4));
#5629 = VECTOR('',#5630,1.);
#5630 = DIRECTION('',(1.,0.,-0.));
#5631 = PCURVE('',#2147,#5632);
#5632 = DEFINITIONAL_REPRESENTATION('',(#5633),#5637);
#5633 = LINE('',#5634,#5635);
#5634 = CARTESIAN_POINT('',(-17.7659,2.62));
#5635 = VECTOR('',#5636,1.);
#5636 = DIRECTION('',(1.,0.));
#5637 = ( GEOMETRIC_REPRESENTATION_CONTEXT(2) 
PARAMETRIC_REPRESENTATION_CONTEXT() REPRESENTATION_CONTEXT('2D SPACE',''
  ) );
#5638 = PCURVE('',#5639,#5644);
#5639 = PLANE('',#5640);
#5640 = AXIS2_PLACEMENT_3D('',#5641,#5642,#5643);
#5641 = CARTESIAN_POINT('',(-4.4882,-11.7158,5.));
#5642 = DIRECTION('',(-0.,1.,0.));
#5643 = DIRECTION('',(0.,0.,1.));
#5644 = DEFINITIONAL_REPRESENTATION('',(#5645),#5649);
#5645 = LINE('',#5646,#5647);
#5646 = CARTESIAN_POINT('',(1.4,-17.7559));
#5647 = VECTOR('',#5648,1.);
#5648 = DIRECTION('',(0.,1.));
#5649 = ( GEOMETRIC_REPRESENTATION_CONTEXT(2) 
PARAMETRIC_REPRESENTATION_CONTEXT() REPRESENTATION_CONTEXT('2D SPACE',''
  ) );
#5650 = ORIENTED_EDGE('',*,*,#5651,.F.);
#5651 = EDGE_CURVE('',#5004,#5624,#5652,.T.);
#5652 = SURFACE_CURVE('',#5653,(#5657,#5664),.PCURVE_S1.);
#5653 = LINE('',#5654,#5655);
#5654 = CARTESIAN_POINT('',(4.7618,-9.58E-02,6.4));
#5655 = VECTOR('',#5656,1.);
#5656 = DIRECTION('',(0.,-1.,0.));
#5657 = PCURVE('',#2147,#5658);
#5658 = DEFINITIONAL_REPRESENTATION('',(#5659),#5663);
#5659 = LINE('',#5660,#5661);
#5660 = CARTESIAN_POINT('',(9.24,14.24));
#5661 = VECTOR('',#5662,1.);
#5662 = DIRECTION('',(0.,-1.));
#5663 = ( GEOMETRIC_REPRESENTATION_CONTEXT(2) 
PARAMETRIC_REPRESENTATION_CONTEXT() REPRESENTATION_CONTEXT('2D SPACE',''
  ) );
#5664 = PCURVE('',#4611,#5665);
#5665 = DEFINITIONAL_REPRESENTATION('',(#5666),#5670);
#5666 = LINE('',#5667,#5668);
#5667 = CARTESIAN_POINT('',(0.,-14.24));
#5668 = VECTOR('',#5669,1.);
#5669 = DIRECTION('',(0.,1.));
#5670 = ( GEOMETRIC_REPRESENTATION_CONTEXT(2) 
PARAMETRIC_REPRESENTATION_CONTEXT() REPRESENTATION_CONTEXT('2D SPACE',''
  ) );
#5671 = ORIENTED_EDGE('',*,*,#5026,.F.);
#5672 = ADVANCED_FACE('',(#5673),#2203,.T.);
#5673 = FACE_BOUND('',#5674,.T.);
#5674 = EDGE_LOOP('',(#5675,#5676,#5677,#5678));
#5675 = ORIENTED_EDGE('',*,*,#2187,.F.);
#5676 = ORIENTED_EDGE('',*,*,#2313,.T.);
#5677 = ORIENTED_EDGE('',*,*,#2490,.T.);
#5678 = ORIENTED_EDGE('',*,*,#5294,.F.);
#5679 = ADVANCED_FACE('',(#5680),#2277,.T.);
#5680 = FACE_BOUND('',#5681,.T.);
#5681 = EDGE_LOOP('',(#5682,#5683,#5704,#5705));
#5682 = ORIENTED_EDGE('',*,*,#5247,.F.);
#5683 = ORIENTED_EDGE('',*,*,#5684,.T.);
#5684 = EDGE_CURVE('',#5220,#5372,#5685,.T.);
#5685 = SURFACE_CURVE('',#5686,(#5690,#5697),.PCURVE_S1.);
#5686 = LINE('',#5687,#5688);
#5687 = CARTESIAN_POINT('',(-4.4882,-14.3358,5.7));
#5688 = VECTOR('',#5689,1.);
#5689 = DIRECTION('',(0.,0.,1.));
#5690 = PCURVE('',#2277,#5691);
#5691 = DEFINITIONAL_REPRESENTATION('',(#5692),#5696);
#5692 = LINE('',#5693,#5694);
#5693 = CARTESIAN_POINT('',(-0.7,0.97));
#5694 = VECTOR('',#5695,1.);
#5695 = DIRECTION('',(1.,0.));
#5696 = ( GEOMETRIC_REPRESENTATION_CONTEXT(2) 
PARAMETRIC_REPRESENTATION_CONTEXT() REPRESENTATION_CONTEXT('2D SPACE',''
  ) );
#5697 = PCURVE('',#5235,#5698);
#5698 = DEFINITIONAL_REPRESENTATION('',(#5699),#5703);
#5699 = LINE('',#5700,#5701);
#5700 = CARTESIAN_POINT('',(0.7,-0.78));
#5701 = VECTOR('',#5702,1.);
#5702 = DIRECTION('',(1.,0.));
#5703 = ( GEOMETRIC_REPRESENTATION_CONTEXT(2) 
PARAMETRIC_REPRESENTATION_CONTEXT() REPRESENTATION_CONTEXT('2D SPACE',''
  ) );
#5704 = ORIENTED_EDGE('',*,*,#5371,.T.);
#5705 = ORIENTED_EDGE('',*,*,#2261,.F.);
#5706 = ADVANCED_FACE('',(#5707),#2401,.F.);
#5707 = FACE_BOUND('',#5708,.F.);
#5708 = EDGE_LOOP('',(#5709,#5710,#5734,#5756,#5785,#5805));
#5709 = ORIENTED_EDGE('',*,*,#2385,.F.);
#5710 = ORIENTED_EDGE('',*,*,#5711,.T.);
#5711 = EDGE_CURVE('',#2386,#5712,#5714,.T.);
#5712 = VERTEX_POINT('',#5713);
#5713 = CARTESIAN_POINT('',(4.7618,-5.571649390106,7.9));
#5714 = SURFACE_CURVE('',#5715,(#5720,#5727),.PCURVE_S1.);
#5715 = CIRCLE('',#5716,2.15);
#5716 = AXIS2_PLACEMENT_3D('',#5717,#5718,#5719);
#5717 = CARTESIAN_POINT('',(6.8418,-6.115800104523,7.9));
#5718 = DIRECTION('',(0.,0.,1.));
#5719 = DIRECTION('',(1.,0.,-0.));
#5720 = PCURVE('',#2401,#5721);
#5721 = DEFINITIONAL_REPRESENTATION('',(#5722),#5726);
#5722 = LINE('',#5723,#5724);
#5723 = CARTESIAN_POINT('',(0.,0.));
#5724 = VECTOR('',#5725,1.);
#5725 = DIRECTION('',(1.,0.));
#5726 = ( GEOMETRIC_REPRESENTATION_CONTEXT(2) 
PARAMETRIC_REPRESENTATION_CONTEXT() REPRESENTATION_CONTEXT('2D SPACE',''
  ) );
#5727 = PCURVE('',#2428,#5728);
#5728 = DEFINITIONAL_REPRESENTATION('',(#5729),#5733);
#5729 = CIRCLE('',#5730,2.15);
#5730 = AXIS2_PLACEMENT_2D('',#5731,#5732);
#5731 = CARTESIAN_POINT('',(0.,0.));
#5732 = DIRECTION('',(1.,0.));
#5733 = ( GEOMETRIC_REPRESENTATION_CONTEXT(2) 
PARAMETRIC_REPRESENTATION_CONTEXT() REPRESENTATION_CONTEXT('2D SPACE',''
  ) );
#5734 = ORIENTED_EDGE('',*,*,#5735,.T.);
#5735 = EDGE_CURVE('',#5712,#5736,#5738,.T.);
#5736 = VERTEX_POINT('',#5737);
#5737 = CARTESIAN_POINT('',(4.7618,-5.571649390106,8.1));
#5738 = SURFACE_CURVE('',#5739,(#5743,#5749),.PCURVE_S1.);
#5739 = LINE('',#5740,#5741);
#5740 = CARTESIAN_POINT('',(4.7618,-5.571649390106,7.9));
#5741 = VECTOR('',#5742,1.);
#5742 = DIRECTION('',(0.,0.,1.));
#5743 = PCURVE('',#2401,#5744);
#5744 = DEFINITIONAL_REPRESENTATION('',(#5745),#5748);
#5745 = B_SPLINE_CURVE_WITH_KNOTS('',1,(#5746,#5747),.UNSPECIFIED.,.F.,
  .F.,(2,2),(-5.999999999062E-07,0.7),.PIECEWISE_BEZIER_KNOTS.);
#5746 = CARTESIAN_POINT('',(2.885716270359,-5.999999999062E-07));
#5747 = CARTESIAN_POINT('',(2.885716270359,0.7));
#5748 = ( GEOMETRIC_REPRESENTATION_CONTEXT(2) 
PARAMETRIC_REPRESENTATION_CONTEXT() REPRESENTATION_CONTEXT('2D SPACE',''
  ) );
#5749 = PCURVE('',#4611,#5750);
#5750 = DEFINITIONAL_REPRESENTATION('',(#5751),#5755);
#5751 = LINE('',#5752,#5753);
#5752 = CARTESIAN_POINT('',(1.5,-8.764150609894));
#5753 = VECTOR('',#5754,1.);
#5754 = DIRECTION('',(1.,0.));
#5755 = ( GEOMETRIC_REPRESENTATION_CONTEXT(2) 
PARAMETRIC_REPRESENTATION_CONTEXT() REPRESENTATION_CONTEXT('2D SPACE',''
  ) );
#5756 = ORIENTED_EDGE('',*,*,#5757,.F.);
#5757 = EDGE_CURVE('',#5758,#5736,#5760,.T.);
#5758 = VERTEX_POINT('',#5759);
#5759 = CARTESIAN_POINT('',(4.808944864974,-5.415800104523,8.1));
#5760 = SURFACE_CURVE('',#5761,(#5766,#5773),.PCURVE_S1.);
#5761 = CIRCLE('',#5762,2.15);
#5762 = AXIS2_PLACEMENT_3D('',#5763,#5764,#5765);
#5763 = CARTESIAN_POINT('',(6.8418,-6.115800104523,8.1));
#5764 = DIRECTION('',(0.,0.,1.));
#5765 = DIRECTION('',(-0.945514016291,0.325581395349,0.));
#5766 = PCURVE('',#2401,#5767);
#5767 = DEFINITIONAL_REPRESENTATION('',(#5768),#5772);
#5768 = LINE('',#5769,#5770);
#5769 = CARTESIAN_POINT('',(2.809966091836,0.2));
#5770 = VECTOR('',#5771,1.);
#5771 = DIRECTION('',(1.,0.));
#5772 = ( GEOMETRIC_REPRESENTATION_CONTEXT(2) 
PARAMETRIC_REPRESENTATION_CONTEXT() REPRESENTATION_CONTEXT('2D SPACE',''
  ) );
#5773 = PCURVE('',#5774,#5779);
#5774 = PLANE('',#5775);
#5775 = AXIS2_PLACEMENT_3D('',#5776,#5777,#5778);
#5776 = CARTESIAN_POINT('',(-5.2082,-6.815800104523,8.1));
#5777 = DIRECTION('',(0.,0.,1.));
#5778 = DIRECTION('',(1.,0.,-0.));
#5779 = DEFINITIONAL_REPRESENTATION('',(#5780),#5784);
#5780 = CIRCLE('',#5781,2.15);
#5781 = AXIS2_PLACEMENT_2D('',#5782,#5783);
#5782 = CARTESIAN_POINT('',(12.05,0.7));
#5783 = DIRECTION('',(-0.945514016291,0.325581395349));
#5784 = ( GEOMETRIC_REPRESENTATION_CONTEXT(2) 
PARAMETRIC_REPRESENTATION_CONTEXT() REPRESENTATION_CONTEXT('2D SPACE',''
  ) );
#5785 = ORIENTED_EDGE('',*,*,#5786,.T.);
#5786 = EDGE_CURVE('',#5758,#4359,#5787,.T.);
#5787 = SURFACE_CURVE('',#5788,(#5792,#5798),.PCURVE_S1.);
#5788 = LINE('',#5789,#5790);
#5789 = CARTESIAN_POINT('',(4.808944864974,-5.415800104523,7.9));
#5790 = VECTOR('',#5791,1.);
#5791 = DIRECTION('',(0.,0.,1.));
#5792 = PCURVE('',#2401,#5793);
#5793 = DEFINITIONAL_REPRESENTATION('',(#5794),#5797);
#5794 = B_SPLINE_CURVE_WITH_KNOTS('',1,(#5795,#5796),.UNSPECIFIED.,.F.,
  .F.,(2,2),(-5.999999999062E-07,0.5000006),.PIECEWISE_BEZIER_KNOTS.);
#5795 = CARTESIAN_POINT('',(2.809966091836,-5.999999999062E-07));
#5796 = CARTESIAN_POINT('',(2.809966091836,0.5000006));
#5797 = ( GEOMETRIC_REPRESENTATION_CONTEXT(2) 
PARAMETRIC_REPRESENTATION_CONTEXT() REPRESENTATION_CONTEXT('2D SPACE',''
  ) );
#5798 = PCURVE('',#4637,#5799);
#5799 = DEFINITIONAL_REPRESENTATION('',(#5800),#5804);
#5800 = LINE('',#5801,#5802);
#5801 = CARTESIAN_POINT('',(-0.2,10.017144864974));
#5802 = VECTOR('',#5803,1.);
#5803 = DIRECTION('',(1.,0.));
#5804 = ( GEOMETRIC_REPRESENTATION_CONTEXT(2) 
PARAMETRIC_REPRESENTATION_CONTEXT() REPRESENTATION_CONTEXT('2D SPACE',''
  ) );
#5805 = ORIENTED_EDGE('',*,*,#4358,.F.);
#5806 = ADVANCED_FACE('',(#5807,#5858),#2428,.T.);
#5807 = FACE_BOUND('',#5808,.T.);
#5808 = EDGE_LOOP('',(#5809,#5810,#5811,#5834,#5856,#5857));
#5809 = ORIENTED_EDGE('',*,*,#2412,.F.);
#5810 = ORIENTED_EDGE('',*,*,#5711,.T.);
#5811 = ORIENTED_EDGE('',*,*,#5812,.T.);
#5812 = EDGE_CURVE('',#5712,#5813,#5815,.T.);
#5813 = VERTEX_POINT('',#5814);
#5814 = CARTESIAN_POINT('',(4.7618,-6.659950818939,7.9));
#5815 = SURFACE_CURVE('',#5816,(#5820,#5827),.PCURVE_S1.);
#5816 = LINE('',#5817,#5818);
#5817 = CARTESIAN_POINT('',(4.7618,-10.22580005226,7.9));
#5818 = VECTOR('',#5819,1.);
#5819 = DIRECTION('',(0.,-1.,0.));
#5820 = PCURVE('',#2428,#5821);
#5821 = DEFINITIONAL_REPRESENTATION('',(#5822),#5826);
#5822 = LINE('',#5823,#5824);
#5823 = CARTESIAN_POINT('',(-2.08,-4.109999947737));
#5824 = VECTOR('',#5825,1.);
#5825 = DIRECTION('',(0.,-1.));
#5826 = ( GEOMETRIC_REPRESENTATION_CONTEXT(2) 
PARAMETRIC_REPRESENTATION_CONTEXT() REPRESENTATION_CONTEXT('2D SPACE',''
  ) );
#5827 = PCURVE('',#4611,#5828);
#5828 = DEFINITIONAL_REPRESENTATION('',(#5829),#5833);
#5829 = LINE('',#5830,#5831);
#5830 = CARTESIAN_POINT('',(1.5,-4.10999994774));
#5831 = VECTOR('',#5832,1.);
#5832 = DIRECTION('',(0.,1.));
#5833 = ( GEOMETRIC_REPRESENTATION_CONTEXT(2) 
PARAMETRIC_REPRESENTATION_CONTEXT() REPRESENTATION_CONTEXT('2D SPACE',''
  ) );
#5834 = ORIENTED_EDGE('',*,*,#5835,.T.);
#5835 = EDGE_CURVE('',#5813,#2745,#5836,.T.);
#5836 = SURFACE_CURVE('',#5837,(#5842,#5849),.PCURVE_S1.);
#5837 = CIRCLE('',#5838,2.15);
#5838 = AXIS2_PLACEMENT_3D('',#5839,#5840,#5841);
#5839 = CARTESIAN_POINT('',(6.8418,-6.115800104523,7.9));
#5840 = DIRECTION('',(0.,0.,1.));
#5841 = DIRECTION('',(1.,0.,-0.));
#5842 = PCURVE('',#2428,#5843);
#5843 = DEFINITIONAL_REPRESENTATION('',(#5844),#5848);
#5844 = CIRCLE('',#5845,2.15);
#5845 = AXIS2_PLACEMENT_2D('',#5846,#5847);
#5846 = CARTESIAN_POINT('',(0.,0.));
#5847 = DIRECTION('',(1.,0.));
#5848 = ( GEOMETRIC_REPRESENTATION_CONTEXT(2) 
PARAMETRIC_REPRESENTATION_CONTEXT() REPRESENTATION_CONTEXT('2D SPACE',''
  ) );
#5849 = PCURVE('',#2781,#5850);
#5850 = DEFINITIONAL_REPRESENTATION('',(#5851),#5855);
#5851 = LINE('',#5852,#5853);
#5852 = CARTESIAN_POINT('',(0.,0.));
#5853 = VECTOR('',#5854,1.);
#5854 = DIRECTION('',(1.,0.));
#5855 = ( GEOMETRIC_REPRESENTATION_CONTEXT(2) 
PARAMETRIC_REPRESENTATION_CONTEXT() REPRESENTATION_CONTEXT('2D SPACE',''
  ) );
#5856 = ORIENTED_EDGE('',*,*,#2744,.F.);
#5857 = ORIENTED_EDGE('',*,*,#2618,.F.);
#5858 = FACE_BOUND('',#5859,.T.);
#5859 = EDGE_LOOP('',(#5860));
#5860 = ORIENTED_EDGE('',*,*,#5861,.F.);
#5861 = EDGE_CURVE('',#5862,#5862,#5864,.T.);
#5862 = VERTEX_POINT('',#5863);
#5863 = CARTESIAN_POINT('',(7.6918,-6.115800104523,7.9));
#5864 = SURFACE_CURVE('',#5865,(#5870,#5877),.PCURVE_S1.);
#5865 = CIRCLE('',#5866,0.85);
#5866 = AXIS2_PLACEMENT_3D('',#5867,#5868,#5869);
#5867 = CARTESIAN_POINT('',(6.8418,-6.115800104523,7.9));
#5868 = DIRECTION('',(0.,0.,1.));
#5869 = DIRECTION('',(1.,0.,-0.));
#5870 = PCURVE('',#2428,#5871);
#5871 = DEFINITIONAL_REPRESENTATION('',(#5872),#5876);
#5872 = CIRCLE('',#5873,0.85);
#5873 = AXIS2_PLACEMENT_2D('',#5874,#5875);
#5874 = CARTESIAN_POINT('',(0.,0.));
#5875 = DIRECTION('',(1.,0.));
#5876 = ( GEOMETRIC_REPRESENTATION_CONTEXT(2) 
PARAMETRIC_REPRESENTATION_CONTEXT() REPRESENTATION_CONTEXT('2D SPACE',''
  ) );
#5877 = PCURVE('',#5878,#5883);
#5878 = CYLINDRICAL_SURFACE('',#5879,0.85);
#5879 = AXIS2_PLACEMENT_3D('',#5880,#5881,#5882);
#5880 = CARTESIAN_POINT('',(6.8418,-6.115800104523,5.));
#5881 = DIRECTION('',(0.,0.,1.));
#5882 = DIRECTION('',(1.,0.,-0.));
#5883 = DEFINITIONAL_REPRESENTATION('',(#5884),#5888);
#5884 = LINE('',#5885,#5886);
#5885 = CARTESIAN_POINT('',(0.,2.9));
#5886 = VECTOR('',#5887,1.);
#5887 = DIRECTION('',(1.,0.));
#5888 = ( GEOMETRIC_REPRESENTATION_CONTEXT(2) 
PARAMETRIC_REPRESENTATION_CONTEXT() REPRESENTATION_CONTEXT('2D SPACE',''
  ) );
#5889 = ADVANCED_FACE('',(#5890),#2575,.T.);
#5890 = FACE_BOUND('',#5891,.T.);
#5891 = EDGE_LOOP('',(#5892,#5893,#5894,#5917));
#5892 = ORIENTED_EDGE('',*,*,#5572,.F.);
#5893 = ORIENTED_EDGE('',*,*,#2559,.T.);
#5894 = ORIENTED_EDGE('',*,*,#5895,.T.);
#5895 = EDGE_CURVE('',#2560,#5896,#5898,.T.);
#5896 = VERTEX_POINT('',#5897);
#5897 = CARTESIAN_POINT('',(4.7718,-14.3358,8.4));
#5898 = SURFACE_CURVE('',#5899,(#5903,#5910),.PCURVE_S1.);
#5899 = LINE('',#5900,#5901);
#5900 = CARTESIAN_POINT('',(4.0918,-14.3358,8.4));
#5901 = VECTOR('',#5902,1.);
#5902 = DIRECTION('',(1.,0.,-0.));
#5903 = PCURVE('',#2575,#5904);
#5904 = DEFINITIONAL_REPRESENTATION('',(#5905),#5909);
#5905 = LINE('',#5906,#5907);
#5906 = CARTESIAN_POINT('',(2.,0.));
#5907 = VECTOR('',#5908,1.);
#5908 = DIRECTION('',(0.,1.));
#5909 = ( GEOMETRIC_REPRESENTATION_CONTEXT(2) 
PARAMETRIC_REPRESENTATION_CONTEXT() REPRESENTATION_CONTEXT('2D SPACE',''
  ) );
#5910 = PCURVE('',#2601,#5911);
#5911 = DEFINITIONAL_REPRESENTATION('',(#5912),#5916);
#5912 = LINE('',#5913,#5914);
#5913 = CARTESIAN_POINT('',(9.55,0.68));
#5914 = VECTOR('',#5915,1.);
#5915 = DIRECTION('',(1.,0.));
#5916 = ( GEOMETRIC_REPRESENTATION_CONTEXT(2) 
PARAMETRIC_REPRESENTATION_CONTEXT() REPRESENTATION_CONTEXT('2D SPACE',''
  ) );
#5917 = ORIENTED_EDGE('',*,*,#5918,.F.);
#5918 = EDGE_CURVE('',#5573,#5896,#5919,.T.);
#5919 = SURFACE_CURVE('',#5920,(#5924,#5931),.PCURVE_S1.);
#5920 = LINE('',#5921,#5922);
#5921 = CARTESIAN_POINT('',(4.7718,-14.3358,5.7));
#5922 = VECTOR('',#5923,1.);
#5923 = DIRECTION('',(0.,0.,1.));
#5924 = PCURVE('',#2575,#5925);
#5925 = DEFINITIONAL_REPRESENTATION('',(#5926),#5930);
#5926 = LINE('',#5927,#5928);
#5927 = CARTESIAN_POINT('',(-0.7,0.68));
#5928 = VECTOR('',#5929,1.);
#5929 = DIRECTION('',(1.,0.));
#5930 = ( GEOMETRIC_REPRESENTATION_CONTEXT(2) 
PARAMETRIC_REPRESENTATION_CONTEXT() REPRESENTATION_CONTEXT('2D SPACE',''
  ) );
#5931 = PCURVE('',#5611,#5932);
#5932 = DEFINITIONAL_REPRESENTATION('',(#5933),#5937);
#5933 = LINE('',#5934,#5935);
#5934 = CARTESIAN_POINT('',(0.7,-0.78));
#5935 = VECTOR('',#5936,1.);
#5936 = DIRECTION('',(1.,0.));
#5937 = ( GEOMETRIC_REPRESENTATION_CONTEXT(2) 
PARAMETRIC_REPRESENTATION_CONTEXT() REPRESENTATION_CONTEXT('2D SPACE',''
  ) );
#5938 = ADVANCED_FACE('',(#5939),#2601,.T.);
#5939 = FACE_BOUND('',#5940,.T.);
#5940 = EDGE_LOOP('',(#5941,#5964,#5965,#5966,#5967,#5968,#5992,#6020,
    #6043));
#5941 = ORIENTED_EDGE('',*,*,#5942,.F.);
#5942 = EDGE_CURVE('',#5896,#5943,#5945,.T.);
#5943 = VERTEX_POINT('',#5944);
#5944 = CARTESIAN_POINT('',(4.7718,-11.7158,8.4));
#5945 = SURFACE_CURVE('',#5946,(#5950,#5957),.PCURVE_S1.);
#5946 = LINE('',#5947,#5948);
#5947 = CARTESIAN_POINT('',(4.7718,-15.0658,8.4));
#5948 = VECTOR('',#5949,1.);
#5949 = DIRECTION('',(-0.,1.,0.));
#5950 = PCURVE('',#2601,#5951);
#5951 = DEFINITIONAL_REPRESENTATION('',(#5952),#5956);
#5952 = LINE('',#5953,#5954);
#5953 = CARTESIAN_POINT('',(10.23,-5.E-02));
#5954 = VECTOR('',#5955,1.);
#5955 = DIRECTION('',(0.,1.));
#5956 = ( GEOMETRIC_REPRESENTATION_CONTEXT(2) 
PARAMETRIC_REPRESENTATION_CONTEXT() REPRESENTATION_CONTEXT('2D SPACE',''
  ) );
#5957 = PCURVE('',#5611,#5958);
#5958 = DEFINITIONAL_REPRESENTATION('',(#5959),#5963);
#5959 = LINE('',#5960,#5961);
#5960 = CARTESIAN_POINT('',(3.4,-5.E-02));
#5961 = VECTOR('',#5962,1.);
#5962 = DIRECTION('',(0.,-1.));
#5963 = ( GEOMETRIC_REPRESENTATION_CONTEXT(2) 
PARAMETRIC_REPRESENTATION_CONTEXT() REPRESENTATION_CONTEXT('2D SPACE',''
  ) );
#5964 = ORIENTED_EDGE('',*,*,#5895,.F.);
#5965 = ORIENTED_EDGE('',*,*,#2587,.F.);
#5966 = ORIENTED_EDGE('',*,*,#2670,.F.);
#5967 = ORIENTED_EDGE('',*,*,#2718,.F.);
#5968 = ORIENTED_EDGE('',*,*,#5969,.F.);
#5969 = EDGE_CURVE('',#5970,#2719,#5972,.T.);
#5970 = VERTEX_POINT('',#5971);
#5971 = CARTESIAN_POINT('',(4.808944864974,-6.815800104523,8.4));
#5972 = SURFACE_CURVE('',#5973,(#5978,#5985),.PCURVE_S1.);
#5973 = CIRCLE('',#5974,2.15);
#5974 = AXIS2_PLACEMENT_3D('',#5975,#5976,#5977);
#5975 = CARTESIAN_POINT('',(6.8418,-6.115800104523,8.4));
#5976 = DIRECTION('',(0.,0.,1.));
#5977 = DIRECTION('',(1.,0.,-0.));
#5978 = PCURVE('',#2601,#5979);
#5979 = DEFINITIONAL_REPRESENTATION('',(#5980),#5984);
#5980 = CIRCLE('',#5981,2.15);
#5981 = AXIS2_PLACEMENT_2D('',#5982,#5983);
#5982 = CARTESIAN_POINT('',(12.3,8.899999895477));
#5983 = DIRECTION('',(1.,0.));
#5984 = ( GEOMETRIC_REPRESENTATION_CONTEXT(2) 
PARAMETRIC_REPRESENTATION_CONTEXT() REPRESENTATION_CONTEXT('2D SPACE',''
  ) );
#5985 = PCURVE('',#2781,#5986);
#5986 = DEFINITIONAL_REPRESENTATION('',(#5987),#5991);
#5987 = LINE('',#5988,#5989);
#5988 = CARTESIAN_POINT('',(0.,0.5));
#5989 = VECTOR('',#5990,1.);
#5990 = DIRECTION('',(1.,0.));
#5991 = ( GEOMETRIC_REPRESENTATION_CONTEXT(2) 
PARAMETRIC_REPRESENTATION_CONTEXT() REPRESENTATION_CONTEXT('2D SPACE',''
  ) );
#5992 = ORIENTED_EDGE('',*,*,#5993,.T.);
#5993 = EDGE_CURVE('',#5970,#5994,#5996,.T.);
#5994 = VERTEX_POINT('',#5995);
#5995 = CARTESIAN_POINT('',(4.7618,-6.815800104523,8.4));
#5996 = SURFACE_CURVE('',#5997,(#6001,#6008),.PCURVE_S1.);
#5997 = LINE('',#5998,#5999);
#5998 = CARTESIAN_POINT('',(-5.3332,-6.815800104523,8.4));
#5999 = VECTOR('',#6000,1.);
#6000 = DIRECTION('',(-1.,-0.,0.));
#6001 = PCURVE('',#2601,#6002);
#6002 = DEFINITIONAL_REPRESENTATION('',(#6003),#6007);
#6003 = LINE('',#6004,#6005);
#6004 = CARTESIAN_POINT('',(0.125,8.199999895477));
#6005 = VECTOR('',#6006,1.);
#6006 = DIRECTION('',(-1.,0.));
#6007 = ( GEOMETRIC_REPRESENTATION_CONTEXT(2) 
PARAMETRIC_REPRESENTATION_CONTEXT() REPRESENTATION_CONTEXT('2D SPACE',''
  ) );
#6008 = PCURVE('',#6009,#6014);
#6009 = PLANE('',#6010);
#6010 = AXIS2_PLACEMENT_3D('',#6011,#6012,#6013);
#6011 = CARTESIAN_POINT('',(-5.2082,-6.815800104523,8.1));
#6012 = DIRECTION('',(-0.,1.,0.));
#6013 = DIRECTION('',(0.,0.,1.));
#6014 = DEFINITIONAL_REPRESENTATION('',(#6015),#6019);
#6015 = LINE('',#6016,#6017);
#6016 = CARTESIAN_POINT('',(0.3,-0.125));
#6017 = VECTOR('',#6018,1.);
#6018 = DIRECTION('',(0.,-1.));
#6019 = ( GEOMETRIC_REPRESENTATION_CONTEXT(2) 
PARAMETRIC_REPRESENTATION_CONTEXT() REPRESENTATION_CONTEXT('2D SPACE',''
  ) );
#6020 = ORIENTED_EDGE('',*,*,#6021,.F.);
#6021 = EDGE_CURVE('',#6022,#5994,#6024,.T.);
#6022 = VERTEX_POINT('',#6023);
#6023 = CARTESIAN_POINT('',(4.7618,-11.7158,8.4));
#6024 = SURFACE_CURVE('',#6025,(#6029,#6036),.PCURVE_S1.);
#6025 = LINE('',#6026,#6027);
#6026 = CARTESIAN_POINT('',(4.7618,-14.6758,8.4));
#6027 = VECTOR('',#6028,1.);
#6028 = DIRECTION('',(-0.,1.,0.));
#6029 = PCURVE('',#2601,#6030);
#6030 = DEFINITIONAL_REPRESENTATION('',(#6031),#6035);
#6031 = LINE('',#6032,#6033);
#6032 = CARTESIAN_POINT('',(10.22,0.34));
#6033 = VECTOR('',#6034,1.);
#6034 = DIRECTION('',(0.,1.));
#6035 = ( GEOMETRIC_REPRESENTATION_CONTEXT(2) 
PARAMETRIC_REPRESENTATION_CONTEXT() REPRESENTATION_CONTEXT('2D SPACE',''
  ) );
#6036 = PCURVE('',#4611,#6037);
#6037 = DEFINITIONAL_REPRESENTATION('',(#6038),#6042);
#6038 = LINE('',#6039,#6040);
#6039 = CARTESIAN_POINT('',(2.,0.34));
#6040 = VECTOR('',#6041,1.);
#6041 = DIRECTION('',(0.,-1.));
#6042 = ( GEOMETRIC_REPRESENTATION_CONTEXT(2) 
PARAMETRIC_REPRESENTATION_CONTEXT() REPRESENTATION_CONTEXT('2D SPACE',''
  ) );
#6043 = ORIENTED_EDGE('',*,*,#6044,.F.);
#6044 = EDGE_CURVE('',#5943,#6022,#6045,.T.);
#6045 = SURFACE_CURVE('',#6046,(#6050,#6057),.PCURVE_S1.);
#6046 = LINE('',#6047,#6048);
#6047 = CARTESIAN_POINT('',(-4.9732,-11.7158,8.4));
#6048 = VECTOR('',#6049,1.);
#6049 = DIRECTION('',(-1.,-0.,0.));
#6050 = PCURVE('',#2601,#6051);
#6051 = DEFINITIONAL_REPRESENTATION('',(#6052),#6056);
#6052 = LINE('',#6053,#6054);
#6053 = CARTESIAN_POINT('',(0.485,3.3));
#6054 = VECTOR('',#6055,1.);
#6055 = DIRECTION('',(-1.,0.));
#6056 = ( GEOMETRIC_REPRESENTATION_CONTEXT(2) 
PARAMETRIC_REPRESENTATION_CONTEXT() REPRESENTATION_CONTEXT('2D SPACE',''
  ) );
#6057 = PCURVE('',#5639,#6058);
#6058 = DEFINITIONAL_REPRESENTATION('',(#6059),#6063);
#6059 = LINE('',#6060,#6061);
#6060 = CARTESIAN_POINT('',(3.4,-0.485));
#6061 = VECTOR('',#6062,1.);
#6062 = DIRECTION('',(0.,-1.));
#6063 = ( GEOMETRIC_REPRESENTATION_CONTEXT(2) 
PARAMETRIC_REPRESENTATION_CONTEXT() REPRESENTATION_CONTEXT('2D SPACE',''
  ) );
#6064 = ADVANCED_FACE('',(#6065),#2781,.F.);
#6065 = FACE_BOUND('',#6066,.F.);
#6066 = EDGE_LOOP('',(#6067,#6089,#6090,#6091,#6092,#6114));
#6067 = ORIENTED_EDGE('',*,*,#6068,.F.);
#6068 = EDGE_CURVE('',#5813,#6069,#6071,.T.);
#6069 = VERTEX_POINT('',#6070);
#6070 = CARTESIAN_POINT('',(4.7618,-6.659950818939,8.1));
#6071 = SURFACE_CURVE('',#6072,(#6076,#6082),.PCURVE_S1.);
#6072 = LINE('',#6073,#6074);
#6073 = CARTESIAN_POINT('',(4.7618,-6.659950818939,7.9));
#6074 = VECTOR('',#6075,1.);
#6075 = DIRECTION('',(0.,0.,1.));
#6076 = PCURVE('',#2781,#6077);
#6077 = DEFINITIONAL_REPRESENTATION('',(#6078),#6081);
#6078 = B_SPLINE_CURVE_WITH_KNOTS('',1,(#6079,#6080),.UNSPECIFIED.,.F.,
  .F.,(2,2),(-5.999999999062E-07,0.7),.PIECEWISE_BEZIER_KNOTS.);
#6079 = CARTESIAN_POINT('',(3.39746903682,-5.999999999062E-07));
#6080 = CARTESIAN_POINT('',(3.39746903682,0.7));
#6081 = ( GEOMETRIC_REPRESENTATION_CONTEXT(2) 
PARAMETRIC_REPRESENTATION_CONTEXT() REPRESENTATION_CONTEXT('2D SPACE',''
  ) );
#6082 = PCURVE('',#4611,#6083);
#6083 = DEFINITIONAL_REPRESENTATION('',(#6084),#6088);
#6084 = LINE('',#6085,#6086);
#6085 = CARTESIAN_POINT('',(1.5,-7.675849181061));
#6086 = VECTOR('',#6087,1.);
#6087 = DIRECTION('',(1.,0.));
#6088 = ( GEOMETRIC_REPRESENTATION_CONTEXT(2) 
PARAMETRIC_REPRESENTATION_CONTEXT() REPRESENTATION_CONTEXT('2D SPACE',''
  ) );
#6089 = ORIENTED_EDGE('',*,*,#5835,.T.);
#6090 = ORIENTED_EDGE('',*,*,#2767,.T.);
#6091 = ORIENTED_EDGE('',*,*,#5969,.F.);
#6092 = ORIENTED_EDGE('',*,*,#6093,.F.);
#6093 = EDGE_CURVE('',#6094,#5970,#6096,.T.);
#6094 = VERTEX_POINT('',#6095);
#6095 = CARTESIAN_POINT('',(4.808944864974,-6.815800104523,8.1));
#6096 = SURFACE_CURVE('',#6097,(#6101,#6107),.PCURVE_S1.);
#6097 = LINE('',#6098,#6099);
#6098 = CARTESIAN_POINT('',(4.808944864974,-6.815800104523,7.9));
#6099 = VECTOR('',#6100,1.);
#6100 = DIRECTION('',(0.,0.,1.));
#6101 = PCURVE('',#2781,#6102);
#6102 = DEFINITIONAL_REPRESENTATION('',(#6103),#6106);
#6103 = B_SPLINE_CURVE_WITH_KNOTS('',1,(#6104,#6105),.UNSPECIFIED.,.F.,
  .F.,(2,2),(-5.999999999062E-07,0.5000006),.PIECEWISE_BEZIER_KNOTS.);
#6104 = CARTESIAN_POINT('',(3.473219215343,-5.999999999062E-07));
#6105 = CARTESIAN_POINT('',(3.473219215343,0.5000006));
#6106 = ( GEOMETRIC_REPRESENTATION_CONTEXT(2) 
PARAMETRIC_REPRESENTATION_CONTEXT() REPRESENTATION_CONTEXT('2D SPACE',''
  ) );
#6107 = PCURVE('',#6009,#6108);
#6108 = DEFINITIONAL_REPRESENTATION('',(#6109),#6113);
#6109 = LINE('',#6110,#6111);
#6110 = CARTESIAN_POINT('',(-0.2,10.017144864974));
#6111 = VECTOR('',#6112,1.);
#6112 = DIRECTION('',(1.,0.));
#6113 = ( GEOMETRIC_REPRESENTATION_CONTEXT(2) 
PARAMETRIC_REPRESENTATION_CONTEXT() REPRESENTATION_CONTEXT('2D SPACE',''
  ) );
#6114 = ORIENTED_EDGE('',*,*,#6115,.F.);
#6115 = EDGE_CURVE('',#6069,#6094,#6116,.T.);
#6116 = SURFACE_CURVE('',#6117,(#6122,#6129),.PCURVE_S1.);
#6117 = CIRCLE('',#6118,2.15);
#6118 = AXIS2_PLACEMENT_3D('',#6119,#6120,#6121);
#6119 = CARTESIAN_POINT('',(6.8418,-6.115800104523,8.1));
#6120 = DIRECTION('',(0.,0.,1.));
#6121 = DIRECTION('',(-0.967441860465,-0.253093355543,0.));
#6122 = PCURVE('',#2781,#6123);
#6123 = DEFINITIONAL_REPRESENTATION('',(#6124),#6128);
#6124 = LINE('',#6125,#6126);
#6125 = CARTESIAN_POINT('',(3.39746903682,0.2));
#6126 = VECTOR('',#6127,1.);
#6127 = DIRECTION('',(1.,0.));
#6128 = ( GEOMETRIC_REPRESENTATION_CONTEXT(2) 
PARAMETRIC_REPRESENTATION_CONTEXT() REPRESENTATION_CONTEXT('2D SPACE',''
  ) );
#6129 = PCURVE('',#6130,#6135);
#6130 = PLANE('',#6131);
#6131 = AXIS2_PLACEMENT_3D('',#6132,#6133,#6134);
#6132 = CARTESIAN_POINT('',(-5.2082,-6.815800104523,8.1));
#6133 = DIRECTION('',(0.,0.,1.));
#6134 = DIRECTION('',(1.,0.,-0.));
#6135 = DEFINITIONAL_REPRESENTATION('',(#6136),#6140);
#6136 = CIRCLE('',#6137,2.15);
#6137 = AXIS2_PLACEMENT_2D('',#6138,#6139);
#6138 = CARTESIAN_POINT('',(12.05,0.7));
#6139 = DIRECTION('',(-0.967441860465,-0.253093355543));
#6140 = ( GEOMETRIC_REPRESENTATION_CONTEXT(2) 
PARAMETRIC_REPRESENTATION_CONTEXT() REPRESENTATION_CONTEXT('2D SPACE',''
  ) );
#6141 = ADVANCED_FACE('',(#6142),#3477,.T.);
#6142 = FACE_BOUND('',#6143,.T.);
#6143 = EDGE_LOOP('',(#6144,#6167,#6195,#6216));
#6144 = ORIENTED_EDGE('',*,*,#6145,.F.);
#6145 = EDGE_CURVE('',#6146,#3434,#6148,.T.);
#6146 = VERTEX_POINT('',#6147);
#6147 = CARTESIAN_POINT('',(-0.734992980957,2.077001571655,4.2));
#6148 = SURFACE_CURVE('',#6149,(#6153,#6160),.PCURVE_S1.);
#6149 = LINE('',#6150,#6151);
#6150 = CARTESIAN_POINT('',(-0.734992980957,2.077001571655,
    4.674000740051));
#6151 = VECTOR('',#6152,1.);
#6152 = DIRECTION('',(0.,0.,-1.));
#6153 = PCURVE('',#3477,#6154);
#6154 = DEFINITIONAL_REPRESENTATION('',(#6155),#6159);
#6155 = LINE('',#6156,#6157);
#6156 = CARTESIAN_POINT('',(-0.31643483798,-0.360003838206));
#6157 = VECTOR('',#6158,1.);
#6158 = DIRECTION('',(-0.,1.));
#6159 = ( GEOMETRIC_REPRESENTATION_CONTEXT(2) 
PARAMETRIC_REPRESENTATION_CONTEXT() REPRESENTATION_CONTEXT('2D SPACE',''
  ) );
#6160 = PCURVE('',#3449,#6161);
#6161 = DEFINITIONAL_REPRESENTATION('',(#6162),#6166);
#6162 = LINE('',#6163,#6164);
#6163 = CARTESIAN_POINT('',(0.143813369629,-0.3594940174));
#6164 = VECTOR('',#6165,1.);
#6165 = DIRECTION('',(-0.,1.));
#6166 = ( GEOMETRIC_REPRESENTATION_CONTEXT(2) 
PARAMETRIC_REPRESENTATION_CONTEXT() REPRESENTATION_CONTEXT('2D SPACE',''
  ) );
#6167 = ORIENTED_EDGE('',*,*,#6168,.T.);
#6168 = EDGE_CURVE('',#6146,#6169,#6171,.T.);
#6169 = VERTEX_POINT('',#6170);
#6170 = CARTESIAN_POINT('',(-1.142997741699,1.867002487183,4.2));
#6171 = SURFACE_CURVE('',#6172,(#6176,#6183),.PCURVE_S1.);
#6172 = LINE('',#6173,#6174);
#6173 = CARTESIAN_POINT('',(-1.007708808561,1.936635380795,4.2));
#6174 = VECTOR('',#6175,1.);
#6175 = DIRECTION('',(-0.889138795079,-0.457637632943,0.));
#6176 = PCURVE('',#3477,#6177);
#6177 = DEFINITIONAL_REPRESENTATION('',(#6178),#6182);
#6178 = LINE('',#6179,#6180);
#6179 = CARTESIAN_POINT('',(-9.715764294442E-03,0.113996901845));
#6180 = VECTOR('',#6181,1.);
#6181 = DIRECTION('',(1.,0.));
#6182 = ( GEOMETRIC_REPRESENTATION_CONTEXT(2) 
PARAMETRIC_REPRESENTATION_CONTEXT() REPRESENTATION_CONTEXT('2D SPACE',''
  ) );
#6183 = PCURVE('',#6184,#6189);
#6184 = PLANE('',#6185);
#6185 = AXIS2_PLACEMENT_3D('',#6186,#6187,#6188);
#6186 = CARTESIAN_POINT('',(0.,0.,4.2));
#6187 = DIRECTION('',(0.,0.,1.));
#6188 = DIRECTION('',(1.,0.,-0.));
#6189 = DEFINITIONAL_REPRESENTATION('',(#6190),#6194);
#6190 = LINE('',#6191,#6192);
#6191 = CARTESIAN_POINT('',(-1.007708808561,1.936635380795));
#6192 = VECTOR('',#6193,1.);
#6193 = DIRECTION('',(-0.889138795079,-0.457637632943));
#6194 = ( GEOMETRIC_REPRESENTATION_CONTEXT(2) 
PARAMETRIC_REPRESENTATION_CONTEXT() REPRESENTATION_CONTEXT('2D SPACE',''
  ) );
#6195 = ORIENTED_EDGE('',*,*,#6196,.F.);
#6196 = EDGE_CURVE('',#3462,#6169,#6197,.T.);
#6197 = SURFACE_CURVE('',#6198,(#6202,#6209),.PCURVE_S1.);
#6198 = LINE('',#6199,#6200);
#6199 = CARTESIAN_POINT('',(-1.142997741699,1.867002487183,
    3.779999732971));
#6200 = VECTOR('',#6201,1.);
#6201 = DIRECTION('',(0.,0.,1.));
#6202 = PCURVE('',#3477,#6203);
#6203 = DEFINITIONAL_REPRESENTATION('',(#6204),#6208);
#6204 = LINE('',#6205,#6206);
#6205 = CARTESIAN_POINT('',(0.142441507311,0.533997168874));
#6206 = VECTOR('',#6207,1.);
#6207 = DIRECTION('',(0.,-1.));
#6208 = ( GEOMETRIC_REPRESENTATION_CONTEXT(2) 
PARAMETRIC_REPRESENTATION_CONTEXT() REPRESENTATION_CONTEXT('2D SPACE',''
  ) );
#6209 = PCURVE('',#3950,#6210);
#6210 = DEFINITIONAL_REPRESENTATION('',(#6211),#6215);
#6211 = LINE('',#6212,#6213);
#6212 = CARTESIAN_POINT('',(-0.141682969179,0.360816872657));
#6213 = VECTOR('',#6214,1.);
#6214 = DIRECTION('',(0.,-1.));
#6215 = ( GEOMETRIC_REPRESENTATION_CONTEXT(2) 
PARAMETRIC_REPRESENTATION_CONTEXT() REPRESENTATION_CONTEXT('2D SPACE',''
  ) );
#6216 = ORIENTED_EDGE('',*,*,#3461,.F.);
#6217 = ADVANCED_FACE('',(#6218),#3449,.T.);
#6218 = FACE_BOUND('',#6219,.T.);
#6219 = EDGE_LOOP('',(#6220,#6243,#6264,#6265));
#6220 = ORIENTED_EDGE('',*,*,#6221,.F.);
#6221 = EDGE_CURVE('',#6222,#3406,#6224,.T.);
#6222 = VERTEX_POINT('',#6223);
#6223 = CARTESIAN_POINT('',(-0.290992736816,2.206998825073,4.2));
#6224 = SURFACE_CURVE('',#6225,(#6229,#6236),.PCURVE_S1.);
#6225 = LINE('',#6226,#6227);
#6226 = CARTESIAN_POINT('',(-0.290992736816,2.206998825073,
    4.674000740051));
#6227 = VECTOR('',#6228,1.);
#6228 = DIRECTION('',(0.,0.,-1.));
#6229 = PCURVE('',#3449,#6230);
#6230 = DEFINITIONAL_REPRESENTATION('',(#6231),#6235);
#6231 = LINE('',#6232,#6233);
#6232 = CARTESIAN_POINT('',(-0.318826341911,-0.3594940174));
#6233 = VECTOR('',#6234,1.);
#6234 = DIRECTION('',(-0.,1.));
#6235 = ( GEOMETRIC_REPRESENTATION_CONTEXT(2) 
PARAMETRIC_REPRESENTATION_CONTEXT() REPRESENTATION_CONTEXT('2D SPACE',''
  ) );
#6236 = PCURVE('',#3421,#6237);
#6237 = DEFINITIONAL_REPRESENTATION('',(#6238),#6242);
#6238 = LINE('',#6239,#6240);
#6239 = CARTESIAN_POINT('',(0.144339553181,-0.359299482492));
#6240 = VECTOR('',#6241,1.);
#6241 = DIRECTION('',(-0.,1.));
#6242 = ( GEOMETRIC_REPRESENTATION_CONTEXT(2) 
PARAMETRIC_REPRESENTATION_CONTEXT() REPRESENTATION_CONTEXT('2D SPACE',''
  ) );
#6243 = ORIENTED_EDGE('',*,*,#6244,.T.);
#6244 = EDGE_CURVE('',#6222,#6146,#6245,.T.);
#6245 = SURFACE_CURVE('',#6246,(#6250,#6257),.PCURVE_S1.);
#6246 = LINE('',#6247,#6248);
#6247 = CARTESIAN_POINT('',(-0.607554579616,2.114313808243,4.2));
#6248 = VECTOR('',#6249,1.);
#6249 = DIRECTION('',(-0.959710619444,-0.280990261267,0.));
#6250 = PCURVE('',#3449,#6251);
#6251 = DEFINITIONAL_REPRESENTATION('',(#6252),#6256);
#6252 = LINE('',#6253,#6254);
#6253 = CARTESIAN_POINT('',(1.102500742992E-02,0.114506722651));
#6254 = VECTOR('',#6255,1.);
#6255 = DIRECTION('',(1.,0.));
#6256 = ( GEOMETRIC_REPRESENTATION_CONTEXT(2) 
PARAMETRIC_REPRESENTATION_CONTEXT() REPRESENTATION_CONTEXT('2D SPACE',''
  ) );
#6257 = PCURVE('',#6184,#6258);
#6258 = DEFINITIONAL_REPRESENTATION('',(#6259),#6263);
#6259 = LINE('',#6260,#6261);
#6260 = CARTESIAN_POINT('',(-0.607554579616,2.114313808243));
#6261 = VECTOR('',#6262,1.);
#6262 = DIRECTION('',(-0.959710619444,-0.280990261267));
#6263 = ( GEOMETRIC_REPRESENTATION_CONTEXT(2) 
PARAMETRIC_REPRESENTATION_CONTEXT() REPRESENTATION_CONTEXT('2D SPACE',''
  ) );
#6264 = ORIENTED_EDGE('',*,*,#6145,.T.);
#6265 = ORIENTED_EDGE('',*,*,#3433,.F.);
#6266 = ADVANCED_FACE('',(#6267),#3421,.T.);
#6267 = FACE_BOUND('',#6268,.T.);
#6268 = EDGE_LOOP('',(#6269,#6292,#6313,#6314));
#6269 = ORIENTED_EDGE('',*,*,#6270,.T.);
#6270 = EDGE_CURVE('',#3378,#6271,#6273,.T.);
#6271 = VERTEX_POINT('',#6272);
#6272 = CARTESIAN_POINT('',(0.170997619629,2.251001358032,4.2));
#6273 = SURFACE_CURVE('',#6274,(#6278,#6285),.PCURVE_S1.);
#6274 = LINE('',#6275,#6276);
#6275 = CARTESIAN_POINT('',(0.170997619629,2.251001358032,3.779999732971
    ));
#6276 = VECTOR('',#6277,1.);
#6277 = DIRECTION('',(0.,0.,1.));
#6278 = PCURVE('',#3421,#6279);
#6279 = DEFINITIONAL_REPRESENTATION('',(#6280),#6284);
#6280 = LINE('',#6281,#6282);
#6281 = CARTESIAN_POINT('',(-0.319741595278,0.534701524588));
#6282 = VECTOR('',#6283,1.);
#6283 = DIRECTION('',(0.,-1.));
#6284 = ( GEOMETRIC_REPRESENTATION_CONTEXT(2) 
PARAMETRIC_REPRESENTATION_CONTEXT() REPRESENTATION_CONTEXT('2D SPACE',''
  ) );
#6285 = PCURVE('',#3393,#6286);
#6286 = DEFINITIONAL_REPRESENTATION('',(#6287),#6291);
#6287 = LINE('',#6288,#6289);
#6288 = CARTESIAN_POINT('',(0.143618821692,0.534434922309));
#6289 = VECTOR('',#6290,1.);
#6290 = DIRECTION('',(0.,-1.));
#6291 = ( GEOMETRIC_REPRESENTATION_CONTEXT(2) 
PARAMETRIC_REPRESENTATION_CONTEXT() REPRESENTATION_CONTEXT('2D SPACE',''
  ) );
#6292 = ORIENTED_EDGE('',*,*,#6293,.T.);
#6293 = EDGE_CURVE('',#6271,#6222,#6294,.T.);
#6294 = SURFACE_CURVE('',#6295,(#6299,#6306),.PCURVE_S1.);
#6295 = LINE('',#6296,#6297);
#6296 = CARTESIAN_POINT('',(-0.179118298356,2.217654369279,4.2));
#6297 = VECTOR('',#6298,1.);
#6298 = DIRECTION('',(-0.995494770643,-9.481646282144E-02,0.));
#6299 = PCURVE('',#3421,#6300);
#6300 = DEFINITIONAL_REPRESENTATION('',(#6301),#6305);
#6301 = LINE('',#6302,#6303);
#6302 = CARTESIAN_POINT('',(3.195881371472E-02,0.114701257559));
#6303 = VECTOR('',#6304,1.);
#6304 = DIRECTION('',(1.,0.));
#6305 = ( GEOMETRIC_REPRESENTATION_CONTEXT(2) 
PARAMETRIC_REPRESENTATION_CONTEXT() REPRESENTATION_CONTEXT('2D SPACE',''
  ) );
#6306 = PCURVE('',#6184,#6307);
#6307 = DEFINITIONAL_REPRESENTATION('',(#6308),#6312);
#6308 = LINE('',#6309,#6310);
#6309 = CARTESIAN_POINT('',(-0.179118298356,2.217654369279));
#6310 = VECTOR('',#6311,1.);
#6311 = DIRECTION('',(-0.995494770643,-9.481646282144E-02));
#6312 = ( GEOMETRIC_REPRESENTATION_CONTEXT(2) 
PARAMETRIC_REPRESENTATION_CONTEXT() REPRESENTATION_CONTEXT('2D SPACE',''
  ) );
#6313 = ORIENTED_EDGE('',*,*,#6221,.T.);
#6314 = ORIENTED_EDGE('',*,*,#3405,.T.);
#6315 = ADVANCED_FACE('',(#6316),#3393,.T.);
#6316 = FACE_BOUND('',#6317,.T.);
#6317 = EDGE_LOOP('',(#6318,#6341,#6362,#6363));
#6318 = ORIENTED_EDGE('',*,*,#6319,.T.);
#6319 = EDGE_CURVE('',#3350,#6320,#6322,.T.);
#6320 = VERTEX_POINT('',#6321);
#6321 = CARTESIAN_POINT('',(0.631004333496,2.206998825073,4.2));
#6322 = SURFACE_CURVE('',#6323,(#6327,#6334),.PCURVE_S1.);
#6323 = LINE('',#6324,#6325);
#6324 = CARTESIAN_POINT('',(0.631004333496,2.206998825073,3.779999732971
    ));
#6325 = VECTOR('',#6326,1.);
#6326 = DIRECTION('',(0.,0.,1.));
#6327 = PCURVE('',#3393,#6328);
#6328 = DEFINITIONAL_REPRESENTATION('',(#6329),#6333);
#6329 = LINE('',#6330,#6331);
#6330 = CARTESIAN_POINT('',(-0.31848765923,0.534434922309));
#6331 = VECTOR('',#6332,1.);
#6332 = DIRECTION('',(0.,-1.));
#6333 = ( GEOMETRIC_REPRESENTATION_CONTEXT(2) 
PARAMETRIC_REPRESENTATION_CONTEXT() REPRESENTATION_CONTEXT('2D SPACE',''
  ) );
#6334 = PCURVE('',#3365,#6335);
#6335 = DEFINITIONAL_REPRESENTATION('',(#6336),#6340);
#6336 = LINE('',#6337,#6338);
#6337 = CARTESIAN_POINT('',(0.143813369629,0.53450698968));
#6338 = VECTOR('',#6339,1.);
#6339 = DIRECTION('',(0.,-1.));
#6340 = ( GEOMETRIC_REPRESENTATION_CONTEXT(2) 
PARAMETRIC_REPRESENTATION_CONTEXT() REPRESENTATION_CONTEXT('2D SPACE',''
  ) );
#6341 = ORIENTED_EDGE('',*,*,#6342,.T.);
#6342 = EDGE_CURVE('',#6320,#6271,#6343,.T.);
#6343 = SURFACE_CURVE('',#6344,(#6348,#6355),.PCURVE_S1.);
#6344 = LINE('',#6345,#6346);
#6345 = CARTESIAN_POINT('',(0.264442188453,2.242062797799,4.2));
#6346 = VECTOR('',#6347,1.);
#6347 = DIRECTION('',(-0.995456096936,9.522163132468E-02,0.));
#6348 = PCURVE('',#3393,#6349);
#6349 = DEFINITIONAL_REPRESENTATION('',(#6350),#6354);
#6350 = LINE('',#6351,#6352);
#6351 = CARTESIAN_POINT('',(4.974771164331E-02,0.11443465528));
#6352 = VECTOR('',#6353,1.);
#6353 = DIRECTION('',(1.,0.));
#6354 = ( GEOMETRIC_REPRESENTATION_CONTEXT(2) 
PARAMETRIC_REPRESENTATION_CONTEXT() REPRESENTATION_CONTEXT('2D SPACE',''
  ) );
#6355 = PCURVE('',#6184,#6356);
#6356 = DEFINITIONAL_REPRESENTATION('',(#6357),#6361);
#6357 = LINE('',#6358,#6359);
#6358 = CARTESIAN_POINT('',(0.264442188453,2.242062797799));
#6359 = VECTOR('',#6360,1.);
#6360 = DIRECTION('',(-0.995456096936,9.522163132468E-02));
#6361 = ( GEOMETRIC_REPRESENTATION_CONTEXT(2) 
PARAMETRIC_REPRESENTATION_CONTEXT() REPRESENTATION_CONTEXT('2D SPACE',''
  ) );
#6362 = ORIENTED_EDGE('',*,*,#6270,.F.);
#6363 = ORIENTED_EDGE('',*,*,#3377,.F.);
#6364 = ADVANCED_FACE('',(#6365),#3365,.T.);
#6365 = FACE_BOUND('',#6366,.T.);
#6366 = EDGE_LOOP('',(#6367,#6390,#6411,#6412));
#6367 = ORIENTED_EDGE('',*,*,#6368,.F.);
#6368 = EDGE_CURVE('',#6369,#3322,#6371,.T.);
#6369 = VERTEX_POINT('',#6370);
#6370 = CARTESIAN_POINT('',(1.075004577637,2.077001571655,4.2));
#6371 = SURFACE_CURVE('',#6372,(#6376,#6383),.PCURVE_S1.);
#6372 = LINE('',#6373,#6374);
#6373 = CARTESIAN_POINT('',(1.075004577637,2.077001571655,4.674000740051
    ));
#6374 = VECTOR('',#6375,1.);
#6375 = DIRECTION('',(0.,0.,-1.));
#6376 = PCURVE('',#3365,#6377);
#6377 = DEFINITIONAL_REPRESENTATION('',(#6378),#6382);
#6378 = LINE('',#6379,#6380);
#6379 = CARTESIAN_POINT('',(-0.318826341911,-0.3594940174));
#6380 = VECTOR('',#6381,1.);
#6381 = DIRECTION('',(0.,1.));
#6382 = ( GEOMETRIC_REPRESENTATION_CONTEXT(2) 
PARAMETRIC_REPRESENTATION_CONTEXT() REPRESENTATION_CONTEXT('2D SPACE',''
  ) );
#6383 = PCURVE('',#3337,#6384);
#6384 = DEFINITIONAL_REPRESENTATION('',(#6385),#6389);
#6385 = LINE('',#6386,#6387);
#6386 = CARTESIAN_POINT('',(0.142436566714,-0.360005681172));
#6387 = VECTOR('',#6388,1.);
#6388 = DIRECTION('',(0.,1.));
#6389 = ( GEOMETRIC_REPRESENTATION_CONTEXT(2) 
PARAMETRIC_REPRESENTATION_CONTEXT() REPRESENTATION_CONTEXT('2D SPACE',''
  ) );
#6390 = ORIENTED_EDGE('',*,*,#6391,.T.);
#6391 = EDGE_CURVE('',#6369,#6320,#6392,.T.);
#6392 = SURFACE_CURVE('',#6393,(#6397,#6404),.PCURVE_S1.);
#6393 = LINE('',#6394,#6395);
#6394 = CARTESIAN_POINT('',(0.707002371325,2.184747629689,4.2));
#6395 = VECTOR('',#6396,1.);
#6396 = DIRECTION('',(-0.959710619444,0.280990261267,0.));
#6397 = PCURVE('',#3365,#6398);
#6398 = DEFINITIONAL_REPRESENTATION('',(#6399),#6403);
#6399 = LINE('',#6400,#6401);
#6400 = CARTESIAN_POINT('',(6.46248764633E-02,0.114506722651));
#6401 = VECTOR('',#6402,1.);
#6402 = DIRECTION('',(1.,0.));
#6403 = ( GEOMETRIC_REPRESENTATION_CONTEXT(2) 
PARAMETRIC_REPRESENTATION_CONTEXT() REPRESENTATION_CONTEXT('2D SPACE',''
  ) );
#6404 = PCURVE('',#6184,#6405);
#6405 = DEFINITIONAL_REPRESENTATION('',(#6406),#6410);
#6406 = LINE('',#6407,#6408);
#6407 = CARTESIAN_POINT('',(0.707002371325,2.184747629689));
#6408 = VECTOR('',#6409,1.);
#6409 = DIRECTION('',(-0.959710619444,0.280990261267));
#6410 = ( GEOMETRIC_REPRESENTATION_CONTEXT(2) 
PARAMETRIC_REPRESENTATION_CONTEXT() REPRESENTATION_CONTEXT('2D SPACE',''
  ) );
#6411 = ORIENTED_EDGE('',*,*,#6319,.F.);
#6412 = ORIENTED_EDGE('',*,*,#3349,.F.);
#6413 = ADVANCED_FACE('',(#6414),#3337,.T.);
#6414 = FACE_BOUND('',#6415,.T.);
#6415 = EDGE_LOOP('',(#6416,#6444,#6465,#6466));
#6416 = ORIENTED_EDGE('',*,*,#6417,.T.);
#6417 = EDGE_CURVE('',#3294,#6418,#6420,.T.);
#6418 = VERTEX_POINT('',#6419);
#6419 = CARTESIAN_POINT('',(1.48299407959,1.867002487183,4.2));
#6420 = SURFACE_CURVE('',#6421,(#6425,#6432),.PCURVE_S1.);
#6421 = LINE('',#6422,#6423);
#6422 = CARTESIAN_POINT('',(1.48299407959,1.867002487183,3.779999732971)
  );
#6423 = VECTOR('',#6424,1.);
#6424 = DIRECTION('',(0.,0.,1.));
#6425 = PCURVE('',#3337,#6426);
#6426 = DEFINITIONAL_REPRESENTATION('',(#6427),#6431);
#6427 = LINE('',#6428,#6429);
#6428 = CARTESIAN_POINT('',(-0.316426211449,0.533995325908));
#6429 = VECTOR('',#6430,1.);
#6430 = DIRECTION('',(0.,-1.));
#6431 = ( GEOMETRIC_REPRESENTATION_CONTEXT(2) 
PARAMETRIC_REPRESENTATION_CONTEXT() REPRESENTATION_CONTEXT('2D SPACE',''
  ) );
#6432 = PCURVE('',#6433,#6438);
#6433 = PLANE('',#6434);
#6434 = AXIS2_PLACEMENT_3D('',#6435,#6436,#6437);
#6435 = CARTESIAN_POINT('',(1.594676790939,1.779517381044,4.313782824142
    ));
#6436 = DIRECTION('',(-0.616663353827,-0.787226973653,-0.));
#6437 = DIRECTION('',(-0.787226973653,0.616663353827,0.));
#6438 = DEFINITIONAL_REPRESENTATION('',(#6439),#6443);
#6439 = LINE('',#6440,#6441);
#6440 = CARTESIAN_POINT('',(0.141868501826,0.533783091171));
#6441 = VECTOR('',#6442,1.);
#6442 = DIRECTION('',(0.,-1.));
#6443 = ( GEOMETRIC_REPRESENTATION_CONTEXT(2) 
PARAMETRIC_REPRESENTATION_CONTEXT() REPRESENTATION_CONTEXT('2D SPACE',''
  ) );
#6444 = ORIENTED_EDGE('',*,*,#6445,.T.);
#6445 = EDGE_CURVE('',#6418,#6369,#6446,.T.);
#6446 = SURFACE_CURVE('',#6447,(#6451,#6458),.PCURVE_S1.);
#6447 = LINE('',#6448,#6449);
#6448 = CARTESIAN_POINT('',(1.135980334002,2.045616320441,4.2));
#6449 = VECTOR('',#6450,1.);
#6450 = DIRECTION('',(-0.889131830624,0.457651163848,0.));
#6451 = PCURVE('',#3337,#6452);
#6452 = DEFINITIONAL_REPRESENTATION('',(#6453),#6457);
#6453 = LINE('',#6454,#6455);
#6454 = CARTESIAN_POINT('',(7.385758408751E-02,0.113995058879));
#6455 = VECTOR('',#6456,1.);
#6456 = DIRECTION('',(1.,0.));
#6457 = ( GEOMETRIC_REPRESENTATION_CONTEXT(2) 
PARAMETRIC_REPRESENTATION_CONTEXT() REPRESENTATION_CONTEXT('2D SPACE',''
  ) );
#6458 = PCURVE('',#6184,#6459);
#6459 = DEFINITIONAL_REPRESENTATION('',(#6460),#6464);
#6460 = LINE('',#6461,#6462);
#6461 = CARTESIAN_POINT('',(1.135980334002,2.045616320441));
#6462 = VECTOR('',#6463,1.);
#6463 = DIRECTION('',(-0.889131830624,0.457651163848));
#6464 = ( GEOMETRIC_REPRESENTATION_CONTEXT(2) 
PARAMETRIC_REPRESENTATION_CONTEXT() REPRESENTATION_CONTEXT('2D SPACE',''
  ) );
#6465 = ORIENTED_EDGE('',*,*,#6368,.T.);
#6466 = ORIENTED_EDGE('',*,*,#3321,.T.);
#6467 = ADVANCED_FACE('',(#6468),#3309,.T.);
#6468 = FACE_BOUND('',#6469,.T.);
#6469 = EDGE_LOOP('',(#6470,#6493,#6494,#6522));
#6470 = ORIENTED_EDGE('',*,*,#6471,.F.);
#6471 = EDGE_CURVE('',#3294,#6472,#6474,.T.);
#6472 = VERTEX_POINT('',#6473);
#6473 = CARTESIAN_POINT('',(1.652121800119,1.734518628198,4.2));
#6474 = SURFACE_CURVE('',#6475,(#6479,#6486),.PCURVE_S1.);
#6475 = LINE('',#6476,#6477);
#6476 = CARTESIAN_POINT('',(1.48299407959,1.867002487183,3.779999732971)
  );
#6477 = VECTOR('',#6478,1.);
#6478 = DIRECTION('',(0.358504629517,-0.28082963948,0.89028599012));
#6479 = PCURVE('',#3309,#6480);
#6480 = DEFINITIONAL_REPRESENTATION('',(#6481),#6485);
#6481 = LINE('',#6482,#6483);
#6482 = CARTESIAN_POINT('',(0.315742314351,0.360029374277));
#6483 = VECTOR('',#6484,1.);
#6484 = DIRECTION('',(-0.455399170023,-0.890287367058));
#6485 = ( GEOMETRIC_REPRESENTATION_CONTEXT(2) 
PARAMETRIC_REPRESENTATION_CONTEXT() REPRESENTATION_CONTEXT('2D SPACE',''
  ) );
#6486 = PCURVE('',#6433,#6487);
#6487 = DEFINITIONAL_REPRESENTATION('',(#6488),#6492);
#6488 = LINE('',#6489,#6490);
#6489 = CARTESIAN_POINT('',(0.141868501826,0.533783091171));
#6490 = VECTOR('',#6491,1.);
#6491 = DIRECTION('',(-0.455401861871,-0.89028599012));
#6492 = ( GEOMETRIC_REPRESENTATION_CONTEXT(2) 
PARAMETRIC_REPRESENTATION_CONTEXT() REPRESENTATION_CONTEXT('2D SPACE',''
  ) );
#6493 = ORIENTED_EDGE('',*,*,#3293,.T.);
#6494 = ORIENTED_EDGE('',*,*,#6495,.F.);
#6495 = EDGE_CURVE('',#6496,#3266,#6498,.T.);
#6496 = VERTEX_POINT('',#6497);
#6497 = CARTESIAN_POINT('',(1.842994689941,1.583939148614,4.2));
#6498 = SURFACE_CURVE('',#6499,(#6503,#6510),.PCURVE_S1.);
#6499 = LINE('',#6500,#6501);
#6500 = CARTESIAN_POINT('',(1.842994689941,1.585000991821,4.674000740051
    ));
#6501 = VECTOR('',#6502,1.);
#6502 = DIRECTION('',(0.,-2.240166424227E-03,-0.999997490824));
#6503 = PCURVE('',#3309,#6504);
#6504 = DEFINITIONAL_REPRESENTATION('',(#6505),#6509);
#6505 = LINE('',#6506,#6507);
#6506 = CARTESIAN_POINT('',(-0.141557161482,-0.533973015486));
#6507 = VECTOR('',#6508,1.);
#6508 = DIRECTION('',(-1.387483862098E-03,0.999999037444));
#6509 = ( GEOMETRIC_REPRESENTATION_CONTEXT(2) 
PARAMETRIC_REPRESENTATION_CONTEXT() REPRESENTATION_CONTEXT('2D SPACE',''
  ) );
#6510 = PCURVE('',#6511,#6516);
#6511 = PLANE('',#6512);
#6512 = AXIS2_PLACEMENT_3D('',#6513,#6514,#6515);
#6513 = CARTESIAN_POINT('',(1.934072592792,1.477005505772,4.313362778649
    ));
#6514 = DIRECTION('',(-0.762049202352,-0.647517497136,1.450550595871E-03
    ));
#6515 = DIRECTION('',(0.647518178357,-0.762050004066,4.459635475779E-16)
  );
#6516 = DEFINITIONAL_REPRESENTATION('',(#6517),#6521);
#6517 = LINE('',#6518,#6519);
#6518 = CARTESIAN_POINT('',(-0.141272558325,0.360638340811));
#6519 = VECTOR('',#6520,1.);
#6520 = DIRECTION('',(1.707118832691E-03,-0.999998542872));
#6521 = ( GEOMETRIC_REPRESENTATION_CONTEXT(2) 
PARAMETRIC_REPRESENTATION_CONTEXT() REPRESENTATION_CONTEXT('2D SPACE',''
  ) );
#6522 = ORIENTED_EDGE('',*,*,#6523,.T.);
#6523 = EDGE_CURVE('',#6496,#6472,#6524,.T.);
#6524 = SURFACE_CURVE('',#6525,(#6529,#6536),.PCURVE_S1.);
#6525 = LINE('',#6526,#6527);
#6526 = CARTESIAN_POINT('',(1.604278511811,1.772262162451,4.2));
#6527 = VECTOR('',#6528,1.);
#6528 = DIRECTION('',(-0.785102054333,0.619366421662,0.));
#6529 = PCURVE('',#3309,#6530);
#6530 = DEFINITIONAL_REPRESENTATION('',(#6531),#6535);
#6531 = LINE('',#6532,#6533);
#6532 = CARTESIAN_POINT('',(0.161842681539,-5.997154233426E-02));
#6533 = VECTOR('',#6534,1.);
#6534 = DIRECTION('',(1.,-2.682138550489E-15));
#6535 = ( GEOMETRIC_REPRESENTATION_CONTEXT(2) 
PARAMETRIC_REPRESENTATION_CONTEXT() REPRESENTATION_CONTEXT('2D SPACE',''
  ) );
#6536 = PCURVE('',#6184,#6537);
#6537 = DEFINITIONAL_REPRESENTATION('',(#6538),#6542);
#6538 = LINE('',#6539,#6540);
#6539 = CARTESIAN_POINT('',(1.604278511811,1.772262162451));
#6540 = VECTOR('',#6541,1.);
#6541 = DIRECTION('',(-0.785102054333,0.619366421662));
#6542 = ( GEOMETRIC_REPRESENTATION_CONTEXT(2) 
PARAMETRIC_REPRESENTATION_CONTEXT() REPRESENTATION_CONTEXT('2D SPACE',''
  ) );
#6543 = ADVANCED_FACE('',(#6544),#3281,.T.);
#6544 = FACE_BOUND('',#6545,.T.);
#6545 = EDGE_LOOP('',(#6546,#6569,#6570,#6593));
#6546 = ORIENTED_EDGE('',*,*,#6547,.F.);
#6547 = EDGE_CURVE('',#3266,#6548,#6550,.T.);
#6548 = VERTEX_POINT('',#6549);
#6549 = CARTESIAN_POINT('',(1.981114825375,1.421388577392,4.2));
#6550 = SURFACE_CURVE('',#6551,(#6555,#6562),.PCURVE_S1.);
#6551 = LINE('',#6552,#6553);
#6552 = CARTESIAN_POINT('',(1.842994689941,1.582998275757,3.779999732971
    ));
#6553 = VECTOR('',#6554,1.);
#6554 = DIRECTION('',(0.293411362555,-0.343310710278,0.89221495646));
#6555 = PCURVE('',#3281,#6556);
#6556 = DEFINITIONAL_REPRESENTATION('',(#6557),#6561);
#6557 = LINE('',#6558,#6559);
#6558 = CARTESIAN_POINT('',(-0.312386059563,-0.360871951922));
#6559 = VECTOR('',#6560,1.);
#6560 = DIRECTION('',(0.451610973591,0.89221495646));
#6561 = ( GEOMETRIC_REPRESENTATION_CONTEXT(2) 
PARAMETRIC_REPRESENTATION_CONTEXT() REPRESENTATION_CONTEXT('2D SPACE',''
  ) );
#6562 = PCURVE('',#6511,#6563);
#6563 = DEFINITIONAL_REPRESENTATION('',(#6564),#6568);
#6564 = LINE('',#6565,#6566);
#6565 = CARTESIAN_POINT('',(-0.139746388541,-0.533363606803));
#6566 = VECTOR('',#6567,1.);
#6567 = DIRECTION('',(0.451609119154,0.892215895115));
#6568 = ( GEOMETRIC_REPRESENTATION_CONTEXT(2) 
PARAMETRIC_REPRESENTATION_CONTEXT() REPRESENTATION_CONTEXT('2D SPACE',''
  ) );
#6569 = ORIENTED_EDGE('',*,*,#3265,.T.);
#6570 = ORIENTED_EDGE('',*,*,#6571,.F.);
#6571 = EDGE_CURVE('',#6572,#3238,#6574,.T.);
#6572 = VERTEX_POINT('',#6573);
#6573 = CARTESIAN_POINT('',(2.136993408203,1.239000320435,4.2));
#6574 = SURFACE_CURVE('',#6575,(#6579,#6586),.PCURVE_S1.);
#6575 = LINE('',#6576,#6577);
#6576 = CARTESIAN_POINT('',(2.136993408203,1.239000320435,4.674000740051
    ));
#6577 = VECTOR('',#6578,1.);
#6578 = DIRECTION('',(0.,0.,-1.));
#6579 = PCURVE('',#3281,#6580);
#6580 = DEFINITIONAL_REPRESENTATION('',(#6581),#6585);
#6581 = LINE('',#6582,#6583);
#6582 = CARTESIAN_POINT('',(0.140128956326,0.533129055158));
#6583 = VECTOR('',#6584,1.);
#6584 = DIRECTION('',(0.,-1.));
#6585 = ( GEOMETRIC_REPRESENTATION_CONTEXT(2) 
PARAMETRIC_REPRESENTATION_CONTEXT() REPRESENTATION_CONTEXT('2D SPACE',''
  ) );
#6586 = PCURVE('',#3253,#6587);
#6587 = DEFINITIONAL_REPRESENTATION('',(#6588),#6592);
#6588 = LINE('',#6589,#6590);
#6589 = CARTESIAN_POINT('',(-0.310970881013,0.532824137553));
#6590 = VECTOR('',#6591,1.);
#6591 = DIRECTION('',(0.,-1.));
#6592 = ( GEOMETRIC_REPRESENTATION_CONTEXT(2) 
PARAMETRIC_REPRESENTATION_CONTEXT() REPRESENTATION_CONTEXT('2D SPACE',''
  ) );
#6593 = ORIENTED_EDGE('',*,*,#6594,.T.);
#6594 = EDGE_CURVE('',#6572,#6548,#6595,.T.);
#6595 = SURFACE_CURVE('',#6596,(#6600,#6607),.PCURVE_S1.);
#6596 = LINE('',#6597,#6598);
#6597 = CARTESIAN_POINT('',(1.946418713315,1.461985324469,4.2));
#6598 = VECTOR('',#6599,1.);
#6599 = DIRECTION('',(-0.649699364526,0.760191249446,0.));
#6600 = PCURVE('',#3281,#6601);
#6601 = DEFINITIONAL_REPRESENTATION('',(#6602),#6606);
#6602 = LINE('',#6603,#6604);
#6603 = CARTESIAN_POINT('',(-0.153198550662,5.9128315107E-02));
#6604 = VECTOR('',#6605,1.);
#6605 = DIRECTION('',(-1.,0.));
#6606 = ( GEOMETRIC_REPRESENTATION_CONTEXT(2) 
PARAMETRIC_REPRESENTATION_CONTEXT() REPRESENTATION_CONTEXT('2D SPACE',''
  ) );
#6607 = PCURVE('',#6184,#6608);
#6608 = DEFINITIONAL_REPRESENTATION('',(#6609),#6613);
#6609 = LINE('',#6610,#6611);
#6610 = CARTESIAN_POINT('',(1.946418713315,1.461985324469));
#6611 = VECTOR('',#6612,1.);
#6612 = DIRECTION('',(-0.649699364526,0.760191249446));
#6613 = ( GEOMETRIC_REPRESENTATION_CONTEXT(2) 
PARAMETRIC_REPRESENTATION_CONTEXT() REPRESENTATION_CONTEXT('2D SPACE',''
  ) );
#6614 = ADVANCED_FACE('',(#6615),#3253,.T.);
#6615 = FACE_BOUND('',#6616,.T.);
#6616 = EDGE_LOOP('',(#6617,#6618,#6646,#6667));
#6617 = ORIENTED_EDGE('',*,*,#3237,.T.);
#6618 = ORIENTED_EDGE('',*,*,#6619,.T.);
#6619 = EDGE_CURVE('',#3210,#6620,#6622,.T.);
#6620 = VERTEX_POINT('',#6621);
#6621 = CARTESIAN_POINT('',(2.355003356934,0.844999313354,4.2));
#6622 = SURFACE_CURVE('',#6623,(#6627,#6634),.PCURVE_S1.);
#6623 = LINE('',#6624,#6625);
#6624 = CARTESIAN_POINT('',(2.355003356934,0.844999313354,3.779999732971
    ));
#6625 = VECTOR('',#6626,1.);
#6626 = DIRECTION('',(0.,0.,1.));
#6627 = PCURVE('',#3253,#6628);
#6628 = DEFINITIONAL_REPRESENTATION('',(#6629),#6633);
#6629 = LINE('',#6630,#6631);
#6630 = CARTESIAN_POINT('',(0.139323612987,-0.361176869527));
#6631 = VECTOR('',#6632,1.);
#6632 = DIRECTION('',(0.,1.));
#6633 = ( GEOMETRIC_REPRESENTATION_CONTEXT(2) 
PARAMETRIC_REPRESENTATION_CONTEXT() REPRESENTATION_CONTEXT('2D SPACE',''
  ) );
#6634 = PCURVE('',#6635,#6640);
#6635 = PLANE('',#6636);
#6636 = AXIS2_PLACEMENT_3D('',#6637,#6638,#6639);
#6637 = CARTESIAN_POINT('',(2.396403378292,0.713379869489,4.312310965469
    ));
#6638 = DIRECTION('',(-0.95392339277,-0.300050263667,-0.));
#6639 = DIRECTION('',(0.300050263667,-0.95392339277,0.));
#6640 = DEFINITIONAL_REPRESENTATION('',(#6641),#6645);
#6641 = LINE('',#6642,#6643);
#6642 = CARTESIAN_POINT('',(-0.13797695377,-0.532311232498));
#6643 = VECTOR('',#6644,1.);
#6644 = DIRECTION('',(0.,1.));
#6645 = ( GEOMETRIC_REPRESENTATION_CONTEXT(2) 
PARAMETRIC_REPRESENTATION_CONTEXT() REPRESENTATION_CONTEXT('2D SPACE',''
  ) );
#6646 = ORIENTED_EDGE('',*,*,#6647,.T.);
#6647 = EDGE_CURVE('',#6620,#6572,#6648,.T.);
#6648 = SURFACE_CURVE('',#6649,(#6653,#6660),.PCURVE_S1.);
#6649 = LINE('',#6650,#6651);
#6650 = CARTESIAN_POINT('',(2.224250029335,1.08130478039,4.2));
#6651 = VECTOR('',#6652,1.);
#6652 = DIRECTION('',(-0.484149710103,0.874985175993,0.));
#6653 = PCURVE('',#3253,#6654);
#6654 = DEFINITIONAL_REPRESENTATION('',(#6655),#6659);
#6655 = LINE('',#6656,#6657);
#6656 = CARTESIAN_POINT('',(-0.130744353328,5.8823397502E-02));
#6657 = VECTOR('',#6658,1.);
#6658 = DIRECTION('',(-1.,0.));
#6659 = ( GEOMETRIC_REPRESENTATION_CONTEXT(2) 
PARAMETRIC_REPRESENTATION_CONTEXT() REPRESENTATION_CONTEXT('2D SPACE',''
  ) );
#6660 = PCURVE('',#6184,#6661);
#6661 = DEFINITIONAL_REPRESENTATION('',(#6662),#6666);
#6662 = LINE('',#6663,#6664);
#6663 = CARTESIAN_POINT('',(2.224250029335,1.08130478039));
#6664 = VECTOR('',#6665,1.);
#6665 = DIRECTION('',(-0.484149710103,0.874985175993));
#6666 = ( GEOMETRIC_REPRESENTATION_CONTEXT(2) 
PARAMETRIC_REPRESENTATION_CONTEXT() REPRESENTATION_CONTEXT('2D SPACE',''
  ) );
#6667 = ORIENTED_EDGE('',*,*,#6571,.T.);
#6668 = ADVANCED_FACE('',(#6669),#3225,.T.);
#6669 = FACE_BOUND('',#6670,.T.);
#6670 = EDGE_LOOP('',(#6671,#6694,#6695,#6723));
#6671 = ORIENTED_EDGE('',*,*,#6672,.F.);
#6672 = EDGE_CURVE('',#3210,#6673,#6675,.T.);
#6673 = VERTEX_POINT('',#6674);
#6674 = CARTESIAN_POINT('',(2.417954023565,0.644865799869,4.2));
#6675 = SURFACE_CURVE('',#6676,(#6680,#6687),.PCURVE_S1.);
#6676 = LINE('',#6677,#6678);
#6677 = CARTESIAN_POINT('',(2.355003356934,0.844999313354,3.779999732971
    ));
#6678 = VECTOR('',#6679,1.);
#6679 = DIRECTION('',(0.134084429229,-0.426282823701,0.894597294907));
#6680 = PCURVE('',#3225,#6681);
#6681 = DEFINITIONAL_REPRESENTATION('',(#6682),#6686);
#6682 = LINE('',#6683,#6684);
#6683 = CARTESIAN_POINT('',(-0.309076482128,-0.361394811862));
#6684 = VECTOR('',#6685,1.);
#6685 = DIRECTION('',(0.44687282468,0.894597495281));
#6686 = ( GEOMETRIC_REPRESENTATION_CONTEXT(2) 
PARAMETRIC_REPRESENTATION_CONTEXT() REPRESENTATION_CONTEXT('2D SPACE',''
  ) );
#6687 = PCURVE('',#6635,#6688);
#6688 = DEFINITIONAL_REPRESENTATION('',(#6689),#6693);
#6689 = LINE('',#6690,#6691);
#6690 = CARTESIAN_POINT('',(-0.13797695377,-0.532311232498));
#6691 = VECTOR('',#6692,1.);
#6692 = DIRECTION('',(0.446873225808,0.894597294907));
#6693 = ( GEOMETRIC_REPRESENTATION_CONTEXT(2) 
PARAMETRIC_REPRESENTATION_CONTEXT() REPRESENTATION_CONTEXT('2D SPACE',''
  ) );
#6694 = ORIENTED_EDGE('',*,*,#3209,.F.);
#6695 = ORIENTED_EDGE('',*,*,#6696,.F.);
#6696 = EDGE_CURVE('',#6697,#3182,#6699,.T.);
#6697 = VERTEX_POINT('',#6698);
#6698 = CARTESIAN_POINT('',(2.488998413086,0.417938782403,4.2));
#6699 = SURFACE_CURVE('',#6700,(#6704,#6711),.PCURVE_S1.);
#6700 = LINE('',#6701,#6702);
#6701 = CARTESIAN_POINT('',(2.488998413086,0.41900062561,4.674000740051)
  );
#6702 = VECTOR('',#6703,1.);
#6703 = DIRECTION('',(0.,-2.240166424227E-03,-0.999997490824));
#6704 = PCURVE('',#3225,#6705);
#6705 = DEFINITIONAL_REPRESENTATION('',(#6706),#6710);
#6706 = LINE('',#6707,#6708);
#6707 = CARTESIAN_POINT('',(0.137498482468,0.532606395458));
#6708 = VECTOR('',#6709,1.);
#6709 = DIRECTION('',(2.137845851381E-03,-0.999997714805));
#6710 = ( GEOMETRIC_REPRESENTATION_CONTEXT(2) 
PARAMETRIC_REPRESENTATION_CONTEXT() REPRESENTATION_CONTEXT('2D SPACE',''
  ) );
#6711 = PCURVE('',#6712,#6717);
#6712 = PLANE('',#6713);
#6713 = AXIS2_PLACEMENT_3D('',#6714,#6715,#6716);
#6714 = CARTESIAN_POINT('',(2.503218894477,0.280328980998,4.312591217763
    ));
#6715 = DIRECTION('',(-0.994722082569,-0.102605680233,2.298543765381E-04
    ));
#6716 = DIRECTION('',(0.102605682944,-0.994722108846,2.514019882072E-16)
  );
#6717 = DEFINITIONAL_REPRESENTATION('',(#6718),#6722);
#6718 = LINE('',#6719,#6720);
#6719 = CARTESIAN_POINT('',(-0.139398852971,0.361409531835));
#6720 = VECTOR('',#6721,1.);
#6721 = DIRECTION('',(2.228343069674E-03,-0.99999751724));
#6722 = ( GEOMETRIC_REPRESENTATION_CONTEXT(2) 
PARAMETRIC_REPRESENTATION_CONTEXT() REPRESENTATION_CONTEXT('2D SPACE',''
  ) );
#6723 = ORIENTED_EDGE('',*,*,#6724,.T.);
#6724 = EDGE_CURVE('',#6697,#6673,#6725,.T.);
#6725 = SURFACE_CURVE('',#6726,(#6730,#6737),.PCURVE_S1.);
#6726 = LINE('',#6727,#6728);
#6727 = CARTESIAN_POINT('',(2.416799409153,0.648553820929,4.2));
#6728 = VECTOR('',#6729,1.);
#6729 = DIRECTION('',(-0.298771856165,0.954324566363,0.));
#6730 = PCURVE('',#3225,#6731);
#6731 = DEFINITIONAL_REPRESENTATION('',(#6732),#6736);
#6732 = LINE('',#6733,#6734);
#6733 = CARTESIAN_POINT('',(-0.10314080153,5.860554923955E-02));
#6734 = VECTOR('',#6735,1.);
#6735 = DIRECTION('',(-1.,-3.866874210355E-17));
#6736 = ( GEOMETRIC_REPRESENTATION_CONTEXT(2) 
PARAMETRIC_REPRESENTATION_CONTEXT() REPRESENTATION_CONTEXT('2D SPACE',''
  ) );
#6737 = PCURVE('',#6184,#6738);
#6738 = DEFINITIONAL_REPRESENTATION('',(#6739),#6743);
#6739 = LINE('',#6740,#6741);
#6740 = CARTESIAN_POINT('',(2.416799409153,0.648553820929));
#6741 = VECTOR('',#6742,1.);
#6742 = DIRECTION('',(-0.298771856165,0.954324566363));
#6743 = ( GEOMETRIC_REPRESENTATION_CONTEXT(2) 
PARAMETRIC_REPRESENTATION_CONTEXT() REPRESENTATION_CONTEXT('2D SPACE',''
  ) );
#6744 = ADVANCED_FACE('',(#6745),#3197,.T.);
#6745 = FACE_BOUND('',#6746,.T.);
#6746 = EDGE_LOOP('',(#6747,#6770,#6793,#6814));
#6747 = ORIENTED_EDGE('',*,*,#6748,.F.);
#6748 = EDGE_CURVE('',#6749,#3154,#6751,.T.);
#6749 = VERTEX_POINT('',#6750);
#6750 = CARTESIAN_POINT('',(2.535003662109,-2.700233459473E-02,4.2));
#6751 = SURFACE_CURVE('',#6752,(#6756,#6763),.PCURVE_S1.);
#6752 = LINE('',#6753,#6754);
#6753 = CARTESIAN_POINT('',(2.535003662109,-2.700233459473E-02,
    4.674000740051));
#6754 = VECTOR('',#6755,1.);
#6755 = DIRECTION('',(0.,0.,-1.));
#6756 = PCURVE('',#3197,#6757);
#6757 = DEFINITIONAL_REPRESENTATION('',(#6758),#6762);
#6758 = LINE('',#6759,#6760);
#6759 = CARTESIAN_POINT('',(0.137905316138,0.532283840639));
#6760 = VECTOR('',#6761,1.);
#6761 = DIRECTION('',(0.,-1.));
#6762 = ( GEOMETRIC_REPRESENTATION_CONTEXT(2) 
PARAMETRIC_REPRESENTATION_CONTEXT() REPRESENTATION_CONTEXT('2D SPACE',''
  ) );
#6763 = PCURVE('',#3169,#6764);
#6764 = DEFINITIONAL_REPRESENTATION('',(#6765),#6769);
#6765 = LINE('',#6766,#6767);
#6766 = CARTESIAN_POINT('',(-0.137903943793,0.361717691287));
#6767 = VECTOR('',#6768,1.);
#6768 = DIRECTION('',(-0.,-1.));
#6769 = ( GEOMETRIC_REPRESENTATION_CONTEXT(2) 
PARAMETRIC_REPRESENTATION_CONTEXT() REPRESENTATION_CONTEXT('2D SPACE',''
  ) );
#6770 = ORIENTED_EDGE('',*,*,#6771,.T.);
#6771 = EDGE_CURVE('',#6749,#6772,#6774,.T.);
#6772 = VERTEX_POINT('',#6773);
#6773 = CARTESIAN_POINT('',(2.510611606719,0.208407293178,4.2));
#6774 = SURFACE_CURVE('',#6775,(#6779,#6786),.PCURVE_S1.);
#6775 = LINE('',#6776,#6777);
#6776 = CARTESIAN_POINT('',(2.513049548043,0.184878531444,4.2));
#6777 = VECTOR('',#6778,1.);
#6778 = DIRECTION('',(-0.103063592966,0.994674768859,0.));
#6779 = PCURVE('',#3197,#6780);
#6780 = DEFINITIONAL_REPRESENTATION('',(#6781),#6785);
#6781 = LINE('',#6782,#6783);
#6782 = CARTESIAN_POINT('',(-7.510990519108E-02,5.8283100588E-02));
#6783 = VECTOR('',#6784,1.);
#6784 = DIRECTION('',(-1.,0.));
#6785 = ( GEOMETRIC_REPRESENTATION_CONTEXT(2) 
PARAMETRIC_REPRESENTATION_CONTEXT() REPRESENTATION_CONTEXT('2D SPACE',''
  ) );
#6786 = PCURVE('',#6184,#6787);
#6787 = DEFINITIONAL_REPRESENTATION('',(#6788),#6792);
#6788 = LINE('',#6789,#6790);
#6789 = CARTESIAN_POINT('',(2.513049548043,0.184878531444));
#6790 = VECTOR('',#6791,1.);
#6791 = DIRECTION('',(-0.103063592966,0.994674768859));
#6792 = ( GEOMETRIC_REPRESENTATION_CONTEXT(2) 
PARAMETRIC_REPRESENTATION_CONTEXT() REPRESENTATION_CONTEXT('2D SPACE',''
  ) );
#6793 = ORIENTED_EDGE('',*,*,#6794,.T.);
#6794 = EDGE_CURVE('',#6772,#3182,#6795,.T.);
#6795 = SURFACE_CURVE('',#6796,(#6800,#6807),.PCURVE_S1.);
#6796 = LINE('',#6797,#6798);
#6797 = CARTESIAN_POINT('',(2.535003662109,-2.700233459473E-02,
    4.674000740051));
#6798 = VECTOR('',#6799,1.);
#6799 = DIRECTION('',(-4.604001083572E-02,0.4443357331,-0.894676519024)
  );
#6800 = PCURVE('',#3197,#6801);
#6801 = DEFINITIONAL_REPRESENTATION('',(#6802),#6806);
#6802 = LINE('',#6803,#6804);
#6803 = CARTESIAN_POINT('',(0.137905316138,0.532283840639));
#6804 = VECTOR('',#6805,1.);
#6805 = DIRECTION('',(-0.446714591554,-0.894676519024));
#6806 = ( GEOMETRIC_REPRESENTATION_CONTEXT(2) 
PARAMETRIC_REPRESENTATION_CONTEXT() REPRESENTATION_CONTEXT('2D SPACE',''
  ) );
#6807 = PCURVE('',#6712,#6808);
#6808 = DEFINITIONAL_REPRESENTATION('',(#6809),#6813);
#6809 = LINE('',#6810,#6811);
#6810 = CARTESIAN_POINT('',(0.308970552151,0.361409531835));
#6811 = VECTOR('',#6812,1.);
#6812 = DIRECTION('',(-0.44671454422,-0.894676542658));
#6813 = ( GEOMETRIC_REPRESENTATION_CONTEXT(2) 
PARAMETRIC_REPRESENTATION_CONTEXT() REPRESENTATION_CONTEXT('2D SPACE',''
  ) );
#6814 = ORIENTED_EDGE('',*,*,#3181,.F.);
#6815 = ADVANCED_FACE('',(#6816),#3169,.T.);
#6816 = FACE_BOUND('',#6817,.T.);
#6817 = EDGE_LOOP('',(#6818,#6846,#6867,#6868));
#6818 = ORIENTED_EDGE('',*,*,#6819,.T.);
#6819 = EDGE_CURVE('',#3126,#6820,#6822,.T.);
#6820 = VERTEX_POINT('',#6821);
#6821 = CARTESIAN_POINT('',(2.488998413086,-0.470998764038,4.2));
#6822 = SURFACE_CURVE('',#6823,(#6827,#6834),.PCURVE_S1.);
#6823 = LINE('',#6824,#6825);
#6824 = CARTESIAN_POINT('',(2.488998413086,-0.470998764038,
    3.779999732971));
#6825 = VECTOR('',#6826,1.);
#6826 = DIRECTION('',(0.,0.,1.));
#6827 = PCURVE('',#3169,#6828);
#6828 = DEFINITIONAL_REPRESENTATION('',(#6829),#6833);
#6829 = LINE('',#6830,#6831);
#6830 = CARTESIAN_POINT('',(0.308469568298,-0.532283315793));
#6831 = VECTOR('',#6832,1.);
#6832 = DIRECTION('',(0.,1.));
#6833 = ( GEOMETRIC_REPRESENTATION_CONTEXT(2) 
PARAMETRIC_REPRESENTATION_CONTEXT() REPRESENTATION_CONTEXT('2D SPACE',''
  ) );
#6834 = PCURVE('',#6835,#6840);
#6835 = PLANE('',#6836);
#6836 = AXIS2_PLACEMENT_3D('',#6837,#6838,#6839);
#6837 = CARTESIAN_POINT('',(2.447598362928,-0.602618888768,
    4.312311217067));
#6838 = DIRECTION('',(-0.953923777291,0.300049041188,-0.));
#6839 = DIRECTION('',(-0.300049041188,-0.953923777291,0.));
#6840 = DEFINITIONAL_REPRESENTATION('',(#6841),#6845);
#6841 = LINE('',#6842,#6843);
#6842 = CARTESIAN_POINT('',(-0.137977611905,-0.532311484096));
#6843 = VECTOR('',#6844,1.);
#6844 = DIRECTION('',(0.,1.));
#6845 = ( GEOMETRIC_REPRESENTATION_CONTEXT(2) 
PARAMETRIC_REPRESENTATION_CONTEXT() REPRESENTATION_CONTEXT('2D SPACE',''
  ) );
#6846 = ORIENTED_EDGE('',*,*,#6847,.T.);
#6847 = EDGE_CURVE('',#6820,#6749,#6848,.T.);
#6848 = SURFACE_CURVE('',#6849,(#6853,#6860),.PCURVE_S1.);
#6849 = LINE('',#6850,#6851);
#6850 = CARTESIAN_POINT('',(2.515817478829,-0.212168093982,4.2));
#6851 = VECTOR('',#6852,1.);
#6852 = DIRECTION('',(0.103064469054,0.994674678083,-0.));
#6853 = PCURVE('',#3169,#6854);
#6854 = DEFINITIONAL_REPRESENTATION('',(#6855),#6859);
#6855 = LINE('',#6856,#6857);
#6856 = CARTESIAN_POINT('',(4.825316211076E-02,-0.112283048764));
#6857 = VECTOR('',#6858,1.);
#6858 = DIRECTION('',(-1.,0.));
#6859 = ( GEOMETRIC_REPRESENTATION_CONTEXT(2) 
PARAMETRIC_REPRESENTATION_CONTEXT() REPRESENTATION_CONTEXT('2D SPACE',''
  ) );
#6860 = PCURVE('',#6184,#6861);
#6861 = DEFINITIONAL_REPRESENTATION('',(#6862),#6866);
#6862 = LINE('',#6863,#6864);
#6863 = CARTESIAN_POINT('',(2.515817478829,-0.212168093982));
#6864 = VECTOR('',#6865,1.);
#6865 = DIRECTION('',(0.103064469054,0.994674678083));
#6866 = ( GEOMETRIC_REPRESENTATION_CONTEXT(2) 
PARAMETRIC_REPRESENTATION_CONTEXT() REPRESENTATION_CONTEXT('2D SPACE',''
  ) );
#6867 = ORIENTED_EDGE('',*,*,#6748,.T.);
#6868 = ORIENTED_EDGE('',*,*,#3153,.T.);
#6869 = ADVANCED_FACE('',(#6870),#3141,.T.);
#6870 = FACE_BOUND('',#6871,.T.);
#6871 = EDGE_LOOP('',(#6872,#6895,#6896,#6919));
#6872 = ORIENTED_EDGE('',*,*,#6873,.F.);
#6873 = EDGE_CURVE('',#3126,#6874,#6876,.T.);
#6874 = VERTEX_POINT('',#6875);
#6875 = CARTESIAN_POINT('',(2.426047746455,-0.671133173593,4.2));
#6876 = SURFACE_CURVE('',#6877,(#6881,#6888),.PCURVE_S1.);
#6877 = LINE('',#6878,#6879);
#6878 = CARTESIAN_POINT('',(2.488998413086,-0.470998764038,
    3.779999732971));
#6879 = VECTOR('',#6880,1.);
#6880 = DIRECTION('',(-0.134084320137,-0.426284385491,0.894596567051));
#6881 = PCURVE('',#3141,#6882);
#6882 = DEFINITIONAL_REPRESENTATION('',(#6883),#6887);
#6883 = LINE('',#6884,#6885);
#6884 = CARTESIAN_POINT('',(-0.309077643653,-0.361394560681));
#6885 = VECTOR('',#6886,1.);
#6886 = DIRECTION('',(0.446874281781,0.894596767423));
#6887 = ( GEOMETRIC_REPRESENTATION_CONTEXT(2) 
PARAMETRIC_REPRESENTATION_CONTEXT() REPRESENTATION_CONTEXT('2D SPACE',''
  ) );
#6888 = PCURVE('',#6835,#6889);
#6889 = DEFINITIONAL_REPRESENTATION('',(#6890),#6894);
#6890 = LINE('',#6891,#6892);
#6891 = CARTESIAN_POINT('',(-0.137977611905,-0.532311484096));
#6892 = VECTOR('',#6893,1.);
#6893 = DIRECTION('',(0.446874682904,0.894596567051));
#6894 = ( GEOMETRIC_REPRESENTATION_CONTEXT(2) 
PARAMETRIC_REPRESENTATION_CONTEXT() REPRESENTATION_CONTEXT('2D SPACE',''
  ) );
#6895 = ORIENTED_EDGE('',*,*,#3125,.F.);
#6896 = ORIENTED_EDGE('',*,*,#6897,.F.);
#6897 = EDGE_CURVE('',#6898,#3098,#6900,.T.);
#6898 = VERTEX_POINT('',#6899);
#6899 = CARTESIAN_POINT('',(2.355003356934,-0.898061202338,4.2));
#6900 = SURFACE_CURVE('',#6901,(#6905,#6912),.PCURVE_S1.);
#6901 = LINE('',#6902,#6903);
#6902 = CARTESIAN_POINT('',(2.355003356934,-0.896999359131,
    4.674000740051));
#6903 = VECTOR('',#6904,1.);
#6904 = DIRECTION('',(0.,-2.240166424227E-03,-0.999997490824));
#6905 = PCURVE('',#3141,#6906);
#6906 = DEFINITIONAL_REPRESENTATION('',(#6907),#6911);
#6907 = LINE('',#6908,#6909);
#6908 = CARTESIAN_POINT('',(0.137499140413,0.532606646637));
#6909 = VECTOR('',#6910,1.);
#6910 = DIRECTION('',(2.137846701809E-03,-0.999997714803));
#6911 = ( GEOMETRIC_REPRESENTATION_CONTEXT(2) 
PARAMETRIC_REPRESENTATION_CONTEXT() REPRESENTATION_CONTEXT('2D SPACE',''
  ) );
#6912 = PCURVE('',#3113,#6913);
#6913 = DEFINITIONAL_REPRESENTATION('',(#6914),#6918);
#6914 = LINE('',#6915,#6916);
#6915 = CARTESIAN_POINT('',(-0.140395505901,0.532795011588));
#6916 = VECTOR('',#6917,1.);
#6917 = DIRECTION('',(1.960107964514E-03,-0.999998078987));
#6918 = ( GEOMETRIC_REPRESENTATION_CONTEXT(2) 
PARAMETRIC_REPRESENTATION_CONTEXT() REPRESENTATION_CONTEXT('2D SPACE',''
  ) );
#6919 = ORIENTED_EDGE('',*,*,#6920,.T.);
#6920 = EDGE_CURVE('',#6898,#6874,#6921,.T.);
#6921 = SURFACE_CURVE('',#6922,(#6926,#6933),.PCURVE_S1.);
#6922 = LINE('',#6923,#6924);
#6923 = CARTESIAN_POINT('',(2.398616225911,-0.758754179621,4.2));
#6924 = VECTOR('',#6925,1.);
#6925 = DIRECTION('',(0.298770643573,0.95432494599,-0.));
#6926 = PCURVE('',#3141,#6927);
#6927 = DEFINITIONAL_REPRESENTATION('',(#6928),#6932);
#6928 = LINE('',#6929,#6930);
#6929 = CARTESIAN_POINT('',(-7.461927988428E-03,5.86058004195E-02));
#6930 = VECTOR('',#6931,1.);
#6931 = DIRECTION('',(-1.,4.552537384746E-16));
#6932 = ( GEOMETRIC_REPRESENTATION_CONTEXT(2) 
PARAMETRIC_REPRESENTATION_CONTEXT() REPRESENTATION_CONTEXT('2D SPACE',''
  ) );
#6933 = PCURVE('',#6184,#6934);
#6934 = DEFINITIONAL_REPRESENTATION('',(#6935),#6939);
#6935 = LINE('',#6936,#6937);
#6936 = CARTESIAN_POINT('',(2.398616225911,-0.758754179621));
#6937 = VECTOR('',#6938,1.);
#6938 = DIRECTION('',(0.298770643573,0.95432494599));
#6939 = ( GEOMETRIC_REPRESENTATION_CONTEXT(2) 
PARAMETRIC_REPRESENTATION_CONTEXT() REPRESENTATION_CONTEXT('2D SPACE',''
  ) );
#6940 = ADVANCED_FACE('',(#6941),#3113,.T.);
#6941 = FACE_BOUND('',#6942,.T.);
#6942 = EDGE_LOOP('',(#6943,#6971,#6992,#6993));
#6943 = ORIENTED_EDGE('',*,*,#6944,.F.);
#6944 = EDGE_CURVE('',#6945,#3070,#6947,.T.);
#6945 = VERTEX_POINT('',#6946);
#6946 = CARTESIAN_POINT('',(2.239414139228,-1.106959133424,4.2));
#6947 = SURFACE_CURVE('',#6948,(#6952,#6959),.PCURVE_S1.);
#6948 = LINE('',#6949,#6950);
#6949 = CARTESIAN_POINT('',(2.355003356934,-0.896999359131,
    4.674000740051));
#6950 = VECTOR('',#6951,1.);
#6951 = DIRECTION('',(-0.217620531606,-0.395292559326,-0.892404110684));
#6952 = PCURVE('',#3113,#6953);
#6953 = DEFINITIONAL_REPRESENTATION('',(#6954),#6958);
#6954 = LINE('',#6955,#6956);
#6955 = CARTESIAN_POINT('',(-0.140395505901,0.532795011588));
#6956 = VECTOR('',#6957,1.);
#6957 = DIRECTION('',(0.451236042914,-0.892404635564));
#6958 = ( GEOMETRIC_REPRESENTATION_CONTEXT(2) 
PARAMETRIC_REPRESENTATION_CONTEXT() REPRESENTATION_CONTEXT('2D SPACE',''
  ) );
#6959 = PCURVE('',#6960,#6965);
#6960 = PLANE('',#6961);
#6961 = AXIS2_PLACEMENT_3D('',#6962,#6963,#6964);
#6962 = CARTESIAN_POINT('',(2.204460765636,-1.169876278373,4.31279468829
    ));
#6963 = DIRECTION('',(-0.874983669466,0.48415122027,-1.083549094039E-03)
  );
#6964 = DIRECTION('',(-0.484151504486,-0.874984183116,3.651931276775E-16
    ));
#6965 = DEFINITIONAL_REPRESENTATION('',(#6966),#6970);
#6966 = LINE('',#6967,#6968);
#6967 = CARTESIAN_POINT('',(-0.31164841034,0.361206263803));
#6968 = VECTOR('',#6969,1.);
#6969 = DIRECTION('',(0.451236044898,-0.89240463456));
#6970 = ( GEOMETRIC_REPRESENTATION_CONTEXT(2) 
PARAMETRIC_REPRESENTATION_CONTEXT() REPRESENTATION_CONTEXT('2D SPACE',''
  ) );
#6971 = ORIENTED_EDGE('',*,*,#6972,.T.);
#6972 = EDGE_CURVE('',#6945,#6898,#6973,.T.);
#6973 = SURFACE_CURVE('',#6974,(#6978,#6985),.PCURVE_S1.);
#6974 = LINE('',#6975,#6976);
#6975 = CARTESIAN_POINT('',(2.23545123778,-1.114121063661,4.2));
#6976 = VECTOR('',#6977,1.);
#6977 = DIRECTION('',(0.48415329888,0.874983190229,-0.));
#6978 = PCURVE('',#3113,#6979);
#6979 = DEFINITIONAL_REPRESENTATION('',(#6980),#6984);
#6980 = LINE('',#6981,#6982);
#6981 = CARTESIAN_POINT('',(0.107463888673,5.879399274649E-02));
#6982 = VECTOR('',#6983,1.);
#6983 = DIRECTION('',(-1.,3.754451691423E-16));
#6984 = ( GEOMETRIC_REPRESENTATION_CONTEXT(2) 
PARAMETRIC_REPRESENTATION_CONTEXT() REPRESENTATION_CONTEXT('2D SPACE',''
  ) );
#6985 = PCURVE('',#6184,#6986);
#6986 = DEFINITIONAL_REPRESENTATION('',(#6987),#6991);
#6987 = LINE('',#6988,#6989);
#6988 = CARTESIAN_POINT('',(2.23545123778,-1.114121063661));
#6989 = VECTOR('',#6990,1.);
#6990 = DIRECTION('',(0.48415329888,0.874983190229));
#6991 = ( GEOMETRIC_REPRESENTATION_CONTEXT(2) 
PARAMETRIC_REPRESENTATION_CONTEXT() REPRESENTATION_CONTEXT('2D SPACE',''
  ) );
#6992 = ORIENTED_EDGE('',*,*,#6897,.T.);
#6993 = ORIENTED_EDGE('',*,*,#3097,.F.);
#6994 = ADVANCED_FACE('',(#6995),#3085,.T.);
#6995 = FACE_BOUND('',#6996,.T.);
#6996 = EDGE_LOOP('',(#6997,#7025,#7026,#7054));
#6997 = ORIENTED_EDGE('',*,*,#6998,.F.);
#6998 = EDGE_CURVE('',#3070,#6999,#7001,.T.);
#6999 = VERTEX_POINT('',#7000);
#7000 = CARTESIAN_POINT('',(1.998873272769,-1.454610758083,4.2));
#7001 = SURFACE_CURVE('',#7002,(#7006,#7013),.PCURVE_S1.);
#7002 = LINE('',#7003,#7004);
#7003 = CARTESIAN_POINT('',(2.136993408203,-1.292999267578,
    3.779999732971));
#7004 = VECTOR('',#7005,1.);
#7005 = DIRECTION('',(-0.293410979062,-0.343314068638,0.892213790322));
#7006 = PCURVE('',#3085,#7007);
#7007 = DEFINITIONAL_REPRESENTATION('',(#7008),#7012);
#7008 = LINE('',#7009,#7010);
#7009 = CARTESIAN_POINT('',(-0.312387907085,-0.360871554354));
#7010 = VECTOR('',#7011,1.);
#7011 = DIRECTION('',(0.451613277439,0.892213790322));
#7012 = ( GEOMETRIC_REPRESENTATION_CONTEXT(2) 
PARAMETRIC_REPRESENTATION_CONTEXT() REPRESENTATION_CONTEXT('2D SPACE',''
  ) );
#7013 = PCURVE('',#7014,#7019);
#7014 = PLANE('',#7015);
#7015 = AXIS2_PLACEMENT_3D('',#7016,#7017,#7018);
#7016 = CARTESIAN_POINT('',(2.045915439436,-1.398993843554,
    4.313362953732));
#7017 = DIRECTION('',(-0.762050965202,0.647515425574,-1.449164482881E-03
    ));
#7018 = DIRECTION('',(-0.647516105492,-0.762051765387,2.161505559923E-16
    ));
#7019 = DEFINITIONAL_REPRESENTATION('',(#7020),#7024);
#7020 = LINE('',#7021,#7022);
#7021 = CARTESIAN_POINT('',(-0.139747805376,-0.533363780814));
#7022 = VECTOR('',#7023,1.);
#7023 = DIRECTION('',(0.451611426558,0.892214727183));
#7024 = ( GEOMETRIC_REPRESENTATION_CONTEXT(2) 
PARAMETRIC_REPRESENTATION_CONTEXT() REPRESENTATION_CONTEXT('2D SPACE',''
  ) );
#7025 = ORIENTED_EDGE('',*,*,#3069,.F.);
#7026 = ORIENTED_EDGE('',*,*,#7027,.T.);
#7027 = EDGE_CURVE('',#3042,#7028,#7030,.T.);
#7028 = VERTEX_POINT('',#7029);
#7029 = CARTESIAN_POINT('',(1.842994689941,-1.637001037598,4.2));
#7030 = SURFACE_CURVE('',#7031,(#7035,#7042),.PCURVE_S1.);
#7031 = LINE('',#7032,#7033);
#7032 = CARTESIAN_POINT('',(1.842994689941,-1.637001037598,
    3.779999732971));
#7033 = VECTOR('',#7034,1.);
#7034 = DIRECTION('',(0.,0.,1.));
#7035 = PCURVE('',#3085,#7036);
#7036 = DEFINITIONAL_REPRESENTATION('',(#7037),#7041);
#7037 = LINE('',#7038,#7039);
#7038 = CARTESIAN_POINT('',(0.140130008712,-0.360871554354));
#7039 = VECTOR('',#7040,1.);
#7040 = DIRECTION('',(0.,1.));
#7041 = ( GEOMETRIC_REPRESENTATION_CONTEXT(2) 
PARAMETRIC_REPRESENTATION_CONTEXT() REPRESENTATION_CONTEXT('2D SPACE',''
  ) );
#7042 = PCURVE('',#7043,#7048);
#7043 = PLANE('',#7044);
#7044 = AXIS2_PLACEMENT_3D('',#7045,#7046,#7047);
#7045 = CARTESIAN_POINT('',(1.731311978592,-1.724486143736,
    4.313782824142));
#7046 = DIRECTION('',(-0.616663353827,0.787226973653,0.));
#7047 = DIRECTION('',(0.787226973653,0.616663353827,0.));
#7048 = DEFINITIONAL_REPRESENTATION('',(#7049),#7053);
#7049 = LINE('',#7050,#7051);
#7050 = CARTESIAN_POINT('',(0.141868501826,0.533783091171));
#7051 = VECTOR('',#7052,1.);
#7052 = DIRECTION('',(0.,-1.));
#7053 = ( GEOMETRIC_REPRESENTATION_CONTEXT(2) 
PARAMETRIC_REPRESENTATION_CONTEXT() REPRESENTATION_CONTEXT('2D SPACE',''
  ) );
#7054 = ORIENTED_EDGE('',*,*,#7055,.T.);
#7055 = EDGE_CURVE('',#7028,#6999,#7056,.T.);
#7056 = SURFACE_CURVE('',#7057,(#7061,#7068),.PCURVE_S1.);
#7057 = LINE('',#7058,#7059);
#7058 = CARTESIAN_POINT('',(1.903801253057,-1.565852545985,4.2));
#7059 = VECTOR('',#7060,1.);
#7060 = DIRECTION('',(0.649695201006,0.760194807789,-0.));
#7061 = PCURVE('',#3085,#7062);
#7062 = DEFINITIONAL_REPRESENTATION('',(#7063),#7067);
#7063 = LINE('',#7064,#7065);
#7064 = CARTESIAN_POINT('',(4.65375625593E-02,5.9128712675E-02));
#7065 = VECTOR('',#7066,1.);
#7066 = DIRECTION('',(-1.,0.));
#7067 = ( GEOMETRIC_REPRESENTATION_CONTEXT(2) 
PARAMETRIC_REPRESENTATION_CONTEXT() REPRESENTATION_CONTEXT('2D SPACE',''
  ) );
#7068 = PCURVE('',#6184,#7069);
#7069 = DEFINITIONAL_REPRESENTATION('',(#7070),#7074);
#7070 = LINE('',#7071,#7072);
#7071 = CARTESIAN_POINT('',(1.903801253057,-1.565852545985));
#7072 = VECTOR('',#7073,1.);
#7073 = DIRECTION('',(0.649695201006,0.760194807789));
#7074 = ( GEOMETRIC_REPRESENTATION_CONTEXT(2) 
PARAMETRIC_REPRESENTATION_CONTEXT() REPRESENTATION_CONTEXT('2D SPACE',''
  ) );
#7075 = ADVANCED_FACE('',(#7076),#3057,.T.);
#7076 = FACE_BOUND('',#7077,.T.);
#7077 = EDGE_LOOP('',(#7078,#7101,#7102,#7130));
#7078 = ORIENTED_EDGE('',*,*,#7079,.F.);
#7079 = EDGE_CURVE('',#3042,#7080,#7082,.T.);
#7080 = VERTEX_POINT('',#7081);
#7081 = CARTESIAN_POINT('',(1.673866969412,-1.769484896583,4.2));
#7082 = SURFACE_CURVE('',#7083,(#7087,#7094),.PCURVE_S1.);
#7083 = LINE('',#7084,#7085);
#7084 = CARTESIAN_POINT('',(1.842994689941,-1.637001037598,
    3.779999732971));
#7085 = VECTOR('',#7086,1.);
#7086 = DIRECTION('',(-0.358504629517,-0.28082963948,0.89028599012));
#7087 = PCURVE('',#3057,#7088);
#7088 = DEFINITIONAL_REPRESENTATION('',(#7089),#7093);
#7089 = LINE('',#7090,#7091);
#7090 = CARTESIAN_POINT('',(0.315741432836,0.360029912047));
#7091 = VECTOR('',#7092,1.);
#7092 = DIRECTION('',(-0.455399185342,-0.890287359222));
#7093 = ( GEOMETRIC_REPRESENTATION_CONTEXT(2) 
PARAMETRIC_REPRESENTATION_CONTEXT() REPRESENTATION_CONTEXT('2D SPACE',''
  ) );
#7094 = PCURVE('',#7043,#7095);
#7095 = DEFINITIONAL_REPRESENTATION('',(#7096),#7100);
#7096 = LINE('',#7097,#7098);
#7097 = CARTESIAN_POINT('',(0.141868501826,0.533783091171));
#7098 = VECTOR('',#7099,1.);
#7099 = DIRECTION('',(-0.455401861871,-0.89028599012));
#7100 = ( GEOMETRIC_REPRESENTATION_CONTEXT(2) 
PARAMETRIC_REPRESENTATION_CONTEXT() REPRESENTATION_CONTEXT('2D SPACE',''
  ) );
#7101 = ORIENTED_EDGE('',*,*,#3041,.F.);
#7102 = ORIENTED_EDGE('',*,*,#7103,.F.);
#7103 = EDGE_CURVE('',#7104,#3014,#7106,.T.);
#7104 = VERTEX_POINT('',#7105);
#7105 = CARTESIAN_POINT('',(1.48299407959,-1.920061342329,4.2));
#7106 = SURFACE_CURVE('',#7107,(#7111,#7118),.PCURVE_S1.);
#7107 = LINE('',#7108,#7109);
#7108 = CARTESIAN_POINT('',(1.48299407959,-1.919002532959,4.674000740051
    ));
#7109 = VECTOR('',#7110,1.);
#7110 = DIRECTION('',(0.,-2.233765980708E-03,-0.999997505142));
#7111 = PCURVE('',#3057,#7112);
#7112 = DEFINITIONAL_REPRESENTATION('',(#7113),#7117);
#7113 = LINE('',#7114,#7115);
#7114 = CARTESIAN_POINT('',(-0.141558058379,-0.533972469847));
#7115 = VECTOR('',#7116,1.);
#7116 = DIRECTION('',(-1.383502460481E-03,0.99999904296));
#7117 = ( GEOMETRIC_REPRESENTATION_CONTEXT(2) 
PARAMETRIC_REPRESENTATION_CONTEXT() REPRESENTATION_CONTEXT('2D SPACE',''
  ) );
#7118 = PCURVE('',#7119,#7124);
#7119 = PLANE('',#7120);
#7120 = AXIS2_PLACEMENT_3D('',#7121,#7122,#7123);
#7121 = CARTESIAN_POINT('',(1.35636298698,-1.984985238808,4.314010188828
    ));
#7122 = DIRECTION('',(-0.457646975114,0.88913176836,-1.986117251615E-03)
  );
#7123 = DIRECTION('',(0.889133522027,0.457647877748,4.151548420707E-16)
  );
#7124 = DEFINITIONAL_REPRESENTATION('',(#7125),#7129);
#7125 = LINE('',#7126,#7127);
#7126 = CARTESIAN_POINT('',(0.14278879467,-0.359991261246));
#7127 = VECTOR('',#7128,1.);
#7128 = DIRECTION('',(-1.022278260457E-03,0.999999477473));
#7129 = ( GEOMETRIC_REPRESENTATION_CONTEXT(2) 
PARAMETRIC_REPRESENTATION_CONTEXT() REPRESENTATION_CONTEXT('2D SPACE',''
  ) );
#7130 = ORIENTED_EDGE('',*,*,#7131,.T.);
#7131 = EDGE_CURVE('',#7104,#7080,#7132,.T.);
#7132 = SURFACE_CURVE('',#7133,(#7137,#7144),.PCURVE_S1.);
#7133 = LINE('',#7134,#7135);
#7134 = CARTESIAN_POINT('',(1.548593748717,-1.868310855245,4.2));
#7135 = VECTOR('',#7136,1.);
#7136 = DIRECTION('',(0.785108122376,0.6193587298,-0.));
#7137 = PCURVE('',#3057,#7138);
#7138 = DEFINITIONAL_REPRESENTATION('',(#7139),#7143);
#7139 = LINE('',#7140,#7141);
#7140 = CARTESIAN_POINT('',(-5.865889220211E-02,-5.997100086759E-02));
#7141 = VECTOR('',#7142,1.);
#7142 = DIRECTION('',(1.,-1.088252212772E-15));
#7143 = ( GEOMETRIC_REPRESENTATION_CONTEXT(2) 
PARAMETRIC_REPRESENTATION_CONTEXT() REPRESENTATION_CONTEXT('2D SPACE',''
  ) );
#7144 = PCURVE('',#6184,#7145);
#7145 = DEFINITIONAL_REPRESENTATION('',(#7146),#7150);
#7146 = LINE('',#7147,#7148);
#7147 = CARTESIAN_POINT('',(1.548593748717,-1.868310855245));
#7148 = VECTOR('',#7149,1.);
#7149 = DIRECTION('',(0.785108122376,0.6193587298));
#7150 = ( GEOMETRIC_REPRESENTATION_CONTEXT(2) 
PARAMETRIC_REPRESENTATION_CONTEXT() REPRESENTATION_CONTEXT('2D SPACE',''
  ) );
#7151 = ADVANCED_FACE('',(#7152),#3029,.T.);
#7152 = FACE_BOUND('',#7153,.T.);
#7153 = EDGE_LOOP('',(#7154,#7177,#7178,#7206));
#7154 = ORIENTED_EDGE('',*,*,#7155,.F.);
#7155 = EDGE_CURVE('',#3014,#7156,#7158,.T.);
#7156 = VERTEX_POINT('',#7157);
#7157 = CARTESIAN_POINT('',(1.291321253264,-2.018717685856,4.2));
#7158 = SURFACE_CURVE('',#7159,(#7163,#7170),.PCURVE_S1.);
#7159 = LINE('',#7160,#7161);
#7160 = CARTESIAN_POINT('',(1.48299407959,-1.920999526978,3.779999732971
    ));
#7161 = VECTOR('',#7162,1.);
#7162 = DIRECTION('',(-0.406174442101,-0.207074833851,0.890023783823));
#7163 = PCURVE('',#3029,#7164);
#7164 = DEFINITIONAL_REPRESENTATION('',(#7165),#7169);
#7165 = LINE('',#7166,#7167);
#7166 = CARTESIAN_POINT('',(0.316073326602,0.359991129457));
#7167 = VECTOR('',#7168,1.);
#7168 = DIRECTION('',(-0.455910663973,-0.890025542597));
#7169 = ( GEOMETRIC_REPRESENTATION_CONTEXT(2) 
PARAMETRIC_REPRESENTATION_CONTEXT() REPRESENTATION_CONTEXT('2D SPACE',''
  ) );
#7170 = PCURVE('',#7119,#7171);
#7171 = DEFINITIONAL_REPRESENTATION('',(#7172),#7176);
#7172 = LINE('',#7173,#7174);
#7173 = CARTESIAN_POINT('',(0.141874874596,0.534011509105));
#7174 = VECTOR('',#7175,1.);
#7175 = DIRECTION('',(-0.455910670509,-0.890025539249));
#7176 = ( GEOMETRIC_REPRESENTATION_CONTEXT(2) 
PARAMETRIC_REPRESENTATION_CONTEXT() REPRESENTATION_CONTEXT('2D SPACE',''
  ) );
#7177 = ORIENTED_EDGE('',*,*,#3013,.F.);
#7178 = ORIENTED_EDGE('',*,*,#7179,.F.);
#7179 = EDGE_CURVE('',#7180,#2986,#7182,.T.);
#7180 = VERTEX_POINT('',#7181);
#7181 = CARTESIAN_POINT('',(1.075004577637,-2.130059530732,4.2));
#7182 = SURFACE_CURVE('',#7183,(#7187,#7194),.PCURVE_S1.);
#7183 = LINE('',#7184,#7185);
#7184 = CARTESIAN_POINT('',(1.075004577637,-2.128999710083,
    4.674000740051));
#7185 = VECTOR('',#7186,1.);
#7186 = DIRECTION('',(0.,-2.23589946191E-03,-0.999997500374));
#7187 = PCURVE('',#3029,#7188);
#7188 = DEFINITIONAL_REPRESENTATION('',(#7189),#7193);
#7189 = LINE('',#7190,#7191);
#7190 = CARTESIAN_POINT('',(-0.141874652023,-0.534011644258));
#7191 = VECTOR('',#7192,1.);
#7192 = DIRECTION('',(-1.023261990989E-03,0.999999476467));
#7193 = ( GEOMETRIC_REPRESENTATION_CONTEXT(2) 
PARAMETRIC_REPRESENTATION_CONTEXT() REPRESENTATION_CONTEXT('2D SPACE',''
  ) );
#7194 = PCURVE('',#7195,#7200);
#7195 = PLANE('',#7196);
#7196 = AXIS2_PLACEMENT_3D('',#7197,#7198,#7199);
#7197 = CARTESIAN_POINT('',(0.936994539811,-2.170212137415,
    4.314516272281));
#7198 = DIRECTION('',(-0.280997208787,0.959706186364,-2.145811909415E-03
    ));
#7199 = DIRECTION('',(0.959708395859,0.280997855716,-1.411027781549E-15)
  );
#7200 = DEFINITIONAL_REPRESENTATION('',(#7201),#7205);
#7201 = LINE('',#7202,#7203);
#7202 = CARTESIAN_POINT('',(0.144029995724,-0.359485295398));
#7203 = VECTOR('',#7204,1.);
#7204 = DIRECTION('',(-6.282829543925E-04,0.99999980263));
#7205 = ( GEOMETRIC_REPRESENTATION_CONTEXT(2) 
PARAMETRIC_REPRESENTATION_CONTEXT() REPRESENTATION_CONTEXT('2D SPACE',''
  ) );
#7206 = ORIENTED_EDGE('',*,*,#7207,.T.);
#7207 = EDGE_CURVE('',#7180,#7156,#7208,.T.);
#7208 = SURFACE_CURVE('',#7209,(#7213,#7220),.PCURVE_S1.);
#7209 = LINE('',#7210,#7211);
#7210 = CARTESIAN_POINT('',(1.146741118749,-2.09313552194,4.2));
#7211 = VECTOR('',#7212,1.);
#7212 = DIRECTION('',(0.889131830624,0.457651163848,-0.));
#7213 = PCURVE('',#3029,#7214);
#7214 = DEFINITIONAL_REPRESENTATION('',(#7215),#7219);
#7215 = LINE('',#7216,#7217);
#7216 = CARTESIAN_POINT('',(-6.167812245766E-02,-6.000996753438E-02));
#7217 = VECTOR('',#7218,1.);
#7218 = DIRECTION('',(1.,-1.033624283317E-15));
#7219 = ( GEOMETRIC_REPRESENTATION_CONTEXT(2) 
PARAMETRIC_REPRESENTATION_CONTEXT() REPRESENTATION_CONTEXT('2D SPACE',''
  ) );
#7220 = PCURVE('',#6184,#7221);
#7221 = DEFINITIONAL_REPRESENTATION('',(#7222),#7226);
#7222 = LINE('',#7223,#7224);
#7223 = CARTESIAN_POINT('',(1.146741118749,-2.09313552194));
#7224 = VECTOR('',#7225,1.);
#7225 = DIRECTION('',(0.889131830624,0.457651163848));
#7226 = ( GEOMETRIC_REPRESENTATION_CONTEXT(2) 
PARAMETRIC_REPRESENTATION_CONTEXT() REPRESENTATION_CONTEXT('2D SPACE',''
  ) );
#7227 = ADVANCED_FACE('',(#7228),#3001,.T.);
#7228 = FACE_BOUND('',#7229,.T.);
#7229 = EDGE_LOOP('',(#7230,#7231,#7259,#7282));
#7230 = ORIENTED_EDGE('',*,*,#2985,.T.);
#7231 = ORIENTED_EDGE('',*,*,#7232,.T.);
#7232 = EDGE_CURVE('',#2958,#7233,#7235,.T.);
#7233 = VERTEX_POINT('',#7234);
#7234 = CARTESIAN_POINT('',(0.631004333496,-2.260061610126,4.2));
#7235 = SURFACE_CURVE('',#7236,(#7240,#7247),.PCURVE_S1.);
#7236 = LINE('',#7237,#7238);
#7237 = CARTESIAN_POINT('',(0.631004333496,-2.261001586914,
    3.779999732971));
#7238 = VECTOR('',#7239,1.);
#7239 = DIRECTION('',(0.,2.238032943086E-03,0.999997495601));
#7240 = PCURVE('',#3001,#7241);
#7241 = DEFINITIONAL_REPRESENTATION('',(#7242),#7246);
#7242 = LINE('',#7243,#7244);
#7243 = CARTESIAN_POINT('',(-0.144030400427,0.359485215598));
#7244 = VECTOR('',#7245,1.);
#7245 = DIRECTION('',(6.28890956299E-04,-0.999999802248));
#7246 = ( GEOMETRIC_REPRESENTATION_CONTEXT(2) 
PARAMETRIC_REPRESENTATION_CONTEXT() REPRESENTATION_CONTEXT('2D SPACE',''
  ) );
#7247 = PCURVE('',#7248,#7253);
#7248 = PLANE('',#7249);
#7249 = AXIS2_PLACEMENT_3D('',#7250,#7251,#7252);
#7250 = CARTESIAN_POINT('',(0.488041406538,-2.273479610994,
    4.314437687388));
#7251 = DIRECTION('',(-9.52132148556E-02,0.995454408968,
    -2.227865340069E-03));
#7252 = DIRECTION('',(0.995456879388,9.521345114636E-02,
    4.107442635398E-16));
#7253 = DEFINITIONAL_REPRESENTATION('',(#7254),#7258);
#7254 = LINE('',#7255,#7256);
#7255 = CARTESIAN_POINT('',(0.143501504874,0.534439280732));
#7256 = VECTOR('',#7257,1.);
#7257 = DIRECTION('',(2.130908402909E-04,-0.999999977296));
#7258 = ( GEOMETRIC_REPRESENTATION_CONTEXT(2) 
PARAMETRIC_REPRESENTATION_CONTEXT() REPRESENTATION_CONTEXT('2D SPACE',''
  ) );
#7259 = ORIENTED_EDGE('',*,*,#7260,.T.);
#7260 = EDGE_CURVE('',#7233,#7261,#7263,.T.);
#7261 = VERTEX_POINT('',#7262);
#7262 = CARTESIAN_POINT('',(0.866413961269,-2.191133828064,4.2));
#7263 = SURFACE_CURVE('',#7264,(#7268,#7275),.PCURVE_S1.);
#7264 = LINE('',#7265,#7266);
#7265 = CARTESIAN_POINT('',(0.714147546406,-2.235717332819,4.2));
#7266 = VECTOR('',#7267,1.);
#7267 = DIRECTION('',(0.959707284049,0.281001652921,-0.));
#7268 = PCURVE('',#3001,#7269);
#7269 = DEFINITIONAL_REPRESENTATION('',(#7270),#7274);
#7270 = LINE('',#7271,#7272);
#7271 = CARTESIAN_POINT('',(-5.713233618469E-02,-6.051602022612E-02));
#7272 = VECTOR('',#7273,1.);
#7273 = DIRECTION('',(1.,4.107069080444E-16));
#7274 = ( GEOMETRIC_REPRESENTATION_CONTEXT(2) 
PARAMETRIC_REPRESENTATION_CONTEXT() REPRESENTATION_CONTEXT('2D SPACE',''
  ) );
#7275 = PCURVE('',#6184,#7276);
#7276 = DEFINITIONAL_REPRESENTATION('',(#7277),#7281);
#7277 = LINE('',#7278,#7279);
#7278 = CARTESIAN_POINT('',(0.714147546406,-2.235717332819));
#7279 = VECTOR('',#7280,1.);
#7280 = DIRECTION('',(0.959707284049,0.281001652921));
#7281 = ( GEOMETRIC_REPRESENTATION_CONTEXT(2) 
PARAMETRIC_REPRESENTATION_CONTEXT() REPRESENTATION_CONTEXT('2D SPACE',''
  ) );
#7282 = ORIENTED_EDGE('',*,*,#7283,.T.);
#7283 = EDGE_CURVE('',#7261,#2986,#7284,.T.);
#7284 = SURFACE_CURVE('',#7285,(#7289,#7296),.PCURVE_S1.);
#7285 = LINE('',#7286,#7287);
#7286 = CARTESIAN_POINT('',(0.631004333496,-2.259000778198,
    4.674000740051));
#7287 = VECTOR('',#7288,1.);
#7288 = DIRECTION('',(0.441194657661,0.127193335778,-0.888351917533));
#7289 = PCURVE('',#3001,#7290);
#7290 = DEFINITIONAL_REPRESENTATION('',(#7291),#7295);
#7291 = LINE('',#7292,#7293);
#7292 = CARTESIAN_POINT('',(-0.143468169871,-0.534517853632));
#7293 = VECTOR('',#7294,1.);
#7294 = DIRECTION('',(0.459159264235,0.888353966653));
#7295 = ( GEOMETRIC_REPRESENTATION_CONTEXT(2) 
PARAMETRIC_REPRESENTATION_CONTEXT() REPRESENTATION_CONTEXT('2D SPACE',''
  ) );
#7296 = PCURVE('',#7195,#7297);
#7297 = DEFINITIONAL_REPRESENTATION('',(#7298),#7302);
#7298 = LINE('',#7299,#7300);
#7299 = CARTESIAN_POINT('',(-0.318610787723,-0.359485295398));
#7300 = VECTOR('',#7301,1.);
#7301 = DIRECTION('',(0.459159271781,0.888353962752));
#7302 = ( GEOMETRIC_REPRESENTATION_CONTEXT(2) 
PARAMETRIC_REPRESENTATION_CONTEXT() REPRESENTATION_CONTEXT('2D SPACE',''
  ) );
#7303 = ADVANCED_FACE('',(#7304),#2973,.T.);
#7304 = FACE_BOUND('',#7305,.T.);
#7305 = EDGE_LOOP('',(#7306,#7334,#7357,#7378));
#7306 = ORIENTED_EDGE('',*,*,#7307,.F.);
#7307 = EDGE_CURVE('',#7308,#2930,#7310,.T.);
#7308 = VERTEX_POINT('',#7309);
#7309 = CARTESIAN_POINT('',(0.170997619629,-2.304059317109,4.2));
#7310 = SURFACE_CURVE('',#7311,(#7315,#7322),.PCURVE_S1.);
#7311 = LINE('',#7312,#7313);
#7312 = CARTESIAN_POINT('',(0.170997619629,-2.30299949646,4.674000740051
    ));
#7313 = VECTOR('',#7314,1.);
#7314 = DIRECTION('',(0.,-2.23589946191E-03,-0.999997500374));
#7315 = PCURVE('',#2973,#7316);
#7316 = DEFINITIONAL_REPRESENTATION('',(#7317),#7321);
#7317 = LINE('',#7318,#7319);
#7318 = CARTESIAN_POINT('',(-0.143501555431,-0.534439250723));
#7319 = VECTOR('',#7320,1.);
#7320 = DIRECTION('',(-2.128785591412E-04,0.999999977341));
#7321 = ( GEOMETRIC_REPRESENTATION_CONTEXT(2) 
PARAMETRIC_REPRESENTATION_CONTEXT() REPRESENTATION_CONTEXT('2D SPACE',''
  ) );
#7322 = PCURVE('',#7323,#7328);
#7323 = PLANE('',#7324);
#7324 = AXIS2_PLACEMENT_3D('',#7325,#7326,#7327);
#7325 = CARTESIAN_POINT('',(2.73052087875E-02,-2.290117985174,
    4.314697815336));
#7326 = DIRECTION('',(9.480808196222E-02,0.99549308048,
    -2.225828006728E-03));
#7327 = DIRECTION('',(0.99549554648,-9.480831681742E-02,
    3.222390022782E-17));
#7328 = DEFINITIONAL_REPRESENTATION('',(#7329),#7333);
#7329 = LINE('',#7330,#7331);
#7330 = CARTESIAN_POINT('',(0.144266429459,-0.359303814767));
#7331 = VECTOR('',#7332,1.);
#7332 = DIRECTION('',(2.119818645567E-04,0.999999977532));
#7333 = ( GEOMETRIC_REPRESENTATION_CONTEXT(2) 
PARAMETRIC_REPRESENTATION_CONTEXT() REPRESENTATION_CONTEXT('2D SPACE',''
  ) );
#7334 = ORIENTED_EDGE('',*,*,#7335,.T.);
#7335 = EDGE_CURVE('',#7308,#7336,#7338,.T.);
#7336 = VERTEX_POINT('',#7337);
#7337 = CARTESIAN_POINT('',(0.414893902826,-2.280732138764,4.2));
#7338 = SURFACE_CURVE('',#7339,(#7343,#7350),.PCURVE_S1.);
#7339 = LINE('',#7340,#7341);
#7340 = CARTESIAN_POINT('',(0.266934640857,-2.294883531505,4.2));
#7341 = VECTOR('',#7342,1.);
#7342 = DIRECTION('',(0.995457270589,9.520936105044E-02,-0.));
#7343 = PCURVE('',#2973,#7344);
#7344 = DEFINITIONAL_REPRESENTATION('',(#7345),#7349);
#7345 = LINE('',#7346,#7347);
#7346 = CARTESIAN_POINT('',(-4.722763429376E-02,-6.043733658433E-02));
#7347 = VECTOR('',#7348,1.);
#7348 = DIRECTION('',(1.,-3.279474179008E-16));
#7349 = ( GEOMETRIC_REPRESENTATION_CONTEXT(2) 
PARAMETRIC_REPRESENTATION_CONTEXT() REPRESENTATION_CONTEXT('2D SPACE',''
  ) );
#7350 = PCURVE('',#6184,#7351);
#7351 = DEFINITIONAL_REPRESENTATION('',(#7352),#7356);
#7352 = LINE('',#7353,#7354);
#7353 = CARTESIAN_POINT('',(0.266934640857,-2.294883531505));
#7354 = VECTOR('',#7355,1.);
#7355 = DIRECTION('',(0.995457270589,9.520936105044E-02));
#7356 = ( GEOMETRIC_REPRESENTATION_CONTEXT(2) 
PARAMETRIC_REPRESENTATION_CONTEXT() REPRESENTATION_CONTEXT('2D SPACE',''
  ) );
#7357 = ORIENTED_EDGE('',*,*,#7358,.T.);
#7358 = EDGE_CURVE('',#7336,#2958,#7359,.T.);
#7359 = SURFACE_CURVE('',#7360,(#7364,#7371),.PCURVE_S1.);
#7360 = LINE('',#7361,#7362);
#7361 = CARTESIAN_POINT('',(0.170997619629,-2.30299949646,4.674000740051
    ));
#7362 = VECTOR('',#7363,1.);
#7363 = DIRECTION('',(0.457134012589,4.173563631201E-02,-0.888418049792)
  );
#7364 = PCURVE('',#2973,#7365);
#7365 = DEFINITIONAL_REPRESENTATION('',(#7366),#7370);
#7366 = LINE('',#7367,#7368);
#7367 = CARTESIAN_POINT('',(-0.143501555431,-0.534439250723));
#7368 = VECTOR('',#7369,1.);
#7369 = DIRECTION('',(0.459030999731,0.88842025038));
#7370 = ( GEOMETRIC_REPRESENTATION_CONTEXT(2) 
PARAMETRIC_REPRESENTATION_CONTEXT() REPRESENTATION_CONTEXT('2D SPACE',''
  ) );
#7371 = PCURVE('',#7248,#7372);
#7372 = DEFINITIONAL_REPRESENTATION('',(#7373),#7377);
#7373 = LINE('',#7374,#7375);
#7374 = CARTESIAN_POINT('',(-0.318414108918,-0.359563944991));
#7375 = VECTOR('',#7376,1.);
#7376 = DIRECTION('',(0.459030991603,0.88842025458));
#7377 = ( GEOMETRIC_REPRESENTATION_CONTEXT(2) 
PARAMETRIC_REPRESENTATION_CONTEXT() REPRESENTATION_CONTEXT('2D SPACE',''
  ) );
#7378 = ORIENTED_EDGE('',*,*,#2957,.F.);
#7379 = ADVANCED_FACE('',(#7380),#2945,.T.);
#7380 = FACE_BOUND('',#7381,.T.);
#7381 = EDGE_LOOP('',(#7382,#7383,#7411,#7434));
#7382 = ORIENTED_EDGE('',*,*,#2929,.T.);
#7383 = ORIENTED_EDGE('',*,*,#7384,.T.);
#7384 = EDGE_CURVE('',#2902,#7385,#7387,.T.);
#7385 = VERTEX_POINT('',#7386);
#7386 = CARTESIAN_POINT('',(-0.290992736816,-2.260061610126,4.2));
#7387 = SURFACE_CURVE('',#7388,(#7392,#7399),.PCURVE_S1.);
#7388 = LINE('',#7389,#7390);
#7389 = CARTESIAN_POINT('',(-0.290992736816,-2.261001586914,
    3.779999732971));
#7390 = VECTOR('',#7391,1.);
#7391 = DIRECTION('',(0.,2.238032943086E-03,0.999997495601));
#7392 = PCURVE('',#2945,#7393);
#7393 = DEFINITIONAL_REPRESENTATION('',(#7394),#7398);
#7394 = LINE('',#7395,#7396);
#7395 = CARTESIAN_POINT('',(-0.144266296843,0.359303844094));
#7396 = VECTOR('',#7397,1.);
#7397 = DIRECTION('',(-2.121750207872E-04,-0.999999977491));
#7398 = ( GEOMETRIC_REPRESENTATION_CONTEXT(2) 
PARAMETRIC_REPRESENTATION_CONTEXT() REPRESENTATION_CONTEXT('2D SPACE',''
  ) );
#7399 = PCURVE('',#7400,#7405);
#7400 = PLANE('',#7401);
#7401 = AXIS2_PLACEMENT_3D('',#7402,#7403,#7404);
#7402 = CARTESIAN_POINT('',(-0.429021130603,-2.219391332372,
    4.314497145309));
#7403 = DIRECTION('',(0.280997207551,0.959706182146,-2.147859430419E-03)
  );
#7404 = DIRECTION('',(0.95970839586,-0.280997855715,-2.185195991704E-16)
  );
#7405 = DEFINITIONAL_REPRESENTATION('',(#7406),#7410);
#7406 = LINE('',#7407,#7408);
#7407 = CARTESIAN_POINT('',(0.144159400686,0.534498645241));
#7408 = VECTOR('',#7409,1.);
#7409 = DIRECTION('',(-6.288824580278E-04,-0.999999802253));
#7410 = ( GEOMETRIC_REPRESENTATION_CONTEXT(2) 
PARAMETRIC_REPRESENTATION_CONTEXT() REPRESENTATION_CONTEXT('2D SPACE',''
  ) );
#7411 = ORIENTED_EDGE('',*,*,#7412,.T.);
#7412 = EDGE_CURVE('',#7385,#7413,#7415,.T.);
#7413 = VERTEX_POINT('',#7414);
#7414 = CARTESIAN_POINT('',(-4.60447232038E-02,-2.283388788471,4.2));
#7415 = SURFACE_CURVE('',#7416,(#7420,#7427),.PCURVE_S1.);
#7416 = LINE('',#7417,#7418);
#7417 = CARTESIAN_POINT('',(-0.181600642644,-2.270479367154,4.2));
#7418 = VECTOR('',#7419,1.);
#7419 = DIRECTION('',(0.995495934374,-9.480424380816E-02,0.));
#7420 = PCURVE('',#2945,#7421);
#7421 = DEFINITIONAL_REPRESENTATION('',(#7422),#7426);
#7422 = LINE('',#7423,#7424);
#7423 = CARTESIAN_POINT('',(-3.446837805352E-02,-6.069746533242E-02));
#7424 = VECTOR('',#7425,1.);
#7425 = DIRECTION('',(1.,-1.364228692721E-16));
#7426 = ( GEOMETRIC_REPRESENTATION_CONTEXT(2) 
PARAMETRIC_REPRESENTATION_CONTEXT() REPRESENTATION_CONTEXT('2D SPACE',''
  ) );
#7427 = PCURVE('',#6184,#7428);
#7428 = DEFINITIONAL_REPRESENTATION('',(#7429),#7433);
#7429 = LINE('',#7430,#7431);
#7430 = CARTESIAN_POINT('',(-0.181600642644,-2.270479367154));
#7431 = VECTOR('',#7432,1.);
#7432 = DIRECTION('',(0.995495934374,-9.480424380816E-02));
#7433 = ( GEOMETRIC_REPRESENTATION_CONTEXT(2) 
PARAMETRIC_REPRESENTATION_CONTEXT() REPRESENTATION_CONTEXT('2D SPACE',''
  ) );
#7434 = ORIENTED_EDGE('',*,*,#7435,.T.);
#7435 = EDGE_CURVE('',#7413,#2930,#7436,.T.);
#7436 = SURFACE_CURVE('',#7437,(#7441,#7448),.PCURVE_S1.);
#7437 = LINE('',#7438,#7439);
#7438 = CARTESIAN_POINT('',(-0.290992736816,-2.259000778198,
    4.674000740051));
#7439 = VECTOR('',#7440,1.);
#7440 = DIRECTION('',(0.458611673552,-4.566122435911E-02,-0.887462892448
    ));
#7441 = PCURVE('',#2945,#7442);
#7442 = DEFINITIONAL_REPRESENTATION('',(#7443),#7447);
#7443 = LINE('',#7444,#7445);
#7444 = CARTESIAN_POINT('',(-0.144455982,-0.534699381804));
#7445 = VECTOR('',#7446,1.);
#7446 = DIRECTION('',(0.460874934324,0.887465095038));
#7447 = ( GEOMETRIC_REPRESENTATION_CONTEXT(2) 
PARAMETRIC_REPRESENTATION_CONTEXT() REPRESENTATION_CONTEXT('2D SPACE',''
  ) );
#7448 = PCURVE('',#7323,#7449);
#7449 = DEFINITIONAL_REPRESENTATION('',(#7450),#7454);
#7450 = LINE('',#7451,#7452);
#7451 = CARTESIAN_POINT('',(-0.31981435732,-0.359303814767));
#7452 = VECTOR('',#7453,1.);
#7453 = DIRECTION('',(0.46087494241,0.887465090839));
#7454 = ( GEOMETRIC_REPRESENTATION_CONTEXT(2) 
PARAMETRIC_REPRESENTATION_CONTEXT() REPRESENTATION_CONTEXT('2D SPACE',''
  ) );
#7455 = ADVANCED_FACE('',(#7456),#2917,.T.);
#7456 = FACE_BOUND('',#7457,.T.);
#7457 = EDGE_LOOP('',(#7458,#7486,#7509,#7530));
#7458 = ORIENTED_EDGE('',*,*,#7459,.F.);
#7459 = EDGE_CURVE('',#7460,#2874,#7462,.T.);
#7460 = VERTEX_POINT('',#7461);
#7461 = CARTESIAN_POINT('',(-0.734992980957,-2.130059530732,4.2));
#7462 = SURFACE_CURVE('',#7463,(#7467,#7474),.PCURVE_S1.);
#7463 = LINE('',#7464,#7465);
#7464 = CARTESIAN_POINT('',(-0.734992980957,-2.128999710083,
    4.674000740051));
#7465 = VECTOR('',#7466,1.);
#7466 = DIRECTION('',(0.,-2.23589946191E-03,-0.999997500374));
#7467 = PCURVE('',#2917,#7468);
#7468 = DEFINITIONAL_REPRESENTATION('',(#7469),#7473);
#7469 = LINE('',#7470,#7471);
#7470 = CARTESIAN_POINT('',(-0.144159271559,-0.534498724569));
#7471 = VECTOR('',#7472,1.);
#7472 = DIRECTION('',(6.282914445578E-04,0.999999802625));
#7473 = ( GEOMETRIC_REPRESENTATION_CONTEXT(2) 
PARAMETRIC_REPRESENTATION_CONTEXT() REPRESENTATION_CONTEXT('2D SPACE',''
  ) );
#7474 = PCURVE('',#7475,#7480);
#7475 = PLANE('',#7476);
#7476 = AXIS2_PLACEMENT_3D('',#7477,#7478,#7479);
#7477 = CARTESIAN_POINT('',(-0.861656853621,-2.064611676271,
    4.313981220476));
#7478 = DIRECTION('',(0.457633442542,0.889138729336,-1.98802977582E-03)
  );
#7479 = DIRECTION('',(0.889140486396,-0.457634346888,1.12149961773E-15)
  );
#7480 = DEFINITIONAL_REPRESENTATION('',(#7481),#7485);
#7481 = LINE('',#7482,#7483);
#7482 = CARTESIAN_POINT('',(0.14208815315,-0.360020231023));
#7483 = VECTOR('',#7484,1.);
#7484 = DIRECTION('',(1.023224389958E-03,0.999999476506));
#7485 = ( GEOMETRIC_REPRESENTATION_CONTEXT(2) 
PARAMETRIC_REPRESENTATION_CONTEXT() REPRESENTATION_CONTEXT('2D SPACE',''
  ) );
#7486 = ORIENTED_EDGE('',*,*,#7487,.T.);
#7487 = EDGE_CURVE('',#7460,#7488,#7490,.T.);
#7488 = VERTEX_POINT('',#7489);
#7489 = CARTESIAN_POINT('',(-0.499583353184,-2.198987312793,4.2));
#7490 = SURFACE_CURVE('',#7491,(#7495,#7502),.PCURVE_S1.);
#7491 = LINE('',#7492,#7493);
#7492 = CARTESIAN_POINT('',(-0.614698793516,-2.165281588612,4.2));
#7493 = VECTOR('',#7494,1.);
#7494 = DIRECTION('',(0.959707284049,-0.28100165292,0.));
#7495 = PCURVE('',#2917,#7496);
#7496 = DEFINITIONAL_REPRESENTATION('',(#7497),#7501);
#7497 = LINE('',#7498,#7499);
#7498 = CARTESIAN_POINT('',(-1.85167958052E-02,-6.049689324608E-02));
#7499 = VECTOR('',#7500,1.);
#7500 = DIRECTION('',(1.,1.729842508442E-15));
#7501 = ( GEOMETRIC_REPRESENTATION_CONTEXT(2) 
PARAMETRIC_REPRESENTATION_CONTEXT() REPRESENTATION_CONTEXT('2D SPACE',''
  ) );
#7502 = PCURVE('',#6184,#7503);
#7503 = DEFINITIONAL_REPRESENTATION('',(#7504),#7508);
#7504 = LINE('',#7505,#7506);
#7505 = CARTESIAN_POINT('',(-0.614698793516,-2.165281588612));
#7506 = VECTOR('',#7507,1.);
#7507 = DIRECTION('',(0.959707284049,-0.28100165292));
#7508 = ( GEOMETRIC_REPRESENTATION_CONTEXT(2) 
PARAMETRIC_REPRESENTATION_CONTEXT() REPRESENTATION_CONTEXT('2D SPACE',''
  ) );
#7509 = ORIENTED_EDGE('',*,*,#7510,.T.);
#7510 = EDGE_CURVE('',#7488,#2902,#7511,.T.);
#7511 = SURFACE_CURVE('',#7512,(#7516,#7523),.PCURVE_S1.);
#7512 = LINE('',#7513,#7514);
#7513 = CARTESIAN_POINT('',(-0.734992980957,-2.128999710083,
    4.674000740051));
#7514 = VECTOR('',#7515,1.);
#7515 = DIRECTION('',(0.440968313847,-0.131100479828,-0.887896170941));
#7516 = PCURVE('',#2917,#7517);
#7517 = DEFINITIONAL_REPRESENTATION('',(#7518),#7522);
#7518 = LINE('',#7519,#7520);
#7519 = CARTESIAN_POINT('',(-0.144159271559,-0.534498724569));
#7520 = VECTOR('',#7521,1.);
#7521 = DIRECTION('',(0.460039954364,0.887898215106));
#7522 = ( GEOMETRIC_REPRESENTATION_CONTEXT(2) 
PARAMETRIC_REPRESENTATION_CONTEXT() REPRESENTATION_CONTEXT('2D SPACE',''
  ) );
#7523 = PCURVE('',#7400,#7524);
#7524 = DEFINITIONAL_REPRESENTATION('',(#7525),#7529);
#7525 = LINE('',#7526,#7527);
#7526 = CARTESIAN_POINT('',(-0.319043605719,-0.359504423994));
#7527 = VECTOR('',#7528,1.);
#7528 = DIRECTION('',(0.460039946822,0.887898219014));
#7529 = ( GEOMETRIC_REPRESENTATION_CONTEXT(2) 
PARAMETRIC_REPRESENTATION_CONTEXT() REPRESENTATION_CONTEXT('2D SPACE',''
  ) );
#7530 = ORIENTED_EDGE('',*,*,#2901,.F.);
#7531 = ADVANCED_FACE('',(#7532),#2889,.T.);
#7532 = FACE_BOUND('',#7533,.T.);
#7533 = EDGE_LOOP('',(#7534,#7560,#7561));
#7534 = ORIENTED_EDGE('',*,*,#7535,.F.);
#7535 = EDGE_CURVE('',#2874,#4264,#7536,.T.);
#7536 = SURFACE_CURVE('',#7537,(#7541,#7548),.PCURVE_S1.);
#7537 = LINE('',#7538,#7539);
#7538 = CARTESIAN_POINT('',(-0.734992980957,-2.13099861145,
    3.779999732971));
#7539 = VECTOR('',#7540,1.);
#7540 = DIRECTION('',(-0.889003722787,0.457568111555,1.742997874532E-02)
  );
#7541 = PCURVE('',#2889,#7542);
#7542 = DEFINITIONAL_REPRESENTATION('',(#7543),#7547);
#7543 = LINE('',#7544,#7545);
#7544 = CARTESIAN_POINT('',(0.238957009494,0.677865733599));
#7545 = VECTOR('',#7546,1.);
#7546 = DIRECTION('',(0.889155508821,0.457605158551));
#7547 = ( GEOMETRIC_REPRESENTATION_CONTEXT(2) 
PARAMETRIC_REPRESENTATION_CONTEXT() REPRESENTATION_CONTEXT('2D SPACE',''
  ) );
#7548 = PCURVE('',#7549,#7554);
#7549 = PLANE('',#7550);
#7550 = AXIS2_PLACEMENT_3D('',#7551,#7552,#7553);
#7551 = CARTESIAN_POINT('',(-1.015900429686,-1.985612696693,
    4.142001245656));
#7552 = DIRECTION('',(0.457605650079,0.889152997302,-2.004097107063E-03)
  );
#7553 = DIRECTION('',(0.889154782906,-0.457606569046,2.654329527444E-15)
  );
#7554 = DEFINITIONAL_REPRESENTATION('',(#7555),#7559);
#7555 = LINE('',#7556,#7557);
#7556 = CARTESIAN_POINT('',(0.316299751231,0.36200223966));
#7557 = VECTOR('',#7558,1.);
#7558 = DIRECTION('',(-0.999848085771,-1.743001374836E-02));
#7559 = ( GEOMETRIC_REPRESENTATION_CONTEXT(2) 
PARAMETRIC_REPRESENTATION_CONTEXT() REPRESENTATION_CONTEXT('2D SPACE',''
  ) );
#7560 = ORIENTED_EDGE('',*,*,#2873,.F.);
#7561 = ORIENTED_EDGE('',*,*,#4317,.T.);
#7562 = ADVANCED_FACE('',(#7563),#3554,.T.);
#7563 = FACE_BOUND('',#7564,.T.);
#7564 = EDGE_LOOP('',(#7565,#7566,#7594,#7622));
#7565 = ORIENTED_EDGE('',*,*,#3536,.F.);
#7566 = ORIENTED_EDGE('',*,*,#7567,.T.);
#7567 = EDGE_CURVE('',#3537,#7568,#7570,.T.);
#7568 = VERTEX_POINT('',#7569);
#7569 = CARTESIAN_POINT('',(1.861291684464,-5.731000900269,4.2));
#7570 = SURFACE_CURVE('',#7571,(#7575,#7582),.PCURVE_S1.);
#7571 = LINE('',#7572,#7573);
#7572 = CARTESIAN_POINT('',(2.395004272461,-5.731000900269,
    3.779999732971));
#7573 = VECTOR('',#7574,1.);
#7574 = DIRECTION('',(-0.785849827328,0.,0.618417374342));
#7575 = PCURVE('',#3554,#7576);
#7576 = DEFINITIONAL_REPRESENTATION('',(#7577),#7581);
#7577 = LINE('',#7578,#7579);
#7578 = CARTESIAN_POINT('',(0.624074460177,3.133077145724));
#7579 = VECTOR('',#7580,1.);
#7580 = DIRECTION('',(-0.618417374342,-0.785849827328));
#7581 = ( GEOMETRIC_REPRESENTATION_CONTEXT(2) 
PARAMETRIC_REPRESENTATION_CONTEXT() REPRESENTATION_CONTEXT('2D SPACE',''
  ) );
#7582 = PCURVE('',#7583,#7588);
#7583 = PLANE('',#7584);
#7584 = AXIS2_PLACEMENT_3D('',#7585,#7586,#7587);
#7585 = CARTESIAN_POINT('',(1.531380634614,-5.671892888295,
    4.995690307983));
#7586 = DIRECTION('',(8.59278147912E-02,-0.990299688181,0.109192207752)
  );
#7587 = DIRECTION('',(2.721465850154E-14,-0.109597569116,-0.993976042389
    ));
#7588 = DEFINITIONAL_REPRESENTATION('',(#7589),#7593);
#7589 = LINE('',#7590,#7591);
#7590 = CARTESIAN_POINT('',(1.214845400948,0.86682972428));
#7591 = VECTOR('',#7592,1.);
#7592 = DIRECTION('',(-0.614692054293,-0.788767188966));
#7593 = ( GEOMETRIC_REPRESENTATION_CONTEXT(2) 
PARAMETRIC_REPRESENTATION_CONTEXT() REPRESENTATION_CONTEXT('2D SPACE',''
  ) );
#7594 = ORIENTED_EDGE('',*,*,#7595,.T.);
#7595 = EDGE_CURVE('',#7568,#7596,#7598,.T.);
#7596 = VERTEX_POINT('',#7597);
#7597 = CARTESIAN_POINT('',(-1.62400746032,-5.731000900269,4.2));
#7598 = SURFACE_CURVE('',#7599,(#7603,#7610),.PCURVE_S1.);
#7599 = LINE('',#7600,#7601);
#7600 = CARTESIAN_POINT('',(-0.369036436631,-5.731000900269,4.2));
#7601 = VECTOR('',#7602,1.);
#7602 = DIRECTION('',(-1.,0.,0.));
#7603 = PCURVE('',#3554,#7604);
#7604 = DEFINITIONAL_REPRESENTATION('',(#7605),#7609);
#7605 = LINE('',#7606,#7607);
#7606 = CARTESIAN_POINT('',(0.204074193148,0.369036436632));
#7607 = VECTOR('',#7608,1.);
#7608 = DIRECTION('',(0.,-1.));
#7609 = ( GEOMETRIC_REPRESENTATION_CONTEXT(2) 
PARAMETRIC_REPRESENTATION_CONTEXT() REPRESENTATION_CONTEXT('2D SPACE',''
  ) );
#7610 = PCURVE('',#7611,#7616);
#7611 = PLANE('',#7612);
#7612 = AXIS2_PLACEMENT_3D('',#7613,#7614,#7615);
#7613 = CARTESIAN_POINT('',(0.,0.,4.2));
#7614 = DIRECTION('',(0.,0.,1.));
#7615 = DIRECTION('',(1.,0.,-0.));
#7616 = DEFINITIONAL_REPRESENTATION('',(#7617),#7621);
#7617 = LINE('',#7618,#7619);
#7618 = CARTESIAN_POINT('',(-0.369036436631,-5.731000900269));
#7619 = VECTOR('',#7620,1.);
#7620 = DIRECTION('',(-1.,0.));
#7621 = ( GEOMETRIC_REPRESENTATION_CONTEXT(2) 
PARAMETRIC_REPRESENTATION_CONTEXT() REPRESENTATION_CONTEXT('2D SPACE',''
  ) );
#7622 = ORIENTED_EDGE('',*,*,#7623,.F.);
#7623 = EDGE_CURVE('',#3539,#7596,#7624,.T.);
#7624 = SURFACE_CURVE('',#7625,(#7629,#7636),.PCURVE_S1.);
#7625 = LINE('',#7626,#7627);
#7626 = CARTESIAN_POINT('',(-2.126998901367,-5.731000900269,
    3.779999732971));
#7627 = VECTOR('',#7628,1.);
#7628 = DIRECTION('',(0.767589922818,0.,0.640941269063));
#7629 = PCURVE('',#3554,#7630);
#7630 = DEFINITIONAL_REPRESENTATION('',(#7631),#7635);
#7631 = LINE('',#7632,#7633);
#7632 = CARTESIAN_POINT('',(0.624074460177,-1.388926028104));
#7633 = VECTOR('',#7634,1.);
#7634 = DIRECTION('',(-0.640941269063,0.767589922818));
#7635 = ( GEOMETRIC_REPRESENTATION_CONTEXT(2) 
PARAMETRIC_REPRESENTATION_CONTEXT() REPRESENTATION_CONTEXT('2D SPACE',''
  ) );
#7636 = PCURVE('',#7637,#7642);
#7637 = PLANE('',#7638);
#7638 = AXIS2_PLACEMENT_3D('',#7639,#7640,#7641);
#7639 = CARTESIAN_POINT('',(-1.322826925411,-5.671811482802,
    4.988295292709));
#7640 = DIRECTION('',(-9.113367398295E-02,-0.989839778467,0.109141497287
    ));
#7641 = DIRECTION('',(-6.63630582077E-14,-0.109597569115,-0.993976042389
    ));
#7642 = DEFINITIONAL_REPRESENTATION('',(#7643),#7647);
#7643 = LINE('',#7644,#7645);
#7644 = CARTESIAN_POINT('',(1.207503854777,-0.807532385998));
#7645 = VECTOR('',#7646,1.);
#7646 = DIRECTION('',(-0.637080266027,0.770797466679));
#7647 = ( GEOMETRIC_REPRESENTATION_CONTEXT(2) 
PARAMETRIC_REPRESENTATION_CONTEXT() REPRESENTATION_CONTEXT('2D SPACE',''
  ) );
#7648 = ADVANCED_FACE('',(#7649),#3720,.T.);
#7649 = FACE_BOUND('',#7650,.T.);
#7650 = EDGE_LOOP('',(#7651,#7652,#7680,#7703));
#7651 = ORIENTED_EDGE('',*,*,#3706,.T.);
#7652 = ORIENTED_EDGE('',*,*,#7653,.T.);
#7653 = EDGE_CURVE('',#3679,#7654,#7656,.T.);
#7654 = VERTEX_POINT('',#7655);
#7655 = CARTESIAN_POINT('',(2.564562639887,-6.971829159001,4.2));
#7656 = SURFACE_CURVE('',#7657,(#7661,#7668),.PCURVE_S1.);
#7657 = LINE('',#7658,#7659);
#7658 = CARTESIAN_POINT('',(2.61499786377,-7.400999069214,3.779999732971
    ));
#7659 = VECTOR('',#7660,1.);
#7660 = DIRECTION('',(-8.369556412187E-02,0.712193085976,0.696976370356)
  );
#7661 = PCURVE('',#3720,#7662);
#7662 = DEFINITIONAL_REPRESENTATION('',(#7663),#7667);
#7663 = LINE('',#7664,#7665);
#7664 = CARTESIAN_POINT('',(1.167105720688,-0.665431268303));
#7665 = VECTOR('',#7666,1.);
#7666 = DIRECTION('',(-0.717023848339,0.697048635974));
#7667 = ( GEOMETRIC_REPRESENTATION_CONTEXT(2) 
PARAMETRIC_REPRESENTATION_CONTEXT() REPRESENTATION_CONTEXT('2D SPACE',''
  ) );
#7668 = PCURVE('',#7669,#7674);
#7669 = PLANE('',#7670);
#7670 = AXIS2_PLACEMENT_3D('',#7671,#7672,#7673);
#7671 = CARTESIAN_POINT('',(2.537536434105,-6.701475433807,4.95345704282
    ));
#7672 = DIRECTION('',(-0.991983659833,-0.125998847359,9.628555868368E-03
    ));
#7673 = DIRECTION('',(0.126004688384,-0.992029645981,-1.456769835552E-15
    ));
#7674 = DEFINITIONAL_REPRESENTATION('',(#7675),#7679);
#7675 = LINE('',#7676,#7677);
#7676 = CARTESIAN_POINT('',(0.703708687695,-1.17351170871));
#7677 = VECTOR('',#7678,1.);
#7678 = DIRECTION('',(-0.717062688427,0.697008680624));
#7679 = ( GEOMETRIC_REPRESENTATION_CONTEXT(2) 
PARAMETRIC_REPRESENTATION_CONTEXT() REPRESENTATION_CONTEXT('2D SPACE',''
  ) );
#7680 = ORIENTED_EDGE('',*,*,#7681,.T.);
#7681 = EDGE_CURVE('',#7654,#7682,#7684,.T.);
#7682 = VERTEX_POINT('',#7683);
#7683 = CARTESIAN_POINT('',(2.395004272461,-5.684690922633,4.2));
#7684 = SURFACE_CURVE('',#7685,(#7689,#7696),.PCURVE_S1.);
#7685 = LINE('',#7686,#7687);
#7686 = CARTESIAN_POINT('',(2.043314893634,-3.014973976844,4.2));
#7687 = VECTOR('',#7688,1.);
#7688 = DIRECTION('',(-0.13060448298,0.991434551055,0.));
#7689 = PCURVE('',#3720,#7690);
#7690 = DEFINITIONAL_REPRESENTATION('',(#7691),#7695);
#7691 = LINE('',#7692,#7693);
#7692 = CARTESIAN_POINT('',(-3.256015456424,-0.245387453774));
#7693 = VECTOR('',#7694,1.);
#7694 = DIRECTION('',(-1.,2.448784415775E-15));
#7695 = ( GEOMETRIC_REPRESENTATION_CONTEXT(2) 
PARAMETRIC_REPRESENTATION_CONTEXT() REPRESENTATION_CONTEXT('2D SPACE',''
  ) );
#7696 = PCURVE('',#7611,#7697);
#7697 = DEFINITIONAL_REPRESENTATION('',(#7698),#7702);
#7698 = LINE('',#7699,#7700);
#7699 = CARTESIAN_POINT('',(2.043314893634,-3.014973976844));
#7700 = VECTOR('',#7701,1.);
#7701 = DIRECTION('',(-0.13060448298,0.991434551055));
#7702 = ( GEOMETRIC_REPRESENTATION_CONTEXT(2) 
PARAMETRIC_REPRESENTATION_CONTEXT() REPRESENTATION_CONTEXT('2D SPACE',''
  ) );
#7703 = ORIENTED_EDGE('',*,*,#7704,.T.);
#7704 = EDGE_CURVE('',#7682,#3537,#7705,.T.);
#7705 = SURFACE_CURVE('',#7706,(#7710,#7717),.PCURVE_S1.);
#7706 = LINE('',#7707,#7708);
#7707 = CARTESIAN_POINT('',(2.395004272461,-5.529001235962,
    5.612000465393));
#7708 = VECTOR('',#7709,1.);
#7709 = DIRECTION('',(0.,-0.109597569116,-0.993976042389));
#7710 = PCURVE('',#3720,#7711);
#7711 = DEFINITIONAL_REPRESENTATION('',(#7712),#7716);
#7712 = LINE('',#7713,#7714);
#7713 = CARTESIAN_POINT('',(-0.71758975995,1.166759414124));
#7714 = VECTOR('',#7715,1.);
#7715 = DIRECTION('',(0.108658816733,-0.994079102258));
#7716 = ( GEOMETRIC_REPRESENTATION_CONTEXT(2) 
PARAMETRIC_REPRESENTATION_CONTEXT() REPRESENTATION_CONTEXT('2D SPACE',''
  ) );
#7717 = PCURVE('',#7583,#7718);
#7718 = DEFINITIONAL_REPRESENTATION('',(#7719),#7723);
#7719 = LINE('',#7720,#7721);
#7720 = CARTESIAN_POINT('',(-0.628258108889,0.86682972428));
#7721 = VECTOR('',#7722,1.);
#7722 = DIRECTION('',(1.,-2.040807595374E-14));
#7723 = ( GEOMETRIC_REPRESENTATION_CONTEXT(2) 
PARAMETRIC_REPRESENTATION_CONTEXT() REPRESENTATION_CONTEXT('2D SPACE',''
  ) );
#7724 = ADVANCED_FACE('',(#7725),#3582,.T.);
#7725 = FACE_BOUND('',#7726,.T.);
#7726 = EDGE_LOOP('',(#7727,#7755,#7778,#7799));
#7727 = ORIENTED_EDGE('',*,*,#7728,.F.);
#7728 = EDGE_CURVE('',#7729,#3539,#7731,.T.);
#7729 = VERTEX_POINT('',#7730);
#7730 = CARTESIAN_POINT('',(-2.177434125251,-6.081765332605,4.2));
#7731 = SURFACE_CURVE('',#7732,(#7736,#7743),.PCURVE_S1.);
#7732 = LINE('',#7733,#7734);
#7733 = CARTESIAN_POINT('',(-2.346992492676,-7.261001586914,
    5.612000465393));
#7734 = VECTOR('',#7735,1.);
#7735 = DIRECTION('',(9.177938297454E-02,0.638302771166,-0.764294522539)
  );
#7736 = PCURVE('',#3582,#7737);
#7737 = DEFINITIONAL_REPRESENTATION('',(#7738),#7742);
#7738 = LINE('',#7739,#7740);
#7739 = CARTESIAN_POINT('',(-0.491617483797,1.176744866965));
#7740 = VECTOR('',#7741,1.);
#7741 = DIRECTION('',(0.64482222023,-0.764332587489));
#7742 = ( GEOMETRIC_REPRESENTATION_CONTEXT(2) 
PARAMETRIC_REPRESENTATION_CONTEXT() REPRESENTATION_CONTEXT('2D SPACE',''
  ) );
#7743 = PCURVE('',#7744,#7749);
#7744 = PLANE('',#7745);
#7745 = AXIS2_PLACEMENT_3D('',#7746,#7747,#7748);
#7746 = CARTESIAN_POINT('',(-2.203127436289,-6.199899580795,
    4.963166664149));
#7747 = DIRECTION('',(0.991933914405,-0.125992528842,1.389216067481E-02)
  );
#7748 = DIRECTION('',(0.126004688385,0.992029645981,1.296412809054E-14)
  );
#7749 = DEFINITIONAL_REPRESENTATION('',(#7750),#7754);
#7750 = LINE('',#7751,#7752);
#7751 = CARTESIAN_POINT('',(-1.070772319079,0.648896420216));
#7752 = VECTOR('',#7753,1.);
#7753 = DIRECTION('',(0.64477990466,-0.764368284629));
#7754 = ( GEOMETRIC_REPRESENTATION_CONTEXT(2) 
PARAMETRIC_REPRESENTATION_CONTEXT() REPRESENTATION_CONTEXT('2D SPACE',''
  ) );
#7755 = ORIENTED_EDGE('',*,*,#7756,.T.);
#7756 = EDGE_CURVE('',#7729,#7757,#7759,.T.);
#7757 = VERTEX_POINT('',#7758);
#7758 = CARTESIAN_POINT('',(-2.346992492676,-7.368903568973,4.2));
#7759 = SURFACE_CURVE('',#7760,(#7764,#7771),.PCURVE_S1.);
#7760 = LINE('',#7761,#7762);
#7761 = CARTESIAN_POINT('',(-1.810801757749,-3.298614338252,4.2));
#7762 = VECTOR('',#7763,1.);
#7763 = DIRECTION('',(-0.130604482981,-0.991434551055,0.));
#7764 = PCURVE('',#3582,#7765);
#7765 = DEFINITIONAL_REPRESENTATION('',(#7766),#7770);
#7766 = LINE('',#7767,#7768);
#7767 = CARTESIAN_POINT('',(3.5068590529,-0.235325921748));
#7768 = VECTOR('',#7769,1.);
#7769 = DIRECTION('',(-1.,4.99080362957E-15));
#7770 = ( GEOMETRIC_REPRESENTATION_CONTEXT(2) 
PARAMETRIC_REPRESENTATION_CONTEXT() REPRESENTATION_CONTEXT('2D SPACE',''
  ) );
#7771 = PCURVE('',#7611,#7772);
#7772 = DEFINITIONAL_REPRESENTATION('',(#7773),#7777);
#7773 = LINE('',#7774,#7775);
#7774 = CARTESIAN_POINT('',(-1.810801757749,-3.298614338252));
#7775 = VECTOR('',#7776,1.);
#7776 = DIRECTION('',(-0.130604482981,-0.991434551055));
#7777 = ( GEOMETRIC_REPRESENTATION_CONTEXT(2) 
PARAMETRIC_REPRESENTATION_CONTEXT() REPRESENTATION_CONTEXT('2D SPACE',''
  ) );
#7778 = ORIENTED_EDGE('',*,*,#7779,.F.);
#7779 = EDGE_CURVE('',#3567,#7757,#7780,.T.);
#7780 = SURFACE_CURVE('',#7781,(#7785,#7792),.PCURVE_S1.);
#7781 = LINE('',#7782,#7783);
#7782 = CARTESIAN_POINT('',(-2.346992492676,-7.400999069214,
    3.779999732971));
#7783 = VECTOR('',#7784,1.);
#7784 = DIRECTION('',(0.,7.619565381186E-02,0.997092885513));
#7785 = PCURVE('',#3582,#7786);
#7786 = DEFINITIONAL_REPRESENTATION('',(#7787),#7791);
#7787 = LINE('',#7788,#7789);
#7788 = CARTESIAN_POINT('',(-0.63041582481,-0.655347106484));
#7789 = VECTOR('',#7790,1.);
#7790 = DIRECTION('',(7.55430038293E-02,0.997142544761));
#7791 = ( GEOMETRIC_REPRESENTATION_CONTEXT(2) 
PARAMETRIC_REPRESENTATION_CONTEXT() REPRESENTATION_CONTEXT('2D SPACE',''
  ) );
#7792 = PCURVE('',#3610,#7793);
#7793 = DEFINITIONAL_REPRESENTATION('',(#7794),#7798);
#7794 = LINE('',#7795,#7796);
#7795 = CARTESIAN_POINT('',(0.817305196161,-0.621925932524));
#7796 = VECTOR('',#7797,1.);
#7797 = DIRECTION('',(7.519760704601E-02,0.997168651681));
#7798 = ( GEOMETRIC_REPRESENTATION_CONTEXT(2) 
PARAMETRIC_REPRESENTATION_CONTEXT() REPRESENTATION_CONTEXT('2D SPACE',''
  ) );
#7799 = ORIENTED_EDGE('',*,*,#3566,.F.);
#7800 = ADVANCED_FACE('',(#7801),#3694,.T.);
#7801 = FACE_BOUND('',#7802,.T.);
#7802 = EDGE_LOOP('',(#7803,#7831,#7854,#7875));
#7803 = ORIENTED_EDGE('',*,*,#7804,.F.);
#7804 = EDGE_CURVE('',#7805,#3651,#7807,.T.);
#7805 = VERTEX_POINT('',#7806);
#7806 = CARTESIAN_POINT('',(2.915592772195,-9.132363512869,4.2));
#7807 = SURFACE_CURVE('',#7808,(#7812,#7819),.PCURVE_S1.);
#7808 = LINE('',#7809,#7810);
#7809 = CARTESIAN_POINT('',(2.61499786377,-7.261001586914,5.612000465393
    ));
#7810 = VECTOR('',#7811,1.);
#7811 = DIRECTION('',(0.127182495463,-0.791778147223,-0.597421106447));
#7812 = PCURVE('',#3694,#7813);
#7813 = DEFINITIONAL_REPRESENTATION('',(#7814),#7818);
#7814 = LINE('',#7815,#7816);
#7815 = CARTESIAN_POINT('',(-0.956547602883,1.210367447395));
#7816 = VECTOR('',#7817,1.);
#7817 = DIRECTION('',(0.80189099757,-0.597470357437));
#7818 = ( GEOMETRIC_REPRESENTATION_CONTEXT(2) 
PARAMETRIC_REPRESENTATION_CONTEXT() REPRESENTATION_CONTEXT('2D SPACE',''
  ) );
#7819 = PCURVE('',#7820,#7825);
#7820 = PLANE('',#7821);
#7821 = AXIS2_PLACEMENT_3D('',#7822,#7823,#7824);
#7822 = CARTESIAN_POINT('',(2.857970679787,-8.777292028771,
    5.002125902324));
#7823 = DIRECTION('',(-0.987470934104,-0.157797261222,
    -1.085657104677E-03));
#7824 = DIRECTION('',(0.157797354216,-0.987471516046,-7.928275750583E-17
    ));
#7825 = DEFINITIONAL_REPRESENTATION('',(#7826),#7830);
#7826 = LINE('',#7827,#7828);
#7827 = CARTESIAN_POINT('',(-1.535634088901,0.609874922484));
#7828 = VECTOR('',#7829,1.);
#7829 = DIRECTION('',(0.801927428697,-0.597421458523));
#7830 = ( GEOMETRIC_REPRESENTATION_CONTEXT(2) 
PARAMETRIC_REPRESENTATION_CONTEXT() REPRESENTATION_CONTEXT('2D SPACE',''
  ) );
#7831 = ORIENTED_EDGE('',*,*,#7832,.T.);
#7832 = EDGE_CURVE('',#7805,#7833,#7835,.T.);
#7833 = VERTEX_POINT('',#7834);
#7834 = CARTESIAN_POINT('',(2.61499786377,-7.368903568973,4.2));
#7835 = SURFACE_CURVE('',#7836,(#7840,#7847),.PCURVE_S1.);
#7836 = LINE('',#7837,#7838);
#7837 = CARTESIAN_POINT('',(2.039200328039,-3.990949180524,4.2));
#7838 = VECTOR('',#7839,1.);
#7839 = DIRECTION('',(-0.168033769336,0.985781239608,0.));
#7840 = PCURVE('',#3694,#7841);
#7841 = DEFINITIONAL_REPRESENTATION('',(#7842),#7846);
#7842 = LINE('',#7843,#7844);
#7843 = CARTESIAN_POINT('',(-4.27685734794,-0.201749422358));
#7844 = VECTOR('',#7845,1.);
#7845 = DIRECTION('',(-1.,2.033898882513E-15));
#7846 = ( GEOMETRIC_REPRESENTATION_CONTEXT(2) 
PARAMETRIC_REPRESENTATION_CONTEXT() REPRESENTATION_CONTEXT('2D SPACE',''
  ) );
#7847 = PCURVE('',#7611,#7848);
#7848 = DEFINITIONAL_REPRESENTATION('',(#7849),#7853);
#7849 = LINE('',#7850,#7851);
#7850 = CARTESIAN_POINT('',(2.039200328039,-3.990949180524));
#7851 = VECTOR('',#7852,1.);
#7852 = DIRECTION('',(-0.168033769336,0.985781239608));
#7853 = ( GEOMETRIC_REPRESENTATION_CONTEXT(2) 
PARAMETRIC_REPRESENTATION_CONTEXT() REPRESENTATION_CONTEXT('2D SPACE',''
  ) );
#7854 = ORIENTED_EDGE('',*,*,#7855,.F.);
#7855 = EDGE_CURVE('',#3679,#7833,#7856,.T.);
#7856 = SURFACE_CURVE('',#7857,(#7861,#7868),.PCURVE_S1.);
#7857 = LINE('',#7858,#7859);
#7858 = CARTESIAN_POINT('',(2.61499786377,-7.400999069214,3.779999732971
    ));
#7859 = VECTOR('',#7860,1.);
#7860 = DIRECTION('',(0.,7.619565381186E-02,0.997092885513));
#7861 = PCURVE('',#3694,#7862);
#7862 = DEFINITIONAL_REPRESENTATION('',(#7863),#7867);
#7863 = LINE('',#7864,#7865);
#7864 = CARTESIAN_POINT('',(-0.818540711239,-0.621784313924));
#7865 = VECTOR('',#7866,1.);
#7866 = DIRECTION('',(-7.511224606738E-02,0.997175085173));
#7867 = ( GEOMETRIC_REPRESENTATION_CONTEXT(2) 
PARAMETRIC_REPRESENTATION_CONTEXT() REPRESENTATION_CONTEXT('2D SPACE',''
  ) );
#7868 = PCURVE('',#7669,#7869);
#7869 = DEFINITIONAL_REPRESENTATION('',(#7870),#7874);
#7870 = LINE('',#7871,#7872);
#7871 = CARTESIAN_POINT('',(0.703708687695,-1.17351170871));
#7872 = VECTOR('',#7873,1.);
#7873 = DIRECTION('',(-7.558834747627E-02,0.997139108513));
#7874 = ( GEOMETRIC_REPRESENTATION_CONTEXT(2) 
PARAMETRIC_REPRESENTATION_CONTEXT() REPRESENTATION_CONTEXT('2D SPACE',''
  ) );
#7875 = ORIENTED_EDGE('',*,*,#3678,.F.);
#7876 = ADVANCED_FACE('',(#7877),#3610,.T.);
#7877 = FACE_BOUND('',#7878,.T.);
#7878 = EDGE_LOOP('',(#7879,#7880,#7881,#7904));
#7879 = ORIENTED_EDGE('',*,*,#3594,.F.);
#7880 = ORIENTED_EDGE('',*,*,#7779,.T.);
#7881 = ORIENTED_EDGE('',*,*,#7882,.T.);
#7882 = EDGE_CURVE('',#7757,#7883,#7885,.T.);
#7883 = VERTEX_POINT('',#7884);
#7884 = CARTESIAN_POINT('',(-2.635256418043,-9.132363512869,4.2));
#7885 = SURFACE_CURVE('',#7886,(#7890,#7897),.PCURVE_S1.);
#7886 = LINE('',#7887,#7888);
#7887 = CARTESIAN_POINT('',(-1.798327920961,-4.012437810644,4.2));
#7888 = VECTOR('',#7889,1.);
#7889 = DIRECTION('',(-0.161323827577,-0.986901526322,0.));
#7890 = PCURVE('',#3610,#7891);
#7891 = DEFINITIONAL_REPRESENTATION('',(#7892),#7896);
#7892 = LINE('',#7893,#7894);
#7893 = CARTESIAN_POINT('',(4.249994143043,-0.201893750905));
#7894 = VECTOR('',#7895,1.);
#7895 = DIRECTION('',(-1.,5.694666214762E-15));
#7896 = ( GEOMETRIC_REPRESENTATION_CONTEXT(2) 
PARAMETRIC_REPRESENTATION_CONTEXT() REPRESENTATION_CONTEXT('2D SPACE',''
  ) );
#7897 = PCURVE('',#7611,#7898);
#7898 = DEFINITIONAL_REPRESENTATION('',(#7899),#7903);
#7899 = LINE('',#7900,#7901);
#7900 = CARTESIAN_POINT('',(-1.798327920961,-4.012437810644));
#7901 = VECTOR('',#7902,1.);
#7902 = DIRECTION('',(-0.161323827577,-0.986901526322));
#7903 = ( GEOMETRIC_REPRESENTATION_CONTEXT(2) 
PARAMETRIC_REPRESENTATION_CONTEXT() REPRESENTATION_CONTEXT('2D SPACE',''
  ) );
#7904 = ORIENTED_EDGE('',*,*,#7905,.T.);
#7905 = EDGE_CURVE('',#7883,#3595,#7906,.T.);
#7906 = SURFACE_CURVE('',#7907,(#7911,#7918),.PCURVE_S1.);
#7907 = LINE('',#7908,#7909);
#7908 = CARTESIAN_POINT('',(-2.346992492676,-7.261001586914,
    5.612000465393));
#7909 = VECTOR('',#7910,1.);
#7910 = DIRECTION('',(-0.122044571044,-0.792293254283,-0.597809770659));
#7911 = PCURVE('',#3610,#7912);
#7912 = DEFINITIONAL_REPRESENTATION('',(#7913),#7917);
#7913 = LINE('',#7914,#7915);
#7914 = CARTESIAN_POINT('',(0.955468925124,1.210214008267));
#7915 = VECTOR('',#7916,1.);
#7916 = DIRECTION('',(-0.801604119282,-0.597855196473));
#7917 = ( GEOMETRIC_REPRESENTATION_CONTEXT(2) 
PARAMETRIC_REPRESENTATION_CONTEXT() REPRESENTATION_CONTEXT('2D SPACE',''
  ) );
#7918 = PCURVE('',#7919,#7924);
#7919 = PLANE('',#7920);
#7920 = AXIS2_PLACEMENT_3D('',#7921,#7922,#7923);
#7921 = CARTESIAN_POINT('',(-2.58058766573,-8.777462976892,
    5.002029139976));
#7922 = DIRECTION('',(0.988342939492,-0.152243994811,0.));
#7923 = DIRECTION('',(0.152243994811,0.988342939492,0.));
#7924 = DEFINITIONAL_REPRESENTATION('',(#7925),#7929);
#7925 = LINE('',#7926,#7927);
#7926 = CARTESIAN_POINT('',(1.534347370112,0.609971325417));
#7927 = VECTOR('',#7928,1.);
#7928 = DIRECTION('',(-0.801637996919,-0.597809770659));
#7929 = ( GEOMETRIC_REPRESENTATION_CONTEXT(2) 
PARAMETRIC_REPRESENTATION_CONTEXT() REPRESENTATION_CONTEXT('2D SPACE',''
  ) );
#7930 = ADVANCED_FACE('',(#7931),#3666,.T.);
#7931 = FACE_BOUND('',#7932,.T.);
#7932 = EDGE_LOOP('',(#7933,#7934,#7957,#7980));
#7933 = ORIENTED_EDGE('',*,*,#3650,.F.);
#7934 = ORIENTED_EDGE('',*,*,#7935,.T.);
#7935 = EDGE_CURVE('',#3623,#7936,#7938,.T.);
#7936 = VERTEX_POINT('',#7937);
#7937 = CARTESIAN_POINT('',(5.499267578125E-02,-10.04699897766,4.2));
#7938 = SURFACE_CURVE('',#7939,(#7943,#7950),.PCURVE_S1.);
#7939 = LINE('',#7940,#7941);
#7940 = CARTESIAN_POINT('',(5.499267578125E-02,-10.04699897766,
    3.779999732971));
#7941 = VECTOR('',#7942,1.);
#7942 = DIRECTION('',(0.,0.,1.));
#7943 = PCURVE('',#3666,#7944);
#7944 = DEFINITIONAL_REPRESENTATION('',(#7945),#7949);
#7945 = LINE('',#7946,#7947);
#7946 = CARTESIAN_POINT('',(-1.15765932241,0.58783209819));
#7947 = VECTOR('',#7948,1.);
#7948 = DIRECTION('',(0.,-1.));
#7949 = ( GEOMETRIC_REPRESENTATION_CONTEXT(2) 
PARAMETRIC_REPRESENTATION_CONTEXT() REPRESENTATION_CONTEXT('2D SPACE',''
  ) );
#7950 = PCURVE('',#3638,#7951);
#7951 = DEFINITIONAL_REPRESENTATION('',(#7952),#7956);
#7952 = LINE('',#7953,#7954);
#7953 = CARTESIAN_POINT('',(1.72093068691,1.237439935265));
#7954 = VECTOR('',#7955,1.);
#7955 = DIRECTION('',(0.,-1.));
#7956 = ( GEOMETRIC_REPRESENTATION_CONTEXT(2) 
PARAMETRIC_REPRESENTATION_CONTEXT() REPRESENTATION_CONTEXT('2D SPACE',''
  ) );
#7957 = ORIENTED_EDGE('',*,*,#7958,.T.);
#7958 = EDGE_CURVE('',#7936,#7959,#7961,.T.);
#7959 = VERTEX_POINT('',#7960);
#7960 = CARTESIAN_POINT('',(2.328691880987,-9.771074855799,4.2));
#7961 = SURFACE_CURVE('',#7962,(#7966,#7973),.PCURVE_S1.);
#7962 = LINE('',#7963,#7964);
#7963 = CARTESIAN_POINT('',(1.203287084915,-9.907648035481,4.2));
#7964 = VECTOR('',#7965,1.);
#7965 = DIRECTION('',(0.992716862316,0.120470873132,-0.));
#7966 = PCURVE('',#3666,#7967);
#7967 = DEFINITIONAL_REPRESENTATION('',(#7968),#7972);
#7968 = LINE('',#7969,#7970);
#7969 = CARTESIAN_POINT('',(-9.403698833448E-04,0.167831831161));
#7970 = VECTOR('',#7971,1.);
#7971 = DIRECTION('',(1.,0.));
#7972 = ( GEOMETRIC_REPRESENTATION_CONTEXT(2) 
PARAMETRIC_REPRESENTATION_CONTEXT() REPRESENTATION_CONTEXT('2D SPACE',''
  ) );
#7973 = PCURVE('',#7611,#7974);
#7974 = DEFINITIONAL_REPRESENTATION('',(#7975),#7979);
#7975 = LINE('',#7976,#7977);
#7976 = CARTESIAN_POINT('',(1.203287084915,-9.907648035481));
#7977 = VECTOR('',#7978,1.);
#7978 = DIRECTION('',(0.992716862316,0.120470873132));
#7979 = ( GEOMETRIC_REPRESENTATION_CONTEXT(2) 
PARAMETRIC_REPRESENTATION_CONTEXT() REPRESENTATION_CONTEXT('2D SPACE',''
  ) );
#7980 = ORIENTED_EDGE('',*,*,#7981,.T.);
#7981 = EDGE_CURVE('',#7959,#3651,#7982,.T.);
#7982 = SURFACE_CURVE('',#7983,(#7987,#7994),.PCURVE_S1.);
#7983 = LINE('',#7984,#7985);
#7984 = CARTESIAN_POINT('',(5.499267578125E-02,-10.04699897766,
    5.612000465393));
#7985 = VECTOR('',#7986,1.);
#7986 = DIRECTION('',(0.845037727547,0.102549313638,-0.524780789754));
#7987 = PCURVE('',#3666,#7988);
#7988 = DEFINITIONAL_REPRESENTATION('',(#7989),#7993);
#7989 = LINE('',#7990,#7991);
#7990 = CARTESIAN_POINT('',(-1.15765932241,-1.244168634232));
#7991 = VECTOR('',#7992,1.);
#7992 = DIRECTION('',(0.851237406782,0.524780789754));
#7993 = ( GEOMETRIC_REPRESENTATION_CONTEXT(2) 
PARAMETRIC_REPRESENTATION_CONTEXT() REPRESENTATION_CONTEXT('2D SPACE',''
  ) );
#7994 = PCURVE('',#7995,#8000);
#7995 = PLANE('',#7996);
#7996 = AXIS2_PLACEMENT_3D('',#7997,#7998,#7999);
#7997 = CARTESIAN_POINT('',(1.855272530187,-9.828455761696,
    5.024026588191));
#7998 = DIRECTION('',(-0.120551985585,0.992707006727,-1.325387058125E-04
    ));
#7999 = DIRECTION('',(0.992707015446,0.120551986644,9.753887126961E-17)
  );
#8000 = DEFINITIONAL_REPRESENTATION('',(#8001),#8005);
#8001 = LINE('',#8002,#8003);
#8002 = CARTESIAN_POINT('',(-1.813496260087,-0.587973882366));
#8003 = VECTOR('',#8004,1.);
#8004 = DIRECTION('',(0.851237403941,0.524780794363));
#8005 = ( GEOMETRIC_REPRESENTATION_CONTEXT(2) 
PARAMETRIC_REPRESENTATION_CONTEXT() REPRESENTATION_CONTEXT('2D SPACE',''
  ) );
#8006 = ADVANCED_FACE('',(#8007),#3638,.T.);
#8007 = FACE_BOUND('',#8008,.T.);
#8008 = EDGE_LOOP('',(#8009,#8032,#8053,#8054));
#8009 = ORIENTED_EDGE('',*,*,#8010,.F.);
#8010 = EDGE_CURVE('',#8011,#3595,#8013,.T.);
#8011 = VERTEX_POINT('',#8012);
#8012 = CARTESIAN_POINT('',(-2.721000671387,-9.689001083374,4.2));
#8013 = SURFACE_CURVE('',#8014,(#8018,#8025),.PCURVE_S1.);
#8014 = LINE('',#8015,#8016);
#8015 = CARTESIAN_POINT('',(-2.721000671387,-9.689001083374,
    5.612000465393));
#8016 = VECTOR('',#8017,1.);
#8017 = DIRECTION('',(0.,0.,-1.));
#8018 = PCURVE('',#3638,#8019);
#8019 = DEFINITIONAL_REPRESENTATION('',(#8020),#8024);
#8020 = LINE('',#8021,#8022);
#8021 = CARTESIAN_POINT('',(-1.078051548803,-0.594560797157));
#8022 = VECTOR('',#8023,1.);
#8023 = DIRECTION('',(0.,1.));
#8024 = ( GEOMETRIC_REPRESENTATION_CONTEXT(2) 
PARAMETRIC_REPRESENTATION_CONTEXT() REPRESENTATION_CONTEXT('2D SPACE',''
  ) );
#8025 = PCURVE('',#7919,#8026);
#8026 = DEFINITIONAL_REPRESENTATION('',(#8027),#8031);
#8027 = LINE('',#8028,#8029);
#8028 = CARTESIAN_POINT('',(-0.922289288524,0.609971325417));
#8029 = VECTOR('',#8030,1.);
#8030 = DIRECTION('',(0.,-1.));
#8031 = ( GEOMETRIC_REPRESENTATION_CONTEXT(2) 
PARAMETRIC_REPRESENTATION_CONTEXT() REPRESENTATION_CONTEXT('2D SPACE',''
  ) );
#8032 = ORIENTED_EDGE('',*,*,#8033,.T.);
#8033 = EDGE_CURVE('',#8011,#7936,#8034,.T.);
#8034 = SURFACE_CURVE('',#8035,(#8039,#8046),.PCURVE_S1.);
#8035 = LINE('',#8036,#8037);
#8036 = CARTESIAN_POINT('',(-1.462694776495,-9.851274837091,4.2));
#8037 = VECTOR('',#8038,1.);
#8038 = DIRECTION('',(0.991786697232,-0.127902881883,0.));
#8039 = PCURVE('',#3638,#8040);
#8040 = DEFINITIONAL_REPRESENTATION('',(#8041),#8045);
#8041 = LINE('',#8042,#8043);
#8042 = CARTESIAN_POINT('',(0.190674779554,0.817439668236));
#8043 = VECTOR('',#8044,1.);
#8044 = DIRECTION('',(1.,0.));
#8045 = ( GEOMETRIC_REPRESENTATION_CONTEXT(2) 
PARAMETRIC_REPRESENTATION_CONTEXT() REPRESENTATION_CONTEXT('2D SPACE',''
  ) );
#8046 = PCURVE('',#7611,#8047);
#8047 = DEFINITIONAL_REPRESENTATION('',(#8048),#8052);
#8048 = LINE('',#8049,#8050);
#8049 = CARTESIAN_POINT('',(-1.462694776495,-9.851274837091));
#8050 = VECTOR('',#8051,1.);
#8051 = DIRECTION('',(0.991786697232,-0.127902881883));
#8052 = ( GEOMETRIC_REPRESENTATION_CONTEXT(2) 
PARAMETRIC_REPRESENTATION_CONTEXT() REPRESENTATION_CONTEXT('2D SPACE',''
  ) );
#8053 = ORIENTED_EDGE('',*,*,#7935,.F.);
#8054 = ORIENTED_EDGE('',*,*,#3622,.F.);
#8055 = ADVANCED_FACE('',(#8056),#3752,.T.);
#8056 = FACE_BOUND('',#8057,.T.);
#8057 = EDGE_LOOP('',(#8058,#8059,#8082,#8110));
#8058 = ORIENTED_EDGE('',*,*,#3734,.F.);
#8059 = ORIENTED_EDGE('',*,*,#8060,.F.);
#8060 = EDGE_CURVE('',#8061,#3735,#8063,.T.);
#8061 = VERTEX_POINT('',#8062);
#8062 = CARTESIAN_POINT('',(2.61499786377,7.317363256793,4.2));
#8063 = SURFACE_CURVE('',#8064,(#8068,#8075),.PCURVE_S1.);
#8064 = LINE('',#8065,#8066);
#8065 = CARTESIAN_POINT('',(2.61499786377,7.211000442505,5.612000465393)
  );
#8066 = VECTOR('',#8067,1.);
#8067 = DIRECTION('',(0.,7.511493758808E-02,-0.997174882431));
#8068 = PCURVE('',#3752,#8069);
#8069 = DEFINITIONAL_REPRESENTATION('',(#8070),#8074);
#8070 = LINE('',#8071,#8072);
#8071 = CARTESIAN_POINT('',(0.854603680818,1.197646926588));
#8072 = VECTOR('',#8073,1.);
#8073 = DIRECTION('',(-7.380388921183E-02,-0.997272774088));
#8074 = ( GEOMETRIC_REPRESENTATION_CONTEXT(2) 
PARAMETRIC_REPRESENTATION_CONTEXT() REPRESENTATION_CONTEXT('2D SPACE',''
  ) );
#8075 = PCURVE('',#3918,#8076);
#8076 = DEFINITIONAL_REPRESENTATION('',(#8077),#8081);
#8077 = LINE('',#8078,#8079);
#8078 = CARTESIAN_POINT('',(-0.573062364635,1.191539760625));
#8079 = VECTOR('',#8080,1.);
#8080 = DIRECTION('',(-7.459719345131E-02,-0.997213747764));
#8081 = ( GEOMETRIC_REPRESENTATION_CONTEXT(2) 
PARAMETRIC_REPRESENTATION_CONTEXT() REPRESENTATION_CONTEXT('2D SPACE',''
  ) );
#8082 = ORIENTED_EDGE('',*,*,#8083,.T.);
#8083 = EDGE_CURVE('',#8061,#8084,#8086,.T.);
#8084 = VERTEX_POINT('',#8085);
#8085 = CARTESIAN_POINT('',(2.915592772194,8.905093461436,4.2));
#8086 = SURFACE_CURVE('',#8087,(#8091,#8098),.PCURVE_S1.);
#8087 = LINE('',#8088,#8089);
#8088 = CARTESIAN_POINT('',(1.970814249239,3.91481133903,4.2));
#8089 = VECTOR('',#8090,1.);
#8090 = DIRECTION('',(0.186019233633,0.982546103101,-0.));
#8091 = PCURVE('',#3752,#8092);
#8092 = DEFINITIONAL_REPRESENTATION('',(#8093),#8097);
#8093 = LINE('',#8094,#8095);
#8094 = CARTESIAN_POINT('',(4.213091981815,-0.214492153473));
#8095 = VECTOR('',#8096,1.);
#8096 = DIRECTION('',(-1.,-5.301163035982E-16));
#8097 = ( GEOMETRIC_REPRESENTATION_CONTEXT(2) 
PARAMETRIC_REPRESENTATION_CONTEXT() REPRESENTATION_CONTEXT('2D SPACE',''
  ) );
#8098 = PCURVE('',#8099,#8104);
#8099 = PLANE('',#8100);
#8100 = AXIS2_PLACEMENT_3D('',#8101,#8102,#8103);
#8101 = CARTESIAN_POINT('',(0.,0.,4.2));
#8102 = DIRECTION('',(0.,0.,1.));
#8103 = DIRECTION('',(1.,0.,-0.));
#8104 = DEFINITIONAL_REPRESENTATION('',(#8105),#8109);
#8105 = LINE('',#8106,#8107);
#8106 = CARTESIAN_POINT('',(1.970814249239,3.91481133903));
#8107 = VECTOR('',#8108,1.);
#8108 = DIRECTION('',(0.186019233633,0.982546103101));
#8109 = ( GEOMETRIC_REPRESENTATION_CONTEXT(2) 
PARAMETRIC_REPRESENTATION_CONTEXT() REPRESENTATION_CONTEXT('2D SPACE',''
  ) );
#8110 = ORIENTED_EDGE('',*,*,#8111,.T.);
#8111 = EDGE_CURVE('',#8084,#3737,#8112,.T.);
#8112 = SURFACE_CURVE('',#8113,(#8117,#8124),.PCURVE_S1.);
#8113 = LINE('',#8114,#8115);
#8114 = CARTESIAN_POINT('',(2.61499786377,7.211000442505,5.612000465393)
  );
#8115 = VECTOR('',#8116,1.);
#8116 = DIRECTION('',(0.135052075256,0.761126590876,-0.634387302545));
#8117 = PCURVE('',#3752,#8118);
#8118 = DEFINITIONAL_REPRESENTATION('',(#8119),#8123);
#8119 = LINE('',#8120,#8121);
#8120 = CARTESIAN_POINT('',(0.854603680818,1.197646926588));
#8121 = VECTOR('',#8122,1.);
#8122 = DIRECTION('',(-0.772964249371,-0.63444957971));
#8123 = ( GEOMETRIC_REPRESENTATION_CONTEXT(2) 
PARAMETRIC_REPRESENTATION_CONTEXT() REPRESENTATION_CONTEXT('2D SPACE',''
  ) );
#8124 = PCURVE('',#8125,#8130);
#8125 = PLANE('',#8126);
#8126 = AXIS2_PLACEMENT_3D('',#8127,#8128,#8129);
#8127 = CARTESIAN_POINT('',(2.860801655673,8.599619624093,4.990095748975
    ));
#8128 = DIRECTION('',(-0.984774532434,0.173833104001,-1.082692594503E-03
    ));
#8129 = DIRECTION('',(-0.173833205887,-0.984775109622,1.543496479874E-15
    ));
#8130 = DEFINITIONAL_REPRESENTATION('',(#8131),#8135);
#8131 = LINE('',#8132,#8133);
#8132 = CARTESIAN_POINT('',(1.410206467937,0.621905080924));
#8133 = VECTOR('',#8134,1.);
#8134 = DIRECTION('',(-0.77301505717,-0.634387674367));
#8135 = ( GEOMETRIC_REPRESENTATION_CONTEXT(2) 
PARAMETRIC_REPRESENTATION_CONTEXT() REPRESENTATION_CONTEXT('2D SPACE',''
  ) );
#8136 = ADVANCED_FACE('',(#8137),#3918,.T.);
#8137 = FACE_BOUND('',#8138,.T.);
#8138 = EDGE_LOOP('',(#8139,#8167,#8188,#8189));
#8139 = ORIENTED_EDGE('',*,*,#8140,.F.);
#8140 = EDGE_CURVE('',#8141,#3877,#8143,.T.);
#8141 = VERTEX_POINT('',#8142);
#8142 = CARTESIAN_POINT('',(2.445439496345,5.880697885135,4.2));
#8143 = SURFACE_CURVE('',#8144,(#8148,#8155),.PCURVE_S1.);
#8144 = LINE('',#8145,#8146);
#8145 = CARTESIAN_POINT('',(2.61499786377,7.211000442505,5.612000465393)
  );
#8146 = VECTOR('',#8147,1.);
#8147 = DIRECTION('',(-8.707101260731E-02,-0.683132260018,
    -0.725085480537));
#8148 = PCURVE('',#3918,#8149);
#8149 = DEFINITIONAL_REPRESENTATION('',(#8150),#8154);
#8150 = LINE('',#8151,#8152);
#8151 = CARTESIAN_POINT('',(-0.573062364635,1.191539760625));
#8152 = VECTOR('',#8153,1.);
#8153 = DIRECTION('',(0.688629118262,-0.725113741065));
#8154 = ( GEOMETRIC_REPRESENTATION_CONTEXT(2) 
PARAMETRIC_REPRESENTATION_CONTEXT() REPRESENTATION_CONTEXT('2D SPACE',''
  ) );
#8155 = PCURVE('',#8156,#8161);
#8156 = PLANE('',#8157);
#8157 = AXIS2_PLACEMENT_3D('',#8158,#8159,#8160);
#8158 = CARTESIAN_POINT('',(2.472865489021,6.035928514407,4.977497412876
    ));
#8159 = DIRECTION('',(-0.993463446487,0.113476500694,1.238807028528E-02)
  );
#8160 = DIRECTION('',(-0.113485208991,-0.993539685841,1.765953445543E-14
    ));
#8161 = DEFINITIONAL_REPRESENTATION('',(#8162),#8166);
#8162 = LINE('',#8163,#8164);
#8163 = CARTESIAN_POINT('',(-1.183610516535,0.6345517449));
#8164 = VECTOR('',#8165,1.);
#8165 = DIRECTION('',(0.688600283069,-0.725141124304));
#8166 = ( GEOMETRIC_REPRESENTATION_CONTEXT(2) 
PARAMETRIC_REPRESENTATION_CONTEXT() REPRESENTATION_CONTEXT('2D SPACE',''
  ) );
#8167 = ORIENTED_EDGE('',*,*,#8168,.T.);
#8168 = EDGE_CURVE('',#8141,#8061,#8169,.T.);
#8169 = SURFACE_CURVE('',#8170,(#8174,#8181),.PCURVE_S1.);
#8170 = LINE('',#8171,#8172);
#8171 = CARTESIAN_POINT('',(2.131387845305,3.219743201422,4.2));
#8172 = VECTOR('',#8173,1.);
#8173 = DIRECTION('',(0.117208681386,0.993107307902,-0.));
#8174 = PCURVE('',#3918,#8175);
#8175 = DEFINITIONAL_REPRESENTATION('',(#8176),#8180);
#8176 = LINE('',#8177,#8178);
#8177 = CARTESIAN_POINT('',(3.447367661769,-0.220515738112));
#8178 = VECTOR('',#8179,1.);
#8179 = DIRECTION('',(-1.,-1.640592389211E-15));
#8180 = ( GEOMETRIC_REPRESENTATION_CONTEXT(2) 
PARAMETRIC_REPRESENTATION_CONTEXT() REPRESENTATION_CONTEXT('2D SPACE',''
  ) );
#8181 = PCURVE('',#8099,#8182);
#8182 = DEFINITIONAL_REPRESENTATION('',(#8183),#8187);
#8183 = LINE('',#8184,#8185);
#8184 = CARTESIAN_POINT('',(2.131387845305,3.219743201422));
#8185 = VECTOR('',#8186,1.);
#8186 = DIRECTION('',(0.117208681386,0.993107307902));
#8187 = ( GEOMETRIC_REPRESENTATION_CONTEXT(2) 
PARAMETRIC_REPRESENTATION_CONTEXT() REPRESENTATION_CONTEXT('2D SPACE',''
  ) );
#8188 = ORIENTED_EDGE('',*,*,#8060,.T.);
#8189 = ORIENTED_EDGE('',*,*,#3904,.F.);
#8190 = ADVANCED_FACE('',(#8191),#3780,.T.);
#8191 = FACE_BOUND('',#8192,.T.);
#8192 = EDGE_LOOP('',(#8193,#8218,#8239,#8240));
#8193 = ORIENTED_EDGE('',*,*,#8194,.T.);
#8194 = EDGE_CURVE('',#8195,#8197,#8199,.T.);
#8195 = VERTEX_POINT('',#8196);
#8196 = CARTESIAN_POINT('',(2.32502577281,9.49015867491,4.2));
#8197 = VERTEX_POINT('',#8198);
#8198 = CARTESIAN_POINT('',(3.900146484375E-02,9.762998580933,4.2));
#8199 = SURFACE_CURVE('',#8200,(#8204,#8211),.PCURVE_S1.);
#8200 = LINE('',#8201,#8202);
#8201 = CARTESIAN_POINT('',(1.172495033967,9.62771468312,4.2));
#8202 = VECTOR('',#8203,1.);
#8203 = DIRECTION('',(-0.992952837027,0.118510182851,0.));
#8204 = PCURVE('',#3780,#8205);
#8205 = DEFINITIONAL_REPRESENTATION('',(#8206),#8210);
#8206 = LINE('',#8207,#8208);
#8207 = CARTESIAN_POINT('',(2.325004284407E-02,0.167261480704));
#8208 = VECTOR('',#8209,1.);
#8209 = DIRECTION('',(1.,0.));
#8210 = ( GEOMETRIC_REPRESENTATION_CONTEXT(2) 
PARAMETRIC_REPRESENTATION_CONTEXT() REPRESENTATION_CONTEXT('2D SPACE',''
  ) );
#8211 = PCURVE('',#8099,#8212);
#8212 = DEFINITIONAL_REPRESENTATION('',(#8213),#8217);
#8213 = LINE('',#8214,#8215);
#8214 = CARTESIAN_POINT('',(1.172495033967,9.62771468312));
#8215 = VECTOR('',#8216,1.);
#8216 = DIRECTION('',(-0.992952837027,0.118510182851));
#8217 = ( GEOMETRIC_REPRESENTATION_CONTEXT(2) 
PARAMETRIC_REPRESENTATION_CONTEXT() REPRESENTATION_CONTEXT('2D SPACE',''
  ) );
#8218 = ORIENTED_EDGE('',*,*,#8219,.T.);
#8219 = EDGE_CURVE('',#8197,#3765,#8220,.T.);
#8220 = SURFACE_CURVE('',#8221,(#8225,#8232),.PCURVE_S1.);
#8221 = LINE('',#8222,#8223);
#8222 = CARTESIAN_POINT('',(3.900146484375E-02,9.762998580933,
    5.612000465393));
#8223 = VECTOR('',#8224,1.);
#8224 = DIRECTION('',(0.,0.,-1.));
#8225 = PCURVE('',#3780,#8226);
#8226 = DEFINITIONAL_REPRESENTATION('',(#8227),#8231);
#8227 = LINE('',#8228,#8229);
#8228 = CARTESIAN_POINT('',(1.164788217524,-1.244738984689));
#8229 = VECTOR('',#8230,1.);
#8230 = DIRECTION('',(0.,1.));
#8231 = ( GEOMETRIC_REPRESENTATION_CONTEXT(2) 
PARAMETRIC_REPRESENTATION_CONTEXT() REPRESENTATION_CONTEXT('2D SPACE',''
  ) );
#8232 = PCURVE('',#3808,#8233);
#8233 = DEFINITIONAL_REPRESENTATION('',(#8234),#8238);
#8234 = LINE('',#8235,#8236);
#8235 = CARTESIAN_POINT('',(-1.712073852043,-0.595232120067));
#8236 = VECTOR('',#8237,1.);
#8237 = DIRECTION('',(-0.,1.));
#8238 = ( GEOMETRIC_REPRESENTATION_CONTEXT(2) 
PARAMETRIC_REPRESENTATION_CONTEXT() REPRESENTATION_CONTEXT('2D SPACE',''
  ) );
#8239 = ORIENTED_EDGE('',*,*,#3764,.F.);
#8240 = ORIENTED_EDGE('',*,*,#8241,.T.);
#8241 = EDGE_CURVE('',#3737,#8195,#8242,.T.);
#8242 = SURFACE_CURVE('',#8243,(#8247,#8254),.PCURVE_S1.);
#8243 = LINE('',#8244,#8245);
#8244 = CARTESIAN_POINT('',(3.005004882812,9.409002304077,3.779999732971
    ));
#8245 = VECTOR('',#8246,1.);
#8246 = DIRECTION('',(-0.846438023111,0.101023453633,0.522816349063));
#8247 = PCURVE('',#3780,#8248);
#8248 = DEFINITIONAL_REPRESENTATION('',(#8249),#8253);
#8249 = LINE('',#8250,#8251);
#8250 = CARTESIAN_POINT('',(-1.822265454479,0.587261747733));
#8251 = VECTOR('',#8252,1.);
#8252 = DIRECTION('',(0.852445344378,-0.522816349063));
#8253 = ( GEOMETRIC_REPRESENTATION_CONTEXT(2) 
PARAMETRIC_REPRESENTATION_CONTEXT() REPRESENTATION_CONTEXT('2D SPACE',''
  ) );
#8254 = PCURVE('',#8255,#8260);
#8255 = PLANE('',#8256);
#8256 = AXIS2_PLACEMENT_3D('',#8257,#8258,#8259);
#8257 = CARTESIAN_POINT('',(1.847920734561,9.547032186741,5.024597527902
    ));
#8258 = DIRECTION('',(-0.118589582495,-0.992943348799,
    -1.303811771362E-04));
#8259 = DIRECTION('',(-0.992943357239,0.118589583503,4.781918012354E-18)
  );
#8260 = DEFINITIONAL_REPRESENTATION('',(#8261),#8265);
#8261 = LINE('',#8262,#8263);
#8262 = CARTESIAN_POINT('',(-1.165287925068,1.24459780551));
#8263 = VECTOR('',#8264,1.);
#8264 = DIRECTION('',(0.852445341653,-0.522816353507));
#8265 = ( GEOMETRIC_REPRESENTATION_CONTEXT(2) 
PARAMETRIC_REPRESENTATION_CONTEXT() REPRESENTATION_CONTEXT('2D SPACE',''
  ) );
#8266 = ADVANCED_FACE('',(#8267),#3892,.T.);
#8267 = FACE_BOUND('',#8268,.T.);
#8268 = EDGE_LOOP('',(#8269,#8270,#8298,#8321));
#8269 = ORIENTED_EDGE('',*,*,#3876,.F.);
#8270 = ORIENTED_EDGE('',*,*,#8271,.T.);
#8271 = EDGE_CURVE('',#3849,#8272,#8274,.T.);
#8272 = VERTEX_POINT('',#8273);
#8273 = CARTESIAN_POINT('',(-1.626760539647,5.484998703003,4.2));
#8274 = SURFACE_CURVE('',#8275,(#8279,#8286),.PCURVE_S1.);
#8275 = LINE('',#8276,#8277);
#8276 = CARTESIAN_POINT('',(-2.126998901367,5.484998703003,
    3.779999732971));
#8277 = VECTOR('',#8278,1.);
#8278 = DIRECTION('',(0.765855611421,0.,0.643012583434));
#8279 = PCURVE('',#3892,#8280);
#8280 = DEFINITIONAL_REPRESENTATION('',(#8281),#8285);
#8281 = LINE('',#8282,#8283);
#8282 = CARTESIAN_POINT('',(-0.624774793129,-1.382221361656));
#8283 = VECTOR('',#8284,1.);
#8284 = DIRECTION('',(0.643012583434,0.765855611421));
#8285 = ( GEOMETRIC_REPRESENTATION_CONTEXT(2) 
PARAMETRIC_REPRESENTATION_CONTEXT() REPRESENTATION_CONTEXT('2D SPACE',''
  ) );
#8286 = PCURVE('',#8287,#8292);
#8287 = PLANE('',#8288);
#8288 = AXIS2_PLACEMENT_3D('',#8289,#8290,#8291);
#8289 = CARTESIAN_POINT('',(-1.328567455258,5.426368140693,
    4.988599900796));
#8290 = DIRECTION('',(-9.054698658712E-02,0.990035667783,0.107845351027)
  );
#8291 = DIRECTION('',(8.50716059586E-14,-0.108290187132,0.994119326525)
  );
#8292 = DEFINITIONAL_REPRESENTATION('',(#8293),#8297);
#8293 = LINE('',#8294,#8295);
#8294 = CARTESIAN_POINT('',(-1.207841899441,-0.801724783573));
#8295 = VECTOR('',#8296,1.);
#8296 = DIRECTION('',(0.639231236391,0.769014581411));
#8297 = ( GEOMETRIC_REPRESENTATION_CONTEXT(2) 
PARAMETRIC_REPRESENTATION_CONTEXT() REPRESENTATION_CONTEXT('2D SPACE',''
  ) );
#8298 = ORIENTED_EDGE('',*,*,#8299,.T.);
#8299 = EDGE_CURVE('',#8272,#8300,#8302,.T.);
#8300 = VERTEX_POINT('',#8301);
#8301 = CARTESIAN_POINT('',(1.858538605137,5.484998703003,4.2));
#8302 = SURFACE_CURVE('',#8303,(#8307,#8314),.PCURVE_S1.);
#8303 = LINE('',#8304,#8305);
#8304 = CARTESIAN_POINT('',(-0.372388769856,5.484998703003,4.2));
#8305 = VECTOR('',#8306,1.);
#8306 = DIRECTION('',(1.,0.,0.));
#8307 = PCURVE('',#3892,#8308);
#8308 = DEFINITIONAL_REPRESENTATION('',(#8309),#8313);
#8309 = LINE('',#8310,#8311);
#8310 = CARTESIAN_POINT('',(-0.2047745261,0.372388769855));
#8311 = VECTOR('',#8312,1.);
#8312 = DIRECTION('',(0.,1.));
#8313 = ( GEOMETRIC_REPRESENTATION_CONTEXT(2) 
PARAMETRIC_REPRESENTATION_CONTEXT() REPRESENTATION_CONTEXT('2D SPACE',''
  ) );
#8314 = PCURVE('',#8099,#8315);
#8315 = DEFINITIONAL_REPRESENTATION('',(#8316),#8320);
#8316 = LINE('',#8317,#8318);
#8317 = CARTESIAN_POINT('',(-0.372388769856,5.484998703003));
#8318 = VECTOR('',#8319,1.);
#8319 = DIRECTION('',(1.,0.));
#8320 = ( GEOMETRIC_REPRESENTATION_CONTEXT(2) 
PARAMETRIC_REPRESENTATION_CONTEXT() REPRESENTATION_CONTEXT('2D SPACE',''
  ) );
#8321 = ORIENTED_EDGE('',*,*,#8322,.T.);
#8322 = EDGE_CURVE('',#8300,#3877,#8323,.T.);
#8323 = SURFACE_CURVE('',#8324,(#8328,#8335),.PCURVE_S1.);
#8324 = LINE('',#8325,#8326);
#8325 = CARTESIAN_POINT('',(5.499267578125E-02,5.484998703003,
    5.612000465393));
#8326 = VECTOR('',#8327,1.);
#8327 = DIRECTION('',(0.787392740442,0.,-0.616451678804));
#8328 = PCURVE('',#3892,#8329);
#8329 = DEFINITIONAL_REPRESENTATION('',(#8330),#8334);
#8330 = LINE('',#8331,#8332);
#8331 = CARTESIAN_POINT('',(1.207225939293,0.799770215492));
#8332 = VECTOR('',#8333,1.);
#8333 = DIRECTION('',(-0.616451678804,0.787392740442));
#8334 = ( GEOMETRIC_REPRESENTATION_CONTEXT(2) 
PARAMETRIC_REPRESENTATION_CONTEXT() REPRESENTATION_CONTEXT('2D SPACE',''
  ) );
#8335 = PCURVE('',#8336,#8341);
#8336 = PLANE('',#8337);
#8337 = AXIS2_PLACEMENT_3D('',#8338,#8339,#8340);
#8338 = CARTESIAN_POINT('',(1.526004085167,5.426486872142,4.996318842397
    ));
#8339 = DIRECTION('',(8.465855117087E-02,0.990525071701,0.108134231604)
  );
#8340 = DIRECTION('',(-6.45141637675E-14,-0.108523829887,0.994093847857)
  );
#8341 = DEFINITIONAL_REPRESENTATION('',(#8342),#8346);
#8342 = LINE('',#8343,#8344);
#8343 = CARTESIAN_POINT('',(0.60569538568,-1.476311336255));
#8344 = VECTOR('',#8345,1.);
#8345 = DIRECTION('',(-0.6128108214,0.790229648378));
#8346 = ( GEOMETRIC_REPRESENTATION_CONTEXT(2) 
PARAMETRIC_REPRESENTATION_CONTEXT() REPRESENTATION_CONTEXT('2D SPACE',''
  ) );
#8347 = ADVANCED_FACE('',(#8348),#3808,.T.);
#8348 = FACE_BOUND('',#8349,.T.);
#8349 = EDGE_LOOP('',(#8350,#8373,#8399,#8400));
#8350 = ORIENTED_EDGE('',*,*,#8351,.T.);
#8351 = EDGE_CURVE('',#8197,#8352,#8354,.T.);
#8352 = VERTEX_POINT('',#8353);
#8353 = CARTESIAN_POINT('',(-2.721000671387,9.409002304077,4.2));
#8354 = SURFACE_CURVE('',#8355,(#8359,#8366),.PCURVE_S1.);
#8355 = LINE('',#8356,#8357);
#8356 = CARTESIAN_POINT('',(-1.44523052751,9.572631844478,4.2));
#8357 = VECTOR('',#8358,1.);
#8358 = DIRECTION('',(-0.991874870815,-0.12721729696,0.));
#8359 = PCURVE('',#3808,#8360);
#8360 = DEFINITIONAL_REPRESENTATION('',(#8361),#8365);
#8361 = LINE('',#8362,#8363);
#8362 = CARTESIAN_POINT('',(-0.215683494725,0.816768345326));
#8363 = VECTOR('',#8364,1.);
#8364 = DIRECTION('',(1.,0.));
#8365 = ( GEOMETRIC_REPRESENTATION_CONTEXT(2) 
PARAMETRIC_REPRESENTATION_CONTEXT() REPRESENTATION_CONTEXT('2D SPACE',''
  ) );
#8366 = PCURVE('',#8099,#8367);
#8367 = DEFINITIONAL_REPRESENTATION('',(#8368),#8372);
#8368 = LINE('',#8369,#8370);
#8369 = CARTESIAN_POINT('',(-1.44523052751,9.572631844478));
#8370 = VECTOR('',#8371,1.);
#8371 = DIRECTION('',(-0.991874870815,-0.12721729696));
#8372 = ( GEOMETRIC_REPRESENTATION_CONTEXT(2) 
PARAMETRIC_REPRESENTATION_CONTEXT() REPRESENTATION_CONTEXT('2D SPACE',''
  ) );
#8373 = ORIENTED_EDGE('',*,*,#8374,.T.);
#8374 = EDGE_CURVE('',#8352,#3793,#8375,.T.);
#8375 = SURFACE_CURVE('',#8376,(#8380,#8387),.PCURVE_S1.);
#8376 = LINE('',#8377,#8378);
#8377 = CARTESIAN_POINT('',(-2.721000671387,9.409002304077,
    5.612000465393));
#8378 = VECTOR('',#8379,1.);
#8379 = DIRECTION('',(0.,0.,-1.));
#8380 = PCURVE('',#3808,#8381);
#8381 = DEFINITIONAL_REPRESENTATION('',(#8382),#8386);
#8382 = LINE('',#8383,#8384);
#8383 = CARTESIAN_POINT('',(1.070537359755,-0.595232120067));
#8384 = VECTOR('',#8385,1.);
#8385 = DIRECTION('',(-0.,1.));
#8386 = ( GEOMETRIC_REPRESENTATION_CONTEXT(2) 
PARAMETRIC_REPRESENTATION_CONTEXT() REPRESENTATION_CONTEXT('2D SPACE',''
  ) );
#8387 = PCURVE('',#8388,#8393);
#8388 = PLANE('',#8389);
#8389 = AXIS2_PLACEMENT_3D('',#8390,#8391,#8392);
#8390 = CARTESIAN_POINT('',(-2.583309459202,8.599807324042,
    4.989971609614));
#8391 = DIRECTION('',(0.985830056543,0.167747129979,0.));
#8392 = DIRECTION('',(-0.167747129979,0.985830056543,0.));
#8393 = DEFINITIONAL_REPRESENTATION('',(#8394),#8398);
#8394 = LINE('',#8395,#8396);
#8395 = CARTESIAN_POINT('',(0.82082603859,0.622028855779));
#8396 = VECTOR('',#8397,1.);
#8397 = DIRECTION('',(0.,-1.));
#8398 = ( GEOMETRIC_REPRESENTATION_CONTEXT(2) 
PARAMETRIC_REPRESENTATION_CONTEXT() REPRESENTATION_CONTEXT('2D SPACE',''
  ) );
#8399 = ORIENTED_EDGE('',*,*,#3792,.F.);
#8400 = ORIENTED_EDGE('',*,*,#8219,.F.);
#8401 = ADVANCED_FACE('',(#8402),#3864,.T.);
#8402 = FACE_BOUND('',#8403,.T.);
#8403 = EDGE_LOOP('',(#8404,#8432,#8433,#8456));
#8404 = ORIENTED_EDGE('',*,*,#8405,.F.);
#8405 = EDGE_CURVE('',#3849,#8406,#8408,.T.);
#8406 = VERTEX_POINT('',#8407);
#8407 = CARTESIAN_POINT('',(-2.17743412525,5.880697885134,4.2));
#8408 = SURFACE_CURVE('',#8409,(#8413,#8420),.PCURVE_S1.);
#8409 = LINE('',#8410,#8411);
#8410 = CARTESIAN_POINT('',(-2.126998901367,5.484998703003,
    3.779999732971));
#8411 = VECTOR('',#8412,1.);
#8412 = DIRECTION('',(-8.707101260731E-02,0.683132260018,0.725085480537)
  );
#8413 = PCURVE('',#3864,#8414);
#8414 = DEFINITIONAL_REPRESENTATION('',(#8415),#8419);
#8415 = LINE('',#8416,#8417);
#8416 = CARTESIAN_POINT('',(-1.166827735066,-0.640532374837));
#8417 = VECTOR('',#8418,1.);
#8418 = DIRECTION('',(0.688629118262,0.725113741065));
#8419 = ( GEOMETRIC_REPRESENTATION_CONTEXT(2) 
PARAMETRIC_REPRESENTATION_CONTEXT() REPRESENTATION_CONTEXT('2D SPACE',''
  ) );
#8420 = PCURVE('',#8421,#8426);
#8421 = PLANE('',#8422);
#8422 = AXIS2_PLACEMENT_3D('',#8423,#8424,#8425);
#8423 = CARTESIAN_POINT('',(-2.204811091472,6.035518610888,
    4.978519844008));
#8424 = DIRECTION('',(0.993460849015,0.113501879932,1.23638475681E-02));
#8425 = DIRECTION('',(-0.113510556144,0.993536790282,6.057089072965E-15)
  );
#8426 = DEFINITIONAL_REPRESENTATION('',(#8427),#8431);
#8427 = LINE('',#8428,#8429);
#8428 = CARTESIAN_POINT('',(-0.55579428724,-1.198611727265));
#8429 = VECTOR('',#8430,1.);
#8430 = DIRECTION('',(0.688600512022,0.725140906889));
#8431 = ( GEOMETRIC_REPRESENTATION_CONTEXT(2) 
PARAMETRIC_REPRESENTATION_CONTEXT() REPRESENTATION_CONTEXT('2D SPACE',''
  ) );
#8432 = ORIENTED_EDGE('',*,*,#3848,.F.);
#8433 = ORIENTED_EDGE('',*,*,#8434,.F.);
#8434 = EDGE_CURVE('',#8435,#3821,#8437,.T.);
#8435 = VERTEX_POINT('',#8436);
#8436 = CARTESIAN_POINT('',(-2.346992492676,7.317363256793,4.2));
#8437 = SURFACE_CURVE('',#8438,(#8442,#8449),.PCURVE_S1.);
#8438 = LINE('',#8439,#8440);
#8439 = CARTESIAN_POINT('',(-2.346992492676,7.211000442505,
    5.612000465393));
#8440 = VECTOR('',#8441,1.);
#8441 = DIRECTION('',(0.,7.511493758808E-02,-0.997174882431));
#8442 = PCURVE('',#3864,#8443);
#8443 = DEFINITIONAL_REPRESENTATION('',(#8444),#8448);
#8444 = LINE('',#8445,#8446);
#8445 = CARTESIAN_POINT('',(0.573062364635,1.191539760625));
#8446 = VECTOR('',#8447,1.);
#8447 = DIRECTION('',(7.459719345131E-02,-0.997213747764));
#8448 = ( GEOMETRIC_REPRESENTATION_CONTEXT(2) 
PARAMETRIC_REPRESENTATION_CONTEXT() REPRESENTATION_CONTEXT('2D SPACE',''
  ) );
#8449 = PCURVE('',#3836,#8450);
#8450 = DEFINITIONAL_REPRESENTATION('',(#8451),#8455);
#8451 = LINE('',#8452,#8453);
#8452 = CARTESIAN_POINT('',(-0.85343958601,1.197453688617));
#8453 = VECTOR('',#8454,1.);
#8454 = DIRECTION('',(7.390671866188E-02,-0.99726515879));
#8455 = ( GEOMETRIC_REPRESENTATION_CONTEXT(2) 
PARAMETRIC_REPRESENTATION_CONTEXT() REPRESENTATION_CONTEXT('2D SPACE',''
  ) );
#8456 = ORIENTED_EDGE('',*,*,#8457,.T.);
#8457 = EDGE_CURVE('',#8435,#8406,#8458,.T.);
#8458 = SURFACE_CURVE('',#8459,(#8463,#8470),.PCURVE_S1.);
#8459 = LINE('',#8460,#8461);
#8460 = CARTESIAN_POINT('',(-1.865223386354,3.235341220958,4.2));
#8461 = VECTOR('',#8462,1.);
#8462 = DIRECTION('',(0.117208681386,-0.993107307902,0.));
#8463 = PCURVE('',#3864,#8464);
#8464 = DEFINITIONAL_REPRESENTATION('',(#8465),#8469);
#8465 = LINE('',#8466,#8467);
#8466 = CARTESIAN_POINT('',(-3.431661383695,-0.220515738112));
#8467 = VECTOR('',#8468,1.);
#8468 = DIRECTION('',(-1.,1.640592389211E-15));
#8469 = ( GEOMETRIC_REPRESENTATION_CONTEXT(2) 
PARAMETRIC_REPRESENTATION_CONTEXT() REPRESENTATION_CONTEXT('2D SPACE',''
  ) );
#8470 = PCURVE('',#8099,#8471);
#8471 = DEFINITIONAL_REPRESENTATION('',(#8472),#8476);
#8472 = LINE('',#8473,#8474);
#8473 = CARTESIAN_POINT('',(-1.865223386354,3.235341220958));
#8474 = VECTOR('',#8475,1.);
#8475 = DIRECTION('',(0.117208681386,-0.993107307902));
#8476 = ( GEOMETRIC_REPRESENTATION_CONTEXT(2) 
PARAMETRIC_REPRESENTATION_CONTEXT() REPRESENTATION_CONTEXT('2D SPACE',''
  ) );
#8477 = ADVANCED_FACE('',(#8478),#3836,.T.);
#8478 = FACE_BOUND('',#8479,.T.);
#8479 = EDGE_LOOP('',(#8480,#8503,#8504,#8505));
#8480 = ORIENTED_EDGE('',*,*,#8481,.T.);
#8481 = EDGE_CURVE('',#8482,#8435,#8484,.T.);
#8482 = VERTEX_POINT('',#8483);
#8483 = CARTESIAN_POINT('',(-2.635256418042,8.905093461437,4.2));
#8484 = SURFACE_CURVE('',#8485,(#8489,#8496),.PCURVE_S1.);
#8485 = LINE('',#8486,#8487);
#8486 = CARTESIAN_POINT('',(-1.733362573481,3.937548193409,4.2));
#8487 = VECTOR('',#8488,1.);
#8488 = DIRECTION('',(0.17863691066,-0.9839150645,0.));
#8489 = PCURVE('',#3836,#8490);
#8490 = DEFINITIONAL_REPRESENTATION('',(#8491),#8495);
#8491 = LINE('',#8492,#8493);
#8492 = CARTESIAN_POINT('',(-4.18385551987,-0.214674608176));
#8493 = VECTOR('',#8494,1.);
#8494 = DIRECTION('',(-1.,9.696160220338E-15));
#8495 = ( GEOMETRIC_REPRESENTATION_CONTEXT(2) 
PARAMETRIC_REPRESENTATION_CONTEXT() REPRESENTATION_CONTEXT('2D SPACE',''
  ) );
#8496 = PCURVE('',#8099,#8497);
#8497 = DEFINITIONAL_REPRESENTATION('',(#8498),#8502);
#8498 = LINE('',#8499,#8500);
#8499 = CARTESIAN_POINT('',(-1.733362573481,3.937548193409));
#8500 = VECTOR('',#8501,1.);
#8501 = DIRECTION('',(0.17863691066,-0.9839150645));
#8502 = ( GEOMETRIC_REPRESENTATION_CONTEXT(2) 
PARAMETRIC_REPRESENTATION_CONTEXT() REPRESENTATION_CONTEXT('2D SPACE',''
  ) );
#8503 = ORIENTED_EDGE('',*,*,#8434,.T.);
#8504 = ORIENTED_EDGE('',*,*,#3820,.F.);
#8505 = ORIENTED_EDGE('',*,*,#8506,.T.);
#8506 = EDGE_CURVE('',#3793,#8482,#8507,.T.);
#8507 = SURFACE_CURVE('',#8508,(#8512,#8519),.PCURVE_S1.);
#8508 = LINE('',#8509,#8510);
#8509 = CARTESIAN_POINT('',(-2.721000671387,9.409002304077,
    3.779999732971));
#8510 = VECTOR('',#8511,1.);
#8511 = DIRECTION('',(0.129606996577,-0.761685000394,0.634852728286));
#8512 = PCURVE('',#3836,#8513);
#8513 = DEFINITIONAL_REPRESENTATION('',(#8514),#8518);
#8514 = LINE('',#8515,#8516);
#8515 = CARTESIAN_POINT('',(1.376019222996,-0.634712898721));
#8516 = VECTOR('',#8517,1.);
#8517 = DIRECTION('',(-0.77258593976,0.634910202852));
#8518 = ( GEOMETRIC_REPRESENTATION_CONTEXT(2) 
PARAMETRIC_REPRESENTATION_CONTEXT() REPRESENTATION_CONTEXT('2D SPACE',''
  ) );
#8519 = PCURVE('',#8388,#8520);
#8520 = DEFINITIONAL_REPRESENTATION('',(#8521),#8525);
#8521 = LINE('',#8522,#8523);
#8522 = CARTESIAN_POINT('',(0.82082603859,-1.209971876643));
#8523 = VECTOR('',#8524,1.);
#8524 = DIRECTION('',(-0.772633168708,0.634852728286));
#8525 = ( GEOMETRIC_REPRESENTATION_CONTEXT(2) 
PARAMETRIC_REPRESENTATION_CONTEXT() REPRESENTATION_CONTEXT('2D SPACE',''
  ) );
#8526 = ADVANCED_FACE('',(#8527),#3950,.T.);
#8527 = FACE_BOUND('',#8528,.T.);
#8528 = EDGE_LOOP('',(#8529,#8557,#8558,#8559));
#8529 = ORIENTED_EDGE('',*,*,#8530,.F.);
#8530 = EDGE_CURVE('',#3935,#8531,#8533,.T.);
#8531 = VERTEX_POINT('',#8532);
#8532 = CARTESIAN_POINT('',(-1.33323657271,1.716085249002,4.2));
#8533 = SURFACE_CURVE('',#8534,(#8538,#8545),.PCURVE_S1.);
#8534 = LINE('',#8535,#8536);
#8535 = CARTESIAN_POINT('',(-1.500999450684,1.582998275757,
    3.782000541687));
#8536 = VECTOR('',#8537,1.);
#8537 = DIRECTION('',(0.357201052572,0.283369047438,0.890005275824));
#8538 = PCURVE('',#3950,#8539);
#8539 = DEFINITIONAL_REPRESENTATION('',(#8540),#8544);
#8540 = LINE('',#8541,#8542);
#8541 = CARTESIAN_POINT('',(0.315289257268,0.358816063941));
#8542 = VECTOR('',#8543,1.);
#8543 = DIRECTION('',(-0.455950226455,-0.890005275824));
#8544 = ( GEOMETRIC_REPRESENTATION_CONTEXT(2) 
PARAMETRIC_REPRESENTATION_CONTEXT() REPRESENTATION_CONTEXT('2D SPACE',''
  ) );
#8545 = PCURVE('',#8546,#8551);
#8546 = PLANE('',#8547);
#8547 = AXIS2_PLACEMENT_3D('',#8548,#8549,#8550);
#8548 = CARTESIAN_POINT('',(-1.38994368332,1.671673556,4.31449339548));
#8549 = DIRECTION('',(0.61878940996,-0.785554934676,1.763725490276E-03)
  );
#8550 = DIRECTION('',(-0.785556156503,-0.618790372405,1.334907803456E-15
    ));
#8551 = DEFINITIONAL_REPRESENTATION('',(#8552),#8556);
#8552 = LINE('',#8553,#8554);
#8553 = CARTESIAN_POINT('',(0.142111951453,0.532493682015));
#8554 = VECTOR('',#8555,1.);
#8555 = DIRECTION('',(-0.45594752435,-0.89000666011));
#8556 = ( GEOMETRIC_REPRESENTATION_CONTEXT(2) 
PARAMETRIC_REPRESENTATION_CONTEXT() REPRESENTATION_CONTEXT('2D SPACE',''
  ) );
#8557 = ORIENTED_EDGE('',*,*,#3934,.T.);
#8558 = ORIENTED_EDGE('',*,*,#6196,.T.);
#8559 = ORIENTED_EDGE('',*,*,#8560,.T.);
#8560 = EDGE_CURVE('',#6169,#8531,#8561,.T.);
#8561 = SURFACE_CURVE('',#8562,(#8566,#8573),.PCURVE_S1.);
#8562 = LINE('',#8563,#8564);
#8563 = CARTESIAN_POINT('',(-1.302251574767,1.74066577386,4.2));
#8564 = VECTOR('',#8565,1.);
#8565 = DIRECTION('',(-0.783421153991,-0.621491186969,0.));
#8566 = PCURVE('',#3950,#8567);
#8567 = DEFINITIONAL_REPRESENTATION('',(#8568),#8572);
#8568 = LINE('',#8569,#8570);
#8569 = CARTESIAN_POINT('',(6.159700642165E-02,-5.9183394372E-02));
#8570 = VECTOR('',#8571,1.);
#8571 = DIRECTION('',(1.,0.));
#8572 = ( GEOMETRIC_REPRESENTATION_CONTEXT(2) 
PARAMETRIC_REPRESENTATION_CONTEXT() REPRESENTATION_CONTEXT('2D SPACE',''
  ) );
#8573 = PCURVE('',#6184,#8574);
#8574 = DEFINITIONAL_REPRESENTATION('',(#8575),#8579);
#8575 = LINE('',#8576,#8577);
#8576 = CARTESIAN_POINT('',(-1.302251574767,1.74066577386));
#8577 = VECTOR('',#8578,1.);
#8578 = DIRECTION('',(-0.783421153991,-0.621491186969));
#8579 = ( GEOMETRIC_REPRESENTATION_CONTEXT(2) 
PARAMETRIC_REPRESENTATION_CONTEXT() REPRESENTATION_CONTEXT('2D SPACE',''
  ) );
#8580 = ADVANCED_FACE('',(#8581),#4004,.T.);
#8581 = FACE_BOUND('',#8582,.T.);
#8582 = EDGE_LOOP('',(#8583,#8611,#8612,#8635));
#8583 = ORIENTED_EDGE('',*,*,#8584,.F.);
#8584 = EDGE_CURVE('',#3989,#8585,#8587,.T.);
#8585 = VERTEX_POINT('',#8586);
#8586 = CARTESIAN_POINT('',(-1.656878033511,1.401550891658,4.2));
#8587 = SURFACE_CURVE('',#8588,(#8592,#8599),.PCURVE_S1.);
#8588 = LINE('',#8589,#8590);
#8589 = CARTESIAN_POINT('',(-1.794998168945,1.239000320435,
    3.779999732971));
#8590 = VECTOR('',#8591,1.);
#8591 = DIRECTION('',(0.293209651595,0.345072036058,0.891601587113));
#8592 = PCURVE('',#4004,#8593);
#8593 = DEFINITIONAL_REPRESENTATION('',(#8594),#8598);
#8594 = LINE('',#8595,#8596);
#8595 = CARTESIAN_POINT('',(-0.312855752929,-0.361396662998));
#8596 = VECTOR('',#8597,1.);
#8597 = DIRECTION('',(0.452818858175,0.891602535708));
#8598 = ( GEOMETRIC_REPRESENTATION_CONTEXT(2) 
PARAMETRIC_REPRESENTATION_CONTEXT() REPRESENTATION_CONTEXT('2D SPACE',''
  ) );
#8599 = PCURVE('',#8600,#8605);
#8600 = PLANE('',#8601);
#8601 = AXIS2_PLACEMENT_3D('',#8602,#8603,#8604);
#8602 = CARTESIAN_POINT('',(-1.70390378102,1.346207316329,4.313337536488
    ));
#8603 = DIRECTION('',(0.762050004066,-0.647518178357,0.));
#8604 = DIRECTION('',(0.647518178357,0.762050004066,0.));
#8605 = DEFINITIONAL_REPRESENTATION('',(#8606),#8610);
#8606 = LINE('',#8607,#8608);
#8607 = CARTESIAN_POINT('',(-0.140682363785,-0.533337803517));
#8608 = VECTOR('',#8609,1.);
#8609 = DIRECTION('',(0.452820725959,0.891601587113));
#8610 = ( GEOMETRIC_REPRESENTATION_CONTEXT(2) 
PARAMETRIC_REPRESENTATION_CONTEXT() REPRESENTATION_CONTEXT('2D SPACE',''
  ) );
#8611 = ORIENTED_EDGE('',*,*,#3988,.T.);
#8612 = ORIENTED_EDGE('',*,*,#8613,.T.);
#8613 = EDGE_CURVE('',#3935,#8614,#8616,.T.);
#8614 = VERTEX_POINT('',#8615);
#8615 = CARTESIAN_POINT('',(-1.500999450684,1.583936766838,4.2));
#8616 = SURFACE_CURVE('',#8617,(#8621,#8628),.PCURVE_S1.);
#8617 = LINE('',#8618,#8619);
#8618 = CARTESIAN_POINT('',(-1.500999450684,1.582998275757,
    3.782000541687));
#8619 = VECTOR('',#8620,1.);
#8620 = DIRECTION('',(0.,2.245191223489E-03,0.999997479555));
#8621 = PCURVE('',#4004,#8622);
#8622 = DEFINITIONAL_REPRESENTATION('',(#8623),#8627);
#8623 = LINE('',#8624,#8625);
#8624 = CARTESIAN_POINT('',(0.139659262951,-0.359395852153));
#8625 = VECTOR('',#8626,1.);
#8626 = DIRECTION('',(1.706765313153E-03,0.999998543475));
#8627 = ( GEOMETRIC_REPRESENTATION_CONTEXT(2) 
PARAMETRIC_REPRESENTATION_CONTEXT() REPRESENTATION_CONTEXT('2D SPACE',''
  ) );
#8628 = PCURVE('',#8546,#8629);
#8629 = DEFINITIONAL_REPRESENTATION('',(#8630),#8634);
#8630 = LINE('',#8631,#8632);
#8631 = CARTESIAN_POINT('',(0.142111951453,0.532493682015));
#8632 = VECTOR('',#8633,1.);
#8633 = DIRECTION('',(-1.389302713302E-03,-0.999999034919));
#8634 = ( GEOMETRIC_REPRESENTATION_CONTEXT(2) 
PARAMETRIC_REPRESENTATION_CONTEXT() REPRESENTATION_CONTEXT('2D SPACE',''
  ) );
#8635 = ORIENTED_EDGE('',*,*,#8636,.T.);
#8636 = EDGE_CURVE('',#8614,#8585,#8637,.T.);
#8637 = SURFACE_CURVE('',#8638,(#8642,#8649),.PCURVE_S1.);
#8638 = LINE('',#8639,#8640);
#8639 = CARTESIAN_POINT('',(-1.620952782352,1.44358526389,4.2));
#8640 = VECTOR('',#8641,1.);
#8641 = DIRECTION('',(-0.649704267554,-0.760187059033,0.));
#8642 = PCURVE('',#4004,#8643);
#8643 = DEFINITIONAL_REPRESENTATION('',(#8644),#8648);
#8644 = LINE('',#8645,#8646);
#8645 = CARTESIAN_POINT('',(-4.425489602341E-02,5.860405087911E-02));
#8646 = VECTOR('',#8647,1.);
#8647 = DIRECTION('',(-1.,1.062936527945E-15));
#8648 = ( GEOMETRIC_REPRESENTATION_CONTEXT(2) 
PARAMETRIC_REPRESENTATION_CONTEXT() REPRESENTATION_CONTEXT('2D SPACE',''
  ) );
#8649 = PCURVE('',#6184,#8650);
#8650 = DEFINITIONAL_REPRESENTATION('',(#8651),#8655);
#8651 = LINE('',#8652,#8653);
#8652 = CARTESIAN_POINT('',(-1.620952782352,1.44358526389));
#8653 = VECTOR('',#8654,1.);
#8654 = DIRECTION('',(-0.649704267554,-0.760187059033));
#8655 = ( GEOMETRIC_REPRESENTATION_CONTEXT(2) 
PARAMETRIC_REPRESENTATION_CONTEXT() REPRESENTATION_CONTEXT('2D SPACE',''
  ) );
#8656 = ADVANCED_FACE('',(#8657),#4059,.T.);
#8657 = FACE_BOUND('',#8658,.T.);
#8658 = EDGE_LOOP('',(#8659,#8687,#8710,#8731));
#8659 = ORIENTED_EDGE('',*,*,#8660,.F.);
#8660 = EDGE_CURVE('',#8661,#4044,#8663,.T.);
#8661 = VERTEX_POINT('',#8662);
#8662 = CARTESIAN_POINT('',(-2.193000793457,-2.700233459473E-02,4.2));
#8663 = SURFACE_CURVE('',#8664,(#8668,#8675),.PCURVE_S1.);
#8664 = LINE('',#8665,#8666);
#8665 = CARTESIAN_POINT('',(-2.193000793457,-2.700233459473E-02,
    4.674000740051));
#8666 = VECTOR('',#8667,1.);
#8667 = DIRECTION('',(0.,0.,-1.));
#8668 = PCURVE('',#4059,#8669);
#8669 = DEFINITIONAL_REPRESENTATION('',(#8670),#8674);
#8670 = LINE('',#8671,#8672);
#8671 = CARTESIAN_POINT('',(0.308340407363,0.361745683209));
#8672 = VECTOR('',#8673,1.);
#8673 = DIRECTION('',(0.,-1.));
#8674 = ( GEOMETRIC_REPRESENTATION_CONTEXT(2) 
PARAMETRIC_REPRESENTATION_CONTEXT() REPRESENTATION_CONTEXT('2D SPACE',''
  ) );
#8675 = PCURVE('',#8676,#8681);
#8676 = PLANE('',#8677);
#8677 = AXIS2_PLACEMENT_3D('',#8678,#8679,#8680);
#8678 = CARTESIAN_POINT('',(-2.179398378269,0.110881623841,4.31253093955
    ));
#8679 = DIRECTION('',(0.995169204074,-9.817461617911E-02,0.));
#8680 = DIRECTION('',(9.817461617911E-02,0.995169204074,0.));
#8681 = DEFINITIONAL_REPRESENTATION('',(#8682),#8686);
#8682 = LINE('',#8683,#8684);
#8683 = CARTESIAN_POINT('',(-0.138553281061,0.361469800501));
#8684 = VECTOR('',#8685,1.);
#8685 = DIRECTION('',(0.,-1.));
#8686 = ( GEOMETRIC_REPRESENTATION_CONTEXT(2) 
PARAMETRIC_REPRESENTATION_CONTEXT() REPRESENTATION_CONTEXT('2D SPACE',''
  ) );
#8687 = ORIENTED_EDGE('',*,*,#8688,.T.);
#8688 = EDGE_CURVE('',#8661,#8689,#8691,.T.);
#8689 = VERTEX_POINT('',#8690);
#8690 = CARTESIAN_POINT('',(-2.149002075195,-0.470998764038,4.2));
#8691 = SURFACE_CURVE('',#8692,(#8696,#8703),.PCURVE_S1.);
#8692 = LINE('',#8693,#8694);
#8693 = CARTESIAN_POINT('',(-2.168459211811,-0.274654426617,4.2));
#8694 = VECTOR('',#8695,1.);
#8695 = DIRECTION('',(9.861398678177E-02,-0.995125761706,0.));
#8696 = PCURVE('',#4059,#8697);
#8697 = DEFINITIONAL_REPRESENTATION('',(#8698),#8702);
#8698 = LINE('',#8699,#8700);
#8699 = CARTESIAN_POINT('',(5.947528744362E-02,-0.112255056842));
#8700 = VECTOR('',#8701,1.);
#8701 = DIRECTION('',(-1.,0.));
#8702 = ( GEOMETRIC_REPRESENTATION_CONTEXT(2) 
PARAMETRIC_REPRESENTATION_CONTEXT() REPRESENTATION_CONTEXT('2D SPACE',''
  ) );
#8703 = PCURVE('',#6184,#8704);
#8704 = DEFINITIONAL_REPRESENTATION('',(#8705),#8709);
#8705 = LINE('',#8706,#8707);
#8706 = CARTESIAN_POINT('',(-2.168459211811,-0.274654426617));
#8707 = VECTOR('',#8708,1.);
#8708 = DIRECTION('',(9.861398678177E-02,-0.995125761706));
#8709 = ( GEOMETRIC_REPRESENTATION_CONTEXT(2) 
PARAMETRIC_REPRESENTATION_CONTEXT() REPRESENTATION_CONTEXT('2D SPACE',''
  ) );
#8710 = ORIENTED_EDGE('',*,*,#8711,.T.);
#8711 = EDGE_CURVE('',#8689,#4042,#8712,.T.);
#8712 = SURFACE_CURVE('',#8713,(#8717,#8724),.PCURVE_S1.);
#8713 = LINE('',#8714,#8715);
#8714 = CARTESIAN_POINT('',(-2.149002075195,-0.470998764038,
    4.674000740051));
#8715 = VECTOR('',#8716,1.);
#8716 = DIRECTION('',(0.,0.,-1.));
#8717 = PCURVE('',#4059,#8718);
#8718 = DEFINITIONAL_REPRESENTATION('',(#8719),#8723);
#8719 = LINE('',#8720,#8721);
#8720 = CARTESIAN_POINT('',(-0.137830766702,0.361745683209));
#8721 = VECTOR('',#8722,1.);
#8722 = DIRECTION('',(0.,-1.));
#8723 = ( GEOMETRIC_REPRESENTATION_CONTEXT(2) 
PARAMETRIC_REPRESENTATION_CONTEXT() REPRESENTATION_CONTEXT('2D SPACE',''
  ) );
#8724 = PCURVE('',#4087,#8725);
#8725 = DEFINITIONAL_REPRESENTATION('',(#8726),#8730);
#8726 = LINE('',#8727,#8728);
#8727 = CARTESIAN_POINT('',(0.138888592212,0.532658867043));
#8728 = VECTOR('',#8729,1.);
#8729 = DIRECTION('',(0.,-1.));
#8730 = ( GEOMETRIC_REPRESENTATION_CONTEXT(2) 
PARAMETRIC_REPRESENTATION_CONTEXT() REPRESENTATION_CONTEXT('2D SPACE',''
  ) );
#8731 = ORIENTED_EDGE('',*,*,#4041,.T.);
#8732 = ADVANCED_FACE('',(#8733),#4248,.T.);
#8733 = FACE_BOUND('',#8734,.T.);
#8734 = EDGE_LOOP('',(#8735,#8760,#8781,#8782));
#8735 = ORIENTED_EDGE('',*,*,#8736,.T.);
#8736 = EDGE_CURVE('',#8737,#8739,#8741,.T.);
#8737 = VERTEX_POINT('',#8738);
#8738 = CARTESIAN_POINT('',(-2.149002075195,0.417938782403,4.2));
#8739 = VERTEX_POINT('',#8740);
#8740 = CARTESIAN_POINT('',(-2.172330264819,0.18252915463,4.2));
#8741 = SURFACE_CURVE('',#8742,(#8746,#8753),.PCURVE_S1.);
#8742 = LINE('',#8743,#8744);
#8743 = CARTESIAN_POINT('',(-2.165863745289,0.247784152131,4.2));
#8744 = VECTOR('',#8745,1.);
#8745 = DIRECTION('',(-9.86131477636E-02,-0.99512584485,0.));
#8746 = PCURVE('',#4248,#8747);
#8747 = DEFINITIONAL_REPRESENTATION('',(#8748),#8752);
#8748 = LINE('',#8749,#8750);
#8749 = CARTESIAN_POINT('',(-3.299377217964E-02,5.822254855867E-02));
#8750 = VECTOR('',#8751,1.);
#8751 = DIRECTION('',(-1.,1.510436136746E-17));
#8752 = ( GEOMETRIC_REPRESENTATION_CONTEXT(2) 
PARAMETRIC_REPRESENTATION_CONTEXT() REPRESENTATION_CONTEXT('2D SPACE',''
  ) );
#8753 = PCURVE('',#6184,#8754);
#8754 = DEFINITIONAL_REPRESENTATION('',(#8755),#8759);
#8755 = LINE('',#8756,#8757);
#8756 = CARTESIAN_POINT('',(-2.165863745289,0.247784152131));
#8757 = VECTOR('',#8758,1.);
#8758 = DIRECTION('',(-9.86131477636E-02,-0.99512584485));
#8759 = ( GEOMETRIC_REPRESENTATION_CONTEXT(2) 
PARAMETRIC_REPRESENTATION_CONTEXT() REPRESENTATION_CONTEXT('2D SPACE',''
  ) );
#8760 = ORIENTED_EDGE('',*,*,#8761,.T.);
#8761 = EDGE_CURVE('',#8739,#4044,#8762,.T.);
#8762 = SURFACE_CURVE('',#8763,(#8767,#8774),.PCURVE_S1.);
#8763 = LINE('',#8764,#8765);
#8764 = CARTESIAN_POINT('',(-2.149002075195,0.41900062561,4.674000740051
    ));
#8765 = VECTOR('',#8766,1.);
#8766 = DIRECTION('',(-4.39966872372E-02,-0.445982372265,-0.893959739105
    ));
#8767 = PCURVE('',#4248,#8768);
#8768 = DEFINITIONAL_REPRESENTATION('',(#8769),#8773);
#8769 = LINE('',#8770,#8771);
#8770 = CARTESIAN_POINT('',(0.139050948008,0.532223300176));
#8771 = VECTOR('',#8772,1.);
#8772 = DIRECTION('',(-0.448147236808,-0.893959760918));
#8773 = ( GEOMETRIC_REPRESENTATION_CONTEXT(2) 
PARAMETRIC_REPRESENTATION_CONTEXT() REPRESENTATION_CONTEXT('2D SPACE',''
  ) );
#8774 = PCURVE('',#8676,#8775);
#8775 = DEFINITIONAL_REPRESENTATION('',(#8776),#8780);
#8776 = LINE('',#8777,#8778);
#8777 = CARTESIAN_POINT('',(0.309614687138,0.361469800501));
#8778 = VECTOR('',#8779,1.);
#8779 = DIRECTION('',(-0.448147280321,-0.893959739105));
#8780 = ( GEOMETRIC_REPRESENTATION_CONTEXT(2) 
PARAMETRIC_REPRESENTATION_CONTEXT() REPRESENTATION_CONTEXT('2D SPACE',''
  ) );
#8781 = ORIENTED_EDGE('',*,*,#4234,.T.);
#8782 = ORIENTED_EDGE('',*,*,#8783,.T.);
#8783 = EDGE_CURVE('',#4207,#8737,#8784,.T.);
#8784 = SURFACE_CURVE('',#8785,(#8789,#8796),.PCURVE_S1.);
#8785 = LINE('',#8786,#8787);
#8786 = CARTESIAN_POINT('',(-2.149002075195,0.416997909546,
    3.779999732971));
#8787 = VECTOR('',#8788,1.);
#8788 = DIRECTION('',(0.,2.240166424227E-03,0.999997490824));
#8789 = PCURVE('',#4248,#8790);
#8790 = DEFINITIONAL_REPRESENTATION('',(#8791),#8795);
#8791 = LINE('',#8792,#8793);
#8792 = CARTESIAN_POINT('',(0.137057993493,-0.361777728719));
#8793 = VECTOR('',#8794,1.);
#8794 = DIRECTION('',(2.229247505513E-03,0.999997515225));
#8795 = ( GEOMETRIC_REPRESENTATION_CONTEXT(2) 
PARAMETRIC_REPRESENTATION_CONTEXT() REPRESENTATION_CONTEXT('2D SPACE',''
  ) );
#8796 = PCURVE('',#8797,#8802);
#8797 = PLANE('',#8798);
#8798 = AXIS2_PLACEMENT_3D('',#8799,#8800,#8801);
#8799 = CARTESIAN_POINT('',(-2.106960527007,0.549870134584,
    4.312363803029));
#8800 = DIRECTION('',(0.952625181185,-0.304146017479,6.81339406021E-04)
  );
#8801 = DIRECTION('',(0.304146088075,0.952625402301,6.418412510806E-17)
  );
#8802 = DEFINITIONAL_REPRESENTATION('',(#8803),#8807);
#8803 = LINE('',#8804,#8805);
#8804 = CARTESIAN_POINT('',(-0.139364229249,-0.532364193626));
#8805 = VECTOR('',#8806,1.);
#8806 = DIRECTION('',(2.1340394411E-03,0.999997722935));
#8807 = ( GEOMETRIC_REPRESENTATION_CONTEXT(2) 
PARAMETRIC_REPRESENTATION_CONTEXT() REPRESENTATION_CONTEXT('2D SPACE',''
  ) );
#8808 = ADVANCED_FACE('',(#8809),#4222,.T.);
#8809 = FACE_BOUND('',#8810,.T.);
#8810 = EDGE_LOOP('',(#8811,#8834,#8835,#8858));
#8811 = ORIENTED_EDGE('',*,*,#8812,.F.);
#8812 = EDGE_CURVE('',#4207,#8813,#8815,.T.);
#8813 = VERTEX_POINT('',#8814);
#8814 = CARTESIAN_POINT('',(-2.085105159291,0.618072295889,4.2));
#8815 = SURFACE_CURVE('',#8816,(#8820,#8827),.PCURVE_S1.);
#8816 = LINE('',#8817,#8818);
#8817 = CARTESIAN_POINT('',(-2.149002075195,0.416997909546,
    3.779999732971));
#8818 = VECTOR('',#8819,1.);
#8819 = DIRECTION('',(0.135946592711,0.427804336373,0.893589376454));
#8820 = PCURVE('',#4222,#8821);
#8821 = DEFINITIONAL_REPRESENTATION('',(#8822),#8826);
#8822 = LINE('',#8823,#8824);
#8823 = CARTESIAN_POINT('',(-0.31020415988,-0.361342390487));
#8824 = VECTOR('',#8825,1.);
#8825 = DIRECTION('',(0.448885315297,0.893589376454));
#8826 = ( GEOMETRIC_REPRESENTATION_CONTEXT(2) 
PARAMETRIC_REPRESENTATION_CONTEXT() REPRESENTATION_CONTEXT('2D SPACE',''
  ) );
#8827 = PCURVE('',#8797,#8828);
#8828 = DEFINITIONAL_REPRESENTATION('',(#8829),#8833);
#8829 = LINE('',#8830,#8831);
#8830 = CARTESIAN_POINT('',(-0.139364229249,-0.532364193626));
#8831 = VECTOR('',#8832,1.);
#8832 = DIRECTION('',(0.448884902403,0.893589583866));
#8833 = ( GEOMETRIC_REPRESENTATION_CONTEXT(2) 
PARAMETRIC_REPRESENTATION_CONTEXT() REPRESENTATION_CONTEXT('2D SPACE',''
  ) );
#8834 = ORIENTED_EDGE('',*,*,#4206,.T.);
#8835 = ORIENTED_EDGE('',*,*,#8836,.T.);
#8836 = EDGE_CURVE('',#4179,#8837,#8839,.T.);
#8837 = VERTEX_POINT('',#8838);
#8838 = CARTESIAN_POINT('',(-2.012992858887,0.844999313354,4.2));
#8839 = SURFACE_CURVE('',#8840,(#8844,#8851),.PCURVE_S1.);
#8840 = LINE('',#8841,#8842);
#8841 = CARTESIAN_POINT('',(-2.012992858887,0.844999313354,
    3.779999732971));
#8842 = VECTOR('',#8843,1.);
#8843 = DIRECTION('',(0.,0.,1.));
#8844 = PCURVE('',#4222,#8845);
#8845 = DEFINITIONAL_REPRESENTATION('',(#8846),#8850);
#8846 = LINE('',#8847,#8848);
#8847 = CARTESIAN_POINT('',(0.138887933774,-0.361342390487));
#8848 = VECTOR('',#8849,1.);
#8849 = DIRECTION('',(0.,1.));
#8850 = ( GEOMETRIC_REPRESENTATION_CONTEXT(2) 
PARAMETRIC_REPRESENTATION_CONTEXT() REPRESENTATION_CONTEXT('2D SPACE',''
  ) );
#8851 = PCURVE('',#4194,#8852);
#8852 = DEFINITIONAL_REPRESENTATION('',(#8853),#8857);
#8853 = LINE('',#8854,#8855);
#8854 = CARTESIAN_POINT('',(-0.31096617129,-0.36117788558));
#8855 = VECTOR('',#8856,1.);
#8856 = DIRECTION('',(0.,1.));
#8857 = ( GEOMETRIC_REPRESENTATION_CONTEXT(2) 
PARAMETRIC_REPRESENTATION_CONTEXT() REPRESENTATION_CONTEXT('2D SPACE',''
  ) );
#8858 = ORIENTED_EDGE('',*,*,#8859,.T.);
#8859 = EDGE_CURVE('',#8837,#8813,#8860,.T.);
#8860 = SURFACE_CURVE('',#8861,(#8865,#8872),.PCURVE_S1.);
#8861 = LINE('',#8862,#8863);
#8862 = CARTESIAN_POINT('',(-2.063654410887,0.685574709907,4.2));
#8863 = VECTOR('',#8864,1.);
#8864 = DIRECTION('',(-0.302853731407,-0.953037049318,0.));
#8865 = PCURVE('',#4222,#8866);
#8866 = DEFINITIONAL_REPRESENTATION('',(#8867),#8871);
#8867 = LINE('',#8868,#8869);
#8868 = CARTESIAN_POINT('',(-2.839265994572E-02,5.8657876542E-02));
#8869 = VECTOR('',#8870,1.);
#8870 = DIRECTION('',(-1.,0.));
#8871 = ( GEOMETRIC_REPRESENTATION_CONTEXT(2) 
PARAMETRIC_REPRESENTATION_CONTEXT() REPRESENTATION_CONTEXT('2D SPACE',''
  ) );
#8872 = PCURVE('',#6184,#8873);
#8873 = DEFINITIONAL_REPRESENTATION('',(#8874),#8878);
#8874 = LINE('',#8875,#8876);
#8875 = CARTESIAN_POINT('',(-2.063654410887,0.685574709907));
#8876 = VECTOR('',#8877,1.);
#8877 = DIRECTION('',(-0.302853731407,-0.953037049318));
#8878 = ( GEOMETRIC_REPRESENTATION_CONTEXT(2) 
PARAMETRIC_REPRESENTATION_CONTEXT() REPRESENTATION_CONTEXT('2D SPACE',''
  ) );
#8879 = ADVANCED_FACE('',(#8880),#4194,.T.);
#8880 = FACE_BOUND('',#8881,.T.);
#8881 = EDGE_LOOP('',(#8882,#8883,#8906,#8927));
#8882 = ORIENTED_EDGE('',*,*,#4178,.F.);
#8883 = ORIENTED_EDGE('',*,*,#8884,.F.);
#8884 = EDGE_CURVE('',#8885,#3989,#8887,.T.);
#8885 = VERTEX_POINT('',#8886);
#8886 = CARTESIAN_POINT('',(-1.794998168945,1.239000320435,4.2));
#8887 = SURFACE_CURVE('',#8888,(#8892,#8899),.PCURVE_S1.);
#8888 = LINE('',#8889,#8890);
#8889 = CARTESIAN_POINT('',(-1.794998168945,1.239000320435,
    4.674000740051));
#8890 = VECTOR('',#8891,1.);
#8891 = DIRECTION('',(0.,0.,-1.));
#8892 = PCURVE('',#4194,#8893);
#8893 = DEFINITIONAL_REPRESENTATION('',(#8894),#8898);
#8894 = LINE('',#8895,#8896);
#8895 = CARTESIAN_POINT('',(0.13932093537,0.5328231215));
#8896 = VECTOR('',#8897,1.);
#8897 = DIRECTION('',(0.,-1.));
#8898 = ( GEOMETRIC_REPRESENTATION_CONTEXT(2) 
PARAMETRIC_REPRESENTATION_CONTEXT() REPRESENTATION_CONTEXT('2D SPACE',''
  ) );
#8899 = PCURVE('',#8600,#8900);
#8900 = DEFINITIONAL_REPRESENTATION('',(#8901),#8905);
#8901 = LINE('',#8902,#8903);
#8902 = CARTESIAN_POINT('',(-0.140682363785,0.360663203563));
#8903 = VECTOR('',#8904,1.);
#8904 = DIRECTION('',(0.,-1.));
#8905 = ( GEOMETRIC_REPRESENTATION_CONTEXT(2) 
PARAMETRIC_REPRESENTATION_CONTEXT() REPRESENTATION_CONTEXT('2D SPACE',''
  ) );
#8906 = ORIENTED_EDGE('',*,*,#8907,.T.);
#8907 = EDGE_CURVE('',#8885,#8837,#8908,.T.);
#8908 = SURFACE_CURVE('',#8909,(#8913,#8920),.PCURVE_S1.);
#8909 = LINE('',#8910,#8911);
#8910 = CARTESIAN_POINT('',(-1.880795638334,1.083930995796,4.2));
#8911 = VECTOR('',#8912,1.);
#8912 = DIRECTION('',(-0.484123766188,-0.874999530864,0.));
#8913 = PCURVE('',#4194,#8914);
#8914 = DEFINITIONAL_REPRESENTATION('',(#8915),#8919);
#8915 = LINE('',#8916,#8917);
#8916 = CARTESIAN_POINT('',(-3.790124495081E-02,5.8822381449E-02));
#8917 = VECTOR('',#8918,1.);
#8918 = DIRECTION('',(-1.,0.));
#8919 = ( GEOMETRIC_REPRESENTATION_CONTEXT(2) 
PARAMETRIC_REPRESENTATION_CONTEXT() REPRESENTATION_CONTEXT('2D SPACE',''
  ) );
#8920 = PCURVE('',#6184,#8921);
#8921 = DEFINITIONAL_REPRESENTATION('',(#8922),#8926);
#8922 = LINE('',#8923,#8924);
#8923 = CARTESIAN_POINT('',(-1.880795638334,1.083930995796));
#8924 = VECTOR('',#8925,1.);
#8925 = DIRECTION('',(-0.484123766188,-0.874999530864));
#8926 = ( GEOMETRIC_REPRESENTATION_CONTEXT(2) 
PARAMETRIC_REPRESENTATION_CONTEXT() REPRESENTATION_CONTEXT('2D SPACE',''
  ) );
#8927 = ORIENTED_EDGE('',*,*,#8836,.F.);
#8928 = ADVANCED_FACE('',(#8929),#4143,.T.);
#8929 = FACE_BOUND('',#8930,.T.);
#8930 = EDGE_LOOP('',(#8931,#8959,#8960,#8988));
#8931 = ORIENTED_EDGE('',*,*,#8932,.F.);
#8932 = EDGE_CURVE('',#4128,#8933,#8935,.T.);
#8933 = VERTEX_POINT('',#8934);
#8934 = CARTESIAN_POINT('',(-1.639119586118,-1.474449570306,4.2));
#8935 = SURFACE_CURVE('',#8936,(#8940,#8947),.PCURVE_S1.);
#8936 = LINE('',#8937,#8938);
#8937 = CARTESIAN_POINT('',(-1.500999450684,-1.637001037598,
    3.779999732971));
#8938 = VECTOR('',#8939,1.);
#8939 = DIRECTION('',(-0.29320945913,0.345073711778,0.891601001859));
#8940 = PCURVE('',#4143,#8941);
#8941 = DEFINITIONAL_REPRESENTATION('',(#8942),#8946);
#8942 = LINE('',#8943,#8944);
#8943 = CARTESIAN_POINT('',(-0.312976802333,-0.360897266468));
#8944 = VECTOR('',#8945,1.);
#8945 = DIRECTION('',(0.452820022485,0.891601944388));
#8946 = ( GEOMETRIC_REPRESENTATION_CONTEXT(2) 
PARAMETRIC_REPRESENTATION_CONTEXT() REPRESENTATION_CONTEXT('2D SPACE',''
  ) );
#8947 = PCURVE('',#8948,#8953);
#8948 = PLANE('',#8949);
#8949 = AXIS2_PLACEMENT_3D('',#8950,#8951,#8952);
#8950 = CARTESIAN_POINT('',(-1.592093888829,-1.529793391615,
    4.313337735319));
#8951 = DIRECTION('',(0.762051765387,0.647516105492,0.));
#8952 = DIRECTION('',(-0.647516105492,0.762051765387,0.));
#8953 = DEFINITIONAL_REPRESENTATION('',(#8954),#8958);
#8954 = LINE('',#8955,#8956);
#8955 = CARTESIAN_POINT('',(-0.140682891704,-0.533338002348));
#8956 = VECTOR('',#8957,1.);
#8957 = DIRECTION('',(0.452821878318,0.891601001859));
#8958 = ( GEOMETRIC_REPRESENTATION_CONTEXT(2) 
PARAMETRIC_REPRESENTATION_CONTEXT() REPRESENTATION_CONTEXT('2D SPACE',''
  ) );
#8959 = ORIENTED_EDGE('',*,*,#4127,.F.);
#8960 = ORIENTED_EDGE('',*,*,#8961,.F.);
#8961 = EDGE_CURVE('',#8962,#4100,#8964,.T.);
#8962 = VERTEX_POINT('',#8963);
#8963 = CARTESIAN_POINT('',(-1.794998168945,-1.29205929079,4.2));
#8964 = SURFACE_CURVE('',#8965,(#8969,#8976),.PCURVE_S1.);
#8965 = LINE('',#8966,#8967);
#8966 = CARTESIAN_POINT('',(-1.794998168945,-1.290998458862,
    4.674000740051));
#8967 = VECTOR('',#8968,1.);
#8968 = DIRECTION('',(0.,-2.238032943086E-03,-0.999997495601));
#8969 = PCURVE('',#4143,#8970);
#8970 = DEFINITIONAL_REPRESENTATION('',(#8971),#8975);
#8971 = LINE('',#8972,#8973);
#8972 = CARTESIAN_POINT('',(0.14106211786,0.533104685678));
#8973 = VECTOR('',#8974,1.);
#8974 = DIRECTION('',(-1.701341022995E-03,-0.999998552718));
#8975 = ( GEOMETRIC_REPRESENTATION_CONTEXT(2) 
PARAMETRIC_REPRESENTATION_CONTEXT() REPRESENTATION_CONTEXT('2D SPACE',''
  ) );
#8976 = PCURVE('',#8977,#8982);
#8977 = PLANE('',#8978);
#8978 = AXIS2_PLACEMENT_3D('',#8979,#8980,#8981);
#8979 = CARTESIAN_POINT('',(-1.862460614682,-1.169876623274,
    4.312793672346));
#8980 = DIRECTION('',(0.874998024474,0.484125276364,-1.083491030576E-03)
  );
#8981 = DIRECTION('',(-0.484125560534,0.874998538077,2.479959759233E-17)
  );
#8982 = DEFINITIONAL_REPRESENTATION('',(#8983),#8987);
#8983 = LINE('',#8984,#8985);
#8984 = CARTESIAN_POINT('',(-0.138641723426,0.361207279725));
#8985 = VECTOR('',#8986,1.);
#8986 = DIRECTION('',(-1.958275553369E-03,-0.999998082577));
#8987 = ( GEOMETRIC_REPRESENTATION_CONTEXT(2) 
PARAMETRIC_REPRESENTATION_CONTEXT() REPRESENTATION_CONTEXT('2D SPACE',''
  ) );
#8988 = ORIENTED_EDGE('',*,*,#8989,.T.);
#8989 = EDGE_CURVE('',#8962,#8933,#8990,.T.);
#8990 = SURFACE_CURVE('',#8991,(#8995,#9002),.PCURVE_S1.);
#8991 = LINE('',#8992,#8993);
#8992 = CARTESIAN_POINT('',(-1.689669384509,-1.415302305231,4.2));
#8993 = VECTOR('',#8994,1.);
#8994 = DIRECTION('',(0.649695201006,-0.760194807789,0.));
#8995 = PCURVE('',#4143,#8996);
#8996 = DEFINITIONAL_REPRESENTATION('',(#8997),#9001);
#8997 = LINE('',#8998,#8999);
#8998 = CARTESIAN_POINT('',(-2.186462651428E-02,5.910344455136E-02));
#8999 = VECTOR('',#9000,1.);
#9000 = DIRECTION('',(-1.,-5.950765571109E-16));
#9001 = ( GEOMETRIC_REPRESENTATION_CONTEXT(2) 
PARAMETRIC_REPRESENTATION_CONTEXT() REPRESENTATION_CONTEXT('2D SPACE',''
  ) );
#9002 = PCURVE('',#6184,#9003);
#9003 = DEFINITIONAL_REPRESENTATION('',(#9004),#9008);
#9004 = LINE('',#9005,#9006);
#9005 = CARTESIAN_POINT('',(-1.689669384509,-1.415302305231));
#9006 = VECTOR('',#9007,1.);
#9007 = DIRECTION('',(0.649695201006,-0.760194807789));
#9008 = ( GEOMETRIC_REPRESENTATION_CONTEXT(2) 
PARAMETRIC_REPRESENTATION_CONTEXT() REPRESENTATION_CONTEXT('2D SPACE',''
  ) );
#9009 = ADVANCED_FACE('',(#9010),#4115,.T.);
#9010 = FACE_BOUND('',#9011,.T.);
#9011 = EDGE_LOOP('',(#9012,#9035,#9036,#9064));
#9012 = ORIENTED_EDGE('',*,*,#9013,.F.);
#9013 = EDGE_CURVE('',#4100,#9014,#9016,.T.);
#9014 = VERTEX_POINT('',#9015);
#9015 = CARTESIAN_POINT('',(-1.897411731414,-1.106959133424,4.2));
#9016 = SURFACE_CURVE('',#9017,(#9021,#9028),.PCURVE_S1.);
#9017 = LINE('',#9018,#9019);
#9018 = CARTESIAN_POINT('',(-1.794998168945,-1.292999267578,
    3.779999732971));
#9019 = VECTOR('',#9020,1.);
#9020 = DIRECTION('',(-0.217606021346,0.395293869561,0.892407068642));
#9021 = PCURVE('',#4115,#9022);
#9022 = DEFINITIONAL_REPRESENTATION('',(#9023),#9027);
#9023 = LINE('',#9024,#9025);
#9024 = CARTESIAN_POINT('',(-0.311643297146,-0.361207537239));
#9025 = VECTOR('',#9026,1.);
#9026 = DIRECTION('',(0.451230193053,0.892407593467));
#9027 = ( GEOMETRIC_REPRESENTATION_CONTEXT(2) 
PARAMETRIC_REPRESENTATION_CONTEXT() REPRESENTATION_CONTEXT('2D SPACE',''
  ) );
#9028 = PCURVE('',#8977,#9029);
#9029 = DEFINITIONAL_REPRESENTATION('',(#9030),#9034);
#9030 = LINE('',#9031,#9032);
#9031 = CARTESIAN_POINT('',(-0.140392428128,-0.532794252113));
#9032 = VECTOR('',#9033,1.);
#9033 = DIRECTION('',(0.451230195036,0.892407592464));
#9034 = ( GEOMETRIC_REPRESENTATION_CONTEXT(2) 
PARAMETRIC_REPRESENTATION_CONTEXT() REPRESENTATION_CONTEXT('2D SPACE',''
  ) );
#9035 = ORIENTED_EDGE('',*,*,#4099,.F.);
#9036 = ORIENTED_EDGE('',*,*,#9037,.T.);
#9037 = EDGE_CURVE('',#4072,#9038,#9040,.T.);
#9038 = VERTEX_POINT('',#9039);
#9039 = CARTESIAN_POINT('',(-2.012992858887,-0.898061202338,4.2));
#9040 = SURFACE_CURVE('',#9041,(#9045,#9052),.PCURVE_S1.);
#9041 = LINE('',#9042,#9043);
#9042 = CARTESIAN_POINT('',(-2.012992858887,-0.899002075195,
    3.779999732971));
#9043 = VECTOR('',#9044,1.);
#9044 = DIRECTION('',(0.,2.240166424227E-03,0.999997490824));
#9045 = PCURVE('',#4115,#9046);
#9046 = DEFINITIONAL_REPRESENTATION('',(#9047),#9051);
#9047 = LINE('',#9048,#9049);
#9048 = CARTESIAN_POINT('',(0.138640471658,-0.361207537239));
#9049 = VECTOR('',#9050,1.);
#9050 = DIRECTION('',(1.960140122217E-03,0.999998078924));
#9051 = ( GEOMETRIC_REPRESENTATION_CONTEXT(2) 
PARAMETRIC_REPRESENTATION_CONTEXT() REPRESENTATION_CONTEXT('2D SPACE',''
  ) );
#9052 = PCURVE('',#9053,#9058);
#9053 = PLANE('',#9054);
#9054 = AXIS2_PLACEMENT_3D('',#9055,#9056,#9057);
#9055 = CARTESIAN_POINT('',(-2.055034436268,-0.766129168581,
    4.312364053893));
#9056 = DIRECTION('',(0.95262557574,0.304144781684,-6.813366376282E-04)
  );
#9057 = DIRECTION('',(-0.304144852279,0.952625796854,-4.67251727603E-16)
  );
#9058 = DEFINITIONAL_REPRESENTATION('',(#9059),#9063);
#9059 = LINE('',#9060,#9061);
#9060 = CARTESIAN_POINT('',(-0.139364887886,-0.532364444489));
#9061 = VECTOR('',#9062,1.);
#9062 = DIRECTION('',(2.134040324965E-03,0.999997722933));
#9063 = ( GEOMETRIC_REPRESENTATION_CONTEXT(2) 
PARAMETRIC_REPRESENTATION_CONTEXT() REPRESENTATION_CONTEXT('2D SPACE',''
  ) );
#9064 = ORIENTED_EDGE('',*,*,#9065,.T.);
#9065 = EDGE_CURVE('',#9038,#9014,#9066,.T.);
#9066 = SURFACE_CURVE('',#9067,(#9071,#9078),.PCURVE_S1.);
#9067 = LINE('',#9068,#9069);
#9068 = CARTESIAN_POINT('',(-1.933545794402,-1.041651490517,4.2));
#9069 = VECTOR('',#9070,1.);
#9070 = DIRECTION('',(0.484127354892,-0.87499754528,0.));
#9071 = PCURVE('',#4115,#9072);
#9072 = DEFINITIONAL_REPRESENTATION('',(#9073),#9077);
#9073 = LINE('',#9074,#9075);
#9074 = CARTESIAN_POINT('',(-2.463991376689E-02,5.879297679218E-02));
#9075 = VECTOR('',#9076,1.);
#9076 = DIRECTION('',(-1.,4.34910238296E-16));
#9077 = ( GEOMETRIC_REPRESENTATION_CONTEXT(2) 
PARAMETRIC_REPRESENTATION_CONTEXT() REPRESENTATION_CONTEXT('2D SPACE',''
  ) );
#9078 = PCURVE('',#6184,#9079);
#9079 = DEFINITIONAL_REPRESENTATION('',(#9080),#9084);
#9080 = LINE('',#9081,#9082);
#9081 = CARTESIAN_POINT('',(-1.933545794402,-1.041651490517));
#9082 = VECTOR('',#9083,1.);
#9083 = DIRECTION('',(0.484127354892,-0.87499754528));
#9084 = ( GEOMETRIC_REPRESENTATION_CONTEXT(2) 
PARAMETRIC_REPRESENTATION_CONTEXT() REPRESENTATION_CONTEXT('2D SPACE',''
  ) );
#9085 = ADVANCED_FACE('',(#9086),#4087,.T.);
#9086 = FACE_BOUND('',#9087,.T.);
#9087 = EDGE_LOOP('',(#9088,#9111,#9112,#9113));
#9088 = ORIENTED_EDGE('',*,*,#9089,.F.);
#9089 = EDGE_CURVE('',#4072,#9090,#9092,.T.);
#9090 = VERTEX_POINT('',#9091);
#9091 = CARTESIAN_POINT('',(-2.076889774792,-0.697926792783,4.2));
#9092 = SURFACE_CURVE('',#9093,(#9097,#9104),.PCURVE_S1.);
#9093 = LINE('',#9094,#9095);
#9094 = CARTESIAN_POINT('',(-2.012992858887,-0.899002075195,
    3.779999732971));
#9095 = VECTOR('',#9096,1.);
#9096 = DIRECTION('',(-0.135946481834,0.427805893926,0.893588647645));
#9097 = PCURVE('',#4087,#9098);
#9098 = DEFINITIONAL_REPRESENTATION('',(#9099),#9103);
#9099 = LINE('',#9100,#9101);
#9100 = CARTESIAN_POINT('',(-0.310205319217,-0.361342140037));
#9101 = VECTOR('',#9102,1.);
#9102 = DIRECTION('',(0.448886766123,0.893588647645));
#9103 = ( GEOMETRIC_REPRESENTATION_CONTEXT(2) 
PARAMETRIC_REPRESENTATION_CONTEXT() REPRESENTATION_CONTEXT('2D SPACE',''
  ) );
#9104 = PCURVE('',#9053,#9105);
#9105 = DEFINITIONAL_REPRESENTATION('',(#9106),#9110);
#9106 = LINE('',#9107,#9108);
#9107 = CARTESIAN_POINT('',(-0.139364887886,-0.532364444489));
#9108 = VECTOR('',#9109,1.);
#9109 = DIRECTION('',(0.448886353235,0.893588855055));
#9110 = ( GEOMETRIC_REPRESENTATION_CONTEXT(2) 
PARAMETRIC_REPRESENTATION_CONTEXT() REPRESENTATION_CONTEXT('2D SPACE',''
  ) );
#9111 = ORIENTED_EDGE('',*,*,#4071,.F.);
#9112 = ORIENTED_EDGE('',*,*,#8711,.F.);
#9113 = ORIENTED_EDGE('',*,*,#9114,.T.);
#9114 = EDGE_CURVE('',#8689,#9090,#9115,.T.);
#9115 = SURFACE_CURVE('',#9116,(#9120,#9127),.PCURVE_S1.);
#9116 = LINE('',#9117,#9118);
#9117 = CARTESIAN_POINT('',(-2.097389981581,-0.633415308758,4.2));
#9118 = VECTOR('',#9119,1.);
#9119 = DIRECTION('',(0.302852505561,-0.953037438863,0.));
#9120 = PCURVE('',#4087,#9121);
#9121 = DEFINITIONAL_REPRESENTATION('',(#9122),#9126);
#9122 = LINE('',#9123,#9124);
#9123 = CARTESIAN_POINT('',(-3.15313074654E-02,5.8658126992E-02));
#9124 = VECTOR('',#9125,1.);
#9125 = DIRECTION('',(-1.,0.));
#9126 = ( GEOMETRIC_REPRESENTATION_CONTEXT(2) 
PARAMETRIC_REPRESENTATION_CONTEXT() REPRESENTATION_CONTEXT('2D SPACE',''
  ) );
#9127 = PCURVE('',#6184,#9128);
#9128 = DEFINITIONAL_REPRESENTATION('',(#9129),#9133);
#9129 = LINE('',#9130,#9131);
#9130 = CARTESIAN_POINT('',(-2.097389981581,-0.633415308758));
#9131 = VECTOR('',#9132,1.);
#9132 = DIRECTION('',(0.302852505561,-0.953037438863));
#9133 = ( GEOMETRIC_REPRESENTATION_CONTEXT(2) 
PARAMETRIC_REPRESENTATION_CONTEXT() REPRESENTATION_CONTEXT('2D SPACE',''
  ) );
#9134 = ADVANCED_FACE('',(#9135),#4279,.T.);
#9135 = FACE_BOUND('',#9136,.T.);
#9136 = EDGE_LOOP('',(#9137,#9165,#9166,#9189));
#9137 = ORIENTED_EDGE('',*,*,#9138,.F.);
#9138 = EDGE_CURVE('',#4264,#9139,#9141,.T.);
#9139 = VERTEX_POINT('',#9140);
#9140 = CARTESIAN_POINT('',(-1.309472621043,-1.788936989099,4.2));
#9141 = SURFACE_CURVE('',#9142,(#9146,#9153),.PCURVE_S1.);
#9142 = LINE('',#9143,#9144);
#9143 = CARTESIAN_POINT('',(-1.142997741699,-1.920999526978,
    3.787999153137));
#9144 = VECTOR('',#9145,1.);
#9145 = DIRECTION('',(-0.359113236751,0.284880251111,0.88875245469));
#9146 = PCURVE('',#4279,#9147);
#9147 = DEFINITIONAL_REPRESENTATION('',(#9148),#9152);
#9148 = LINE('',#9149,#9150);
#9149 = CARTESIAN_POINT('',(0.315481803271,0.354467070997));
#9150 = VECTOR('',#9151,1.);
#9151 = DIRECTION('',(-0.458387471778,-0.88875245469));
#9152 = ( GEOMETRIC_REPRESENTATION_CONTEXT(2) 
PARAMETRIC_REPRESENTATION_CONTEXT() REPRESENTATION_CONTEXT('2D SPACE',''
  ) );
#9153 = PCURVE('',#9154,#9159);
#9154 = PLANE('',#9155);
#9155 = AXIS2_PLACEMENT_3D('',#9156,#9157,#9158);
#9156 = CARTESIAN_POINT('',(-1.254183319338,-1.832224471197,
    4.317327453589));
#9157 = DIRECTION('',(0.61878940245,0.785554925142,-1.770593314871E-03)
  );
#9158 = DIRECTION('',(0.785556156503,-0.618790372405,1.487715853935E-15)
  );
#9159 = DEFINITIONAL_REPRESENTATION('',(#9160),#9164);
#9160 = LINE('',#9161,#9162);
#9161 = CARTESIAN_POINT('',(0.142275664856,0.529329130176));
#9162 = VECTOR('',#9163,1.);
#9163 = DIRECTION('',(-0.458384770687,-0.888753847813));
#9164 = ( GEOMETRIC_REPRESENTATION_CONTEXT(2) 
PARAMETRIC_REPRESENTATION_CONTEXT() REPRESENTATION_CONTEXT('2D SPACE',''
  ) );
#9165 = ORIENTED_EDGE('',*,*,#4263,.T.);
#9166 = ORIENTED_EDGE('',*,*,#9167,.T.);
#9167 = EDGE_CURVE('',#4128,#9168,#9170,.T.);
#9168 = VERTEX_POINT('',#9169);
#9169 = CARTESIAN_POINT('',(-1.500999450684,-1.637001037598,4.2));
#9170 = SURFACE_CURVE('',#9171,(#9175,#9182),.PCURVE_S1.);
#9171 = LINE('',#9172,#9173);
#9172 = CARTESIAN_POINT('',(-1.500999450684,-1.637001037598,
    3.779999732971));
#9173 = VECTOR('',#9174,1.);
#9174 = DIRECTION('',(0.,0.,1.));
#9175 = PCURVE('',#4279,#9176);
#9176 = DEFINITIONAL_REPRESENTATION('',(#9177),#9181);
#9177 = LINE('',#9178,#9179);
#9178 = CARTESIAN_POINT('',(-0.141486866997,0.362466491163));
#9179 = VECTOR('',#9180,1.);
#9180 = DIRECTION('',(0.,-1.));
#9181 = ( GEOMETRIC_REPRESENTATION_CONTEXT(2) 
PARAMETRIC_REPRESENTATION_CONTEXT() REPRESENTATION_CONTEXT('2D SPACE',''
  ) );
#9182 = PCURVE('',#8948,#9183);
#9183 = DEFINITIONAL_REPRESENTATION('',(#9184),#9188);
#9184 = LINE('',#9185,#9186);
#9185 = CARTESIAN_POINT('',(-0.140682891704,-0.533338002348));
#9186 = VECTOR('',#9187,1.);
#9187 = DIRECTION('',(0.,1.));
#9188 = ( GEOMETRIC_REPRESENTATION_CONTEXT(2) 
PARAMETRIC_REPRESENTATION_CONTEXT() REPRESENTATION_CONTEXT('2D SPACE',''
  ) );
#9189 = ORIENTED_EDGE('',*,*,#9190,.T.);
#9190 = EDGE_CURVE('',#9168,#9139,#9191,.T.);
#9191 = SURFACE_CURVE('',#9192,(#9196,#9203),.PCURVE_S1.);
#9192 = LINE('',#9193,#9194);
#9193 = CARTESIAN_POINT('',(-1.383469066741,-1.730236490553,4.2));
#9194 = VECTOR('',#9195,1.);
#9195 = DIRECTION('',(0.783427250658,-0.621483501733,0.));
#9196 = PCURVE('',#4279,#9197);
#9197 = DEFINITIONAL_REPRESENTATION('',(#9198),#9202);
#9198 = LINE('',#9199,#9200);
#9199 = CARTESIAN_POINT('',(8.533934352471E-03,-5.7533775866E-02));
#9200 = VECTOR('',#9201,1.);
#9201 = DIRECTION('',(1.,0.));
#9202 = ( GEOMETRIC_REPRESENTATION_CONTEXT(2) 
PARAMETRIC_REPRESENTATION_CONTEXT() REPRESENTATION_CONTEXT('2D SPACE',''
  ) );
#9203 = PCURVE('',#6184,#9204);
#9204 = DEFINITIONAL_REPRESENTATION('',(#9205),#9209);
#9205 = LINE('',#9206,#9207);
#9206 = CARTESIAN_POINT('',(-1.383469066741,-1.730236490553));
#9207 = VECTOR('',#9208,1.);
#9208 = DIRECTION('',(0.783427250658,-0.621483501733));
#9209 = ( GEOMETRIC_REPRESENTATION_CONTEXT(2) 
PARAMETRIC_REPRESENTATION_CONTEXT() REPRESENTATION_CONTEXT('2D SPACE',''
  ) );
#9210 = ADVANCED_FACE('',(#9211),#4425,.F.);
#9211 = FACE_BOUND('',#9212,.F.);
#9212 = EDGE_LOOP('',(#9213,#9236,#9237,#9238));
#9213 = ORIENTED_EDGE('',*,*,#9214,.F.);
#9214 = EDGE_CURVE('',#4701,#9215,#9217,.T.);
#9215 = VERTEX_POINT('',#9216);
#9216 = CARTESIAN_POINT('',(-4.4782,-5.415800104523,8.1));
#9217 = SURFACE_CURVE('',#9218,(#9222,#9229),.PCURVE_S1.);
#9218 = LINE('',#9219,#9220);
#9219 = CARTESIAN_POINT('',(-5.2082,-5.415800104523,8.1));
#9220 = VECTOR('',#9221,1.);
#9221 = DIRECTION('',(1.,0.,-0.));
#9222 = PCURVE('',#4425,#9223);
#9223 = DEFINITIONAL_REPRESENTATION('',(#9224),#9228);
#9224 = LINE('',#9225,#9226);
#9225 = CARTESIAN_POINT('',(0.,0.));
#9226 = VECTOR('',#9227,1.);
#9227 = DIRECTION('',(0.,1.));
#9228 = ( GEOMETRIC_REPRESENTATION_CONTEXT(2) 
PARAMETRIC_REPRESENTATION_CONTEXT() REPRESENTATION_CONTEXT('2D SPACE',''
  ) );
#9229 = PCURVE('',#4737,#9230);
#9230 = DEFINITIONAL_REPRESENTATION('',(#9231),#9235);
#9231 = LINE('',#9232,#9233);
#9232 = CARTESIAN_POINT('',(0.,1.4));
#9233 = VECTOR('',#9234,1.);
#9234 = DIRECTION('',(1.,0.));
#9235 = ( GEOMETRIC_REPRESENTATION_CONTEXT(2) 
PARAMETRIC_REPRESENTATION_CONTEXT() REPRESENTATION_CONTEXT('2D SPACE',''
  ) );
#9236 = ORIENTED_EDGE('',*,*,#4700,.T.);
#9237 = ORIENTED_EDGE('',*,*,#4409,.F.);
#9238 = ORIENTED_EDGE('',*,*,#9239,.F.);
#9239 = EDGE_CURVE('',#9215,#4410,#9240,.T.);
#9240 = SURFACE_CURVE('',#9241,(#9245,#9252),.PCURVE_S1.);
#9241 = LINE('',#9242,#9243);
#9242 = CARTESIAN_POINT('',(-4.4782,-5.415800104523,7.25));
#9243 = VECTOR('',#9244,1.);
#9244 = DIRECTION('',(0.,0.,1.));
#9245 = PCURVE('',#4425,#9246);
#9246 = DEFINITIONAL_REPRESENTATION('',(#9247),#9251);
#9247 = LINE('',#9248,#9249);
#9248 = CARTESIAN_POINT('',(-0.85,0.73));
#9249 = VECTOR('',#9250,1.);
#9250 = DIRECTION('',(1.,0.));
#9251 = ( GEOMETRIC_REPRESENTATION_CONTEXT(2) 
PARAMETRIC_REPRESENTATION_CONTEXT() REPRESENTATION_CONTEXT('2D SPACE',''
  ) );
#9252 = PCURVE('',#4453,#9253);
#9253 = DEFINITIONAL_REPRESENTATION('',(#9254),#9258);
#9254 = LINE('',#9255,#9256);
#9255 = CARTESIAN_POINT('',(0.85,-8.919999895477));
#9256 = VECTOR('',#9257,1.);
#9257 = DIRECTION('',(1.,0.));
#9258 = ( GEOMETRIC_REPRESENTATION_CONTEXT(2) 
PARAMETRIC_REPRESENTATION_CONTEXT() REPRESENTATION_CONTEXT('2D SPACE',''
  ) );
#9259 = ADVANCED_FACE('',(#9260),#4453,.T.);
#9260 = FACE_BOUND('',#9261,.T.);
#9261 = EDGE_LOOP('',(#9262,#9283,#9284,#9285,#9286,#9287,#9308,#9309,
    #9310,#9311,#9334,#9355));
#9262 = ORIENTED_EDGE('',*,*,#9263,.F.);
#9263 = EDGE_CURVE('',#5169,#5418,#9264,.T.);
#9264 = SURFACE_CURVE('',#9265,(#9269,#9276),.PCURVE_S1.);
#9265 = LINE('',#9266,#9267);
#9266 = CARTESIAN_POINT('',(-4.4782,-11.7158,5.7));
#9267 = VECTOR('',#9268,1.);
#9268 = DIRECTION('',(0.,0.,1.));
#9269 = PCURVE('',#4453,#9270);
#9270 = DEFINITIONAL_REPRESENTATION('',(#9271),#9275);
#9271 = LINE('',#9272,#9273);
#9272 = CARTESIAN_POINT('',(-0.7,-2.62));
#9273 = VECTOR('',#9274,1.);
#9274 = DIRECTION('',(1.,0.));
#9275 = ( GEOMETRIC_REPRESENTATION_CONTEXT(2) 
PARAMETRIC_REPRESENTATION_CONTEXT() REPRESENTATION_CONTEXT('2D SPACE',''
  ) );
#9276 = PCURVE('',#5207,#9277);
#9277 = DEFINITIONAL_REPRESENTATION('',(#9278),#9282);
#9278 = LINE('',#9279,#9280);
#9279 = CARTESIAN_POINT('',(0.7,1.E-02));
#9280 = VECTOR('',#9281,1.);
#9281 = DIRECTION('',(1.,0.));
#9282 = ( GEOMETRIC_REPRESENTATION_CONTEXT(2) 
PARAMETRIC_REPRESENTATION_CONTEXT() REPRESENTATION_CONTEXT('2D SPACE',''
  ) );
#9283 = ORIENTED_EDGE('',*,*,#5168,.T.);
#9284 = ORIENTED_EDGE('',*,*,#5073,.T.);
#9285 = ORIENTED_EDGE('',*,*,#4437,.F.);
#9286 = ORIENTED_EDGE('',*,*,#9239,.F.);
#9287 = ORIENTED_EDGE('',*,*,#9288,.T.);
#9288 = EDGE_CURVE('',#9215,#4655,#9289,.T.);
#9289 = SURFACE_CURVE('',#9290,(#9294,#9301),.PCURVE_S1.);
#9290 = LINE('',#9291,#9292);
#9291 = CARTESIAN_POINT('',(-4.4782,-5.415800104523,8.1));
#9292 = VECTOR('',#9293,1.);
#9293 = DIRECTION('',(0.,-1.,0.));
#9294 = PCURVE('',#4453,#9295);
#9295 = DEFINITIONAL_REPRESENTATION('',(#9296),#9300);
#9296 = LINE('',#9297,#9298);
#9297 = CARTESIAN_POINT('',(1.7,-8.919999895477));
#9298 = VECTOR('',#9299,1.);
#9299 = DIRECTION('',(0.,1.));
#9300 = ( GEOMETRIC_REPRESENTATION_CONTEXT(2) 
PARAMETRIC_REPRESENTATION_CONTEXT() REPRESENTATION_CONTEXT('2D SPACE',''
  ) );
#9301 = PCURVE('',#4737,#9302);
#9302 = DEFINITIONAL_REPRESENTATION('',(#9303),#9307);
#9303 = LINE('',#9304,#9305);
#9304 = CARTESIAN_POINT('',(0.73,1.4));
#9305 = VECTOR('',#9306,1.);
#9306 = DIRECTION('',(0.,-1.));
#9307 = ( GEOMETRIC_REPRESENTATION_CONTEXT(2) 
PARAMETRIC_REPRESENTATION_CONTEXT() REPRESENTATION_CONTEXT('2D SPACE',''
  ) );
#9308 = ORIENTED_EDGE('',*,*,#4652,.F.);
#9309 = ORIENTED_EDGE('',*,*,#4752,.T.);
#9310 = ORIENTED_EDGE('',*,*,#5494,.T.);
#9311 = ORIENTED_EDGE('',*,*,#9312,.T.);
#9312 = EDGE_CURVE('',#5495,#9313,#9315,.T.);
#9313 = VERTEX_POINT('',#9314);
#9314 = CARTESIAN_POINT('',(-4.4782,-6.815800104523,8.1));
#9315 = SURFACE_CURVE('',#9316,(#9320,#9327),.PCURVE_S1.);
#9316 = LINE('',#9317,#9318);
#9317 = CARTESIAN_POINT('',(-4.4782,-6.659950818939,8.1));
#9318 = VECTOR('',#9319,1.);
#9319 = DIRECTION('',(0.,-1.,0.));
#9320 = PCURVE('',#4453,#9321);
#9321 = DEFINITIONAL_REPRESENTATION('',(#9322),#9326);
#9322 = LINE('',#9323,#9324);
#9323 = CARTESIAN_POINT('',(1.7,-7.675849181061));
#9324 = VECTOR('',#9325,1.);
#9325 = DIRECTION('',(0.,1.));
#9326 = ( GEOMETRIC_REPRESENTATION_CONTEXT(2) 
PARAMETRIC_REPRESENTATION_CONTEXT() REPRESENTATION_CONTEXT('2D SPACE',''
  ) );
#9327 = PCURVE('',#5533,#9328);
#9328 = DEFINITIONAL_REPRESENTATION('',(#9329),#9333);
#9329 = LINE('',#9330,#9331);
#9330 = CARTESIAN_POINT('',(0.73,0.155849285584));
#9331 = VECTOR('',#9332,1.);
#9332 = DIRECTION('',(0.,-1.));
#9333 = ( GEOMETRIC_REPRESENTATION_CONTEXT(2) 
PARAMETRIC_REPRESENTATION_CONTEXT() REPRESENTATION_CONTEXT('2D SPACE',''
  ) );
#9334 = ORIENTED_EDGE('',*,*,#9335,.T.);
#9335 = EDGE_CURVE('',#9313,#5441,#9336,.T.);
#9336 = SURFACE_CURVE('',#9337,(#9341,#9348),.PCURVE_S1.);
#9337 = LINE('',#9338,#9339);
#9338 = CARTESIAN_POINT('',(-4.4782,-6.815800104523,7.25));
#9339 = VECTOR('',#9340,1.);
#9340 = DIRECTION('',(0.,0.,1.));
#9341 = PCURVE('',#4453,#9342);
#9342 = DEFINITIONAL_REPRESENTATION('',(#9343),#9347);
#9343 = LINE('',#9344,#9345);
#9344 = CARTESIAN_POINT('',(0.85,-7.519999895477));
#9345 = VECTOR('',#9346,1.);
#9346 = DIRECTION('',(1.,0.));
#9347 = ( GEOMETRIC_REPRESENTATION_CONTEXT(2) 
PARAMETRIC_REPRESENTATION_CONTEXT() REPRESENTATION_CONTEXT('2D SPACE',''
  ) );
#9348 = PCURVE('',#5477,#9349);
#9349 = DEFINITIONAL_REPRESENTATION('',(#9350),#9354);
#9350 = LINE('',#9351,#9352);
#9351 = CARTESIAN_POINT('',(-0.85,0.73));
#9352 = VECTOR('',#9353,1.);
#9353 = DIRECTION('',(1.,0.));
#9354 = ( GEOMETRIC_REPRESENTATION_CONTEXT(2) 
PARAMETRIC_REPRESENTATION_CONTEXT() REPRESENTATION_CONTEXT('2D SPACE',''
  ) );
#9355 = ORIENTED_EDGE('',*,*,#5440,.F.);
#9356 = ADVANCED_FACE('',(#9357),#4504,.T.);
#9357 = FACE_BOUND('',#9358,.T.);
#9358 = EDGE_LOOP('',(#9359,#9360,#9381));
#9359 = ORIENTED_EDGE('',*,*,#5095,.T.);
#9360 = ORIENTED_EDGE('',*,*,#9361,.T.);
#9361 = EDGE_CURVE('',#5096,#4489,#9362,.T.);
#9362 = SURFACE_CURVE('',#9363,(#9367,#9374),.PCURVE_S1.);
#9363 = LINE('',#9364,#9365);
#9364 = CARTESIAN_POINT('',(-4.2382,-0.7358,7.7));
#9365 = VECTOR('',#9366,1.);
#9366 = DIRECTION('',(0.,0.707106781187,0.707106781187));
#9367 = PCURVE('',#4504,#9368);
#9368 = DEFINITIONAL_REPRESENTATION('',(#9369),#9373);
#9369 = LINE('',#9370,#9371);
#9370 = CARTESIAN_POINT('',(0.,-10.76000020904));
#9371 = VECTOR('',#9372,1.);
#9372 = DIRECTION('',(0.707106781187,-0.707106781187));
#9373 = ( GEOMETRIC_REPRESENTATION_CONTEXT(2) 
PARAMETRIC_REPRESENTATION_CONTEXT() REPRESENTATION_CONTEXT('2D SPACE',''
  ) );
#9374 = PCURVE('',#4532,#9375);
#9375 = DEFINITIONAL_REPRESENTATION('',(#9376),#9380);
#9376 = LINE('',#9377,#9378);
#9377 = CARTESIAN_POINT('',(0.,0.));
#9378 = VECTOR('',#9379,1.);
#9379 = DIRECTION('',(1.,0.));
#9380 = ( GEOMETRIC_REPRESENTATION_CONTEXT(2) 
PARAMETRIC_REPRESENTATION_CONTEXT() REPRESENTATION_CONTEXT('2D SPACE',''
  ) );
#9381 = ORIENTED_EDGE('',*,*,#4488,.F.);
#9382 = ADVANCED_FACE('',(#9383),#4532,.T.);
#9383 = FACE_BOUND('',#9384,.T.);
#9384 = EDGE_LOOP('',(#9385,#9386,#9387,#9408));
#9385 = ORIENTED_EDGE('',*,*,#9361,.F.);
#9386 = ORIENTED_EDGE('',*,*,#5118,.T.);
#9387 = ORIENTED_EDGE('',*,*,#9388,.T.);
#9388 = EDGE_CURVE('',#5119,#4517,#9389,.T.);
#9389 = SURFACE_CURVE('',#9390,(#9394,#9401),.PCURVE_S1.);
#9390 = LINE('',#9391,#9392);
#9391 = CARTESIAN_POINT('',(4.5218,-0.7358,7.7));
#9392 = VECTOR('',#9393,1.);
#9393 = DIRECTION('',(0.,0.707106781187,0.707106781187));
#9394 = PCURVE('',#4532,#9395);
#9395 = DEFINITIONAL_REPRESENTATION('',(#9396),#9400);
#9396 = LINE('',#9397,#9398);
#9397 = CARTESIAN_POINT('',(0.,-8.76));
#9398 = VECTOR('',#9399,1.);
#9399 = DIRECTION('',(1.,0.));
#9400 = ( GEOMETRIC_REPRESENTATION_CONTEXT(2) 
PARAMETRIC_REPRESENTATION_CONTEXT() REPRESENTATION_CONTEXT('2D SPACE',''
  ) );
#9401 = PCURVE('',#4560,#9402);
#9402 = DEFINITIONAL_REPRESENTATION('',(#9403),#9407);
#9403 = LINE('',#9404,#9405);
#9404 = CARTESIAN_POINT('',(0.,-10.76000020904));
#9405 = VECTOR('',#9406,1.);
#9406 = DIRECTION('',(0.707106781187,-0.707106781187));
#9407 = ( GEOMETRIC_REPRESENTATION_CONTEXT(2) 
PARAMETRIC_REPRESENTATION_CONTEXT() REPRESENTATION_CONTEXT('2D SPACE',''
  ) );
#9408 = ORIENTED_EDGE('',*,*,#4516,.F.);
#9409 = ADVANCED_FACE('',(#9410),#4560,.F.);
#9410 = FACE_BOUND('',#9411,.F.);
#9411 = EDGE_LOOP('',(#9412,#9413,#9414));
#9412 = ORIENTED_EDGE('',*,*,#5141,.T.);
#9413 = ORIENTED_EDGE('',*,*,#9388,.T.);
#9414 = ORIENTED_EDGE('',*,*,#4544,.F.);
#9415 = ADVANCED_FACE('',(#9416),#4611,.F.);
#9416 = FACE_BOUND('',#9417,.F.);
#9417 = EDGE_LOOP('',(#9418,#9439,#9440,#9441,#9442,#9465,#9486,#9487,
    #9488,#9489,#9512,#9533));
#9418 = ORIENTED_EDGE('',*,*,#9419,.F.);
#9419 = EDGE_CURVE('',#5624,#6022,#9420,.T.);
#9420 = SURFACE_CURVE('',#9421,(#9425,#9432),.PCURVE_S1.);
#9421 = LINE('',#9422,#9423);
#9422 = CARTESIAN_POINT('',(4.7618,-11.7158,5.7));
#9423 = VECTOR('',#9424,1.);
#9424 = DIRECTION('',(0.,0.,1.));
#9425 = PCURVE('',#4611,#9426);
#9426 = DEFINITIONAL_REPRESENTATION('',(#9427),#9431);
#9427 = LINE('',#9428,#9429);
#9428 = CARTESIAN_POINT('',(-0.7,-2.62));
#9429 = VECTOR('',#9430,1.);
#9430 = DIRECTION('',(1.,0.));
#9431 = ( GEOMETRIC_REPRESENTATION_CONTEXT(2) 
PARAMETRIC_REPRESENTATION_CONTEXT() REPRESENTATION_CONTEXT('2D SPACE',''
  ) );
#9432 = PCURVE('',#5639,#9433);
#9433 = DEFINITIONAL_REPRESENTATION('',(#9434),#9438);
#9434 = LINE('',#9435,#9436);
#9435 = CARTESIAN_POINT('',(0.7,9.25));
#9436 = VECTOR('',#9437,1.);
#9437 = DIRECTION('',(1.,0.));
#9438 = ( GEOMETRIC_REPRESENTATION_CONTEXT(2) 
PARAMETRIC_REPRESENTATION_CONTEXT() REPRESENTATION_CONTEXT('2D SPACE',''
  ) );
#9439 = ORIENTED_EDGE('',*,*,#5651,.F.);
#9440 = ORIENTED_EDGE('',*,*,#5003,.T.);
#9441 = ORIENTED_EDGE('',*,*,#4595,.F.);
#9442 = ORIENTED_EDGE('',*,*,#9443,.F.);
#9443 = EDGE_CURVE('',#9444,#4596,#9446,.T.);
#9444 = VERTEX_POINT('',#9445);
#9445 = CARTESIAN_POINT('',(4.7618,-5.415800104523,8.1));
#9446 = SURFACE_CURVE('',#9447,(#9451,#9458),.PCURVE_S1.);
#9447 = LINE('',#9448,#9449);
#9448 = CARTESIAN_POINT('',(4.7618,-5.415800104523,7.25));
#9449 = VECTOR('',#9450,1.);
#9450 = DIRECTION('',(0.,0.,1.));
#9451 = PCURVE('',#4611,#9452);
#9452 = DEFINITIONAL_REPRESENTATION('',(#9453),#9457);
#9453 = LINE('',#9454,#9455);
#9454 = CARTESIAN_POINT('',(0.85,-8.919999895477));
#9455 = VECTOR('',#9456,1.);
#9456 = DIRECTION('',(1.,0.));
#9457 = ( GEOMETRIC_REPRESENTATION_CONTEXT(2) 
PARAMETRIC_REPRESENTATION_CONTEXT() REPRESENTATION_CONTEXT('2D SPACE',''
  ) );
#9458 = PCURVE('',#4637,#9459);
#9459 = DEFINITIONAL_REPRESENTATION('',(#9460),#9464);
#9460 = LINE('',#9461,#9462);
#9461 = CARTESIAN_POINT('',(-0.85,9.97));
#9462 = VECTOR('',#9463,1.);
#9463 = DIRECTION('',(1.,0.));
#9464 = ( GEOMETRIC_REPRESENTATION_CONTEXT(2) 
PARAMETRIC_REPRESENTATION_CONTEXT() REPRESENTATION_CONTEXT('2D SPACE',''
  ) );
#9465 = ORIENTED_EDGE('',*,*,#9466,.F.);
#9466 = EDGE_CURVE('',#5736,#9444,#9467,.T.);
#9467 = SURFACE_CURVE('',#9468,(#9472,#9479),.PCURVE_S1.);
#9468 = LINE('',#9469,#9470);
#9469 = CARTESIAN_POINT('',(4.7618,-5.571649390106,8.1));
#9470 = VECTOR('',#9471,1.);
#9471 = DIRECTION('',(-5.698957273849E-15,1.,0.));
#9472 = PCURVE('',#4611,#9473);
#9473 = DEFINITIONAL_REPRESENTATION('',(#9474),#9478);
#9474 = LINE('',#9475,#9476);
#9475 = CARTESIAN_POINT('',(1.7,-8.764150609894));
#9476 = VECTOR('',#9477,1.);
#9477 = DIRECTION('',(0.,-1.));
#9478 = ( GEOMETRIC_REPRESENTATION_CONTEXT(2) 
PARAMETRIC_REPRESENTATION_CONTEXT() REPRESENTATION_CONTEXT('2D SPACE',''
  ) );
#9479 = PCURVE('',#5774,#9480);
#9480 = DEFINITIONAL_REPRESENTATION('',(#9481),#9485);
#9481 = LINE('',#9482,#9483);
#9482 = CARTESIAN_POINT('',(9.97,1.244150714417));
#9483 = VECTOR('',#9484,1.);
#9484 = DIRECTION('',(-5.698957273849E-15,1.));
#9485 = ( GEOMETRIC_REPRESENTATION_CONTEXT(2) 
PARAMETRIC_REPRESENTATION_CONTEXT() REPRESENTATION_CONTEXT('2D SPACE',''
  ) );
#9486 = ORIENTED_EDGE('',*,*,#5735,.F.);
#9487 = ORIENTED_EDGE('',*,*,#5812,.T.);
#9488 = ORIENTED_EDGE('',*,*,#6068,.T.);
#9489 = ORIENTED_EDGE('',*,*,#9490,.F.);
#9490 = EDGE_CURVE('',#9491,#6069,#9493,.T.);
#9491 = VERTEX_POINT('',#9492);
#9492 = CARTESIAN_POINT('',(4.7618,-6.815800104523,8.1));
#9493 = SURFACE_CURVE('',#9494,(#9498,#9505),.PCURVE_S1.);
#9494 = LINE('',#9495,#9496);
#9495 = CARTESIAN_POINT('',(4.7618,-6.815800104523,8.1));
#9496 = VECTOR('',#9497,1.);
#9497 = DIRECTION('',(5.698957273849E-15,1.,0.));
#9498 = PCURVE('',#4611,#9499);
#9499 = DEFINITIONAL_REPRESENTATION('',(#9500),#9504);
#9500 = LINE('',#9501,#9502);
#9501 = CARTESIAN_POINT('',(1.7,-7.519999895477));
#9502 = VECTOR('',#9503,1.);
#9503 = DIRECTION('',(0.,-1.));
#9504 = ( GEOMETRIC_REPRESENTATION_CONTEXT(2) 
PARAMETRIC_REPRESENTATION_CONTEXT() REPRESENTATION_CONTEXT('2D SPACE',''
  ) );
#9505 = PCURVE('',#6130,#9506);
#9506 = DEFINITIONAL_REPRESENTATION('',(#9507),#9511);
#9507 = LINE('',#9508,#9509);
#9508 = CARTESIAN_POINT('',(9.97,0.));
#9509 = VECTOR('',#9510,1.);
#9510 = DIRECTION('',(5.698957273849E-15,1.));
#9511 = ( GEOMETRIC_REPRESENTATION_CONTEXT(2) 
PARAMETRIC_REPRESENTATION_CONTEXT() REPRESENTATION_CONTEXT('2D SPACE',''
  ) );
#9512 = ORIENTED_EDGE('',*,*,#9513,.T.);
#9513 = EDGE_CURVE('',#9491,#5994,#9514,.T.);
#9514 = SURFACE_CURVE('',#9515,(#9519,#9526),.PCURVE_S1.);
#9515 = LINE('',#9516,#9517);
#9516 = CARTESIAN_POINT('',(4.7618,-6.815800104523,7.25));
#9517 = VECTOR('',#9518,1.);
#9518 = DIRECTION('',(0.,0.,1.));
#9519 = PCURVE('',#4611,#9520);
#9520 = DEFINITIONAL_REPRESENTATION('',(#9521),#9525);
#9521 = LINE('',#9522,#9523);
#9522 = CARTESIAN_POINT('',(0.85,-7.519999895477));
#9523 = VECTOR('',#9524,1.);
#9524 = DIRECTION('',(1.,0.));
#9525 = ( GEOMETRIC_REPRESENTATION_CONTEXT(2) 
PARAMETRIC_REPRESENTATION_CONTEXT() REPRESENTATION_CONTEXT('2D SPACE',''
  ) );
#9526 = PCURVE('',#6009,#9527);
#9527 = DEFINITIONAL_REPRESENTATION('',(#9528),#9532);
#9528 = LINE('',#9529,#9530);
#9529 = CARTESIAN_POINT('',(-0.85,9.97));
#9530 = VECTOR('',#9531,1.);
#9531 = DIRECTION('',(1.,0.));
#9532 = ( GEOMETRIC_REPRESENTATION_CONTEXT(2) 
PARAMETRIC_REPRESENTATION_CONTEXT() REPRESENTATION_CONTEXT('2D SPACE',''
  ) );
#9533 = ORIENTED_EDGE('',*,*,#6021,.F.);
#9534 = ADVANCED_FACE('',(#9535),#4637,.F.);
#9535 = FACE_BOUND('',#9536,.F.);
#9536 = EDGE_LOOP('',(#9537,#9558,#9559,#9560));
#9537 = ORIENTED_EDGE('',*,*,#9538,.F.);
#9538 = EDGE_CURVE('',#9444,#5758,#9539,.T.);
#9539 = SURFACE_CURVE('',#9540,(#9544,#9551),.PCURVE_S1.);
#9540 = LINE('',#9541,#9542);
#9541 = CARTESIAN_POINT('',(-5.2082,-5.415800104523,8.1));
#9542 = VECTOR('',#9543,1.);
#9543 = DIRECTION('',(1.,0.,-0.));
#9544 = PCURVE('',#4637,#9545);
#9545 = DEFINITIONAL_REPRESENTATION('',(#9546),#9550);
#9546 = LINE('',#9547,#9548);
#9547 = CARTESIAN_POINT('',(0.,0.));
#9548 = VECTOR('',#9549,1.);
#9549 = DIRECTION('',(0.,1.));
#9550 = ( GEOMETRIC_REPRESENTATION_CONTEXT(2) 
PARAMETRIC_REPRESENTATION_CONTEXT() REPRESENTATION_CONTEXT('2D SPACE',''
  ) );
#9551 = PCURVE('',#5774,#9552);
#9552 = DEFINITIONAL_REPRESENTATION('',(#9553),#9557);
#9553 = LINE('',#9554,#9555);
#9554 = CARTESIAN_POINT('',(0.,1.4));
#9555 = VECTOR('',#9556,1.);
#9556 = DIRECTION('',(1.,0.));
#9557 = ( GEOMETRIC_REPRESENTATION_CONTEXT(2) 
PARAMETRIC_REPRESENTATION_CONTEXT() REPRESENTATION_CONTEXT('2D SPACE',''
  ) );
#9558 = ORIENTED_EDGE('',*,*,#9443,.T.);
#9559 = ORIENTED_EDGE('',*,*,#4623,.F.);
#9560 = ORIENTED_EDGE('',*,*,#5786,.F.);
#9561 = ADVANCED_FACE('',(#9562),#4737,.T.);
#9562 = FACE_BOUND('',#9563,.T.);
#9563 = EDGE_LOOP('',(#9564,#9565,#9566));
#9564 = ORIENTED_EDGE('',*,*,#9288,.F.);
#9565 = ORIENTED_EDGE('',*,*,#9214,.F.);
#9566 = ORIENTED_EDGE('',*,*,#4722,.F.);
#9567 = ADVANCED_FACE('',(#9568),#4820,.F.);
#9568 = FACE_BOUND('',#9569,.F.);
#9569 = EDGE_LOOP('',(#9570,#9571,#9594,#9621));
#9570 = ORIENTED_EDGE('',*,*,#4803,.F.);
#9571 = ORIENTED_EDGE('',*,*,#9572,.F.);
#9572 = EDGE_CURVE('',#9573,#4804,#9575,.T.);
#9573 = VERTEX_POINT('',#9574);
#9574 = CARTESIAN_POINT('',(-5.7082,-6.115800104523,5.));
#9575 = SEAM_CURVE('',#9576,(#9580,#9587),.PCURVE_S1.);
#9576 = LINE('',#9577,#9578);
#9577 = CARTESIAN_POINT('',(-5.7082,-6.115800104523,5.));
#9578 = VECTOR('',#9579,1.);
#9579 = DIRECTION('',(0.,0.,1.));
#9580 = PCURVE('',#4820,#9581);
#9581 = DEFINITIONAL_REPRESENTATION('',(#9582),#9586);
#9582 = LINE('',#9583,#9584);
#9583 = CARTESIAN_POINT('',(0.,-0.));
#9584 = VECTOR('',#9585,1.);
#9585 = DIRECTION('',(0.,1.));
#9586 = ( GEOMETRIC_REPRESENTATION_CONTEXT(2) 
PARAMETRIC_REPRESENTATION_CONTEXT() REPRESENTATION_CONTEXT('2D SPACE',''
  ) );
#9587 = PCURVE('',#4820,#9588);
#9588 = DEFINITIONAL_REPRESENTATION('',(#9589),#9593);
#9589 = LINE('',#9590,#9591);
#9590 = CARTESIAN_POINT('',(6.28318530718,-0.));
#9591 = VECTOR('',#9592,1.);
#9592 = DIRECTION('',(0.,1.));
#9593 = ( GEOMETRIC_REPRESENTATION_CONTEXT(2) 
PARAMETRIC_REPRESENTATION_CONTEXT() REPRESENTATION_CONTEXT('2D SPACE',''
  ) );
#9594 = ORIENTED_EDGE('',*,*,#9595,.T.);
#9595 = EDGE_CURVE('',#9573,#9573,#9596,.T.);
#9596 = SURFACE_CURVE('',#9597,(#9602,#9609),.PCURVE_S1.);
#9597 = CIRCLE('',#9598,0.85);
#9598 = AXIS2_PLACEMENT_3D('',#9599,#9600,#9601);
#9599 = CARTESIAN_POINT('',(-6.5582,-6.115800104523,5.));
#9600 = DIRECTION('',(0.,0.,1.));
#9601 = DIRECTION('',(1.,0.,-0.));
#9602 = PCURVE('',#4820,#9603);
#9603 = DEFINITIONAL_REPRESENTATION('',(#9604),#9608);
#9604 = LINE('',#9605,#9606);
#9605 = CARTESIAN_POINT('',(0.,0.));
#9606 = VECTOR('',#9607,1.);
#9607 = DIRECTION('',(1.,0.));
#9608 = ( GEOMETRIC_REPRESENTATION_CONTEXT(2) 
PARAMETRIC_REPRESENTATION_CONTEXT() REPRESENTATION_CONTEXT('2D SPACE',''
  ) );
#9609 = PCURVE('',#9610,#9615);
#9610 = PLANE('',#9611);
#9611 = AXIS2_PLACEMENT_3D('',#9612,#9613,#9614);
#9612 = CARTESIAN_POINT('',(-6.5582,-6.115800104523,5.));
#9613 = DIRECTION('',(0.,0.,1.));
#9614 = DIRECTION('',(1.,0.,-0.));
#9615 = DEFINITIONAL_REPRESENTATION('',(#9616),#9620);
#9616 = CIRCLE('',#9617,0.85);
#9617 = AXIS2_PLACEMENT_2D('',#9618,#9619);
#9618 = CARTESIAN_POINT('',(0.,0.));
#9619 = DIRECTION('',(1.,0.));
#9620 = ( GEOMETRIC_REPRESENTATION_CONTEXT(2) 
PARAMETRIC_REPRESENTATION_CONTEXT() REPRESENTATION_CONTEXT('2D SPACE',''
  ) );
#9621 = ORIENTED_EDGE('',*,*,#9572,.T.);
#9622 = ADVANCED_FACE('',(#9623),#4906,.T.);
#9623 = FACE_BOUND('',#9624,.T.);
#9624 = EDGE_LOOP('',(#9625,#9648,#9671,#9692));
#9625 = ORIENTED_EDGE('',*,*,#9626,.F.);
#9626 = EDGE_CURVE('',#9627,#4889,#9629,.T.);
#9627 = VERTEX_POINT('',#9628);
#9628 = CARTESIAN_POINT('',(1.6418,-9.7158,4.2));
#9629 = SURFACE_CURVE('',#9630,(#9634,#9641),.PCURVE_S1.);
#9630 = LINE('',#9631,#9632);
#9631 = CARTESIAN_POINT('',(1.6418,-9.7158,4.2));
#9632 = VECTOR('',#9633,1.);
#9633 = DIRECTION('',(0.,0.,1.));
#9634 = PCURVE('',#4906,#9635);
#9635 = DEFINITIONAL_REPRESENTATION('',(#9636),#9640);
#9636 = LINE('',#9637,#9638);
#9637 = CARTESIAN_POINT('',(0.,3.));
#9638 = VECTOR('',#9639,1.);
#9639 = DIRECTION('',(1.,0.));
#9640 = ( GEOMETRIC_REPRESENTATION_CONTEXT(2) 
PARAMETRIC_REPRESENTATION_CONTEXT() REPRESENTATION_CONTEXT('2D SPACE',''
  ) );
#9641 = PCURVE('',#4988,#9642);
#9642 = DEFINITIONAL_REPRESENTATION('',(#9643),#9647);
#9643 = LINE('',#9644,#9645);
#9644 = CARTESIAN_POINT('',(0.,0.));
#9645 = VECTOR('',#9646,1.);
#9646 = DIRECTION('',(1.,0.));
#9647 = ( GEOMETRIC_REPRESENTATION_CONTEXT(2) 
PARAMETRIC_REPRESENTATION_CONTEXT() REPRESENTATION_CONTEXT('2D SPACE',''
  ) );
#9648 = ORIENTED_EDGE('',*,*,#9649,.F.);
#9649 = EDGE_CURVE('',#9650,#9627,#9652,.T.);
#9650 = VERTEX_POINT('',#9651);
#9651 = CARTESIAN_POINT('',(-1.3582,-9.7158,4.2));
#9652 = SURFACE_CURVE('',#9653,(#9657,#9664),.PCURVE_S1.);
#9653 = LINE('',#9654,#9655);
#9654 = CARTESIAN_POINT('',(-1.3582,-9.7158,4.2));
#9655 = VECTOR('',#9656,1.);
#9656 = DIRECTION('',(1.,0.,-0.));
#9657 = PCURVE('',#4906,#9658);
#9658 = DEFINITIONAL_REPRESENTATION('',(#9659),#9663);
#9659 = LINE('',#9660,#9661);
#9660 = CARTESIAN_POINT('',(0.,0.));
#9661 = VECTOR('',#9662,1.);
#9662 = DIRECTION('',(0.,1.));
#9663 = ( GEOMETRIC_REPRESENTATION_CONTEXT(2) 
PARAMETRIC_REPRESENTATION_CONTEXT() REPRESENTATION_CONTEXT('2D SPACE',''
  ) );
#9664 = PCURVE('',#7611,#9665);
#9665 = DEFINITIONAL_REPRESENTATION('',(#9666),#9670);
#9666 = LINE('',#9667,#9668);
#9667 = CARTESIAN_POINT('',(-1.3582,-9.7158));
#9668 = VECTOR('',#9669,1.);
#9669 = DIRECTION('',(1.,0.));
#9670 = ( GEOMETRIC_REPRESENTATION_CONTEXT(2) 
PARAMETRIC_REPRESENTATION_CONTEXT() REPRESENTATION_CONTEXT('2D SPACE',''
  ) );
#9671 = ORIENTED_EDGE('',*,*,#9672,.T.);
#9672 = EDGE_CURVE('',#9650,#4891,#9673,.T.);
#9673 = SURFACE_CURVE('',#9674,(#9678,#9685),.PCURVE_S1.);
#9674 = LINE('',#9675,#9676);
#9675 = CARTESIAN_POINT('',(-1.3582,-9.7158,4.2));
#9676 = VECTOR('',#9677,1.);
#9677 = DIRECTION('',(0.,0.,1.));
#9678 = PCURVE('',#4906,#9679);
#9679 = DEFINITIONAL_REPRESENTATION('',(#9680),#9684);
#9680 = LINE('',#9681,#9682);
#9681 = CARTESIAN_POINT('',(0.,0.));
#9682 = VECTOR('',#9683,1.);
#9683 = DIRECTION('',(1.,0.));
#9684 = ( GEOMETRIC_REPRESENTATION_CONTEXT(2) 
PARAMETRIC_REPRESENTATION_CONTEXT() REPRESENTATION_CONTEXT('2D SPACE',''
  ) );
#9685 = PCURVE('',#4934,#9686);
#9686 = DEFINITIONAL_REPRESENTATION('',(#9687),#9691);
#9687 = LINE('',#9688,#9689);
#9688 = CARTESIAN_POINT('',(0.,0.));
#9689 = VECTOR('',#9690,1.);
#9690 = DIRECTION('',(1.,0.));
#9691 = ( GEOMETRIC_REPRESENTATION_CONTEXT(2) 
PARAMETRIC_REPRESENTATION_CONTEXT() REPRESENTATION_CONTEXT('2D SPACE',''
  ) );
#9692 = ORIENTED_EDGE('',*,*,#4888,.F.);
#9693 = ADVANCED_FACE('',(#9694),#4934,.T.);
#9694 = FACE_BOUND('',#9695,.T.);
#9695 = EDGE_LOOP('',(#9696,#9697,#9720,#9741));
#9696 = ORIENTED_EDGE('',*,*,#9672,.F.);
#9697 = ORIENTED_EDGE('',*,*,#9698,.T.);
#9698 = EDGE_CURVE('',#9650,#9699,#9701,.T.);
#9699 = VERTEX_POINT('',#9700);
#9700 = CARTESIAN_POINT('',(-1.3582,-6.0158,4.2));
#9701 = SURFACE_CURVE('',#9702,(#9706,#9713),.PCURVE_S1.);
#9702 = LINE('',#9703,#9704);
#9703 = CARTESIAN_POINT('',(-1.3582,-9.7158,4.2));
#9704 = VECTOR('',#9705,1.);
#9705 = DIRECTION('',(-0.,1.,0.));
#9706 = PCURVE('',#4934,#9707);
#9707 = DEFINITIONAL_REPRESENTATION('',(#9708),#9712);
#9708 = LINE('',#9709,#9710);
#9709 = CARTESIAN_POINT('',(0.,0.));
#9710 = VECTOR('',#9711,1.);
#9711 = DIRECTION('',(0.,-1.));
#9712 = ( GEOMETRIC_REPRESENTATION_CONTEXT(2) 
PARAMETRIC_REPRESENTATION_CONTEXT() REPRESENTATION_CONTEXT('2D SPACE',''
  ) );
#9713 = PCURVE('',#7611,#9714);
#9714 = DEFINITIONAL_REPRESENTATION('',(#9715),#9719);
#9715 = LINE('',#9716,#9717);
#9716 = CARTESIAN_POINT('',(-1.3582,-9.7158));
#9717 = VECTOR('',#9718,1.);
#9718 = DIRECTION('',(0.,1.));
#9719 = ( GEOMETRIC_REPRESENTATION_CONTEXT(2) 
PARAMETRIC_REPRESENTATION_CONTEXT() REPRESENTATION_CONTEXT('2D SPACE',''
  ) );
#9720 = ORIENTED_EDGE('',*,*,#9721,.T.);
#9721 = EDGE_CURVE('',#9699,#4919,#9722,.T.);
#9722 = SURFACE_CURVE('',#9723,(#9727,#9734),.PCURVE_S1.);
#9723 = LINE('',#9724,#9725);
#9724 = CARTESIAN_POINT('',(-1.3582,-6.0158,4.2));
#9725 = VECTOR('',#9726,1.);
#9726 = DIRECTION('',(0.,0.,1.));
#9727 = PCURVE('',#4934,#9728);
#9728 = DEFINITIONAL_REPRESENTATION('',(#9729),#9733);
#9729 = LINE('',#9730,#9731);
#9730 = CARTESIAN_POINT('',(0.,-3.7));
#9731 = VECTOR('',#9732,1.);
#9732 = DIRECTION('',(1.,0.));
#9733 = ( GEOMETRIC_REPRESENTATION_CONTEXT(2) 
PARAMETRIC_REPRESENTATION_CONTEXT() REPRESENTATION_CONTEXT('2D SPACE',''
  ) );
#9734 = PCURVE('',#4962,#9735);
#9735 = DEFINITIONAL_REPRESENTATION('',(#9736),#9740);
#9736 = LINE('',#9737,#9738);
#9737 = CARTESIAN_POINT('',(0.,0.));
#9738 = VECTOR('',#9739,1.);
#9739 = DIRECTION('',(1.,0.));
#9740 = ( GEOMETRIC_REPRESENTATION_CONTEXT(2) 
PARAMETRIC_REPRESENTATION_CONTEXT() REPRESENTATION_CONTEXT('2D SPACE',''
  ) );
#9741 = ORIENTED_EDGE('',*,*,#4918,.F.);
#9742 = ADVANCED_FACE('',(#9743),#4962,.F.);
#9743 = FACE_BOUND('',#9744,.F.);
#9744 = EDGE_LOOP('',(#9745,#9768,#9789,#9790));
#9745 = ORIENTED_EDGE('',*,*,#9746,.F.);
#9746 = EDGE_CURVE('',#9747,#4947,#9749,.T.);
#9747 = VERTEX_POINT('',#9748);
#9748 = CARTESIAN_POINT('',(1.6418,-6.0158,4.2));
#9749 = SURFACE_CURVE('',#9750,(#9754,#9761),.PCURVE_S1.);
#9750 = LINE('',#9751,#9752);
#9751 = CARTESIAN_POINT('',(1.6418,-6.0158,4.2));
#9752 = VECTOR('',#9753,1.);
#9753 = DIRECTION('',(0.,0.,1.));
#9754 = PCURVE('',#4962,#9755);
#9755 = DEFINITIONAL_REPRESENTATION('',(#9756),#9760);
#9756 = LINE('',#9757,#9758);
#9757 = CARTESIAN_POINT('',(0.,3.));
#9758 = VECTOR('',#9759,1.);
#9759 = DIRECTION('',(1.,0.));
#9760 = ( GEOMETRIC_REPRESENTATION_CONTEXT(2) 
PARAMETRIC_REPRESENTATION_CONTEXT() REPRESENTATION_CONTEXT('2D SPACE',''
  ) );
#9761 = PCURVE('',#4988,#9762);
#9762 = DEFINITIONAL_REPRESENTATION('',(#9763),#9767);
#9763 = LINE('',#9764,#9765);
#9764 = CARTESIAN_POINT('',(0.,-3.7));
#9765 = VECTOR('',#9766,1.);
#9766 = DIRECTION('',(1.,0.));
#9767 = ( GEOMETRIC_REPRESENTATION_CONTEXT(2) 
PARAMETRIC_REPRESENTATION_CONTEXT() REPRESENTATION_CONTEXT('2D SPACE',''
  ) );
#9768 = ORIENTED_EDGE('',*,*,#9769,.F.);
#9769 = EDGE_CURVE('',#9699,#9747,#9770,.T.);
#9770 = SURFACE_CURVE('',#9771,(#9775,#9782),.PCURVE_S1.);
#9771 = LINE('',#9772,#9773);
#9772 = CARTESIAN_POINT('',(-1.3582,-6.0158,4.2));
#9773 = VECTOR('',#9774,1.);
#9774 = DIRECTION('',(1.,0.,-0.));
#9775 = PCURVE('',#4962,#9776);
#9776 = DEFINITIONAL_REPRESENTATION('',(#9777),#9781);
#9777 = LINE('',#9778,#9779);
#9778 = CARTESIAN_POINT('',(0.,0.));
#9779 = VECTOR('',#9780,1.);
#9780 = DIRECTION('',(0.,1.));
#9781 = ( GEOMETRIC_REPRESENTATION_CONTEXT(2) 
PARAMETRIC_REPRESENTATION_CONTEXT() REPRESENTATION_CONTEXT('2D SPACE',''
  ) );
#9782 = PCURVE('',#7611,#9783);
#9783 = DEFINITIONAL_REPRESENTATION('',(#9784),#9788);
#9784 = LINE('',#9785,#9786);
#9785 = CARTESIAN_POINT('',(-1.3582,-6.0158));
#9786 = VECTOR('',#9787,1.);
#9787 = DIRECTION('',(1.,0.));
#9788 = ( GEOMETRIC_REPRESENTATION_CONTEXT(2) 
PARAMETRIC_REPRESENTATION_CONTEXT() REPRESENTATION_CONTEXT('2D SPACE',''
  ) );
#9789 = ORIENTED_EDGE('',*,*,#9721,.T.);
#9790 = ORIENTED_EDGE('',*,*,#4946,.F.);
#9791 = ADVANCED_FACE('',(#9792),#4988,.F.);
#9792 = FACE_BOUND('',#9793,.F.);
#9793 = EDGE_LOOP('',(#9794,#9795,#9816,#9817));
#9794 = ORIENTED_EDGE('',*,*,#9626,.F.);
#9795 = ORIENTED_EDGE('',*,*,#9796,.T.);
#9796 = EDGE_CURVE('',#9627,#9747,#9797,.T.);
#9797 = SURFACE_CURVE('',#9798,(#9802,#9809),.PCURVE_S1.);
#9798 = LINE('',#9799,#9800);
#9799 = CARTESIAN_POINT('',(1.6418,-9.7158,4.2));
#9800 = VECTOR('',#9801,1.);
#9801 = DIRECTION('',(-0.,1.,0.));
#9802 = PCURVE('',#4988,#9803);
#9803 = DEFINITIONAL_REPRESENTATION('',(#9804),#9808);
#9804 = LINE('',#9805,#9806);
#9805 = CARTESIAN_POINT('',(0.,0.));
#9806 = VECTOR('',#9807,1.);
#9807 = DIRECTION('',(0.,-1.));
#9808 = ( GEOMETRIC_REPRESENTATION_CONTEXT(2) 
PARAMETRIC_REPRESENTATION_CONTEXT() REPRESENTATION_CONTEXT('2D SPACE',''
  ) );
#9809 = PCURVE('',#7611,#9810);
#9810 = DEFINITIONAL_REPRESENTATION('',(#9811),#9815);
#9811 = LINE('',#9812,#9813);
#9812 = CARTESIAN_POINT('',(1.6418,-9.7158));
#9813 = VECTOR('',#9814,1.);
#9814 = DIRECTION('',(0.,1.));
#9815 = ( GEOMETRIC_REPRESENTATION_CONTEXT(2) 
PARAMETRIC_REPRESENTATION_CONTEXT() REPRESENTATION_CONTEXT('2D SPACE',''
  ) );
#9816 = ORIENTED_EDGE('',*,*,#9746,.T.);
#9817 = ORIENTED_EDGE('',*,*,#4974,.F.);
#9818 = ADVANCED_FACE('',(#9819),#5207,.F.);
#9819 = FACE_BOUND('',#9820,.F.);
#9820 = EDGE_LOOP('',(#9821,#9822,#9843,#9844));
#9821 = ORIENTED_EDGE('',*,*,#5191,.F.);
#9822 = ORIENTED_EDGE('',*,*,#9823,.T.);
#9823 = EDGE_CURVE('',#5192,#5395,#9824,.T.);
#9824 = SURFACE_CURVE('',#9825,(#9829,#9836),.PCURVE_S1.);
#9825 = LINE('',#9826,#9827);
#9826 = CARTESIAN_POINT('',(-4.4882,-11.7158,5.));
#9827 = VECTOR('',#9828,1.);
#9828 = DIRECTION('',(0.,0.,1.));
#9829 = PCURVE('',#5207,#9830);
#9830 = DEFINITIONAL_REPRESENTATION('',(#9831),#9835);
#9831 = LINE('',#9832,#9833);
#9832 = CARTESIAN_POINT('',(0.,0.));
#9833 = VECTOR('',#9834,1.);
#9834 = DIRECTION('',(1.,0.));
#9835 = ( GEOMETRIC_REPRESENTATION_CONTEXT(2) 
PARAMETRIC_REPRESENTATION_CONTEXT() REPRESENTATION_CONTEXT('2D SPACE',''
  ) );
#9836 = PCURVE('',#5235,#9837);
#9837 = DEFINITIONAL_REPRESENTATION('',(#9838),#9842);
#9838 = LINE('',#9839,#9840);
#9839 = CARTESIAN_POINT('',(0.,-3.4));
#9840 = VECTOR('',#9841,1.);
#9841 = DIRECTION('',(1.,0.));
#9842 = ( GEOMETRIC_REPRESENTATION_CONTEXT(2) 
PARAMETRIC_REPRESENTATION_CONTEXT() REPRESENTATION_CONTEXT('2D SPACE',''
  ) );
#9843 = ORIENTED_EDGE('',*,*,#5417,.F.);
#9844 = ORIENTED_EDGE('',*,*,#9263,.F.);
#9845 = ADVANCED_FACE('',(#9846),#5235,.T.);
#9846 = FACE_BOUND('',#9847,.T.);
#9847 = EDGE_LOOP('',(#9848,#9849,#9850,#9851));
#9848 = ORIENTED_EDGE('',*,*,#5394,.F.);
#9849 = ORIENTED_EDGE('',*,*,#5684,.F.);
#9850 = ORIENTED_EDGE('',*,*,#5219,.F.);
#9851 = ORIENTED_EDGE('',*,*,#9823,.T.);
#9852 = ADVANCED_FACE('',(#9853),#5477,.T.);
#9853 = FACE_BOUND('',#9854,.T.);
#9854 = EDGE_LOOP('',(#9855,#9876,#9877,#9878));
#9855 = ORIENTED_EDGE('',*,*,#9856,.F.);
#9856 = EDGE_CURVE('',#5517,#9313,#9857,.T.);
#9857 = SURFACE_CURVE('',#9858,(#9862,#9869),.PCURVE_S1.);
#9858 = LINE('',#9859,#9860);
#9859 = CARTESIAN_POINT('',(-5.2082,-6.815800104523,8.1));
#9860 = VECTOR('',#9861,1.);
#9861 = DIRECTION('',(1.,0.,-0.));
#9862 = PCURVE('',#5477,#9863);
#9863 = DEFINITIONAL_REPRESENTATION('',(#9864),#9868);
#9864 = LINE('',#9865,#9866);
#9865 = CARTESIAN_POINT('',(0.,0.));
#9866 = VECTOR('',#9867,1.);
#9867 = DIRECTION('',(0.,1.));
#9868 = ( GEOMETRIC_REPRESENTATION_CONTEXT(2) 
PARAMETRIC_REPRESENTATION_CONTEXT() REPRESENTATION_CONTEXT('2D SPACE',''
  ) );
#9869 = PCURVE('',#5533,#9870);
#9870 = DEFINITIONAL_REPRESENTATION('',(#9871),#9875);
#9871 = LINE('',#9872,#9873);
#9872 = CARTESIAN_POINT('',(0.,0.));
#9873 = VECTOR('',#9874,1.);
#9874 = DIRECTION('',(1.,0.));
#9875 = ( GEOMETRIC_REPRESENTATION_CONTEXT(2) 
PARAMETRIC_REPRESENTATION_CONTEXT() REPRESENTATION_CONTEXT('2D SPACE',''
  ) );
#9876 = ORIENTED_EDGE('',*,*,#5545,.T.);
#9877 = ORIENTED_EDGE('',*,*,#5463,.F.);
#9878 = ORIENTED_EDGE('',*,*,#9335,.F.);
#9879 = ADVANCED_FACE('',(#9880),#5533,.T.);
#9880 = FACE_BOUND('',#9881,.T.);
#9881 = EDGE_LOOP('',(#9882,#9883,#9884));
#9882 = ORIENTED_EDGE('',*,*,#5516,.F.);
#9883 = ORIENTED_EDGE('',*,*,#9856,.T.);
#9884 = ORIENTED_EDGE('',*,*,#9312,.F.);
#9885 = ADVANCED_FACE('',(#9886),#5611,.F.);
#9886 = FACE_BOUND('',#9887,.F.);
#9887 = EDGE_LOOP('',(#9888,#9889,#9890,#9891));
#9888 = ORIENTED_EDGE('',*,*,#5942,.F.);
#9889 = ORIENTED_EDGE('',*,*,#5918,.F.);
#9890 = ORIENTED_EDGE('',*,*,#5595,.F.);
#9891 = ORIENTED_EDGE('',*,*,#9892,.T.);
#9892 = EDGE_CURVE('',#5596,#5943,#9893,.T.);
#9893 = SURFACE_CURVE('',#9894,(#9898,#9905),.PCURVE_S1.);
#9894 = LINE('',#9895,#9896);
#9895 = CARTESIAN_POINT('',(4.7718,-11.7158,5.));
#9896 = VECTOR('',#9897,1.);
#9897 = DIRECTION('',(0.,0.,1.));
#9898 = PCURVE('',#5611,#9899);
#9899 = DEFINITIONAL_REPRESENTATION('',(#9900),#9904);
#9900 = LINE('',#9901,#9902);
#9901 = CARTESIAN_POINT('',(0.,-3.4));
#9902 = VECTOR('',#9903,1.);
#9903 = DIRECTION('',(1.,0.));
#9904 = ( GEOMETRIC_REPRESENTATION_CONTEXT(2) 
PARAMETRIC_REPRESENTATION_CONTEXT() REPRESENTATION_CONTEXT('2D SPACE',''
  ) );
#9905 = PCURVE('',#5639,#9906);
#9906 = DEFINITIONAL_REPRESENTATION('',(#9907),#9911);
#9907 = LINE('',#9908,#9909);
#9908 = CARTESIAN_POINT('',(0.,9.26));
#9909 = VECTOR('',#9910,1.);
#9910 = DIRECTION('',(1.,0.));
#9911 = ( GEOMETRIC_REPRESENTATION_CONTEXT(2) 
PARAMETRIC_REPRESENTATION_CONTEXT() REPRESENTATION_CONTEXT('2D SPACE',''
  ) );
#9912 = ADVANCED_FACE('',(#9913),#5639,.F.);
#9913 = FACE_BOUND('',#9914,.F.);
#9914 = EDGE_LOOP('',(#9915,#9916,#9917,#9918));
#9915 = ORIENTED_EDGE('',*,*,#9892,.F.);
#9916 = ORIENTED_EDGE('',*,*,#5623,.F.);
#9917 = ORIENTED_EDGE('',*,*,#9419,.T.);
#9918 = ORIENTED_EDGE('',*,*,#6044,.F.);
#9919 = ADVANCED_FACE('',(#9920),#5774,.T.);
#9920 = FACE_BOUND('',#9921,.T.);
#9921 = EDGE_LOOP('',(#9922,#9923,#9924));
#9922 = ORIENTED_EDGE('',*,*,#9538,.F.);
#9923 = ORIENTED_EDGE('',*,*,#9466,.F.);
#9924 = ORIENTED_EDGE('',*,*,#5757,.F.);
#9925 = ADVANCED_FACE('',(#9926),#5878,.F.);
#9926 = FACE_BOUND('',#9927,.F.);
#9927 = EDGE_LOOP('',(#9928,#9929,#9952,#9979));
#9928 = ORIENTED_EDGE('',*,*,#5861,.F.);
#9929 = ORIENTED_EDGE('',*,*,#9930,.F.);
#9930 = EDGE_CURVE('',#9931,#5862,#9933,.T.);
#9931 = VERTEX_POINT('',#9932);
#9932 = CARTESIAN_POINT('',(7.6918,-6.115800104523,5.));
#9933 = SEAM_CURVE('',#9934,(#9938,#9945),.PCURVE_S1.);
#9934 = LINE('',#9935,#9936);
#9935 = CARTESIAN_POINT('',(7.6918,-6.115800104523,5.));
#9936 = VECTOR('',#9937,1.);
#9937 = DIRECTION('',(0.,0.,1.));
#9938 = PCURVE('',#5878,#9939);
#9939 = DEFINITIONAL_REPRESENTATION('',(#9940),#9944);
#9940 = LINE('',#9941,#9942);
#9941 = CARTESIAN_POINT('',(0.,-0.));
#9942 = VECTOR('',#9943,1.);
#9943 = DIRECTION('',(0.,1.));
#9944 = ( GEOMETRIC_REPRESENTATION_CONTEXT(2) 
PARAMETRIC_REPRESENTATION_CONTEXT() REPRESENTATION_CONTEXT('2D SPACE',''
  ) );
#9945 = PCURVE('',#5878,#9946);
#9946 = DEFINITIONAL_REPRESENTATION('',(#9947),#9951);
#9947 = LINE('',#9948,#9949);
#9948 = CARTESIAN_POINT('',(6.28318530718,-0.));
#9949 = VECTOR('',#9950,1.);
#9950 = DIRECTION('',(0.,1.));
#9951 = ( GEOMETRIC_REPRESENTATION_CONTEXT(2) 
PARAMETRIC_REPRESENTATION_CONTEXT() REPRESENTATION_CONTEXT('2D SPACE',''
  ) );
#9952 = ORIENTED_EDGE('',*,*,#9953,.T.);
#9953 = EDGE_CURVE('',#9931,#9931,#9954,.T.);
#9954 = SURFACE_CURVE('',#9955,(#9960,#9967),.PCURVE_S1.);
#9955 = CIRCLE('',#9956,0.85);
#9956 = AXIS2_PLACEMENT_3D('',#9957,#9958,#9959);
#9957 = CARTESIAN_POINT('',(6.8418,-6.115800104523,5.));
#9958 = DIRECTION('',(0.,0.,1.));
#9959 = DIRECTION('',(1.,0.,-0.));
#9960 = PCURVE('',#5878,#9961);
#9961 = DEFINITIONAL_REPRESENTATION('',(#9962),#9966);
#9962 = LINE('',#9963,#9964);
#9963 = CARTESIAN_POINT('',(0.,0.));
#9964 = VECTOR('',#9965,1.);
#9965 = DIRECTION('',(1.,0.));
#9966 = ( GEOMETRIC_REPRESENTATION_CONTEXT(2) 
PARAMETRIC_REPRESENTATION_CONTEXT() REPRESENTATION_CONTEXT('2D SPACE',''
  ) );
#9967 = PCURVE('',#9968,#9973);
#9968 = PLANE('',#9969);
#9969 = AXIS2_PLACEMENT_3D('',#9970,#9971,#9972);
#9970 = CARTESIAN_POINT('',(6.8418,-6.115800104523,5.));
#9971 = DIRECTION('',(0.,0.,1.));
#9972 = DIRECTION('',(1.,0.,-0.));
#9973 = DEFINITIONAL_REPRESENTATION('',(#9974),#9978);
#9974 = CIRCLE('',#9975,0.85);
#9975 = AXIS2_PLACEMENT_2D('',#9976,#9977);
#9976 = CARTESIAN_POINT('',(0.,0.));
#9977 = DIRECTION('',(1.,0.));
#9978 = ( GEOMETRIC_REPRESENTATION_CONTEXT(2) 
PARAMETRIC_REPRESENTATION_CONTEXT() REPRESENTATION_CONTEXT('2D SPACE',''
  ) );
#9979 = ORIENTED_EDGE('',*,*,#9930,.T.);
#9980 = ADVANCED_FACE('',(#9981),#6009,.T.);
#9981 = FACE_BOUND('',#9982,.T.);
#9982 = EDGE_LOOP('',(#9983,#10004,#10005,#10006));
#9983 = ORIENTED_EDGE('',*,*,#9984,.F.);
#9984 = EDGE_CURVE('',#9491,#6094,#9985,.T.);
#9985 = SURFACE_CURVE('',#9986,(#9990,#9997),.PCURVE_S1.);
#9986 = LINE('',#9987,#9988);
#9987 = CARTESIAN_POINT('',(-5.2082,-6.815800104523,8.1));
#9988 = VECTOR('',#9989,1.);
#9989 = DIRECTION('',(1.,0.,-0.));
#9990 = PCURVE('',#6009,#9991);
#9991 = DEFINITIONAL_REPRESENTATION('',(#9992),#9996);
#9992 = LINE('',#9993,#9994);
#9993 = CARTESIAN_POINT('',(0.,0.));
#9994 = VECTOR('',#9995,1.);
#9995 = DIRECTION('',(0.,1.));
#9996 = ( GEOMETRIC_REPRESENTATION_CONTEXT(2) 
PARAMETRIC_REPRESENTATION_CONTEXT() REPRESENTATION_CONTEXT('2D SPACE',''
  ) );
#9997 = PCURVE('',#6130,#9998);
#9998 = DEFINITIONAL_REPRESENTATION('',(#9999),#10003);
#9999 = LINE('',#10000,#10001);
#10000 = CARTESIAN_POINT('',(0.,0.));
#10001 = VECTOR('',#10002,1.);
#10002 = DIRECTION('',(1.,0.));
#10003 = ( GEOMETRIC_REPRESENTATION_CONTEXT(2) 
PARAMETRIC_REPRESENTATION_CONTEXT() REPRESENTATION_CONTEXT('2D SPACE',''
  ) );
#10004 = ORIENTED_EDGE('',*,*,#9513,.T.);
#10005 = ORIENTED_EDGE('',*,*,#5993,.F.);
#10006 = ORIENTED_EDGE('',*,*,#6093,.F.);
#10007 = ADVANCED_FACE('',(#10008),#6130,.T.);
#10008 = FACE_BOUND('',#10009,.T.);
#10009 = EDGE_LOOP('',(#10010,#10011,#10012));
#10010 = ORIENTED_EDGE('',*,*,#6115,.F.);
#10011 = ORIENTED_EDGE('',*,*,#9490,.F.);
#10012 = ORIENTED_EDGE('',*,*,#9984,.T.);
#10013 = ADVANCED_FACE('',(#10014),#6184,.F.);
#10014 = FACE_BOUND('',#10015,.F.);
#10015 = EDGE_LOOP('',(#10016,#10037,#10038,#10039,#10060,#10061,#10082,
    #10083,#10084,#10085,#10086,#10087,#10088,#10089,#10110,#10111,
    #10132,#10133,#10134,#10155,#10156,#10177,#10178,#10179,#10200,
    #10201,#10222,#10223,#10244,#10245,#10268,#10291,#10312,#10313,
    #10334,#10335,#10356,#10357,#10378,#10379,#10400,#10401,#10422,
    #10423,#10444,#10445,#10468,#10489,#10490,#10491,#10512,#10513,
    #10514,#10535));
#10016 = ORIENTED_EDGE('',*,*,#10017,.T.);
#10017 = EDGE_CURVE('',#6673,#6620,#10018,.T.);
#10018 = SURFACE_CURVE('',#10019,(#10023,#10030),.PCURVE_S1.);
#10019 = LINE('',#10020,#10021);
#10020 = CARTESIAN_POINT('',(2.390622651908,0.731758024059,4.2));
#10021 = VECTOR('',#10022,1.);
#10022 = DIRECTION('',(-0.300050263667,0.95392339277,0.));
#10023 = PCURVE('',#6184,#10024);
#10024 = DEFINITIONAL_REPRESENTATION('',(#10025),#10029);
#10025 = LINE('',#10026,#10027);
#10026 = CARTESIAN_POINT('',(2.390622651908,0.731758024059));
#10027 = VECTOR('',#10028,1.);
#10028 = DIRECTION('',(-0.300050263667,0.95392339277));
#10029 = ( GEOMETRIC_REPRESENTATION_CONTEXT(2) 
PARAMETRIC_REPRESENTATION_CONTEXT() REPRESENTATION_CONTEXT('2D SPACE',''
  ) );
#10030 = PCURVE('',#6635,#10031);
#10031 = DEFINITIONAL_REPRESENTATION('',(#10032),#10036);
#10032 = LINE('',#10033,#10034);
#10033 = CARTESIAN_POINT('',(-1.926586003597E-02,-0.112310965469));
#10034 = VECTOR('',#10035,1.);
#10035 = DIRECTION('',(-1.,0.));
#10036 = ( GEOMETRIC_REPRESENTATION_CONTEXT(2) 
PARAMETRIC_REPRESENTATION_CONTEXT() REPRESENTATION_CONTEXT('2D SPACE',''
  ) );
#10037 = ORIENTED_EDGE('',*,*,#6647,.T.);
#10038 = ORIENTED_EDGE('',*,*,#6594,.T.);
#10039 = ORIENTED_EDGE('',*,*,#10040,.T.);
#10040 = EDGE_CURVE('',#6548,#6496,#10041,.T.);
#10041 = SURFACE_CURVE('',#10042,(#10046,#10053),.PCURVE_S1.);
#10042 = LINE('',#10043,#10044);
#10043 = CARTESIAN_POINT('',(1.892896212881,1.525211135981,4.2));
#10044 = VECTOR('',#10045,1.);
#10045 = DIRECTION('',(-0.647518178357,0.762050004066,0.));
#10046 = PCURVE('',#6184,#10047);
#10047 = DEFINITIONAL_REPRESENTATION('',(#10048),#10052);
#10048 = LINE('',#10049,#10050);
#10049 = CARTESIAN_POINT('',(1.892896212881,1.525211135981));
#10050 = VECTOR('',#10051,1.);
#10051 = DIRECTION('',(-0.647518178357,0.762050004066));
#10052 = ( GEOMETRIC_REPRESENTATION_CONTEXT(2) 
PARAMETRIC_REPRESENTATION_CONTEXT() REPRESENTATION_CONTEXT('2D SPACE',''
  ) );
#10053 = PCURVE('',#6511,#10054);
#10054 = DEFINITIONAL_REPRESENTATION('',(#10055),#10059);
#10055 = LINE('',#10056,#10057);
#10056 = CARTESIAN_POINT('',(-6.339755520809E-02,-0.113362897912));
#10057 = VECTOR('',#10058,1.);
#10058 = DIRECTION('',(-1.,3.347056472742E-16));
#10059 = ( GEOMETRIC_REPRESENTATION_CONTEXT(2) 
PARAMETRIC_REPRESENTATION_CONTEXT() REPRESENTATION_CONTEXT('2D SPACE',''
  ) );
#10060 = ORIENTED_EDGE('',*,*,#6523,.T.);
#10061 = ORIENTED_EDGE('',*,*,#10062,.T.);
#10062 = EDGE_CURVE('',#6472,#6418,#10063,.T.);
#10063 = SURFACE_CURVE('',#10064,(#10068,#10075),.PCURVE_S1.);
#10064 = LINE('',#10065,#10066);
#10065 = CARTESIAN_POINT('',(1.532482149152,1.828236692854,4.2));
#10066 = VECTOR('',#10067,1.);
#10067 = DIRECTION('',(-0.787226973653,0.616663353827,0.));
#10068 = PCURVE('',#6184,#10069);
#10069 = DEFINITIONAL_REPRESENTATION('',(#10070),#10074);
#10070 = LINE('',#10071,#10072);
#10071 = CARTESIAN_POINT('',(1.532482149152,1.828236692854));
#10072 = VECTOR('',#10073,1.);
#10073 = DIRECTION('',(-0.787226973653,0.616663353827));
#10074 = ( GEOMETRIC_REPRESENTATION_CONTEXT(2) 
PARAMETRIC_REPRESENTATION_CONTEXT() REPRESENTATION_CONTEXT('2D SPACE',''
  ) );
#10075 = PCURVE('',#6433,#10076);
#10076 = DEFINITIONAL_REPRESENTATION('',(#10077),#10081);
#10077 = LINE('',#10078,#10079);
#10078 = CARTESIAN_POINT('',(7.900471384831E-02,0.113782824142));
#10079 = VECTOR('',#10080,1.);
#10080 = DIRECTION('',(1.,0.));
#10081 = ( GEOMETRIC_REPRESENTATION_CONTEXT(2) 
PARAMETRIC_REPRESENTATION_CONTEXT() REPRESENTATION_CONTEXT('2D SPACE',''
  ) );
#10082 = ORIENTED_EDGE('',*,*,#6445,.T.);
#10083 = ORIENTED_EDGE('',*,*,#6391,.T.);
#10084 = ORIENTED_EDGE('',*,*,#6342,.T.);
#10085 = ORIENTED_EDGE('',*,*,#6293,.T.);
#10086 = ORIENTED_EDGE('',*,*,#6244,.T.);
#10087 = ORIENTED_EDGE('',*,*,#6168,.T.);
#10088 = ORIENTED_EDGE('',*,*,#8560,.T.);
#10089 = ORIENTED_EDGE('',*,*,#10090,.T.);
#10090 = EDGE_CURVE('',#8531,#8614,#10091,.T.);
#10091 = SURFACE_CURVE('',#10092,(#10096,#10103),.PCURVE_S1.);
#10092 = LINE('',#10093,#10094);
#10093 = CARTESIAN_POINT('',(-1.367248397161,1.689293797691,4.2));
#10094 = VECTOR('',#10095,1.);
#10095 = DIRECTION('',(-0.785556156503,-0.618790372405,0.));
#10096 = PCURVE('',#6184,#10097);
#10097 = DEFINITIONAL_REPRESENTATION('',(#10098),#10102);
#10098 = LINE('',#10099,#10100);
#10099 = CARTESIAN_POINT('',(-1.367248397161,1.689293797691));
#10100 = VECTOR('',#10101,1.);
#10101 = DIRECTION('',(-0.785556156503,-0.618790372405));
#10102 = ( GEOMETRIC_REPRESENTATION_CONTEXT(2) 
PARAMETRIC_REPRESENTATION_CONTEXT() REPRESENTATION_CONTEXT('2D SPACE',''
  ) );
#10103 = PCURVE('',#8546,#10104);
#10104 = DEFINITIONAL_REPRESENTATION('',(#10105),#10109);
#10105 = LINE('',#10106,#10107);
#10106 = CARTESIAN_POINT('',(-2.873165768363E-02,0.114493573559));
#10107 = VECTOR('',#10108,1.);
#10108 = DIRECTION('',(1.,1.000892745644E-15));
#10109 = ( GEOMETRIC_REPRESENTATION_CONTEXT(2) 
PARAMETRIC_REPRESENTATION_CONTEXT() REPRESENTATION_CONTEXT('2D SPACE',''
  ) );
#10110 = ORIENTED_EDGE('',*,*,#8636,.T.);
#10111 = ORIENTED_EDGE('',*,*,#10112,.T.);
#10112 = EDGE_CURVE('',#8585,#8885,#10113,.T.);
#10113 = SURFACE_CURVE('',#10114,(#10118,#10125),.PCURVE_S1.);
#10114 = LINE('',#10115,#10116);
#10115 = CARTESIAN_POINT('',(-1.678834667472,1.375710608622,4.2));
#10116 = VECTOR('',#10117,1.);
#10117 = DIRECTION('',(-0.647518178357,-0.762050004066,0.));
#10118 = PCURVE('',#6184,#10119);
#10119 = DEFINITIONAL_REPRESENTATION('',(#10120),#10124);
#10120 = LINE('',#10121,#10122);
#10121 = CARTESIAN_POINT('',(-1.678834667472,1.375710608622));
#10122 = VECTOR('',#10123,1.);
#10123 = DIRECTION('',(-0.647518178357,-0.762050004066));
#10124 = ( GEOMETRIC_REPRESENTATION_CONTEXT(2) 
PARAMETRIC_REPRESENTATION_CONTEXT() REPRESENTATION_CONTEXT('2D SPACE',''
  ) );
#10125 = PCURVE('',#8600,#10126);
#10126 = DEFINITIONAL_REPRESENTATION('',(#10127),#10131);
#10127 = LINE('',#10128,#10129);
#10128 = CARTESIAN_POINT('',(3.871569074947E-02,-0.113337536488));
#10129 = VECTOR('',#10130,1.);
#10130 = DIRECTION('',(-1.,0.));
#10131 = ( GEOMETRIC_REPRESENTATION_CONTEXT(2) 
PARAMETRIC_REPRESENTATION_CONTEXT() REPRESENTATION_CONTEXT('2D SPACE',''
  ) );
#10132 = ORIENTED_EDGE('',*,*,#8907,.T.);
#10133 = ORIENTED_EDGE('',*,*,#8859,.T.);
#10134 = ORIENTED_EDGE('',*,*,#10135,.T.);
#10135 = EDGE_CURVE('',#8813,#8737,#10136,.T.);
#10136 = SURFACE_CURVE('',#10137,(#10141,#10148),.PCURVE_S1.);
#10137 = LINE('',#10138,#10139);
#10138 = CARTESIAN_POINT('',(-2.089094510926,0.60557712381,4.2));
#10139 = VECTOR('',#10140,1.);
#10140 = DIRECTION('',(-0.304146088075,-0.952625402301,0.));
#10141 = PCURVE('',#6184,#10142);
#10142 = DEFINITIONAL_REPRESENTATION('',(#10143),#10147);
#10143 = LINE('',#10144,#10145);
#10144 = CARTESIAN_POINT('',(-2.089094510926,0.60557712381));
#10145 = VECTOR('',#10146,1.);
#10146 = DIRECTION('',(-0.304146088075,-0.952625402301));
#10147 = ( GEOMETRIC_REPRESENTATION_CONTEXT(2) 
PARAMETRIC_REPRESENTATION_CONTEXT() REPRESENTATION_CONTEXT('2D SPACE',''
  ) );
#10148 = PCURVE('',#8797,#10149);
#10149 = DEFINITIONAL_REPRESENTATION('',(#10150),#10154);
#10150 = LINE('',#10151,#10152);
#10151 = CARTESIAN_POINT('',(5.85017719229E-02,-0.11236382911));
#10152 = VECTOR('',#10153,1.);
#10153 = DIRECTION('',(-1.,4.82169292315E-17));
#10154 = ( GEOMETRIC_REPRESENTATION_CONTEXT(2) 
PARAMETRIC_REPRESENTATION_CONTEXT() REPRESENTATION_CONTEXT('2D SPACE',''
  ) );
#10155 = ORIENTED_EDGE('',*,*,#8736,.T.);
#10156 = ORIENTED_EDGE('',*,*,#10157,.T.);
#10157 = EDGE_CURVE('',#8739,#8661,#10158,.T.);
#10158 = SURFACE_CURVE('',#10159,(#10163,#10170),.PCURVE_S1.);
#10159 = LINE('',#10160,#10161);
#10160 = CARTESIAN_POINT('',(-2.174312166312,0.162439161851,4.2));
#10161 = VECTOR('',#10162,1.);
#10162 = DIRECTION('',(-9.817461617911E-02,-0.995169204074,0.));
#10163 = PCURVE('',#6184,#10164);
#10164 = DEFINITIONAL_REPRESENTATION('',(#10165),#10169);
#10165 = LINE('',#10166,#10167);
#10166 = CARTESIAN_POINT('',(-2.174312166312,0.162439161851));
#10167 = VECTOR('',#10168,1.);
#10168 = DIRECTION('',(-9.817461617911E-02,-0.995169204074));
#10169 = ( GEOMETRIC_REPRESENTATION_CONTEXT(2) 
PARAMETRIC_REPRESENTATION_CONTEXT() REPRESENTATION_CONTEXT('2D SPACE',''
  ) );
#10170 = PCURVE('',#8676,#10171);
#10171 = DEFINITIONAL_REPRESENTATION('',(#10172),#10176);
#10172 = LINE('',#10173,#10174);
#10173 = CARTESIAN_POINT('',(5.180781097213E-02,-0.11253093955));
#10174 = VECTOR('',#10175,1.);
#10175 = DIRECTION('',(-1.,0.));
#10176 = ( GEOMETRIC_REPRESENTATION_CONTEXT(2) 
PARAMETRIC_REPRESENTATION_CONTEXT() REPRESENTATION_CONTEXT('2D SPACE',''
  ) );
#10177 = ORIENTED_EDGE('',*,*,#8688,.T.);
#10178 = ORIENTED_EDGE('',*,*,#9114,.T.);
#10179 = ORIENTED_EDGE('',*,*,#10180,.T.);
#10180 = EDGE_CURVE('',#9090,#9038,#10181,.T.);
#10181 = SURFACE_CURVE('',#10182,(#10186,#10193),.PCURVE_S1.);
#10182 = LINE('',#10183,#10184);
#10183 = CARTESIAN_POINT('',(-2.071045510112,-0.716231877535,4.2));
#10184 = VECTOR('',#10185,1.);
#10185 = DIRECTION('',(0.304144852279,-0.952625796854,0.));
#10186 = PCURVE('',#6184,#10187);
#10187 = DEFINITIONAL_REPRESENTATION('',(#10188),#10192);
#10188 = LINE('',#10189,#10190);
#10189 = CARTESIAN_POINT('',(-2.071045510112,-0.716231877535));
#10190 = VECTOR('',#10191,1.);
#10191 = DIRECTION('',(0.304144852279,-0.952625796854));
#10192 = ( GEOMETRIC_REPRESENTATION_CONTEXT(2) 
PARAMETRIC_REPRESENTATION_CONTEXT() REPRESENTATION_CONTEXT('2D SPACE',''
  ) );
#10193 = PCURVE('',#9053,#10194);
#10194 = DEFINITIONAL_REPRESENTATION('',(#10195),#10199);
#10195 = LINE('',#10196,#10197);
#10196 = CARTESIAN_POINT('',(5.240313233268E-02,-0.112364079974));
#10197 = VECTOR('',#10198,1.);
#10198 = DIRECTION('',(-1.,-5.127531760489E-16));
#10199 = ( GEOMETRIC_REPRESENTATION_CONTEXT(2) 
PARAMETRIC_REPRESENTATION_CONTEXT() REPRESENTATION_CONTEXT('2D SPACE',''
  ) );
#10200 = ORIENTED_EDGE('',*,*,#9065,.T.);
#10201 = ORIENTED_EDGE('',*,*,#10202,.T.);
#10202 = EDGE_CURVE('',#9014,#8962,#10203,.T.);
#10203 = SURFACE_CURVE('',#10204,(#10208,#10215),.PCURVE_S1.);
#10204 = LINE('',#10205,#10206);
#10205 = CARTESIAN_POINT('',(-1.892093288931,-1.116571576512,4.2));
#10206 = VECTOR('',#10207,1.);
#10207 = DIRECTION('',(0.484125560534,-0.874998538077,0.));
#10208 = PCURVE('',#6184,#10209);
#10209 = DEFINITIONAL_REPRESENTATION('',(#10210),#10214);
#10210 = LINE('',#10211,#10212);
#10211 = CARTESIAN_POINT('',(-1.892093288931,-1.116571576512));
#10212 = VECTOR('',#10213,1.);
#10213 = DIRECTION('',(0.484125560534,-0.874998538077));
#10214 = ( GEOMETRIC_REPRESENTATION_CONTEXT(2) 
PARAMETRIC_REPRESENTATION_CONTEXT() REPRESENTATION_CONTEXT('2D SPACE',''
  ) );
#10215 = PCURVE('',#8977,#10216);
#10216 = DEFINITIONAL_REPRESENTATION('',(#10217),#10221);
#10217 = LINE('',#10218,#10219);
#10218 = CARTESIAN_POINT('',(6.098777301982E-02,-0.112793738553));
#10219 = VECTOR('',#10220,1.);
#10220 = DIRECTION('',(-1.,1.863224672895E-17));
#10221 = ( GEOMETRIC_REPRESENTATION_CONTEXT(2) 
PARAMETRIC_REPRESENTATION_CONTEXT() REPRESENTATION_CONTEXT('2D SPACE',''
  ) );
#10222 = ORIENTED_EDGE('',*,*,#8989,.T.);
#10223 = ORIENTED_EDGE('',*,*,#10224,.T.);
#10224 = EDGE_CURVE('',#8933,#9168,#10225,.T.);
#10225 = SURFACE_CURVE('',#10226,(#10230,#10237),.PCURVE_S1.);
#10226 = LINE('',#10227,#10228);
#10227 = CARTESIAN_POINT('',(-1.635760859888,-1.47840240365,4.2));
#10228 = VECTOR('',#10229,1.);
#10229 = DIRECTION('',(0.647516105492,-0.762051765387,0.));
#10230 = PCURVE('',#6184,#10231);
#10231 = DEFINITIONAL_REPRESENTATION('',(#10232),#10236);
#10232 = LINE('',#10233,#10234);
#10233 = CARTESIAN_POINT('',(-1.635760859888,-1.47840240365));
#10234 = VECTOR('',#10235,1.);
#10235 = DIRECTION('',(0.647516105492,-0.762051765387));
#10236 = ( GEOMETRIC_REPRESENTATION_CONTEXT(2) 
PARAMETRIC_REPRESENTATION_CONTEXT() REPRESENTATION_CONTEXT('2D SPACE',''
  ) );
#10237 = PCURVE('',#8948,#10238);
#10238 = DEFINITIONAL_REPRESENTATION('',(#10239),#10243);
#10239 = LINE('',#10240,#10241);
#10240 = CARTESIAN_POINT('',(6.743766014243E-02,-0.113337735319));
#10241 = VECTOR('',#10242,1.);
#10242 = DIRECTION('',(-1.,0.));
#10243 = ( GEOMETRIC_REPRESENTATION_CONTEXT(2) 
PARAMETRIC_REPRESENTATION_CONTEXT() REPRESENTATION_CONTEXT('2D SPACE',''
  ) );
#10244 = ORIENTED_EDGE('',*,*,#9190,.T.);
#10245 = ORIENTED_EDGE('',*,*,#10246,.T.);
#10246 = EDGE_CURVE('',#9139,#10247,#10249,.T.);
#10247 = VERTEX_POINT('',#10248);
#10248 = CARTESIAN_POINT('',(-1.142997741699,-1.920070901974,4.2));
#10249 = SURFACE_CURVE('',#10250,(#10254,#10261),.PCURVE_S1.);
#10250 = LINE('',#10251,#10252);
#10251 = CARTESIAN_POINT('',(-1.312651758148,-1.786432751284,4.2));
#10252 = VECTOR('',#10253,1.);
#10253 = DIRECTION('',(0.785556156503,-0.618790372405,0.));
#10254 = PCURVE('',#6184,#10255);
#10255 = DEFINITIONAL_REPRESENTATION('',(#10256),#10260);
#10256 = LINE('',#10257,#10258);
#10257 = CARTESIAN_POINT('',(-1.312651758148,-1.786432751284));
#10258 = VECTOR('',#10259,1.);
#10259 = DIRECTION('',(0.785556156503,-0.618790372405));
#10260 = ( GEOMETRIC_REPRESENTATION_CONTEXT(2) 
PARAMETRIC_REPRESENTATION_CONTEXT() REPRESENTATION_CONTEXT('2D SPACE',''
  ) );
#10261 = PCURVE('',#9154,#10262);
#10262 = DEFINITIONAL_REPRESENTATION('',(#10263),#10267);
#10263 = LINE('',#10264,#10265);
#10264 = CARTESIAN_POINT('',(-7.426571748631E-02,0.1173276375));
#10265 = VECTOR('',#10266,1.);
#10266 = DIRECTION('',(1.,1.116109453174E-15));
#10267 = ( GEOMETRIC_REPRESENTATION_CONTEXT(2) 
PARAMETRIC_REPRESENTATION_CONTEXT() REPRESENTATION_CONTEXT('2D SPACE',''
  ) );
#10268 = ORIENTED_EDGE('',*,*,#10269,.T.);
#10269 = EDGE_CURVE('',#10247,#10270,#10272,.T.);
#10270 = VERTEX_POINT('',#10271);
#10271 = CARTESIAN_POINT('',(-0.926672975838,-2.031403187205,4.2));
#10272 = SURFACE_CURVE('',#10273,(#10277,#10284),.PCURVE_S1.);
#10273 = LINE('',#10274,#10275);
#10274 = CARTESIAN_POINT('',(-1.018219810259,-1.984288293812,4.2));
#10275 = VECTOR('',#10276,1.);
#10276 = DIRECTION('',(0.889154782907,-0.457606569046,0.));
#10277 = PCURVE('',#6184,#10278);
#10278 = DEFINITIONAL_REPRESENTATION('',(#10279),#10283);
#10279 = LINE('',#10280,#10281);
#10280 = CARTESIAN_POINT('',(-1.018219810259,-1.984288293812));
#10281 = VECTOR('',#10282,1.);
#10282 = DIRECTION('',(0.889154782907,-0.457606569046));
#10283 = ( GEOMETRIC_REPRESENTATION_CONTEXT(2) 
PARAMETRIC_REPRESENTATION_CONTEXT() REPRESENTATION_CONTEXT('2D SPACE',''
  ) );
#10284 = PCURVE('',#7549,#10285);
#10285 = DEFINITIONAL_REPRESENTATION('',(#10286),#10290);
#10286 = LINE('',#10287,#10288);
#10287 = CARTESIAN_POINT('',(-2.668343788273E-03,-5.79988708176E-02));
#10288 = VECTOR('',#10289,1.);
#10289 = DIRECTION('',(1.,2.219748396996E-15));
#10290 = ( GEOMETRIC_REPRESENTATION_CONTEXT(2) 
PARAMETRIC_REPRESENTATION_CONTEXT() REPRESENTATION_CONTEXT('2D SPACE',''
  ) );
#10291 = ORIENTED_EDGE('',*,*,#10292,.T.);
#10292 = EDGE_CURVE('',#10270,#7460,#10293,.T.);
#10293 = SURFACE_CURVE('',#10294,(#10298,#10305),.PCURVE_S1.);
#10294 = LINE('',#10295,#10296);
#10295 = CARTESIAN_POINT('',(-0.941206687796,-2.023922788009,4.2));
#10296 = VECTOR('',#10297,1.);
#10297 = DIRECTION('',(0.889140486396,-0.457634346888,0.));
#10298 = PCURVE('',#6184,#10299);
#10299 = DEFINITIONAL_REPRESENTATION('',(#10300),#10304);
#10300 = LINE('',#10301,#10302);
#10301 = CARTESIAN_POINT('',(-0.941206687796,-2.023922788009));
#10302 = VECTOR('',#10303,1.);
#10303 = DIRECTION('',(0.889140486396,-0.457634346888));
#10304 = ( GEOMETRIC_REPRESENTATION_CONTEXT(2) 
PARAMETRIC_REPRESENTATION_CONTEXT() REPRESENTATION_CONTEXT('2D SPACE',''
  ) );
#10305 = PCURVE('',#7475,#10306);
#10306 = DEFINITIONAL_REPRESENTATION('',(#10307),#10311);
#10307 = LINE('',#10308,#10309);
#10308 = CARTESIAN_POINT('',(-8.935161105645E-02,0.113981445719));
#10309 = VECTOR('',#10310,1.);
#10310 = DIRECTION('',(1.,3.992604379444E-16));
#10311 = ( GEOMETRIC_REPRESENTATION_CONTEXT(2) 
PARAMETRIC_REPRESENTATION_CONTEXT() REPRESENTATION_CONTEXT('2D SPACE',''
  ) );
#10312 = ORIENTED_EDGE('',*,*,#7487,.T.);
#10313 = ORIENTED_EDGE('',*,*,#10314,.T.);
#10314 = EDGE_CURVE('',#7488,#7385,#10315,.T.);
#10315 = SURFACE_CURVE('',#10316,(#10320,#10327),.PCURVE_S1.);
#10316 = LINE('',#10317,#10318);
#10317 = CARTESIAN_POINT('',(-0.530775669728,-2.189854357302,4.2));
#10318 = VECTOR('',#10319,1.);
#10319 = DIRECTION('',(0.95970839586,-0.280997855715,0.));
#10320 = PCURVE('',#6184,#10321);
#10321 = DEFINITIONAL_REPRESENTATION('',(#10322),#10326);
#10322 = LINE('',#10323,#10324);
#10323 = CARTESIAN_POINT('',(-0.530775669728,-2.189854357302));
#10324 = VECTOR('',#10325,1.);
#10325 = DIRECTION('',(0.95970839586,-0.280997855715));
#10326 = ( GEOMETRIC_REPRESENTATION_CONTEXT(2) 
PARAMETRIC_REPRESENTATION_CONTEXT() REPRESENTATION_CONTEXT('2D SPACE',''
  ) );
#10327 = PCURVE('',#7400,#10328);
#10328 = DEFINITIONAL_REPRESENTATION('',(#10329),#10333);
#10329 = LINE('',#10330,#10331);
#10330 = CARTESIAN_POINT('',(-0.105954512174,0.114497409415));
#10331 = VECTOR('',#10332,1.);
#10332 = DIRECTION('',(1.,-1.194499610465E-15));
#10333 = ( GEOMETRIC_REPRESENTATION_CONTEXT(2) 
PARAMETRIC_REPRESENTATION_CONTEXT() REPRESENTATION_CONTEXT('2D SPACE',''
  ) );
#10334 = ORIENTED_EDGE('',*,*,#7412,.T.);
#10335 = ORIENTED_EDGE('',*,*,#10336,.T.);
#10336 = EDGE_CURVE('',#7413,#7308,#10337,.T.);
#10337 = SURFACE_CURVE('',#10338,(#10342,#10349),.PCURVE_S1.);
#10338 = LINE('',#10339,#10340);
#10339 = CARTESIAN_POINT('',(-9.432098921564E-02,-2.278791086815,4.2));
#10340 = VECTOR('',#10341,1.);
#10341 = DIRECTION('',(0.99549554648,-9.480831681742E-02,0.));
#10342 = PCURVE('',#6184,#10343);
#10343 = DEFINITIONAL_REPRESENTATION('',(#10344),#10348);
#10344 = LINE('',#10345,#10346);
#10345 = CARTESIAN_POINT('',(-9.432098921564E-02,-2.278791086815));
#10346 = VECTOR('',#10347,1.);
#10347 = DIRECTION('',(0.99549554648,-9.480831681742E-02));
#10348 = ( GEOMETRIC_REPRESENTATION_CONTEXT(2) 
PARAMETRIC_REPRESENTATION_CONTEXT() REPRESENTATION_CONTEXT('2D SPACE',''
  ) );
#10349 = PCURVE('',#7323,#10350);
#10350 = DEFINITIONAL_REPRESENTATION('',(#10351),#10355);
#10351 = LINE('',#10352,#10353);
#10352 = CARTESIAN_POINT('',(-0.122152222616,0.114698099461));
#10353 = VECTOR('',#10354,1.);
#10354 = DIRECTION('',(1.,2.416457008803E-17));
#10355 = ( GEOMETRIC_REPRESENTATION_CONTEXT(2) 
PARAMETRIC_REPRESENTATION_CONTEXT() REPRESENTATION_CONTEXT('2D SPACE',''
  ) );
#10356 = ORIENTED_EDGE('',*,*,#7335,.T.);
#10357 = ORIENTED_EDGE('',*,*,#10358,.T.);
#10358 = EDGE_CURVE('',#7336,#7233,#10359,.T.);
#10359 = SURFACE_CURVE('',#10360,(#10364,#10371),.PCURVE_S1.);
#10360 = LINE('',#10361,#10362);
#10361 = CARTESIAN_POINT('',(0.353998377293,-2.286556673473,4.2));
#10362 = VECTOR('',#10363,1.);
#10363 = DIRECTION('',(0.995456879388,9.521345114641E-02,-0.));
#10364 = PCURVE('',#6184,#10365);
#10365 = DEFINITIONAL_REPRESENTATION('',(#10366),#10370);
#10366 = LINE('',#10367,#10368);
#10367 = CARTESIAN_POINT('',(0.353998377293,-2.286556673473));
#10368 = VECTOR('',#10369,1.);
#10369 = DIRECTION('',(0.995456879388,9.521345114641E-02));
#10370 = ( GEOMETRIC_REPRESENTATION_CONTEXT(2) 
PARAMETRIC_REPRESENTATION_CONTEXT() REPRESENTATION_CONTEXT('2D SPACE',''
  ) );
#10371 = PCURVE('',#7248,#10372);
#10372 = DEFINITIONAL_REPRESENTATION('',(#10373),#10377);
#10373 = LINE('',#10374,#10375);
#10374 = CARTESIAN_POINT('',(-0.134679167845,0.114437971388));
#10375 = VECTOR('',#10376,1.);
#10376 = DIRECTION('',(1.,3.024997436218E-16));
#10377 = ( GEOMETRIC_REPRESENTATION_CONTEXT(2) 
PARAMETRIC_REPRESENTATION_CONTEXT() REPRESENTATION_CONTEXT('2D SPACE',''
  ) );
#10378 = ORIENTED_EDGE('',*,*,#7260,.T.);
#10379 = ORIENTED_EDGE('',*,*,#10380,.T.);
#10380 = EDGE_CURVE('',#7261,#7180,#10381,.T.);
#10381 = SURFACE_CURVE('',#10382,(#10386,#10393),.PCURVE_S1.);
#10382 = LINE('',#10383,#10384);
#10383 = CARTESIAN_POINT('',(0.798185833775,-2.21111068521,4.2));
#10384 = VECTOR('',#10385,1.);
#10385 = DIRECTION('',(0.959708395859,0.280997855716,-0.));
#10386 = PCURVE('',#6184,#10387);
#10387 = DEFINITIONAL_REPRESENTATION('',(#10388),#10392);
#10388 = LINE('',#10389,#10390);
#10389 = CARTESIAN_POINT('',(0.798185833775,-2.21111068521));
#10390 = VECTOR('',#10391,1.);
#10391 = DIRECTION('',(0.959708395859,0.280997855716));
#10392 = ( GEOMETRIC_REPRESENTATION_CONTEXT(2) 
PARAMETRIC_REPRESENTATION_CONTEXT() REPRESENTATION_CONTEXT('2D SPACE',''
  ) );
#10393 = PCURVE('',#7195,#10394);
#10394 = DEFINITIONAL_REPRESENTATION('',(#10395),#10399);
#10395 = LINE('',#10396,#10397);
#10396 = CARTESIAN_POINT('',(-0.144708284833,0.114516535927));
#10397 = VECTOR('',#10398,1.);
#10398 = DIRECTION('',(1.,-1.058329693591E-15));
#10399 = ( GEOMETRIC_REPRESENTATION_CONTEXT(2) 
PARAMETRIC_REPRESENTATION_CONTEXT() REPRESENTATION_CONTEXT('2D SPACE',''
  ) );
#10400 = ORIENTED_EDGE('',*,*,#7207,.T.);
#10401 = ORIENTED_EDGE('',*,*,#10402,.T.);
#10402 = EDGE_CURVE('',#7156,#7104,#10403,.T.);
#10403 = SURFACE_CURVE('',#10404,(#10408,#10415),.PCURVE_S1.);
#10404 = LINE('',#10405,#10406);
#10405 = CARTESIAN_POINT('',(1.224179766542,-2.05327622869,4.2));
#10406 = VECTOR('',#10407,1.);
#10407 = DIRECTION('',(0.889133522027,0.457647877748,-0.));
#10408 = PCURVE('',#6184,#10409);
#10409 = DEFINITIONAL_REPRESENTATION('',(#10410),#10414);
#10410 = LINE('',#10411,#10412);
#10411 = CARTESIAN_POINT('',(1.224179766542,-2.05327622869));
#10412 = VECTOR('',#10413,1.);
#10413 = DIRECTION('',(0.889133522027,0.457647877748));
#10414 = ( GEOMETRIC_REPRESENTATION_CONTEXT(2) 
PARAMETRIC_REPRESENTATION_CONTEXT() REPRESENTATION_CONTEXT('2D SPACE',''
  ) );
#10415 = PCURVE('',#7119,#10416);
#10416 = DEFINITIONAL_REPRESENTATION('',(#10417),#10421);
#10417 = LINE('',#10418,#10419);
#10418 = CARTESIAN_POINT('',(-0.14878175893,0.114010413694));
#10419 = VECTOR('',#10420,1.);
#10420 = DIRECTION('',(1.,8.414823105232E-17));
#10421 = ( GEOMETRIC_REPRESENTATION_CONTEXT(2) 
PARAMETRIC_REPRESENTATION_CONTEXT() REPRESENTATION_CONTEXT('2D SPACE',''
  ) );
#10422 = ORIENTED_EDGE('',*,*,#7131,.T.);
#10423 = ORIENTED_EDGE('',*,*,#10424,.T.);
#10424 = EDGE_CURVE('',#7080,#7028,#10425,.T.);
#10425 = SURFACE_CURVE('',#10426,(#10430,#10437),.PCURVE_S1.);
#10426 = LINE('',#10427,#10428);
#10427 = CARTESIAN_POINT('',(1.61342155876,-1.816833972394,4.2));
#10428 = VECTOR('',#10429,1.);
#10429 = DIRECTION('',(0.787226973653,0.616663353827,-0.));
#10430 = PCURVE('',#6184,#10431);
#10431 = DEFINITIONAL_REPRESENTATION('',(#10432),#10436);
#10432 = LINE('',#10433,#10434);
#10433 = CARTESIAN_POINT('',(1.61342155876,-1.816833972394));
#10434 = VECTOR('',#10435,1.);
#10435 = DIRECTION('',(0.787226973653,0.616663353827));
#10436 = ( GEOMETRIC_REPRESENTATION_CONTEXT(2) 
PARAMETRIC_REPRESENTATION_CONTEXT() REPRESENTATION_CONTEXT('2D SPACE',''
  ) );
#10437 = PCURVE('',#7043,#10438);
#10438 = DEFINITIONAL_REPRESENTATION('',(#10439),#10443);
#10439 = LINE('',#10440,#10441);
#10440 = CARTESIAN_POINT('',(-0.149754040166,0.113782824142));
#10441 = VECTOR('',#10442,1.);
#10442 = DIRECTION('',(1.,0.));
#10443 = ( GEOMETRIC_REPRESENTATION_CONTEXT(2) 
PARAMETRIC_REPRESENTATION_CONTEXT() REPRESENTATION_CONTEXT('2D SPACE',''
  ) );
#10444 = ORIENTED_EDGE('',*,*,#7055,.T.);
#10445 = ORIENTED_EDGE('',*,*,#10446,.T.);
#10446 = EDGE_CURVE('',#6999,#10447,#10449,.T.);
#10447 = VERTEX_POINT('',#10448);
#10448 = CARTESIAN_POINT('',(2.136993408203,-1.29205929079,4.2));
#10449 = SURFACE_CURVE('',#10450,(#10454,#10461),.PCURVE_S1.);
#10450 = LINE('',#10451,#10452);
#10451 = CARTESIAN_POINT('',(1.962298192048,-1.497655409167,4.2));
#10452 = VECTOR('',#10453,1.);
#10453 = DIRECTION('',(0.647516105492,0.762051765387,-0.));
#10454 = PCURVE('',#6184,#10455);
#10455 = DEFINITIONAL_REPRESENTATION('',(#10456),#10460);
#10456 = LINE('',#10457,#10458);
#10457 = CARTESIAN_POINT('',(1.962298192048,-1.497655409167));
#10458 = VECTOR('',#10459,1.);
#10459 = DIRECTION('',(0.647516105492,0.762051765387));
#10460 = ( GEOMETRIC_REPRESENTATION_CONTEXT(2) 
PARAMETRIC_REPRESENTATION_CONTEXT() REPRESENTATION_CONTEXT('2D SPACE',''
  ) );
#10461 = PCURVE('',#7014,#10462);
#10462 = DEFINITIONAL_REPRESENTATION('',(#10463),#10467);
#10463 = LINE('',#10464,#10465);
#10464 = CARTESIAN_POINT('',(0.129328734632,-0.113363072768));
#10465 = VECTOR('',#10466,1.);
#10466 = DIRECTION('',(-1.,1.621069423759E-16));
#10467 = ( GEOMETRIC_REPRESENTATION_CONTEXT(2) 
PARAMETRIC_REPRESENTATION_CONTEXT() REPRESENTATION_CONTEXT('2D SPACE',''
  ) );
#10468 = ORIENTED_EDGE('',*,*,#10469,.T.);
#10469 = EDGE_CURVE('',#10447,#6945,#10470,.T.);
#10470 = SURFACE_CURVE('',#10471,(#10475,#10482),.PCURVE_S1.);
#10471 = LINE('',#10472,#10473);
#10472 = CARTESIAN_POINT('',(2.193996315874,-1.18904062382,4.2));
#10473 = VECTOR('',#10474,1.);
#10474 = DIRECTION('',(0.484151504486,0.874984183116,-0.));
#10475 = PCURVE('',#6184,#10476);
#10476 = DEFINITIONAL_REPRESENTATION('',(#10477),#10481);
#10477 = LINE('',#10478,#10479);
#10478 = CARTESIAN_POINT('',(2.193996315874,-1.18904062382));
#10479 = VECTOR('',#10480,1.);
#10480 = DIRECTION('',(0.484151504486,0.874984183116));
#10481 = ( GEOMETRIC_REPRESENTATION_CONTEXT(2) 
PARAMETRIC_REPRESENTATION_CONTEXT() REPRESENTATION_CONTEXT('2D SPACE',''
  ) );
#10482 = PCURVE('',#6960,#10483);
#10483 = DEFINITIONAL_REPRESENTATION('',(#10484),#10488);
#10484 = LINE('',#10485,#10486);
#10485 = CARTESIAN_POINT('',(2.18348782418E-02,-0.112794754505));
#10486 = VECTOR('',#10487,1.);
#10487 = DIRECTION('',(-1.,2.738696085314E-16));
#10488 = ( GEOMETRIC_REPRESENTATION_CONTEXT(2) 
PARAMETRIC_REPRESENTATION_CONTEXT() REPRESENTATION_CONTEXT('2D SPACE',''
  ) );
#10489 = ORIENTED_EDGE('',*,*,#6972,.T.);
#10490 = ORIENTED_EDGE('',*,*,#6920,.T.);
#10491 = ORIENTED_EDGE('',*,*,#10492,.T.);
#10492 = EDGE_CURVE('',#6874,#6820,#10493,.T.);
#10493 = SURFACE_CURVE('',#10494,(#10498,#10505),.PCURVE_S1.);
#10494 = LINE('',#10495,#10496);
#10495 = CARTESIAN_POINT('',(2.423662392434,-0.678716753625,4.2));
#10496 = VECTOR('',#10497,1.);
#10497 = DIRECTION('',(0.300049041188,0.953923777291,-0.));
#10498 = PCURVE('',#6184,#10499);
#10499 = DEFINITIONAL_REPRESENTATION('',(#10500),#10504);
#10500 = LINE('',#10501,#10502);
#10501 = CARTESIAN_POINT('',(2.423662392434,-0.678716753625));
#10502 = VECTOR('',#10503,1.);
#10503 = DIRECTION('',(0.300049041188,0.953923777291));
#10504 = ( GEOMETRIC_REPRESENTATION_CONTEXT(2) 
PARAMETRIC_REPRESENTATION_CONTEXT() REPRESENTATION_CONTEXT('2D SPACE',''
  ) );
#10505 = PCURVE('',#6835,#10506);
#10506 = DEFINITIONAL_REPRESENTATION('',(#10507),#10511);
#10507 = LINE('',#10508,#10509);
#10508 = CARTESIAN_POINT('',(7.977352768484E-02,-0.112311217067));
#10509 = VECTOR('',#10510,1.);
#10510 = DIRECTION('',(-1.,0.));
#10511 = ( GEOMETRIC_REPRESENTATION_CONTEXT(2) 
PARAMETRIC_REPRESENTATION_CONTEXT() REPRESENTATION_CONTEXT('2D SPACE',''
  ) );
#10512 = ORIENTED_EDGE('',*,*,#6847,.T.);
#10513 = ORIENTED_EDGE('',*,*,#6771,.T.);
#10514 = ORIENTED_EDGE('',*,*,#10515,.T.);
#10515 = EDGE_CURVE('',#6772,#6697,#10516,.T.);
#10516 = SURFACE_CURVE('',#10517,(#10521,#10528),.PCURVE_S1.);
#10517 = LINE('',#10518,#10519);
#10518 = CARTESIAN_POINT('',(2.504322067991,0.269381920011,4.2));
#10519 = VECTOR('',#10520,1.);
#10520 = DIRECTION('',(-0.102605682944,0.994722108846,0.));
#10521 = PCURVE('',#6184,#10522);
#10522 = DEFINITIONAL_REPRESENTATION('',(#10523),#10527);
#10523 = LINE('',#10524,#10525);
#10524 = CARTESIAN_POINT('',(2.504322067991,0.269381920011));
#10525 = VECTOR('',#10526,1.);
#10526 = DIRECTION('',(-0.102605682944,0.994722108846));
#10527 = ( GEOMETRIC_REPRESENTATION_CONTEXT(2) 
PARAMETRIC_REPRESENTATION_CONTEXT() REPRESENTATION_CONTEXT('2D SPACE',''
  ) );
#10528 = PCURVE('',#6712,#10529);
#10529 = DEFINITIONAL_REPRESENTATION('',(#10530),#10534);
#10530 = LINE('',#10531,#10532);
#10531 = CARTESIAN_POINT('',(1.100247546247E-02,-0.112591220737));
#10532 = VECTOR('',#10533,1.);
#10533 = DIRECTION('',(-1.,1.313849059076E-16));
#10534 = ( GEOMETRIC_REPRESENTATION_CONTEXT(2) 
PARAMETRIC_REPRESENTATION_CONTEXT() REPRESENTATION_CONTEXT('2D SPACE',''
  ) );
#10535 = ORIENTED_EDGE('',*,*,#6724,.T.);
#10536 = ADVANCED_FACE('',(#10537),#6433,.T.);
#10537 = FACE_BOUND('',#10538,.T.);
#10538 = EDGE_LOOP('',(#10539,#10540,#10541));
#10539 = ORIENTED_EDGE('',*,*,#6471,.T.);
#10540 = ORIENTED_EDGE('',*,*,#10062,.T.);
#10541 = ORIENTED_EDGE('',*,*,#6417,.F.);
#10542 = ADVANCED_FACE('',(#10543),#6511,.T.);
#10543 = FACE_BOUND('',#10544,.T.);
#10544 = EDGE_LOOP('',(#10545,#10546,#10547));
#10545 = ORIENTED_EDGE('',*,*,#6547,.T.);
#10546 = ORIENTED_EDGE('',*,*,#10040,.T.);
#10547 = ORIENTED_EDGE('',*,*,#6495,.T.);
#10548 = ADVANCED_FACE('',(#10549),#6635,.T.);
#10549 = FACE_BOUND('',#10550,.T.);
#10550 = EDGE_LOOP('',(#10551,#10552,#10553));
#10551 = ORIENTED_EDGE('',*,*,#6672,.T.);
#10552 = ORIENTED_EDGE('',*,*,#10017,.T.);
#10553 = ORIENTED_EDGE('',*,*,#6619,.F.);
#10554 = ADVANCED_FACE('',(#10555),#6712,.T.);
#10555 = FACE_BOUND('',#10556,.T.);
#10556 = EDGE_LOOP('',(#10557,#10558,#10559));
#10557 = ORIENTED_EDGE('',*,*,#10515,.T.);
#10558 = ORIENTED_EDGE('',*,*,#6696,.T.);
#10559 = ORIENTED_EDGE('',*,*,#6794,.F.);
#10560 = ADVANCED_FACE('',(#10561),#6835,.T.);
#10561 = FACE_BOUND('',#10562,.T.);
#10562 = EDGE_LOOP('',(#10563,#10564,#10565));
#10563 = ORIENTED_EDGE('',*,*,#6873,.T.);
#10564 = ORIENTED_EDGE('',*,*,#10492,.T.);
#10565 = ORIENTED_EDGE('',*,*,#6819,.F.);
#10566 = ADVANCED_FACE('',(#10567),#6960,.T.);
#10567 = FACE_BOUND('',#10568,.T.);
#10568 = EDGE_LOOP('',(#10569,#10570,#10591));
#10569 = ORIENTED_EDGE('',*,*,#6944,.T.);
#10570 = ORIENTED_EDGE('',*,*,#10571,.T.);
#10571 = EDGE_CURVE('',#3070,#10447,#10572,.T.);
#10572 = SURFACE_CURVE('',#10573,(#10577,#10584),.PCURVE_S1.);
#10573 = LINE('',#10574,#10575);
#10574 = CARTESIAN_POINT('',(2.136993408203,-1.292999267578,
    3.779999732971));
#10575 = VECTOR('',#10576,1.);
#10576 = DIRECTION('',(0.,2.238032943086E-03,0.999997495601));
#10577 = PCURVE('',#6960,#10578);
#10578 = DEFINITIONAL_REPRESENTATION('',(#10579),#10583);
#10579 = LINE('',#10580,#10581);
#10580 = CARTESIAN_POINT('',(0.140395090737,-0.532795268091));
#10581 = VECTOR('',#10582,1.);
#10582 = DIRECTION('',(-1.958243426494E-03,0.99999808264));
#10583 = ( GEOMETRIC_REPRESENTATION_CONTEXT(2) 
PARAMETRIC_REPRESENTATION_CONTEXT() REPRESENTATION_CONTEXT('2D SPACE',''
  ) );
#10584 = PCURVE('',#7014,#10585);
#10585 = DEFINITIONAL_REPRESENTATION('',(#10586),#10590);
#10586 = LINE('',#10587,#10588);
#10587 = CARTESIAN_POINT('',(-0.139747805376,-0.533363780814));
#10588 = VECTOR('',#10589,1.);
#10589 = DIRECTION('',(-1.705496955272E-03,0.999998545639));
#10590 = ( GEOMETRIC_REPRESENTATION_CONTEXT(2) 
PARAMETRIC_REPRESENTATION_CONTEXT() REPRESENTATION_CONTEXT('2D SPACE',''
  ) );
#10591 = ORIENTED_EDGE('',*,*,#10469,.T.);
#10592 = ADVANCED_FACE('',(#10593),#7014,.T.);
#10593 = FACE_BOUND('',#10594,.T.);
#10594 = EDGE_LOOP('',(#10595,#10596,#10597));
#10595 = ORIENTED_EDGE('',*,*,#6998,.T.);
#10596 = ORIENTED_EDGE('',*,*,#10446,.T.);
#10597 = ORIENTED_EDGE('',*,*,#10571,.F.);
#10598 = ADVANCED_FACE('',(#10599),#7043,.T.);
#10599 = FACE_BOUND('',#10600,.T.);
#10600 = EDGE_LOOP('',(#10601,#10602,#10603));
#10601 = ORIENTED_EDGE('',*,*,#7079,.T.);
#10602 = ORIENTED_EDGE('',*,*,#10424,.T.);
#10603 = ORIENTED_EDGE('',*,*,#7027,.F.);
#10604 = ADVANCED_FACE('',(#10605),#7119,.T.);
#10605 = FACE_BOUND('',#10606,.T.);
#10606 = EDGE_LOOP('',(#10607,#10608,#10609));
#10607 = ORIENTED_EDGE('',*,*,#7155,.T.);
#10608 = ORIENTED_EDGE('',*,*,#10402,.T.);
#10609 = ORIENTED_EDGE('',*,*,#7103,.T.);
#10610 = ADVANCED_FACE('',(#10611),#7195,.T.);
#10611 = FACE_BOUND('',#10612,.T.);
#10612 = EDGE_LOOP('',(#10613,#10614,#10615));
#10613 = ORIENTED_EDGE('',*,*,#10380,.T.);
#10614 = ORIENTED_EDGE('',*,*,#7179,.T.);
#10615 = ORIENTED_EDGE('',*,*,#7283,.F.);
#10616 = ADVANCED_FACE('',(#10617),#7248,.T.);
#10617 = FACE_BOUND('',#10618,.T.);
#10618 = EDGE_LOOP('',(#10619,#10620,#10621));
#10619 = ORIENTED_EDGE('',*,*,#7232,.F.);
#10620 = ORIENTED_EDGE('',*,*,#7358,.F.);
#10621 = ORIENTED_EDGE('',*,*,#10358,.T.);
#10622 = ADVANCED_FACE('',(#10623),#7323,.T.);
#10623 = FACE_BOUND('',#10624,.T.);
#10624 = EDGE_LOOP('',(#10625,#10626,#10627));
#10625 = ORIENTED_EDGE('',*,*,#10336,.T.);
#10626 = ORIENTED_EDGE('',*,*,#7307,.T.);
#10627 = ORIENTED_EDGE('',*,*,#7435,.F.);
#10628 = ADVANCED_FACE('',(#10629),#7400,.T.);
#10629 = FACE_BOUND('',#10630,.T.);
#10630 = EDGE_LOOP('',(#10631,#10632,#10633));
#10631 = ORIENTED_EDGE('',*,*,#7384,.F.);
#10632 = ORIENTED_EDGE('',*,*,#7510,.F.);
#10633 = ORIENTED_EDGE('',*,*,#10314,.T.);
#10634 = ADVANCED_FACE('',(#10635),#7475,.T.);
#10635 = FACE_BOUND('',#10636,.T.);
#10636 = EDGE_LOOP('',(#10637,#10658,#10659));
#10637 = ORIENTED_EDGE('',*,*,#10638,.T.);
#10638 = EDGE_CURVE('',#2874,#10270,#10639,.T.);
#10639 = SURFACE_CURVE('',#10640,(#10644,#10651),.PCURVE_S1.);
#10640 = LINE('',#10641,#10642);
#10641 = CARTESIAN_POINT('',(-0.734992980957,-2.13099861145,
    3.779999732971));
#10642 = VECTOR('',#10643,1.);
#10643 = DIRECTION('',(-0.405849733649,0.21087634329,0.889279012199));
#10644 = PCURVE('',#7475,#10645);
#10645 = DEFINITIONAL_REPRESENTATION('',(#10646),#10650);
#10646 = LINE('',#10647,#10648);
#10647 = CARTESIAN_POINT('',(0.143002919072,0.533982542726));
#10648 = VECTOR('',#10649,1.);
#10649 = DIRECTION('',(-0.457361687216,-0.889280769536));
#10650 = ( GEOMETRIC_REPRESENTATION_CONTEXT(2) 
PARAMETRIC_REPRESENTATION_CONTEXT() REPRESENTATION_CONTEXT('2D SPACE',''
  ) );
#10651 = PCURVE('',#7549,#10652);
#10652 = DEFINITIONAL_REPRESENTATION('',(#10653),#10657);
#10653 = LINE('',#10654,#10655);
#10654 = CARTESIAN_POINT('',(0.316299751231,0.36200223966));
#10655 = VECTOR('',#10656,1.);
#10656 = DIRECTION('',(-0.457361631761,-0.889280798057));
#10657 = ( GEOMETRIC_REPRESENTATION_CONTEXT(2) 
PARAMETRIC_REPRESENTATION_CONTEXT() REPRESENTATION_CONTEXT('2D SPACE',''
  ) );
#10658 = ORIENTED_EDGE('',*,*,#10292,.T.);
#10659 = ORIENTED_EDGE('',*,*,#7459,.T.);
#10660 = ADVANCED_FACE('',(#10661),#7549,.T.);
#10661 = FACE_BOUND('',#10662,.T.);
#10662 = EDGE_LOOP('',(#10663,#10664,#10665,#10686));
#10663 = ORIENTED_EDGE('',*,*,#10638,.F.);
#10664 = ORIENTED_EDGE('',*,*,#7535,.T.);
#10665 = ORIENTED_EDGE('',*,*,#10666,.T.);
#10666 = EDGE_CURVE('',#4264,#10247,#10667,.T.);
#10667 = SURFACE_CURVE('',#10668,(#10672,#10679),.PCURVE_S1.);
#10668 = LINE('',#10669,#10670);
#10669 = CARTESIAN_POINT('',(-1.142997741699,-1.920999526978,
    3.787999153137));
#10670 = VECTOR('',#10671,1.);
#10671 = DIRECTION('',(0.,2.253933825245E-03,0.999997459888));
#10672 = PCURVE('',#7549,#10673);
#10673 = DEFINITIONAL_REPRESENTATION('',(#10674),#10678);
#10674 = LINE('',#10675,#10676);
#10675 = CARTESIAN_POINT('',(-0.142576593779,0.354002803429));
#10676 = VECTOR('',#10677,1.);
#10677 = DIRECTION('',(-1.031414924625E-03,-0.999999468091));
#10678 = ( GEOMETRIC_REPRESENTATION_CONTEXT(2) 
PARAMETRIC_REPRESENTATION_CONTEXT() REPRESENTATION_CONTEXT('2D SPACE',''
  ) );
#10679 = PCURVE('',#9154,#10680);
#10680 = DEFINITIONAL_REPRESENTATION('',(#10681),#10685);
#10681 = LINE('',#10682,#10683);
#10682 = CARTESIAN_POINT('',(0.142275664856,0.529329130176));
#10683 = VECTOR('',#10684,1.);
#10684 = DIRECTION('',(-1.394712551098E-03,-0.999999027388));
#10685 = ( GEOMETRIC_REPRESENTATION_CONTEXT(2) 
PARAMETRIC_REPRESENTATION_CONTEXT() REPRESENTATION_CONTEXT('2D SPACE',''
  ) );
#10686 = ORIENTED_EDGE('',*,*,#10269,.T.);
#10687 = ADVANCED_FACE('',(#10688),#7583,.T.);
#10688 = FACE_BOUND('',#10689,.T.);
#10689 = EDGE_LOOP('',(#10690,#10691,#10692));
#10690 = ORIENTED_EDGE('',*,*,#7567,.F.);
#10691 = ORIENTED_EDGE('',*,*,#7704,.F.);
#10692 = ORIENTED_EDGE('',*,*,#10693,.T.);
#10693 = EDGE_CURVE('',#7682,#7568,#10694,.T.);
#10694 = SURFACE_CURVE('',#10695,(#10699,#10706),.PCURVE_S1.);
#10695 = LINE('',#10696,#10697);
#10696 = CARTESIAN_POINT('',(1.023202690241,-5.803721468329,4.2));
#10697 = VECTOR('',#10698,1.);
#10698 = DIRECTION('',(-0.996256650806,-8.644469749574E-02,0.));
#10699 = PCURVE('',#7583,#10700);
#10700 = DEFINITIONAL_REPRESENTATION('',(#10701),#10705);
#10701 = LINE('',#10702,#10703);
#10702 = CARTESIAN_POINT('',(0.805345195208,-0.510064486545));
#10703 = VECTOR('',#10704,1.);
#10704 = DIRECTION('',(9.474128708483E-03,-0.999955119435));
#10705 = ( GEOMETRIC_REPRESENTATION_CONTEXT(2) 
PARAMETRIC_REPRESENTATION_CONTEXT() REPRESENTATION_CONTEXT('2D SPACE',''
  ) );
#10706 = PCURVE('',#7611,#10707);
#10707 = DEFINITIONAL_REPRESENTATION('',(#10708),#10712);
#10708 = LINE('',#10709,#10710);
#10709 = CARTESIAN_POINT('',(1.023202690241,-5.803721468329));
#10710 = VECTOR('',#10711,1.);
#10711 = DIRECTION('',(-0.996256650806,-8.644469749574E-02));
#10712 = ( GEOMETRIC_REPRESENTATION_CONTEXT(2) 
PARAMETRIC_REPRESENTATION_CONTEXT() REPRESENTATION_CONTEXT('2D SPACE',''
  ) );
#10713 = ADVANCED_FACE('',(#10714,#10854),#7611,.F.);
#10714 = FACE_BOUND('',#10715,.F.);
#10715 = EDGE_LOOP('',(#10716,#10717,#10738,#10739,#10740,#10741,#10764,
    #10785,#10786,#10787,#10808,#10809,#10810,#10833));
#10716 = ORIENTED_EDGE('',*,*,#7832,.T.);
#10717 = ORIENTED_EDGE('',*,*,#10718,.T.);
#10718 = EDGE_CURVE('',#7833,#7654,#10719,.T.);
#10719 = SURFACE_CURVE('',#10720,(#10724,#10731),.PCURVE_S1.);
#10720 = LINE('',#10721,#10722);
#10721 = CARTESIAN_POINT('',(2.091351247168,-3.246255639377,4.2));
#10722 = VECTOR('',#10723,1.);
#10723 = DIRECTION('',(-0.126004688384,0.992029645981,0.));
#10724 = PCURVE('',#7611,#10725);
#10725 = DEFINITIONAL_REPRESENTATION('',(#10726),#10730);
#10726 = LINE('',#10727,#10728);
#10727 = CARTESIAN_POINT('',(2.091351247168,-3.246255639377));
#10728 = VECTOR('',#10729,1.);
#10729 = DIRECTION('',(-0.126004688384,0.992029645981));
#10730 = ( GEOMETRIC_REPRESENTATION_CONTEXT(2) 
PARAMETRIC_REPRESENTATION_CONTEXT() REPRESENTATION_CONTEXT('2D SPACE',''
  ) );
#10731 = PCURVE('',#7669,#10732);
#10732 = DEFINITIONAL_REPRESENTATION('',(#10733),#10737);
#10733 = LINE('',#10734,#10735);
#10734 = CARTESIAN_POINT('',(-3.483901894897,-0.753491971406));
#10735 = VECTOR('',#10736,1.);
#10736 = DIRECTION('',(-1.,1.294837249646E-15));
#10737 = ( GEOMETRIC_REPRESENTATION_CONTEXT(2) 
PARAMETRIC_REPRESENTATION_CONTEXT() REPRESENTATION_CONTEXT('2D SPACE',''
  ) );
#10738 = ORIENTED_EDGE('',*,*,#7681,.T.);
#10739 = ORIENTED_EDGE('',*,*,#10693,.T.);
#10740 = ORIENTED_EDGE('',*,*,#7595,.T.);
#10741 = ORIENTED_EDGE('',*,*,#10742,.T.);
#10742 = EDGE_CURVE('',#7596,#10743,#10745,.T.);
#10743 = VERTEX_POINT('',#10744);
#10744 = CARTESIAN_POINT('',(-2.126998901367,-5.684690922633,4.2));
#10745 = SURFACE_CURVE('',#10746,(#10750,#10757),.PCURVE_S1.);
#10746 = LINE('',#10747,#10748);
#10747 = CARTESIAN_POINT('',(-0.933812904007,-5.794546503353,4.2));
#10748 = VECTOR('',#10749,1.);
#10749 = DIRECTION('',(-0.995788395501,9.168135789818E-02,0.));
#10750 = PCURVE('',#7611,#10751);
#10751 = DEFINITIONAL_REPRESENTATION('',(#10752),#10756);
#10752 = LINE('',#10753,#10754);
#10753 = CARTESIAN_POINT('',(-0.933812904007,-5.794546503353));
#10754 = VECTOR('',#10755,1.);
#10755 = DIRECTION('',(-0.995788395501,9.168135789818E-02));
#10756 = ( GEOMETRIC_REPRESENTATION_CONTEXT(2) 
PARAMETRIC_REPRESENTATION_CONTEXT() REPRESENTATION_CONTEXT('2D SPACE',''
  ) );
#10757 = PCURVE('',#7637,#10758);
#10758 = DEFINITIONAL_REPRESENTATION('',(#10759),#10763);
#10759 = LINE('',#10760,#10761);
#10760 = CARTESIAN_POINT('',(0.796998095179,0.390639602328));
#10761 = VECTOR('',#10762,1.);
#10762 = DIRECTION('',(-1.004805395878E-02,-0.999949517032));
#10763 = ( GEOMETRIC_REPRESENTATION_CONTEXT(2) 
PARAMETRIC_REPRESENTATION_CONTEXT() REPRESENTATION_CONTEXT('2D SPACE',''
  ) );
#10764 = ORIENTED_EDGE('',*,*,#10765,.T.);
#10765 = EDGE_CURVE('',#10743,#7729,#10766,.T.);
#10766 = SURFACE_CURVE('',#10767,(#10771,#10778),.PCURVE_S1.);
#10767 = LINE('',#10768,#10769);
#10768 = CARTESIAN_POINT('',(-1.78762424055,-3.01280840033,4.2));
#10769 = VECTOR('',#10770,1.);
#10770 = DIRECTION('',(-0.126004688385,-0.992029645981,0.));
#10771 = PCURVE('',#7611,#10772);
#10772 = DEFINITIONAL_REPRESENTATION('',(#10773),#10777);
#10773 = LINE('',#10774,#10775);
#10774 = CARTESIAN_POINT('',(-1.78762424055,-3.01280840033));
#10775 = VECTOR('',#10776,1.);
#10776 = DIRECTION('',(-0.126004688385,-0.992029645981));
#10777 = ( GEOMETRIC_REPRESENTATION_CONTEXT(2) 
PARAMETRIC_REPRESENTATION_CONTEXT() REPRESENTATION_CONTEXT('2D SPACE',''
  ) );
#10778 = PCURVE('',#7744,#10779);
#10779 = DEFINITIONAL_REPRESENTATION('',(#10780),#10784);
#10780 = LINE('',#10781,#10782);
#10781 = CARTESIAN_POINT('',(3.214044286168,-0.763240317389));
#10782 = VECTOR('',#10783,1.);
#10783 = DIRECTION('',(-1.,9.285838740328E-15));
#10784 = ( GEOMETRIC_REPRESENTATION_CONTEXT(2) 
PARAMETRIC_REPRESENTATION_CONTEXT() REPRESENTATION_CONTEXT('2D SPACE',''
  ) );
#10785 = ORIENTED_EDGE('',*,*,#7756,.T.);
#10786 = ORIENTED_EDGE('',*,*,#7882,.T.);
#10787 = ORIENTED_EDGE('',*,*,#10788,.T.);
#10788 = EDGE_CURVE('',#7883,#8011,#10789,.T.);
#10789 = SURFACE_CURVE('',#10790,(#10794,#10801),.PCURVE_S1.);
#10790 = LINE('',#10791,#10792);
#10791 = CARTESIAN_POINT('',(-1.890311677843,-4.296304953053,4.2));
#10792 = VECTOR('',#10793,1.);
#10793 = DIRECTION('',(-0.152243994811,-0.988342939492,0.));
#10794 = PCURVE('',#7611,#10795);
#10795 = DEFINITIONAL_REPRESENTATION('',(#10796),#10800);
#10796 = LINE('',#10797,#10798);
#10797 = CARTESIAN_POINT('',(-1.890311677843,-4.296304953053));
#10798 = VECTOR('',#10799,1.);
#10799 = DIRECTION('',(-0.152243994811,-0.988342939492));
#10800 = ( GEOMETRIC_REPRESENTATION_CONTEXT(2) 
PARAMETRIC_REPRESENTATION_CONTEXT() REPRESENTATION_CONTEXT('2D SPACE',''
  ) );
#10801 = PCURVE('',#7919,#10802);
#10802 = DEFINITIONAL_REPRESENTATION('',(#10803),#10807);
#10803 = LINE('',#10804,#10805);
#10804 = CARTESIAN_POINT('',(4.534011267528,-0.802029139976));
#10805 = VECTOR('',#10806,1.);
#10806 = DIRECTION('',(-1.,0.));
#10807 = ( GEOMETRIC_REPRESENTATION_CONTEXT(2) 
PARAMETRIC_REPRESENTATION_CONTEXT() REPRESENTATION_CONTEXT('2D SPACE',''
  ) );
#10808 = ORIENTED_EDGE('',*,*,#8033,.T.);
#10809 = ORIENTED_EDGE('',*,*,#7958,.T.);
#10810 = ORIENTED_EDGE('',*,*,#10811,.T.);
#10811 = EDGE_CURVE('',#7959,#10812,#10814,.T.);
#10812 = VERTEX_POINT('',#10813);
#10813 = CARTESIAN_POINT('',(3.004543121095,-9.689001083374,4.2));
#10814 = SURFACE_CURVE('',#10815,(#10819,#10826),.PCURVE_S1.);
#10815 = LINE('',#10816,#10817);
#10816 = CARTESIAN_POINT('',(1.529229990796,-9.868159612539,4.2));
#10817 = VECTOR('',#10818,1.);
#10818 = DIRECTION('',(0.992707015446,0.120551986644,-0.));
#10819 = PCURVE('',#7611,#10820);
#10820 = DEFINITIONAL_REPRESENTATION('',(#10821),#10825);
#10821 = LINE('',#10822,#10823);
#10822 = CARTESIAN_POINT('',(1.529229990796,-9.868159612539));
#10823 = VECTOR('',#10824,1.);
#10824 = DIRECTION('',(0.992707015446,0.120551986644));
#10825 = ( GEOMETRIC_REPRESENTATION_CONTEXT(2) 
PARAMETRIC_REPRESENTATION_CONTEXT() REPRESENTATION_CONTEXT('2D SPACE',''
  ) );
#10826 = PCURVE('',#7995,#10827);
#10827 = DEFINITIONAL_REPRESENTATION('',(#10828),#10832);
#10828 = LINE('',#10829,#10830);
#10829 = CARTESIAN_POINT('',(-0.328451094284,0.824026595429));
#10830 = VECTOR('',#10831,1.);
#10831 = DIRECTION('',(1.,7.315465855901E-17));
#10832 = ( GEOMETRIC_REPRESENTATION_CONTEXT(2) 
PARAMETRIC_REPRESENTATION_CONTEXT() REPRESENTATION_CONTEXT('2D SPACE',''
  ) );
#10833 = ORIENTED_EDGE('',*,*,#10834,.T.);
#10834 = EDGE_CURVE('',#10812,#7805,#10835,.T.);
#10835 = SURFACE_CURVE('',#10836,(#10840,#10847),.PCURVE_S1.);
#10836 = LINE('',#10837,#10838);
#10837 = CARTESIAN_POINT('',(2.139408316723,-4.275120850068,4.2));
#10838 = VECTOR('',#10839,1.);
#10839 = DIRECTION('',(-0.157797354216,0.987471516046,0.));
#10840 = PCURVE('',#7611,#10841);
#10841 = DEFINITIONAL_REPRESENTATION('',(#10842),#10846);
#10842 = LINE('',#10843,#10844);
#10843 = CARTESIAN_POINT('',(2.139408316723,-4.275120850068));
#10844 = VECTOR('',#10845,1.);
#10845 = DIRECTION('',(-0.157797354216,0.987471516046));
#10846 = ( GEOMETRIC_REPRESENTATION_CONTEXT(2) 
PARAMETRIC_REPRESENTATION_CONTEXT() REPRESENTATION_CONTEXT('2D SPACE',''
  ) );
#10847 = PCURVE('',#7820,#10848);
#10848 = DEFINITIONAL_REPRESENTATION('',(#10849),#10853);
#10849 = LINE('',#10850,#10851);
#10850 = CARTESIAN_POINT('',(-4.559153039064,-0.802126375038));
#10851 = VECTOR('',#10852,1.);
#10852 = DIRECTION('',(-1.,-5.94571020972E-17));
#10853 = ( GEOMETRIC_REPRESENTATION_CONTEXT(2) 
PARAMETRIC_REPRESENTATION_CONTEXT() REPRESENTATION_CONTEXT('2D SPACE',''
  ) );
#10854 = FACE_BOUND('',#10855,.F.);
#10855 = EDGE_LOOP('',(#10856,#10857,#10858,#10859));
#10856 = ORIENTED_EDGE('',*,*,#9698,.T.);
#10857 = ORIENTED_EDGE('',*,*,#9769,.T.);
#10858 = ORIENTED_EDGE('',*,*,#9796,.F.);
#10859 = ORIENTED_EDGE('',*,*,#9649,.F.);
#10860 = ADVANCED_FACE('',(#10861),#7637,.T.);
#10861 = FACE_BOUND('',#10862,.T.);
#10862 = EDGE_LOOP('',(#10863,#10864,#10885));
#10863 = ORIENTED_EDGE('',*,*,#10742,.T.);
#10864 = ORIENTED_EDGE('',*,*,#10865,.T.);
#10865 = EDGE_CURVE('',#10743,#3539,#10866,.T.);
#10866 = SURFACE_CURVE('',#10867,(#10871,#10878),.PCURVE_S1.);
#10867 = LINE('',#10868,#10869);
#10868 = CARTESIAN_POINT('',(-2.126998901367,-5.529001235962,
    5.612000465393));
#10869 = VECTOR('',#10870,1.);
#10870 = DIRECTION('',(0.,-0.109597569116,-0.993976042389));
#10871 = PCURVE('',#7637,#10872);
#10872 = DEFINITIONAL_REPRESENTATION('',(#10873),#10877);
#10873 = LINE('',#10874,#10875);
#10874 = CARTESIAN_POINT('',(-0.635599655061,-0.807532385998));
#10875 = VECTOR('',#10876,1.);
#10876 = DIRECTION('',(1.,1.179926141932E-13));
#10877 = ( GEOMETRIC_REPRESENTATION_CONTEXT(2) 
PARAMETRIC_REPRESENTATION_CONTEXT() REPRESENTATION_CONTEXT('2D SPACE',''
  ) );
#10878 = PCURVE('',#7744,#10879);
#10879 = DEFINITIONAL_REPRESENTATION('',(#10880),#10884);
#10880 = LINE('',#10881,#10882);
#10881 = CARTESIAN_POINT('',(0.675143599834,0.648896420216));
#10882 = VECTOR('',#10883,1.);
#10883 = DIRECTION('',(-0.108724037691,-0.994071971051));
#10884 = ( GEOMETRIC_REPRESENTATION_CONTEXT(2) 
PARAMETRIC_REPRESENTATION_CONTEXT() REPRESENTATION_CONTEXT('2D SPACE',''
  ) );
#10885 = ORIENTED_EDGE('',*,*,#7623,.T.);
#10886 = ADVANCED_FACE('',(#10887),#7669,.T.);
#10887 = FACE_BOUND('',#10888,.T.);
#10888 = EDGE_LOOP('',(#10889,#10890,#10891));
#10889 = ORIENTED_EDGE('',*,*,#7653,.F.);
#10890 = ORIENTED_EDGE('',*,*,#7855,.T.);
#10891 = ORIENTED_EDGE('',*,*,#10718,.T.);
#10892 = ADVANCED_FACE('',(#10893),#7744,.T.);
#10893 = FACE_BOUND('',#10894,.T.);
#10894 = EDGE_LOOP('',(#10895,#10896,#10897));
#10895 = ORIENTED_EDGE('',*,*,#10865,.F.);
#10896 = ORIENTED_EDGE('',*,*,#10765,.T.);
#10897 = ORIENTED_EDGE('',*,*,#7728,.T.);
#10898 = ADVANCED_FACE('',(#10899),#7820,.T.);
#10899 = FACE_BOUND('',#10900,.T.);
#10900 = EDGE_LOOP('',(#10901,#10922,#10923));
#10901 = ORIENTED_EDGE('',*,*,#10902,.F.);
#10902 = EDGE_CURVE('',#10812,#3651,#10903,.T.);
#10903 = SURFACE_CURVE('',#10904,(#10908,#10915),.PCURVE_S1.);
#10904 = LINE('',#10905,#10906);
#10905 = CARTESIAN_POINT('',(3.002990722656,-9.689001083374,
    5.612000465393));
#10906 = VECTOR('',#10907,1.);
#10907 = DIRECTION('',(1.099431295685E-03,0.,-0.999999395625));
#10908 = PCURVE('',#7820,#10909);
#10909 = DEFINITIONAL_REPRESENTATION('',(#10910),#10914);
#10910 = LINE('',#10911,#10912);
#10911 = CARTESIAN_POINT('',(0.923170501415,0.609874922484));
#10912 = VECTOR('',#10913,1.);
#10913 = DIRECTION('',(1.734873496015E-04,-0.999999984951));
#10914 = ( GEOMETRIC_REPRESENTATION_CONTEXT(2) 
PARAMETRIC_REPRESENTATION_CONTEXT() REPRESENTATION_CONTEXT('2D SPACE',''
  ) );
#10915 = PCURVE('',#7995,#10916);
#10916 = DEFINITIONAL_REPRESENTATION('',(#10917),#10921);
#10917 = LINE('',#10918,#10919);
#10918 = CARTESIAN_POINT('',(1.156159439938,-0.587973882366));
#10919 = VECTOR('',#10920,1.);
#10920 = DIRECTION('',(1.091413160228E-03,0.999999404408));
#10921 = ( GEOMETRIC_REPRESENTATION_CONTEXT(2) 
PARAMETRIC_REPRESENTATION_CONTEXT() REPRESENTATION_CONTEXT('2D SPACE',''
  ) );
#10922 = ORIENTED_EDGE('',*,*,#10834,.T.);
#10923 = ORIENTED_EDGE('',*,*,#7804,.T.);
#10924 = ADVANCED_FACE('',(#10925),#7919,.T.);
#10925 = FACE_BOUND('',#10926,.T.);
#10926 = EDGE_LOOP('',(#10927,#10928,#10929));
#10927 = ORIENTED_EDGE('',*,*,#7905,.F.);
#10928 = ORIENTED_EDGE('',*,*,#10788,.T.);
#10929 = ORIENTED_EDGE('',*,*,#8010,.T.);
#10930 = ADVANCED_FACE('',(#10931),#7995,.T.);
#10931 = FACE_BOUND('',#10932,.T.);
#10932 = EDGE_LOOP('',(#10933,#10934,#10935));
#10933 = ORIENTED_EDGE('',*,*,#7981,.F.);
#10934 = ORIENTED_EDGE('',*,*,#10811,.T.);
#10935 = ORIENTED_EDGE('',*,*,#10902,.T.);
#10936 = ADVANCED_FACE('',(#10937),#8099,.F.);
#10937 = FACE_BOUND('',#10938,.F.);
#10938 = EDGE_LOOP('',(#10939,#10962,#10983,#10984,#10985,#11006,#11007,
    #11008,#11031,#11052,#11053,#11076,#11097,#11098));
#10939 = ORIENTED_EDGE('',*,*,#10940,.T.);
#10940 = EDGE_CURVE('',#8084,#10941,#10943,.T.);
#10941 = VERTEX_POINT('',#10942);
#10942 = CARTESIAN_POINT('',(3.004543121095,9.409002304077,4.2));
#10943 = SURFACE_CURVE('',#10944,(#10948,#10955),.PCURVE_S1.);
#10944 = LINE('',#10945,#10946);
#10945 = CARTESIAN_POINT('',(2.082350350358,4.18472721657,4.2));
#10946 = VECTOR('',#10947,1.);
#10947 = DIRECTION('',(0.173833205887,0.984775109622,-0.));
#10948 = PCURVE('',#8099,#10949);
#10949 = DEFINITIONAL_REPRESENTATION('',(#10950),#10954);
#10950 = LINE('',#10951,#10952);
#10951 = CARTESIAN_POINT('',(2.082350350358,4.18472721657));
#10952 = VECTOR('',#10953,1.);
#10953 = DIRECTION('',(0.173833205887,0.984775109622));
#10954 = ( GEOMETRIC_REPRESENTATION_CONTEXT(2) 
PARAMETRIC_REPRESENTATION_CONTEXT() REPRESENTATION_CONTEXT('2D SPACE',''
  ) );
#10955 = PCURVE('',#8125,#10956);
#10956 = DEFINITIONAL_REPRESENTATION('',(#10957),#10961);
#10957 = LINE('',#10958,#10959);
#10958 = CARTESIAN_POINT('',(4.482996840618,-0.79009621206));
#10959 = VECTOR('',#10960,1.);
#10960 = DIRECTION('',(-1.,1.157569054037E-15));
#10961 = ( GEOMETRIC_REPRESENTATION_CONTEXT(2) 
PARAMETRIC_REPRESENTATION_CONTEXT() REPRESENTATION_CONTEXT('2D SPACE',''
  ) );
#10962 = ORIENTED_EDGE('',*,*,#10963,.T.);
#10963 = EDGE_CURVE('',#10941,#8195,#10964,.T.);
#10964 = SURFACE_CURVE('',#10965,(#10969,#10976),.PCURVE_S1.);
#10965 = LINE('',#10966,#10967);
#10966 = CARTESIAN_POINT('',(1.499061819336,9.588805511627,4.2));
#10967 = VECTOR('',#10968,1.);
#10968 = DIRECTION('',(-0.992943357239,0.118589583503,0.));
#10969 = PCURVE('',#8099,#10970);
#10970 = DEFINITIONAL_REPRESENTATION('',(#10971),#10975);
#10971 = LINE('',#10972,#10973);
#10972 = CARTESIAN_POINT('',(1.499061819336,9.588805511627));
#10973 = VECTOR('',#10974,1.);
#10974 = DIRECTION('',(-0.992943357239,0.118589583503));
#10975 = ( GEOMETRIC_REPRESENTATION_CONTEXT(2) 
PARAMETRIC_REPRESENTATION_CONTEXT() REPRESENTATION_CONTEXT('2D SPACE',''
  ) );
#10976 = PCURVE('',#8255,#10977);
#10977 = DEFINITIONAL_REPRESENTATION('',(#10978),#10982);
#10978 = LINE('',#10979,#10980);
#10979 = CARTESIAN_POINT('',(0.351351023686,0.824597534911));
#10980 = VECTOR('',#10981,1.);
#10981 = DIRECTION('',(1.,3.582854244449E-18));
#10982 = ( GEOMETRIC_REPRESENTATION_CONTEXT(2) 
PARAMETRIC_REPRESENTATION_CONTEXT() REPRESENTATION_CONTEXT('2D SPACE',''
  ) );
#10983 = ORIENTED_EDGE('',*,*,#8194,.T.);
#10984 = ORIENTED_EDGE('',*,*,#8351,.T.);
#10985 = ORIENTED_EDGE('',*,*,#10986,.T.);
#10986 = EDGE_CURVE('',#8352,#8482,#10987,.T.);
#10987 = SURFACE_CURVE('',#10988,(#10992,#10999),.PCURVE_S1.);
#10988 = LINE('',#10989,#10990);
#10989 = CARTESIAN_POINT('',(-1.835887690205,4.207297926808,4.2));
#10990 = VECTOR('',#10991,1.);
#10991 = DIRECTION('',(0.167747129979,-0.985830056543,0.));
#10992 = PCURVE('',#8099,#10993);
#10993 = DEFINITIONAL_REPRESENTATION('',(#10994),#10998);
#10994 = LINE('',#10995,#10996);
#10995 = CARTESIAN_POINT('',(-1.835887690205,4.207297926808));
#10996 = VECTOR('',#10997,1.);
#10997 = DIRECTION('',(0.167747129979,-0.985830056543));
#10998 = ( GEOMETRIC_REPRESENTATION_CONTEXT(2) 
PARAMETRIC_REPRESENTATION_CONTEXT() REPRESENTATION_CONTEXT('2D SPACE',''
  ) );
#10999 = PCURVE('',#8388,#11000);
#11000 = DEFINITIONAL_REPRESENTATION('',(#11001),#11005);
#11001 = LINE('',#11002,#11003);
#11002 = CARTESIAN_POINT('',(-4.455645644074,-0.789971609614));
#11003 = VECTOR('',#11004,1.);
#11004 = DIRECTION('',(-1.,0.));
#11005 = ( GEOMETRIC_REPRESENTATION_CONTEXT(2) 
PARAMETRIC_REPRESENTATION_CONTEXT() REPRESENTATION_CONTEXT('2D SPACE',''
  ) );
#11006 = ORIENTED_EDGE('',*,*,#8481,.T.);
#11007 = ORIENTED_EDGE('',*,*,#8457,.T.);
#11008 = ORIENTED_EDGE('',*,*,#11009,.T.);
#11009 = EDGE_CURVE('',#8406,#11010,#11012,.T.);
#11010 = VERTEX_POINT('',#11011);
#11011 = CARTESIAN_POINT('',(-2.126998901367,5.43924774907,4.2));
#11012 = SURFACE_CURVE('',#11013,(#11017,#11024),.PCURVE_S1.);
#11013 = LINE('',#11014,#11015);
#11014 = CARTESIAN_POINT('',(-1.840709385297,2.933408851338,4.2));
#11015 = VECTOR('',#11016,1.);
#11016 = DIRECTION('',(0.113510556144,-0.993536790282,0.));
#11017 = PCURVE('',#8099,#11018);
#11018 = DEFINITIONAL_REPRESENTATION('',(#11019),#11023);
#11019 = LINE('',#11020,#11021);
#11020 = CARTESIAN_POINT('',(-1.840709385297,2.933408851338));
#11021 = VECTOR('',#11022,1.);
#11022 = DIRECTION('',(0.113510556144,-0.993536790282));
#11023 = ( GEOMETRIC_REPRESENTATION_CONTEXT(2) 
PARAMETRIC_REPRESENTATION_CONTEXT() REPRESENTATION_CONTEXT('2D SPACE',''
  ) );
#11024 = PCURVE('',#8421,#11025);
#11025 = DEFINITIONAL_REPRESENTATION('',(#11026),#11030);
#11026 = LINE('',#11027,#11028);
#11027 = CARTESIAN_POINT('',(-3.123389560767,-0.778579354942));
#11028 = VECTOR('',#11029,1.);
#11029 = DIRECTION('',(-1.,1.472042216935E-15));
#11030 = ( GEOMETRIC_REPRESENTATION_CONTEXT(2) 
PARAMETRIC_REPRESENTATION_CONTEXT() REPRESENTATION_CONTEXT('2D SPACE',''
  ) );
#11031 = ORIENTED_EDGE('',*,*,#11032,.T.);
#11032 = EDGE_CURVE('',#11010,#8272,#11033,.T.);
#11033 = SURFACE_CURVE('',#11034,(#11038,#11045),.PCURVE_S1.);
#11034 = LINE('',#11035,#11036);
#11035 = CARTESIAN_POINT('',(-0.923670286977,5.549302147565,4.2));
#11036 = VECTOR('',#11037,1.);
#11037 = DIRECTION('',(0.995843745017,9.107818350117E-02,-0.));
#11038 = PCURVE('',#8099,#11039);
#11039 = DEFINITIONAL_REPRESENTATION('',(#11040),#11044);
#11040 = LINE('',#11041,#11042);
#11041 = CARTESIAN_POINT('',(-0.923670286977,5.549302147565));
#11042 = VECTOR('',#11043,1.);
#11043 = DIRECTION('',(0.995843745017,9.107818350117E-02));
#11044 = ( GEOMETRIC_REPRESENTATION_CONTEXT(2) 
PARAMETRIC_REPRESENTATION_CONTEXT() REPRESENTATION_CONTEXT('2D SPACE',''
  ) );
#11045 = PCURVE('',#8287,#11046);
#11046 = DEFINITIONAL_REPRESENTATION('',(#11047),#11051);
#11047 = LINE('',#11048,#11049);
#11048 = CARTESIAN_POINT('',(-0.797274948886,0.406567271607));
#11049 = VECTOR('',#11050,1.);
#11050 = DIRECTION('',(-9.862873534922E-03,0.99995136068));
#11051 = ( GEOMETRIC_REPRESENTATION_CONTEXT(2) 
PARAMETRIC_REPRESENTATION_CONTEXT() REPRESENTATION_CONTEXT('2D SPACE',''
  ) );
#11052 = ORIENTED_EDGE('',*,*,#8299,.T.);
#11053 = ORIENTED_EDGE('',*,*,#11054,.T.);
#11054 = EDGE_CURVE('',#8300,#11055,#11057,.T.);
#11055 = VERTEX_POINT('',#11056);
#11056 = CARTESIAN_POINT('',(2.395004272461,5.439147863438,4.2));
#11057 = SURFACE_CURVE('',#11058,(#11062,#11069),.PCURVE_S1.);
#11058 = LINE('',#11059,#11060);
#11059 = CARTESIAN_POINT('',(1.00612615003,5.557852995652,4.2));
#11060 = VECTOR('',#11061,1.);
#11061 = DIRECTION('',(0.996367469136,-8.515789128475E-02,0.));
#11062 = PCURVE('',#8099,#11063);
#11063 = DEFINITIONAL_REPRESENTATION('',(#11064),#11068);
#11064 = LINE('',#11065,#11066);
#11065 = CARTESIAN_POINT('',(1.00612615003,5.557852995652));
#11066 = VECTOR('',#11067,1.);
#11067 = DIRECTION('',(0.996367469136,-8.515789128475E-02));
#11068 = ( GEOMETRIC_REPRESENTATION_CONTEXT(2) 
PARAMETRIC_REPRESENTATION_CONTEXT() REPRESENTATION_CONTEXT('2D SPACE',''
  ) );
#11069 = PCURVE('',#8336,#11070);
#11070 = DEFINITIONAL_REPRESENTATION('',(#11071),#11075);
#11071 = LINE('',#11072,#11073);
#11072 = CARTESIAN_POINT('',(-0.805872017,-0.521751010369));
#11073 = VECTOR('',#11074,1.);
#11074 = DIRECTION('',(9.241660507271E-03,0.999957294944));
#11075 = ( GEOMETRIC_REPRESENTATION_CONTEXT(2) 
PARAMETRIC_REPRESENTATION_CONTEXT() REPRESENTATION_CONTEXT('2D SPACE',''
  ) );
#11076 = ORIENTED_EDGE('',*,*,#11077,.T.);
#11077 = EDGE_CURVE('',#11055,#8141,#11078,.T.);
#11078 = SURFACE_CURVE('',#11079,(#11083,#11090),.PCURVE_S1.);
#11079 = LINE('',#11080,#11081);
#11080 = CARTESIAN_POINT('',(2.107089717563,2.918515095832,4.2));
#11081 = VECTOR('',#11082,1.);
#11082 = DIRECTION('',(0.113485208991,0.993539685841,-0.));
#11083 = PCURVE('',#8099,#11084);
#11084 = DEFINITIONAL_REPRESENTATION('',(#11085),#11089);
#11085 = LINE('',#11086,#11087);
#11086 = CARTESIAN_POINT('',(2.107089717563,2.918515095832));
#11087 = VECTOR('',#11088,1.);
#11088 = DIRECTION('',(0.113485208991,0.993539685841));
#11089 = ( GEOMETRIC_REPRESENTATION_CONTEXT(2) 
PARAMETRIC_REPRESENTATION_CONTEXT() REPRESENTATION_CONTEXT('2D SPACE',''
  ) );
#11090 = PCURVE('',#8156,#11091);
#11091 = DEFINITIONAL_REPRESENTATION('',(#11092),#11096);
#11092 = LINE('',#11093,#11094);
#11093 = CARTESIAN_POINT('',(3.138784088394,-0.777557078786));
#11094 = VECTOR('',#11095,1.);
#11095 = DIRECTION('',(-1.,1.324501522909E-14));
#11096 = ( GEOMETRIC_REPRESENTATION_CONTEXT(2) 
PARAMETRIC_REPRESENTATION_CONTEXT() REPRESENTATION_CONTEXT('2D SPACE',''
  ) );
#11097 = ORIENTED_EDGE('',*,*,#8168,.T.);
#11098 = ORIENTED_EDGE('',*,*,#8083,.T.);
#11099 = ADVANCED_FACE('',(#11100),#8125,.T.);
#11100 = FACE_BOUND('',#11101,.T.);
#11101 = EDGE_LOOP('',(#11102,#11103,#11104));
#11102 = ORIENTED_EDGE('',*,*,#8111,.F.);
#11103 = ORIENTED_EDGE('',*,*,#10940,.T.);
#11104 = ORIENTED_EDGE('',*,*,#11105,.F.);
#11105 = EDGE_CURVE('',#3737,#10941,#11106,.T.);
#11106 = SURFACE_CURVE('',#11107,(#11111,#11118),.PCURVE_S1.);
#11107 = LINE('',#11108,#11109);
#11108 = CARTESIAN_POINT('',(3.005004882812,9.409002304077,
    3.779999732971));
#11109 = VECTOR('',#11110,1.);
#11110 = DIRECTION('',(-1.099431295685E-03,0.,0.999999395625));
#11111 = PCURVE('',#8125,#11112);
#11112 = DEFINITIONAL_REPRESENTATION('',(#11113),#11117);
#11113 = LINE('',#11114,#11115);
#11114 = CARTESIAN_POINT('',(-0.82212722668,-1.210096725256));
#11115 = VECTOR('',#11116,1.);
#11116 = DIRECTION('',(1.911176667826E-04,0.999999981737));
#11117 = ( GEOMETRIC_REPRESENTATION_CONTEXT(2) 
PARAMETRIC_REPRESENTATION_CONTEXT() REPRESENTATION_CONTEXT('2D SPACE',''
  ) );
#11118 = PCURVE('',#8255,#11119);
#11119 = DEFINITIONAL_REPRESENTATION('',(#11120),#11124);
#11120 = LINE('',#11121,#11122);
#11121 = CARTESIAN_POINT('',(-1.165287925068,1.24459780551));
#11122 = VECTOR('',#11123,1.);
#11123 = DIRECTION('',(1.091673001791E-03,-0.999999404125));
#11124 = ( GEOMETRIC_REPRESENTATION_CONTEXT(2) 
PARAMETRIC_REPRESENTATION_CONTEXT() REPRESENTATION_CONTEXT('2D SPACE',''
  ) );
#11125 = ADVANCED_FACE('',(#11126),#8156,.T.);
#11126 = FACE_BOUND('',#11127,.T.);
#11127 = EDGE_LOOP('',(#11128,#11149,#11150));
#11128 = ORIENTED_EDGE('',*,*,#11129,.F.);
#11129 = EDGE_CURVE('',#11055,#3877,#11130,.T.);
#11130 = SURFACE_CURVE('',#11131,(#11135,#11142),.PCURVE_S1.);
#11131 = LINE('',#11132,#11133);
#11132 = CARTESIAN_POINT('',(2.395004272461,5.285001754761,
    5.612000465393));
#11133 = VECTOR('',#11134,1.);
#11134 = DIRECTION('',(0.,0.108523829887,-0.994093847857));
#11135 = PCURVE('',#8156,#11136);
#11136 = DEFINITIONAL_REPRESENTATION('',(#11137),#11141);
#11137 = LINE('',#11138,#11139);
#11138 = CARTESIAN_POINT('',(0.754911633302,0.6345517449));
#11139 = VECTOR('',#11140,1.);
#11140 = DIRECTION('',(-0.107822731852,-0.994170135588));
#11141 = ( GEOMETRIC_REPRESENTATION_CONTEXT(2) 
PARAMETRIC_REPRESENTATION_CONTEXT() REPRESENTATION_CONTEXT('2D SPACE',''
  ) );
#11142 = PCURVE('',#8336,#11143);
#11143 = DEFINITIONAL_REPRESENTATION('',(#11144),#11148);
#11144 = LINE('',#11145,#11146);
#11145 = CARTESIAN_POINT('',(0.627399820469,0.872131119802));
#11146 = VECTOR('',#11147,1.);
#11147 = DIRECTION('',(-1.,-4.838525497807E-14));
#11148 = ( GEOMETRIC_REPRESENTATION_CONTEXT(2) 
PARAMETRIC_REPRESENTATION_CONTEXT() REPRESENTATION_CONTEXT('2D SPACE',''
  ) );
#11149 = ORIENTED_EDGE('',*,*,#11077,.T.);
#11150 = ORIENTED_EDGE('',*,*,#8140,.T.);
#11151 = ADVANCED_FACE('',(#11152),#8255,.T.);
#11152 = FACE_BOUND('',#11153,.T.);
#11153 = EDGE_LOOP('',(#11154,#11155,#11156));
#11154 = ORIENTED_EDGE('',*,*,#8241,.F.);
#11155 = ORIENTED_EDGE('',*,*,#11105,.T.);
#11156 = ORIENTED_EDGE('',*,*,#10963,.T.);
#11157 = ADVANCED_FACE('',(#11158),#8287,.T.);
#11158 = FACE_BOUND('',#11159,.T.);
#11159 = EDGE_LOOP('',(#11160,#11161,#11182));
#11160 = ORIENTED_EDGE('',*,*,#8271,.F.);
#11161 = ORIENTED_EDGE('',*,*,#11162,.T.);
#11162 = EDGE_CURVE('',#3849,#11010,#11163,.T.);
#11163 = SURFACE_CURVE('',#11164,(#11168,#11175),.PCURVE_S1.);
#11164 = LINE('',#11165,#11166);
#11165 = CARTESIAN_POINT('',(-2.126998901367,5.484998703003,
    3.779999732971));
#11166 = VECTOR('',#11167,1.);
#11167 = DIRECTION('',(0.,-0.108290187132,0.994119326525));
#11168 = PCURVE('',#8287,#11169);
#11169 = DEFINITIONAL_REPRESENTATION('',(#11170),#11174);
#11170 = LINE('',#11171,#11172);
#11171 = CARTESIAN_POINT('',(-1.207841899441,-0.801724783573));
#11172 = VECTOR('',#11173,1.);
#11173 = DIRECTION('',(1.,-6.380191542239E-14));
#11174 = ( GEOMETRIC_REPRESENTATION_CONTEXT(2) 
PARAMETRIC_REPRESENTATION_CONTEXT() REPRESENTATION_CONTEXT('2D SPACE',''
  ) );
#11175 = PCURVE('',#8421,#11176);
#11176 = DEFINITIONAL_REPRESENTATION('',(#11177),#11181);
#11177 = LINE('',#11178,#11179);
#11178 = CARTESIAN_POINT('',(-0.55579428724,-1.198611727265));
#11179 = VECTOR('',#11180,1.);
#11180 = DIRECTION('',(-0.107590284942,0.994195318127));
#11181 = ( GEOMETRIC_REPRESENTATION_CONTEXT(2) 
PARAMETRIC_REPRESENTATION_CONTEXT() REPRESENTATION_CONTEXT('2D SPACE',''
  ) );
#11182 = ORIENTED_EDGE('',*,*,#11032,.T.);
#11183 = ADVANCED_FACE('',(#11184),#8336,.T.);
#11184 = FACE_BOUND('',#11185,.T.);
#11185 = EDGE_LOOP('',(#11186,#11187,#11188));
#11186 = ORIENTED_EDGE('',*,*,#8322,.F.);
#11187 = ORIENTED_EDGE('',*,*,#11054,.T.);
#11188 = ORIENTED_EDGE('',*,*,#11129,.T.);
#11189 = ADVANCED_FACE('',(#11190),#8388,.T.);
#11190 = FACE_BOUND('',#11191,.T.);
#11191 = EDGE_LOOP('',(#11192,#11193,#11194));
#11192 = ORIENTED_EDGE('',*,*,#8506,.F.);
#11193 = ORIENTED_EDGE('',*,*,#8374,.F.);
#11194 = ORIENTED_EDGE('',*,*,#10986,.T.);
#11195 = ADVANCED_FACE('',(#11196),#8421,.T.);
#11196 = FACE_BOUND('',#11197,.T.);
#11197 = EDGE_LOOP('',(#11198,#11199,#11200));
#11198 = ORIENTED_EDGE('',*,*,#11009,.T.);
#11199 = ORIENTED_EDGE('',*,*,#11162,.F.);
#11200 = ORIENTED_EDGE('',*,*,#8405,.T.);
#11201 = ADVANCED_FACE('',(#11202),#8546,.T.);
#11202 = FACE_BOUND('',#11203,.T.);
#11203 = EDGE_LOOP('',(#11204,#11205,#11206));
#11204 = ORIENTED_EDGE('',*,*,#8530,.T.);
#11205 = ORIENTED_EDGE('',*,*,#10090,.T.);
#11206 = ORIENTED_EDGE('',*,*,#8613,.F.);
#11207 = ADVANCED_FACE('',(#11208),#8600,.T.);
#11208 = FACE_BOUND('',#11209,.T.);
#11209 = EDGE_LOOP('',(#11210,#11211,#11212));
#11210 = ORIENTED_EDGE('',*,*,#8584,.T.);
#11211 = ORIENTED_EDGE('',*,*,#10112,.T.);
#11212 = ORIENTED_EDGE('',*,*,#8884,.T.);
#11213 = ADVANCED_FACE('',(#11214),#8676,.T.);
#11214 = FACE_BOUND('',#11215,.T.);
#11215 = EDGE_LOOP('',(#11216,#11217,#11218));
#11216 = ORIENTED_EDGE('',*,*,#8761,.F.);
#11217 = ORIENTED_EDGE('',*,*,#10157,.T.);
#11218 = ORIENTED_EDGE('',*,*,#8660,.T.);
#11219 = ADVANCED_FACE('',(#11220),#8797,.T.);
#11220 = FACE_BOUND('',#11221,.T.);
#11221 = EDGE_LOOP('',(#11222,#11223,#11224));
#11222 = ORIENTED_EDGE('',*,*,#8812,.T.);
#11223 = ORIENTED_EDGE('',*,*,#10135,.T.);
#11224 = ORIENTED_EDGE('',*,*,#8783,.F.);
#11225 = ADVANCED_FACE('',(#11226),#8948,.T.);
#11226 = FACE_BOUND('',#11227,.T.);
#11227 = EDGE_LOOP('',(#11228,#11229,#11230));
#11228 = ORIENTED_EDGE('',*,*,#8932,.T.);
#11229 = ORIENTED_EDGE('',*,*,#10224,.T.);
#11230 = ORIENTED_EDGE('',*,*,#9167,.F.);
#11231 = ADVANCED_FACE('',(#11232),#8977,.T.);
#11232 = FACE_BOUND('',#11233,.T.);
#11233 = EDGE_LOOP('',(#11234,#11235,#11236));
#11234 = ORIENTED_EDGE('',*,*,#9013,.T.);
#11235 = ORIENTED_EDGE('',*,*,#10202,.T.);
#11236 = ORIENTED_EDGE('',*,*,#8961,.T.);
#11237 = ADVANCED_FACE('',(#11238),#9053,.T.);
#11238 = FACE_BOUND('',#11239,.T.);
#11239 = EDGE_LOOP('',(#11240,#11241,#11242));
#11240 = ORIENTED_EDGE('',*,*,#9089,.T.);
#11241 = ORIENTED_EDGE('',*,*,#10180,.T.);
#11242 = ORIENTED_EDGE('',*,*,#9037,.F.);
#11243 = ADVANCED_FACE('',(#11244),#9154,.T.);
#11244 = FACE_BOUND('',#11245,.T.);
#11245 = EDGE_LOOP('',(#11246,#11247,#11248));
#11246 = ORIENTED_EDGE('',*,*,#9138,.T.);
#11247 = ORIENTED_EDGE('',*,*,#10246,.T.);
#11248 = ORIENTED_EDGE('',*,*,#10666,.F.);
#11249 = ADVANCED_FACE('',(#11250),#9610,.T.);
#11250 = FACE_BOUND('',#11251,.F.);
#11251 = EDGE_LOOP('',(#11252));
#11252 = ORIENTED_EDGE('',*,*,#9595,.F.);
#11253 = ADVANCED_FACE('',(#11254),#9968,.T.);
#11254 = FACE_BOUND('',#11255,.F.);
#11255 = EDGE_LOOP('',(#11256));
#11256 = ORIENTED_EDGE('',*,*,#9953,.F.);
#11257 = ( GEOMETRIC_REPRESENTATION_CONTEXT(3) 
GLOBAL_UNCERTAINTY_ASSIGNED_CONTEXT((#11261)) 
GLOBAL_UNIT_ASSIGNED_CONTEXT((#11258,#11259,#11260)) 
REPRESENTATION_CONTEXT('Context #1',
  '3D Context with UNIT and UNCERTAINTY') );
#11258 = ( LENGTH_UNIT() NAMED_UNIT(*) SI_UNIT(.MILLI.,.METRE.) );
#11259 = ( NAMED_UNIT(*) PLANE_ANGLE_UNIT() SI_UNIT($,.RADIAN.) );
#11260 = ( NAMED_UNIT(*) SI_UNIT($,.STERADIAN.) SOLID_ANGLE_UNIT() );
#11261 = UNCERTAINTY_MEASURE_WITH_UNIT(LENGTH_MEASURE(1.E-07),#11258,
  'distance_accuracy_value','confusion accuracy');
#11262 = PRODUCT_RELATED_PRODUCT_CATEGORY('part',$,(#7));
ENDSEC;
END-ISO-10303-21;
