ISO-10303-21;
HEADER;
FILE_DESCRIPTION(('Open CASCADE Model'),'2;1');
FILE_NAME('Open CASCADE Shape Model','2026-10-01T12:00:21',('Author'),(
    'Open CASCADE'),'Open CASCADE STEP processor 7.9','Open CASCADE 7.9'
  ,'Unknown');
FILE_SCHEMA(('AUTOMOTIVE_DESIGN { 1 0 10303 214 1 1 1 1 }'));
ENDSEC;
DATA;
#1 = APPLICATION_PROTOCOL_DEFINITION('international standard',
  'automotive_design',2000,#2);
#2 = APPLICATION_CONTEXT(
  'core data for automotive mechanical design processes');
#3 = SHAPE_DEFINITION_REPRESENTATION(#4,#10);
#4 = PRODUCT_DEFINITION_SHAPE('','',#5);
#5 = PRODUCT_DEFINITION('design','',#6,#9);
#6 = PRODUCT_DEFINITION_FORMATION('','',#7);
#7 = PRODUCT('Open CASCADE STEP translator 7.9 5',
  'Open CASCADE STEP translator 7.9 5','',(#8));
#8 = PRODUCT_CONTEXT('',#2,'mechanical');
#9 = PRODUCT_DEFINITION_CONTEXT('part definition',#2,'design');
#10 = SHAPE_REPRESENTATION('',(#11,#15,#19),#23);
#11 = AXIS2_PLACEMENT_3D('',#12,#13,#14);
#12 = CARTESIAN_POINT('',(0.,0.,0.));
#13 = DIRECTION('',(0.,0.,1.));
#14 = DIRECTION('',(1.,0.,-0.));
#15 = AXIS2_PLACEMENT_3D('',#16,#17,#18);
#16 = CARTESIAN_POINT('',(0.,0.,0.));
#17 = DIRECTION('',(0.,0.,1.));
#18 = DIRECTION('',(1.,0.,-0.));
#19 = AXIS2_PLACEMENT_3D('',#20,#21,#22);
#20 = CARTESIAN_POINT('',(0.,0.,0.));
#21 = DIRECTION('',(0.,0.,1.));
#22 = DIRECTION('',(1.,0.,-0.));
#23 = ( GEOMETRIC_REPRESENTATION_CONTEXT(3) 
GLOBAL_UNCERTAINTY_ASSIGNED_CONTEXT((#27)) GLOBAL_UNIT_ASSIGNED_CONTEXT(
(#24,#25,#26)) REPRESENTATION_CONTEXT('Context #1',
  '3D Context with UNIT and UNCERTAINTY') );
#24 = ( LENGTH_UNIT() NAMED_UNIT(*) SI_UNIT(.MILLI.,.METRE.) );
#25 = ( NAMED_UNIT(*) PLANE_ANGLE_UNIT() SI_UNIT($,.RADIAN.) );
#26 = ( NAMED_UNIT(*) SI_UNIT($,.STERADIAN.) SOLID_ANGLE_UNIT() );
#27 = UNCERTAINTY_MEASURE_WITH_UNIT(LENGTH_MEASURE(2.E-07),#24,
  'distance_accuracy_value','confusion accuracy');
#28 = PRODUCT_RELATED_PRODUCT_CATEGORY('part',$,(#7));
#29 = SHAPE_DEFINITION_REPRESENTATION(#30,#36);
#30 = PRODUCT_DEFINITION_SHAPE('','',#31);
#31 = PRODUCT_DEFINITION('design','',#32,#35);
#32 = PRODUCT_DEFINITION_FORMATION('','',#33);
#33 = PRODUCT('Open CASCADE STEP translator 7.9 5.1',
  'Open CASCADE STEP translator 7.9 5.1','',(#34));
#34 = PRODUCT_CONTEXT('',#2,'mechanical');
#35 = PRODUCT_DEFINITION_CONTEXT('part definition',#2,'design');
#36 = ADVANCED_BREP_SHAPE_REPRESENTATION('',(#11,#37),#553);
#37 = MANIFOLD_SOLID_BREP('',#38);
#38 = CLOSED_SHELL('',(#39,#155,#277,#368,#465,#492,#519,#546));
#39 = ADVANCED_FACE('',(#40),#54,.T.);
#40 = FACE_BOUND('',#41,.T.);
#41 = EDGE_LOOP('',(#42,#75,#103,#131));
#42 = ORIENTED_EDGE('',*,*,#43,.T.);
#43 = EDGE_CURVE('',#44,#46,#48,.T.);
#44 = VERTEX_POINT('',#45);
#45 = CARTESIAN_POINT('',(9.222999572754,-16.47500038147,4.78));
#46 = VERTEX_POINT('',#47);
#47 = CARTESIAN_POINT('',(9.222999572754,-16.47500038147,4.670001029968)
  );
#48 = SURFACE_CURVE('',#49,(#53,#64),.PCURVE_S1.);
#49 = LINE('',#50,#51);
#50 = CARTESIAN_POINT('',(9.222999572754,-16.47500038147,-6.963703200543
    ));
#51 = VECTOR('',#52,1.);
#52 = DIRECTION('',(0.,0.,-1.));
#53 = PCURVE('',#54,#59);
#54 = PLANE('',#55);
#55 = AXIS2_PLACEMENT_3D('',#56,#57,#58);
#56 = CARTESIAN_POINT('',(-5.043404669215,-16.47500038147,6.072593598913
    ));
#57 = DIRECTION('',(-0.,-1.,-0.));
#58 = DIRECTION('',(0.,0.,-1.));
#59 = DEFINITIONAL_REPRESENTATION('',(#60),#63);
#60 = B_SPLINE_CURVE_WITH_KNOTS('',1,(#61,#62),.UNSPECIFIED.,.F.,.F.,(2,
    2),(-11.74370320054,-11.63370423051),.PIECEWISE_BEZIER_KNOTS.);
#61 = CARTESIAN_POINT('',(1.292593598913,14.266404241969));
#62 = CARTESIAN_POINT('',(1.402592568945,14.266404241969));
#63 = ( GEOMETRIC_REPRESENTATION_CONTEXT(2) 
PARAMETRIC_REPRESENTATION_CONTEXT() REPRESENTATION_CONTEXT('2D SPACE',''
  ) );
#64 = PCURVE('',#65,#70);
#65 = PLANE('',#66);
#66 = AXIS2_PLACEMENT_3D('',#67,#68,#69);
#67 = CARTESIAN_POINT('',(9.222999572754,-20.,-20.));
#68 = DIRECTION('',(-1.,0.,0.));
#69 = DIRECTION('',(0.,1.,0.));
#70 = DEFINITIONAL_REPRESENTATION('',(#71),#74);
#71 = B_SPLINE_CURVE_WITH_KNOTS('',1,(#72,#73),.UNSPECIFIED.,.F.,.F.,(2,
    2),(-11.74370320054,-11.63370423051),.PIECEWISE_BEZIER_KNOTS.);
#72 = CARTESIAN_POINT('',(3.52499961853,-24.78));
#73 = CARTESIAN_POINT('',(3.52499961853,-24.67000102996));
#74 = ( GEOMETRIC_REPRESENTATION_CONTEXT(2) 
PARAMETRIC_REPRESENTATION_CONTEXT() REPRESENTATION_CONTEXT('2D SPACE',''
  ) );
#75 = ORIENTED_EDGE('',*,*,#76,.T.);
#76 = EDGE_CURVE('',#46,#77,#79,.T.);
#77 = VERTEX_POINT('',#78);
#78 = CARTESIAN_POINT('',(9.722999572754,-16.47500038147,4.670001029968)
  );
#79 = SURFACE_CURVE('',#80,(#84,#91),.PCURVE_S1.);
#80 = LINE('',#81,#82);
#81 = CARTESIAN_POINT('',(-9.464996337891,-16.47500038147,4.670001029968
    ));
#82 = VECTOR('',#83,1.);
#83 = DIRECTION('',(1.,0.,0.));
#84 = PCURVE('',#54,#85);
#85 = DEFINITIONAL_REPRESENTATION('',(#86),#90);
#86 = LINE('',#87,#88);
#87 = CARTESIAN_POINT('',(1.402592568945,-4.421591668676));
#88 = VECTOR('',#89,1.);
#89 = DIRECTION('',(0.,1.));
#90 = ( GEOMETRIC_REPRESENTATION_CONTEXT(2) 
PARAMETRIC_REPRESENTATION_CONTEXT() REPRESENTATION_CONTEXT('2D SPACE',''
  ) );
#91 = PCURVE('',#92,#97);
#92 = PLANE('',#93);
#93 = AXIS2_PLACEMENT_3D('',#94,#95,#96);
#94 = CARTESIAN_POINT('',(4.413613869393,-15.92684508303,4.422858833147)
  );
#95 = DIRECTION('',(-0.,-0.411017789978,-0.911627323154));
#96 = DIRECTION('',(0.,-0.911627323154,0.411017789978));
#97 = DEFINITIONAL_REPRESENTATION('',(#98),#102);
#98 = LINE('',#99,#100);
#99 = CARTESIAN_POINT('',(0.601293186937,13.878610207284));
#100 = VECTOR('',#101,1.);
#101 = DIRECTION('',(0.,-1.));
#102 = ( GEOMETRIC_REPRESENTATION_CONTEXT(2) 
PARAMETRIC_REPRESENTATION_CONTEXT() REPRESENTATION_CONTEXT('2D SPACE',''
  ) );
#103 = ORIENTED_EDGE('',*,*,#104,.F.);
#104 = EDGE_CURVE('',#105,#77,#107,.T.);
#105 = VERTEX_POINT('',#106);
#106 = CARTESIAN_POINT('',(9.722999572754,-16.47500038147,4.78));
#107 = SURFACE_CURVE('',#108,(#112,#119),.PCURVE_S1.);
#108 = LINE('',#109,#110);
#109 = CARTESIAN_POINT('',(9.722999572754,-16.47500038147,5.670001029968
    ));
#110 = VECTOR('',#111,1.);
#111 = DIRECTION('',(0.,0.,-1.));
#112 = PCURVE('',#54,#113);
#113 = DEFINITIONAL_REPRESENTATION('',(#114),#118);
#114 = LINE('',#115,#116);
#115 = CARTESIAN_POINT('',(0.402592568945,14.766404241969));
#116 = VECTOR('',#117,1.);
#117 = DIRECTION('',(1.,0.));
#118 = ( GEOMETRIC_REPRESENTATION_CONTEXT(2) 
PARAMETRIC_REPRESENTATION_CONTEXT() REPRESENTATION_CONTEXT('2D SPACE',''
  ) );
#119 = PCURVE('',#120,#125);
#120 = PLANE('',#121);
#121 = AXIS2_PLACEMENT_3D('',#122,#123,#124);
#122 = CARTESIAN_POINT('',(9.722999572754,-3.054237099479,4.124234886955
    ));
#123 = DIRECTION('',(1.,0.,0.));
#124 = DIRECTION('',(-0.,0.,1.));
#125 = DEFINITIONAL_REPRESENTATION('',(#126),#130);
#126 = LINE('',#127,#128);
#127 = CARTESIAN_POINT('',(1.545766143013,13.420763281991));
#128 = VECTOR('',#129,1.);
#129 = DIRECTION('',(-1.,0.));
#130 = ( GEOMETRIC_REPRESENTATION_CONTEXT(2) 
PARAMETRIC_REPRESENTATION_CONTEXT() REPRESENTATION_CONTEXT('2D SPACE',''
  ) );
#131 = ORIENTED_EDGE('',*,*,#132,.T.);
#132 = EDGE_CURVE('',#105,#44,#133,.T.);
#133 = SURFACE_CURVE('',#134,(#138,#144),.PCURVE_S1.);
#134 = LINE('',#135,#136);
#135 = CARTESIAN_POINT('',(-17.5217023346,-16.47500038147,4.78));
#136 = VECTOR('',#137,1.);
#137 = DIRECTION('',(-1.,0.,0.));
#138 = PCURVE('',#54,#139);
#139 = DEFINITIONAL_REPRESENTATION('',(#140),#143);
#140 = B_SPLINE_CURVE_WITH_KNOTS('',1,(#141,#142),.UNSPECIFIED.,.F.,.F.,
  (2,2),(-27.24470190736,-26.74470190736),.PIECEWISE_BEZIER_KNOTS.);
#141 = CARTESIAN_POINT('',(1.292593598913,14.766404241969));
#142 = CARTESIAN_POINT('',(1.292593598913,14.266404241969));
#143 = ( GEOMETRIC_REPRESENTATION_CONTEXT(2) 
PARAMETRIC_REPRESENTATION_CONTEXT() REPRESENTATION_CONTEXT('2D SPACE',''
  ) );
#144 = PCURVE('',#145,#150);
#145 = PLANE('',#146);
#146 = AXIS2_PLACEMENT_3D('',#147,#148,#149);
#147 = CARTESIAN_POINT('',(-30.,-20.,4.78));
#148 = DIRECTION('',(0.,0.,1.));
#149 = DIRECTION('',(1.,0.,-0.));
#150 = DEFINITIONAL_REPRESENTATION('',(#151),#154);
#151 = B_SPLINE_CURVE_WITH_KNOTS('',1,(#152,#153),.UNSPECIFIED.,.F.,.F.,
  (2,2),(-27.24470190736,-26.74470190736),.PIECEWISE_BEZIER_KNOTS.);
#152 = CARTESIAN_POINT('',(39.722999572754,3.52499961853));
#153 = CARTESIAN_POINT('',(39.222999572754,3.52499961853));
#154 = ( GEOMETRIC_REPRESENTATION_CONTEXT(2) 
PARAMETRIC_REPRESENTATION_CONTEXT() REPRESENTATION_CONTEXT('2D SPACE',''
  ) );
#155 = ADVANCED_FACE('',(#156),#65,.T.);
#156 = FACE_BOUND('',#157,.T.);
#157 = EDGE_LOOP('',(#158,#159,#180,#206,#232,#258));
#158 = ORIENTED_EDGE('',*,*,#43,.F.);
#159 = ORIENTED_EDGE('',*,*,#160,.T.);
#160 = EDGE_CURVE('',#44,#161,#163,.T.);
#161 = VERTEX_POINT('',#162);
#162 = CARTESIAN_POINT('',(9.222999572754,16.473221357194,4.78));
#163 = SURFACE_CURVE('',#164,(#168,#174),.PCURVE_S1.);
#164 = LINE('',#165,#166);
#165 = CARTESIAN_POINT('',(9.222999572754,-20.,4.78));
#166 = VECTOR('',#167,1.);
#167 = DIRECTION('',(0.,1.,-0.));
#168 = PCURVE('',#65,#169);
#169 = DEFINITIONAL_REPRESENTATION('',(#170),#173);
#170 = B_SPLINE_CURVE_WITH_KNOTS('',1,(#171,#172),.UNSPECIFIED.,.F.,.F.,
  (2,2),(0.,40.),.PIECEWISE_BEZIER_KNOTS.);
#171 = CARTESIAN_POINT('',(0.,-24.78));
#172 = CARTESIAN_POINT('',(40.,-24.78));
#173 = ( GEOMETRIC_REPRESENTATION_CONTEXT(2) 
PARAMETRIC_REPRESENTATION_CONTEXT() REPRESENTATION_CONTEXT('2D SPACE',''
  ) );
#174 = PCURVE('',#145,#175);
#175 = DEFINITIONAL_REPRESENTATION('',(#176),#179);
#176 = B_SPLINE_CURVE_WITH_KNOTS('',1,(#177,#178),.UNSPECIFIED.,.F.,.F.,
  (2,2),(0.,40.),.PIECEWISE_BEZIER_KNOTS.);
#177 = CARTESIAN_POINT('',(39.222999572754,0.));
#178 = CARTESIAN_POINT('',(39.222999572754,40.));
#179 = ( GEOMETRIC_REPRESENTATION_CONTEXT(2) 
PARAMETRIC_REPRESENTATION_CONTEXT() REPRESENTATION_CONTEXT('2D SPACE',''
  ) );
#180 = ORIENTED_EDGE('',*,*,#181,.F.);
#181 = EDGE_CURVE('',#182,#161,#184,.T.);
#182 = VERTEX_POINT('',#183);
#183 = CARTESIAN_POINT('',(9.222999572754,16.473001480103,4.670001029968
    ));
#184 = SURFACE_CURVE('',#185,(#189,#195),.PCURVE_S1.);
#185 = LINE('',#186,#187);
#186 = CARTESIAN_POINT('',(9.222999572754,16.449008802736,
    -7.332931061044));
#187 = VECTOR('',#188,1.);
#188 = DIRECTION('',(0.,1.998897373784E-03,0.999998002203));
#189 = PCURVE('',#65,#190);
#190 = DEFINITIONAL_REPRESENTATION('',(#191),#194);
#191 = B_SPLINE_CURVE_WITH_KNOTS('',1,(#192,#193),.UNSPECIFIED.,.F.,.F.,
  (2,2),(12.002956070486,12.112955260274),.PIECEWISE_BEZIER_KNOTS.);
#192 = CARTESIAN_POINT('',(36.473001480103,-24.67000102996));
#193 = CARTESIAN_POINT('',(36.473221357194,-24.78));
#194 = ( GEOMETRIC_REPRESENTATION_CONTEXT(2) 
PARAMETRIC_REPRESENTATION_CONTEXT() REPRESENTATION_CONTEXT('2D SPACE',''
  ) );
#195 = PCURVE('',#196,#201);
#196 = PLANE('',#197);
#197 = AXIS2_PLACEMENT_3D('',#198,#199,#200);
#198 = CARTESIAN_POINT('',(-4.955946161325,16.474474558308,
    5.406944947907));
#199 = DIRECTION('',(0.,0.999998002203,-1.998897373784E-03));
#200 = DIRECTION('',(0.,1.998897373784E-03,0.999998002203));
#201 = DEFINITIONAL_REPRESENTATION('',(#202),#205);
#202 = B_SPLINE_CURVE_WITH_KNOTS('',1,(#203,#204),.UNSPECIFIED.,.F.,.F.,
  (2,2),(12.002956070486,12.112955260274),.PIECEWISE_BEZIER_KNOTS.);
#203 = CARTESIAN_POINT('',(-0.736945390207,14.178945734079));
#204 = CARTESIAN_POINT('',(-0.626946200418,14.178945734079));
#205 = ( GEOMETRIC_REPRESENTATION_CONTEXT(2) 
PARAMETRIC_REPRESENTATION_CONTEXT() REPRESENTATION_CONTEXT('2D SPACE',''
  ) );
#206 = ORIENTED_EDGE('',*,*,#207,.F.);
#207 = EDGE_CURVE('',#208,#182,#210,.T.);
#208 = VERTEX_POINT('',#209);
#209 = CARTESIAN_POINT('',(9.222999572754,14.465002059937,3.779999732971
    ));
#210 = SURFACE_CURVE('',#211,(#215,#221),.PCURVE_S1.);
#211 = LINE('',#212,#213);
#212 = CARTESIAN_POINT('',(9.222999572754,-4.063508485051,
    -4.432352447437));
#213 = VECTOR('',#214,1.);
#214 = DIRECTION('',(0.,0.914223861348,0.405209490687));
#215 = PCURVE('',#65,#216);
#216 = DEFINITIONAL_REPRESENTATION('',(#217),#220);
#217 = B_SPLINE_CURVE_WITH_KNOTS('',1,(#218,#219),.UNSPECIFIED.,.F.,.F.,
  (2,2),(20.266929499823,22.463327455577),.PIECEWISE_BEZIER_KNOTS.);
#218 = CARTESIAN_POINT('',(34.465002059937,-23.77999973297));
#219 = CARTESIAN_POINT('',(36.473001480103,-24.67000102996));
#220 = ( GEOMETRIC_REPRESENTATION_CONTEXT(2) 
PARAMETRIC_REPRESENTATION_CONTEXT() REPRESENTATION_CONTEXT('2D SPACE',''
  ) );
#221 = PCURVE('',#222,#227);
#222 = PLANE('',#223);
#223 = AXIS2_PLACEMENT_3D('',#224,#225,#226);
#224 = CARTESIAN_POINT('',(5.381450139683,15.0233641418,4.027481366712)
  );
#225 = DIRECTION('',(-0.,0.405209490687,-0.914223861348));
#226 = DIRECTION('',(0.,-0.914223861348,-0.405209490687));
#227 = DEFINITIONAL_REPRESENTATION('',(#228),#231);
#228 = B_SPLINE_CURVE_WITH_KNOTS('',1,(#229,#230),.UNSPECIFIED.,.F.,.F.,
  (2,2),(20.266929499823,22.463327455577),.PIECEWISE_BEZIER_KNOTS.);
#229 = CARTESIAN_POINT('',(0.610749845273,-3.841549433071));
#230 = CARTESIAN_POINT('',(-1.585648110481,-3.841549433071));
#231 = ( GEOMETRIC_REPRESENTATION_CONTEXT(2) 
PARAMETRIC_REPRESENTATION_CONTEXT() REPRESENTATION_CONTEXT('2D SPACE',''
  ) );
#232 = ORIENTED_EDGE('',*,*,#233,.F.);
#233 = EDGE_CURVE('',#234,#208,#236,.T.);
#234 = VERTEX_POINT('',#235);
#235 = CARTESIAN_POINT('',(9.222999572754,-14.50099945068,3.779999732971
    ));
#236 = SURFACE_CURVE('',#237,(#241,#247),.PCURVE_S1.);
#237 = LINE('',#238,#239);
#238 = CARTESIAN_POINT('',(9.222999572754,-5.271669797267,3.779999732971
    ));
#239 = VECTOR('',#240,1.);
#240 = DIRECTION('',(0.,1.,-0.));
#241 = PCURVE('',#65,#242);
#242 = DEFINITIONAL_REPRESENTATION('',(#243),#246);
#243 = B_SPLINE_CURVE_WITH_KNOTS('',1,(#244,#245),.UNSPECIFIED.,.F.,.F.,
  (2,2),(-9.229329653414,19.736671857203),.PIECEWISE_BEZIER_KNOTS.);
#244 = CARTESIAN_POINT('',(5.49900054932,-23.77999973297));
#245 = CARTESIAN_POINT('',(34.465002059937,-23.77999973297));
#246 = ( GEOMETRIC_REPRESENTATION_CONTEXT(2) 
PARAMETRIC_REPRESENTATION_CONTEXT() REPRESENTATION_CONTEXT('2D SPACE',''
  ) );
#247 = PCURVE('',#248,#253);
#248 = PLANE('',#249);
#249 = AXIS2_PLACEMENT_3D('',#250,#251,#252);
#250 = CARTESIAN_POINT('',(5.832365199013,9.456660405467,3.779999732971)
  );
#251 = DIRECTION('',(-0.,-0.,-1.));
#252 = DIRECTION('',(-1.,0.,0.));
#253 = DEFINITIONAL_REPRESENTATION('',(#254),#257);
#254 = B_SPLINE_CURVE_WITH_KNOTS('',1,(#255,#256),.UNSPECIFIED.,.F.,.F.,
  (2,2),(-9.229329653414,19.736671857203),.PIECEWISE_BEZIER_KNOTS.);
#255 = CARTESIAN_POINT('',(-3.390634373741,-23.95765985614));
#256 = CARTESIAN_POINT('',(-3.390634373741,5.00834165447));
#257 = ( GEOMETRIC_REPRESENTATION_CONTEXT(2) 
PARAMETRIC_REPRESENTATION_CONTEXT() REPRESENTATION_CONTEXT('2D SPACE',''
  ) );
#258 = ORIENTED_EDGE('',*,*,#259,.F.);
#259 = EDGE_CURVE('',#46,#234,#260,.T.);
#260 = SURFACE_CURVE('',#261,(#265,#271),.PCURVE_S1.);
#261 = LINE('',#262,#263);
#262 = CARTESIAN_POINT('',(9.222999572754,-13.04380993132,3.123008876495
    ));
#263 = VECTOR('',#264,1.);
#264 = DIRECTION('',(0.,0.911627323154,-0.411017789978));
#265 = PCURVE('',#65,#266);
#266 = DEFINITIONAL_REPRESENTATION('',(#267),#270);
#267 = B_SPLINE_CURVE_WITH_KNOTS('',1,(#268,#269),.UNSPECIFIED.,.F.,.F.,
  (2,2),(-3.763808261336,-1.598448710727),.PIECEWISE_BEZIER_KNOTS.);
#268 = CARTESIAN_POINT('',(3.524999618531,-24.67000102997));
#269 = CARTESIAN_POINT('',(5.49900054932,-23.77999973297));
#270 = ( GEOMETRIC_REPRESENTATION_CONTEXT(2) 
PARAMETRIC_REPRESENTATION_CONTEXT() REPRESENTATION_CONTEXT('2D SPACE',''
  ) );
#271 = PCURVE('',#92,#272);
#272 = DEFINITIONAL_REPRESENTATION('',(#273),#276);
#273 = B_SPLINE_CURVE_WITH_KNOTS('',1,(#274,#275),.UNSPECIFIED.,.F.,.F.,
  (2,2),(-3.763808261336,-1.598448710727),.PIECEWISE_BEZIER_KNOTS.);
#274 = CARTESIAN_POINT('',(0.601293186937,-4.809385703361));
#275 = CARTESIAN_POINT('',(-1.564066363672,-4.809385703361));
#276 = ( GEOMETRIC_REPRESENTATION_CONTEXT(2) 
PARAMETRIC_REPRESENTATION_CONTEXT() REPRESENTATION_CONTEXT('2D SPACE',''
  ) );
#277 = ADVANCED_FACE('',(#278),#145,.T.);
#278 = FACE_BOUND('',#279,.T.);
#279 = EDGE_LOOP('',(#280,#301,#302,#303,#325,#348));
#280 = ORIENTED_EDGE('',*,*,#281,.F.);
#281 = EDGE_CURVE('',#161,#282,#284,.T.);
#282 = VERTEX_POINT('',#283);
#283 = CARTESIAN_POINT('',(9.722999572754,16.473221357195,4.78));
#284 = SURFACE_CURVE('',#285,(#289,#295),.PCURVE_S1.);
#285 = LINE('',#286,#287);
#286 = CARTESIAN_POINT('',(-17.47797308066,16.473221357194,4.78));
#287 = VECTOR('',#288,1.);
#288 = DIRECTION('',(1.,-0.,0.));
#289 = PCURVE('',#145,#290);
#290 = DEFINITIONAL_REPRESENTATION('',(#291),#294);
#291 = B_SPLINE_CURVE_WITH_KNOTS('',1,(#292,#293),.UNSPECIFIED.,.F.,.F.,
  (2,2),(26.700972653416,27.200972653416),.PIECEWISE_BEZIER_KNOTS.);
#292 = CARTESIAN_POINT('',(39.222999572754,36.473221357194));
#293 = CARTESIAN_POINT('',(39.722999572754,36.473221357194));
#294 = ( GEOMETRIC_REPRESENTATION_CONTEXT(2) 
PARAMETRIC_REPRESENTATION_CONTEXT() REPRESENTATION_CONTEXT('2D SPACE',''
  ) );
#295 = PCURVE('',#196,#296);
#296 = DEFINITIONAL_REPRESENTATION('',(#297),#300);
#297 = B_SPLINE_CURVE_WITH_KNOTS('',1,(#298,#299),.UNSPECIFIED.,.F.,.F.,
  (2,2),(26.700972653416,27.200972653416),.PIECEWISE_BEZIER_KNOTS.);
#298 = CARTESIAN_POINT('',(-0.626946200418,14.178945734079));
#299 = CARTESIAN_POINT('',(-0.626946200418,14.678945734079));
#300 = ( GEOMETRIC_REPRESENTATION_CONTEXT(2) 
PARAMETRIC_REPRESENTATION_CONTEXT() REPRESENTATION_CONTEXT('2D SPACE',''
  ) );
#301 = ORIENTED_EDGE('',*,*,#160,.F.);
#302 = ORIENTED_EDGE('',*,*,#132,.F.);
#303 = ORIENTED_EDGE('',*,*,#304,.T.);
#304 = EDGE_CURVE('',#105,#305,#307,.T.);
#305 = VERTEX_POINT('',#306);
#306 = CARTESIAN_POINT('',(9.722999572754,-14.49900054931,4.779999732971
    ));
#307 = SURFACE_CURVE('',#308,(#312,#318),.PCURVE_S1.);
#308 = LINE('',#309,#310);
#309 = CARTESIAN_POINT('',(9.722999572754,-20.,4.78));
#310 = VECTOR('',#311,1.);
#311 = DIRECTION('',(0.,1.,-0.));
#312 = PCURVE('',#145,#313);
#313 = DEFINITIONAL_REPRESENTATION('',(#314),#317);
#314 = B_SPLINE_CURVE_WITH_KNOTS('',1,(#315,#316),.UNSPECIFIED.,.F.,.F.,
  (2,2),(0.,40.),.PIECEWISE_BEZIER_KNOTS.);
#315 = CARTESIAN_POINT('',(39.722999572754,0.));
#316 = CARTESIAN_POINT('',(39.722999572754,40.));
#317 = ( GEOMETRIC_REPRESENTATION_CONTEXT(2) 
PARAMETRIC_REPRESENTATION_CONTEXT() REPRESENTATION_CONTEXT('2D SPACE',''
  ) );
#318 = PCURVE('',#120,#319);
#319 = DEFINITIONAL_REPRESENTATION('',(#320),#324);
#320 = LINE('',#321,#322);
#321 = CARTESIAN_POINT('',(0.655765113045,16.945762900521));
#322 = VECTOR('',#323,1.);
#323 = DIRECTION('',(0.,-1.));
#324 = ( GEOMETRIC_REPRESENTATION_CONTEXT(2) 
PARAMETRIC_REPRESENTATION_CONTEXT() REPRESENTATION_CONTEXT('2D SPACE',''
  ) );
#325 = ORIENTED_EDGE('',*,*,#326,.F.);
#326 = EDGE_CURVE('',#327,#305,#329,.T.);
#327 = VERTEX_POINT('',#328);
#328 = CARTESIAN_POINT('',(9.722999572754,14.465002059937,4.779999732971
    ));
#329 = SURFACE_CURVE('',#330,(#334,#341),.PCURVE_S1.);
#330 = LINE('',#331,#332);
#331 = CARTESIAN_POINT('',(9.722999572754,14.465002059937,4.779999732971
    ));
#332 = VECTOR('',#333,1.);
#333 = DIRECTION('',(0.,-1.,0.));
#334 = PCURVE('',#145,#335);
#335 = DEFINITIONAL_REPRESENTATION('',(#336),#340);
#336 = LINE('',#337,#338);
#337 = CARTESIAN_POINT('',(39.722999572754,34.465002059937));
#338 = VECTOR('',#339,1.);
#339 = DIRECTION('',(0.,-1.));
#340 = ( GEOMETRIC_REPRESENTATION_CONTEXT(2) 
PARAMETRIC_REPRESENTATION_CONTEXT() REPRESENTATION_CONTEXT('2D SPACE',''
  ) );
#341 = PCURVE('',#120,#342);
#342 = DEFINITIONAL_REPRESENTATION('',(#343),#347);
#343 = LINE('',#344,#345);
#344 = CARTESIAN_POINT('',(0.655764846016,-17.51923915941));
#345 = VECTOR('',#346,1.);
#346 = DIRECTION('',(0.,1.));
#347 = ( GEOMETRIC_REPRESENTATION_CONTEXT(2) 
PARAMETRIC_REPRESENTATION_CONTEXT() REPRESENTATION_CONTEXT('2D SPACE',''
  ) );
#348 = ORIENTED_EDGE('',*,*,#349,.T.);
#349 = EDGE_CURVE('',#327,#282,#350,.T.);
#350 = SURFACE_CURVE('',#351,(#355,#361),.PCURVE_S1.);
#351 = LINE('',#352,#353);
#352 = CARTESIAN_POINT('',(9.722999572754,-20.,4.78));
#353 = VECTOR('',#354,1.);
#354 = DIRECTION('',(0.,1.,-0.));
#355 = PCURVE('',#145,#356);
#356 = DEFINITIONAL_REPRESENTATION('',(#357),#360);
#357 = B_SPLINE_CURVE_WITH_KNOTS('',1,(#358,#359),.UNSPECIFIED.,.F.,.F.,
  (2,2),(0.,40.),.PIECEWISE_BEZIER_KNOTS.);
#358 = CARTESIAN_POINT('',(39.722999572754,0.));
#359 = CARTESIAN_POINT('',(39.722999572754,40.));
#360 = ( GEOMETRIC_REPRESENTATION_CONTEXT(2) 
PARAMETRIC_REPRESENTATION_CONTEXT() REPRESENTATION_CONTEXT('2D SPACE',''
  ) );
#361 = PCURVE('',#120,#362);
#362 = DEFINITIONAL_REPRESENTATION('',(#363),#367);
#363 = LINE('',#364,#365);
#364 = CARTESIAN_POINT('',(0.655765113045,16.945762900521));
#365 = VECTOR('',#366,1.);
#366 = DIRECTION('',(0.,-1.));
#367 = ( GEOMETRIC_REPRESENTATION_CONTEXT(2) 
PARAMETRIC_REPRESENTATION_CONTEXT() REPRESENTATION_CONTEXT('2D SPACE',''
  ) );
#368 = ADVANCED_FACE('',(#369),#120,.T.);
#369 = FACE_BOUND('',#370,.T.);
#370 = EDGE_LOOP('',(#371,#372,#395,#418,#441,#462,#463,#464));
#371 = ORIENTED_EDGE('',*,*,#104,.T.);
#372 = ORIENTED_EDGE('',*,*,#373,.T.);
#373 = EDGE_CURVE('',#77,#374,#376,.T.);
#374 = VERTEX_POINT('',#375);
#375 = CARTESIAN_POINT('',(9.722999572754,-14.50099945068,3.779999732971
    ));
#376 = SURFACE_CURVE('',#377,(#381,#388),.PCURVE_S1.);
#377 = LINE('',#378,#379);
#378 = CARTESIAN_POINT('',(9.722999572754,-16.47500038147,4.670001029968
    ));
#379 = VECTOR('',#380,1.);
#380 = DIRECTION('',(0.,0.911627323155,-0.411017789977));
#381 = PCURVE('',#120,#382);
#382 = DEFINITIONAL_REPRESENTATION('',(#383),#387);
#383 = LINE('',#384,#385);
#384 = CARTESIAN_POINT('',(0.545766143013,13.420763281991));
#385 = VECTOR('',#386,1.);
#386 = DIRECTION('',(-0.411017789977,-0.911627323155));
#387 = ( GEOMETRIC_REPRESENTATION_CONTEXT(2) 
PARAMETRIC_REPRESENTATION_CONTEXT() REPRESENTATION_CONTEXT('2D SPACE',''
  ) );
#388 = PCURVE('',#92,#389);
#389 = DEFINITIONAL_REPRESENTATION('',(#390),#394);
#390 = LINE('',#391,#392);
#391 = CARTESIAN_POINT('',(0.601293186937,-5.309385703361));
#392 = VECTOR('',#393,1.);
#393 = DIRECTION('',(-1.,0.));
#394 = ( GEOMETRIC_REPRESENTATION_CONTEXT(2) 
PARAMETRIC_REPRESENTATION_CONTEXT() REPRESENTATION_CONTEXT('2D SPACE',''
  ) );
#395 = ORIENTED_EDGE('',*,*,#396,.F.);
#396 = EDGE_CURVE('',#397,#374,#399,.T.);
#397 = VERTEX_POINT('',#398);
#398 = CARTESIAN_POINT('',(9.722999572754,14.465002059937,3.779999732971
    ));
#399 = SURFACE_CURVE('',#400,(#404,#411),.PCURVE_S1.);
#400 = LINE('',#401,#402);
#401 = CARTESIAN_POINT('',(9.722999572754,14.465002059937,3.779999732971
    ));
#402 = VECTOR('',#403,1.);
#403 = DIRECTION('',(0.,-1.,0.));
#404 = PCURVE('',#120,#405);
#405 = DEFINITIONAL_REPRESENTATION('',(#406),#410);
#406 = LINE('',#407,#408);
#407 = CARTESIAN_POINT('',(-0.344235153984,-17.51923915941));
#408 = VECTOR('',#409,1.);
#409 = DIRECTION('',(0.,1.));
#410 = ( GEOMETRIC_REPRESENTATION_CONTEXT(2) 
PARAMETRIC_REPRESENTATION_CONTEXT() REPRESENTATION_CONTEXT('2D SPACE',''
  ) );
#411 = PCURVE('',#248,#412);
#412 = DEFINITIONAL_REPRESENTATION('',(#413),#417);
#413 = LINE('',#414,#415);
#414 = CARTESIAN_POINT('',(-3.890634373741,5.00834165447));
#415 = VECTOR('',#416,1.);
#416 = DIRECTION('',(0.,-1.));
#417 = ( GEOMETRIC_REPRESENTATION_CONTEXT(2) 
PARAMETRIC_REPRESENTATION_CONTEXT() REPRESENTATION_CONTEXT('2D SPACE',''
  ) );
#418 = ORIENTED_EDGE('',*,*,#419,.T.);
#419 = EDGE_CURVE('',#397,#420,#422,.T.);
#420 = VERTEX_POINT('',#421);
#421 = CARTESIAN_POINT('',(9.722999572754,16.473001480103,4.670001029968
    ));
#422 = SURFACE_CURVE('',#423,(#427,#434),.PCURVE_S1.);
#423 = LINE('',#424,#425);
#424 = CARTESIAN_POINT('',(9.722999572754,14.465002059937,3.779999732971
    ));
#425 = VECTOR('',#426,1.);
#426 = DIRECTION('',(0.,0.914223861348,0.405209490687));
#427 = PCURVE('',#120,#428);
#428 = DEFINITIONAL_REPRESENTATION('',(#429),#433);
#429 = LINE('',#430,#431);
#430 = CARTESIAN_POINT('',(-0.344235153984,-17.51923915941));
#431 = VECTOR('',#432,1.);
#432 = DIRECTION('',(0.405209490687,-0.914223861348));
#433 = ( GEOMETRIC_REPRESENTATION_CONTEXT(2) 
PARAMETRIC_REPRESENTATION_CONTEXT() REPRESENTATION_CONTEXT('2D SPACE',''
  ) );
#434 = PCURVE('',#222,#435);
#435 = DEFINITIONAL_REPRESENTATION('',(#436),#440);
#436 = LINE('',#437,#438);
#437 = CARTESIAN_POINT('',(0.610749845273,-4.341549433071));
#438 = VECTOR('',#439,1.);
#439 = DIRECTION('',(-1.,0.));
#440 = ( GEOMETRIC_REPRESENTATION_CONTEXT(2) 
PARAMETRIC_REPRESENTATION_CONTEXT() REPRESENTATION_CONTEXT('2D SPACE',''
  ) );
#441 = ORIENTED_EDGE('',*,*,#442,.T.);
#442 = EDGE_CURVE('',#420,#282,#443,.T.);
#443 = SURFACE_CURVE('',#444,(#448,#455),.PCURVE_S1.);
#444 = LINE('',#445,#446);
#445 = CARTESIAN_POINT('',(9.722999572754,16.473001480103,4.670001029968
    ));
#446 = VECTOR('',#447,1.);
#447 = DIRECTION('',(0.,1.998897373784E-03,0.999998002203));
#448 = PCURVE('',#120,#449);
#449 = DEFINITIONAL_REPRESENTATION('',(#450),#454);
#450 = LINE('',#451,#452);
#451 = CARTESIAN_POINT('',(0.545766143013,-19.52723857958));
#452 = VECTOR('',#453,1.);
#453 = DIRECTION('',(0.999998002203,-1.998897373784E-03));
#454 = ( GEOMETRIC_REPRESENTATION_CONTEXT(2) 
PARAMETRIC_REPRESENTATION_CONTEXT() REPRESENTATION_CONTEXT('2D SPACE',''
  ) );
#455 = PCURVE('',#196,#456);
#456 = DEFINITIONAL_REPRESENTATION('',(#457),#461);
#457 = LINE('',#458,#459);
#458 = CARTESIAN_POINT('',(-0.736945390207,14.678945734079));
#459 = VECTOR('',#460,1.);
#460 = DIRECTION('',(1.,0.));
#461 = ( GEOMETRIC_REPRESENTATION_CONTEXT(2) 
PARAMETRIC_REPRESENTATION_CONTEXT() REPRESENTATION_CONTEXT('2D SPACE',''
  ) );
#462 = ORIENTED_EDGE('',*,*,#349,.F.);
#463 = ORIENTED_EDGE('',*,*,#326,.T.);
#464 = ORIENTED_EDGE('',*,*,#304,.F.);
#465 = ADVANCED_FACE('',(#466),#92,.T.);
#466 = FACE_BOUND('',#467,.T.);
#467 = EDGE_LOOP('',(#468,#469,#470,#491));
#468 = ORIENTED_EDGE('',*,*,#76,.F.);
#469 = ORIENTED_EDGE('',*,*,#259,.T.);
#470 = ORIENTED_EDGE('',*,*,#471,.F.);
#471 = EDGE_CURVE('',#374,#234,#472,.T.);
#472 = SURFACE_CURVE('',#473,(#477,#484),.PCURVE_S1.);
#473 = LINE('',#474,#475);
#474 = CARTESIAN_POINT('',(9.722999572754,-14.50099945068,3.779999732971
    ));
#475 = VECTOR('',#476,1.);
#476 = DIRECTION('',(-1.,0.,0.));
#477 = PCURVE('',#92,#478);
#478 = DEFINITIONAL_REPRESENTATION('',(#479),#483);
#479 = LINE('',#480,#481);
#480 = CARTESIAN_POINT('',(-1.564066363672,-5.309385703361));
#481 = VECTOR('',#482,1.);
#482 = DIRECTION('',(0.,1.));
#483 = ( GEOMETRIC_REPRESENTATION_CONTEXT(2) 
PARAMETRIC_REPRESENTATION_CONTEXT() REPRESENTATION_CONTEXT('2D SPACE',''
  ) );
#484 = PCURVE('',#248,#485);
#485 = DEFINITIONAL_REPRESENTATION('',(#486),#490);
#486 = LINE('',#487,#488);
#487 = CARTESIAN_POINT('',(-3.890634373741,-23.95765985614));
#488 = VECTOR('',#489,1.);
#489 = DIRECTION('',(1.,0.));
#490 = ( GEOMETRIC_REPRESENTATION_CONTEXT(2) 
PARAMETRIC_REPRESENTATION_CONTEXT() REPRESENTATION_CONTEXT('2D SPACE',''
  ) );
#491 = ORIENTED_EDGE('',*,*,#373,.F.);
#492 = ADVANCED_FACE('',(#493),#248,.T.);
#493 = FACE_BOUND('',#494,.T.);
#494 = EDGE_LOOP('',(#495,#496,#497,#518));
#495 = ORIENTED_EDGE('',*,*,#471,.T.);
#496 = ORIENTED_EDGE('',*,*,#233,.T.);
#497 = ORIENTED_EDGE('',*,*,#498,.T.);
#498 = EDGE_CURVE('',#208,#397,#499,.T.);
#499 = SURFACE_CURVE('',#500,(#504,#511),.PCURVE_S1.);
#500 = LINE('',#501,#502);
#501 = CARTESIAN_POINT('',(-9.49299621582,14.465002059937,3.779999732971
    ));
#502 = VECTOR('',#503,1.);
#503 = DIRECTION('',(1.,0.,0.));
#504 = PCURVE('',#248,#505);
#505 = DEFINITIONAL_REPRESENTATION('',(#506),#510);
#506 = LINE('',#507,#508);
#507 = CARTESIAN_POINT('',(15.325361414833,5.00834165447));
#508 = VECTOR('',#509,1.);
#509 = DIRECTION('',(-1.,0.));
#510 = ( GEOMETRIC_REPRESENTATION_CONTEXT(2) 
PARAMETRIC_REPRESENTATION_CONTEXT() REPRESENTATION_CONTEXT('2D SPACE',''
  ) );
#511 = PCURVE('',#222,#512);
#512 = DEFINITIONAL_REPRESENTATION('',(#513),#517);
#513 = LINE('',#514,#515);
#514 = CARTESIAN_POINT('',(0.610749845273,14.874446355503));
#515 = VECTOR('',#516,1.);
#516 = DIRECTION('',(0.,-1.));
#517 = ( GEOMETRIC_REPRESENTATION_CONTEXT(2) 
PARAMETRIC_REPRESENTATION_CONTEXT() REPRESENTATION_CONTEXT('2D SPACE',''
  ) );
#518 = ORIENTED_EDGE('',*,*,#396,.T.);
#519 = ADVANCED_FACE('',(#520),#222,.T.);
#520 = FACE_BOUND('',#521,.T.);
#521 = EDGE_LOOP('',(#522,#523,#524,#525));
#522 = ORIENTED_EDGE('',*,*,#419,.F.);
#523 = ORIENTED_EDGE('',*,*,#498,.F.);
#524 = ORIENTED_EDGE('',*,*,#207,.T.);
#525 = ORIENTED_EDGE('',*,*,#526,.T.);
#526 = EDGE_CURVE('',#182,#420,#527,.T.);
#527 = SURFACE_CURVE('',#528,(#532,#539),.PCURVE_S1.);
#528 = LINE('',#529,#530);
#529 = CARTESIAN_POINT('',(-9.49299621582,16.473001480103,4.670001029968
    ));
#530 = VECTOR('',#531,1.);
#531 = DIRECTION('',(1.,0.,0.));
#532 = PCURVE('',#222,#533);
#533 = DEFINITIONAL_REPRESENTATION('',(#534),#538);
#534 = LINE('',#535,#536);
#535 = CARTESIAN_POINT('',(-1.585648110481,14.874446355503));
#536 = VECTOR('',#537,1.);
#537 = DIRECTION('',(0.,-1.));
#538 = ( GEOMETRIC_REPRESENTATION_CONTEXT(2) 
PARAMETRIC_REPRESENTATION_CONTEXT() REPRESENTATION_CONTEXT('2D SPACE',''
  ) );
#539 = PCURVE('',#196,#540);
#540 = DEFINITIONAL_REPRESENTATION('',(#541),#545);
#541 = LINE('',#542,#543);
#542 = CARTESIAN_POINT('',(-0.736945390207,-4.537050054495));
#543 = VECTOR('',#544,1.);
#544 = DIRECTION('',(0.,1.));
#545 = ( GEOMETRIC_REPRESENTATION_CONTEXT(2) 
PARAMETRIC_REPRESENTATION_CONTEXT() REPRESENTATION_CONTEXT('2D SPACE',''
  ) );
#546 = ADVANCED_FACE('',(#547),#196,.T.);
#547 = FACE_BOUND('',#548,.T.);
#548 = EDGE_LOOP('',(#549,#550,#551,#552));
#549 = ORIENTED_EDGE('',*,*,#281,.T.);
#550 = ORIENTED_EDGE('',*,*,#442,.F.);
#551 = ORIENTED_EDGE('',*,*,#526,.F.);
#552 = ORIENTED_EDGE('',*,*,#181,.T.);
#553 = ( GEOMETRIC_REPRESENTATION_CONTEXT(3) 
GLOBAL_UNCERTAINTY_ASSIGNED_CONTEXT((#557)) GLOBAL_UNIT_ASSIGNED_CONTEXT
((#554,#555,#556)) REPRESENTATION_CONTEXT('Context #1',
  '3D Context with UNIT and UNCERTAINTY') );
#554 = ( LENGTH_UNIT() NAMED_UNIT(*) SI_UNIT(.MILLI.,.METRE.) );
#555 = ( NAMED_UNIT(*) PLANE_ANGLE_UNIT() SI_UNIT($,.RADIAN.) );
#556 = ( NAMED_UNIT(*) SI_UNIT($,.STERADIAN.) SOLID_ANGLE_UNIT() );
#557 = UNCERTAINTY_MEASURE_WITH_UNIT(LENGTH_MEASURE(2.E-07),#554,
  'distance_accuracy_value','confusion accuracy');
#558 = CONTEXT_DEPENDENT_SHAPE_REPRESENTATION(#559,#561);
#559 = ( REPRESENTATION_RELATIONSHIP('','',#36,#10) 
REPRESENTATION_RELATIONSHIP_WITH_TRANSFORMATION(#560) 
SHAPE_REPRESENTATION_RELATIONSHIP() );
#560 = ITEM_DEFINED_TRANSFORMATION('','',#11,#15);
#561 = PRODUCT_DEFINITION_SHAPE('Placement','Placement of an item',#562
  );
#562 = NEXT_ASSEMBLY_USAGE_OCCURRENCE('1','','',#5,#31,$);
#563 = PRODUCT_RELATED_PRODUCT_CATEGORY('part',$,(#33));
#564 = SHAPE_DEFINITION_REPRESENTATION(#565,#571);
#565 = PRODUCT_DEFINITION_SHAPE('','',#566);
#566 = PRODUCT_DEFINITION('design','',#567,#570);
#567 = PRODUCT_DEFINITION_FORMATION('','',#568);
#568 = PRODUCT('Open CASCADE STEP translator 7.9 5.2',
  'Open CASCADE STEP translator 7.9 5.2','',(#569));
#569 = PRODUCT_CONTEXT('',#2,'mechanical');
#570 = PRODUCT_DEFINITION_CONTEXT('part definition',#2,'design');
#571 = ADVANCED_BREP_SHAPE_REPRESENTATION('',(#11,#572),#2616);
#572 = MANIFOLD_SOLID_BREP('',#573);
#573 = CLOSED_SHELL('',(#574,#688,#758,#1150,#1403,#1453,#1508,#1577,
    #1604,#1652,#1718,#1767,#1814,#2037,#2086,#2140,#2189,#2236,#2282,
    #2310,#2383,#2410,#2437,#2464,#2491,#2518,#2549,#2556,#2603,#2609));
#574 = ADVANCED_FACE('',(#575),#589,.T.);
#575 = FACE_BOUND('',#576,.T.);
#576 = EDGE_LOOP('',(#577,#610,#638,#664));
#577 = ORIENTED_EDGE('',*,*,#578,.F.);
#578 = EDGE_CURVE('',#579,#581,#583,.T.);
#579 = VERTEX_POINT('',#580);
#580 = CARTESIAN_POINT('',(-9.463371033618,-16.47500038147,
    4.670001029968));
#581 = VERTEX_POINT('',#582);
#582 = CARTESIAN_POINT('',(-9.463371033618,-16.47500038147,4.78));
#583 = SURFACE_CURVE('',#584,(#588,#599),.PCURVE_S1.);
#584 = LINE('',#585,#586);
#585 = CARTESIAN_POINT('',(-9.463371033618,-16.47500038147,
    -6.963703200543));
#586 = VECTOR('',#587,1.);
#587 = DIRECTION('',(0.,-0.,1.));
#588 = PCURVE('',#589,#594);
#589 = PLANE('',#590);
#590 = AXIS2_PLACEMENT_3D('',#591,#592,#593);
#591 = CARTESIAN_POINT('',(-5.043404669215,-16.47500038147,
    6.072593598913));
#592 = DIRECTION('',(-0.,-1.,-0.));
#593 = DIRECTION('',(0.,0.,-1.));
#594 = DEFINITIONAL_REPRESENTATION('',(#595),#598);
#595 = B_SPLINE_CURVE_WITH_KNOTS('',1,(#596,#597),.UNSPECIFIED.,.F.,.F.,
  (2,2),(11.633704230512,11.743703200544),.PIECEWISE_BEZIER_KNOTS.);
#596 = CARTESIAN_POINT('',(1.402592568945,-4.419966364403));
#597 = CARTESIAN_POINT('',(1.292593598913,-4.419966364403));
#598 = ( GEOMETRIC_REPRESENTATION_CONTEXT(2) 
PARAMETRIC_REPRESENTATION_CONTEXT() REPRESENTATION_CONTEXT('2D SPACE',''
  ) );
#599 = PCURVE('',#600,#605);
#600 = PLANE('',#601);
#601 = AXIS2_PLACEMENT_3D('',#602,#603,#604);
#602 = CARTESIAN_POINT('',(-9.498015715612,20.,-20.));
#603 = DIRECTION('',(0.999999548921,9.498194929226E-04,-0.));
#604 = DIRECTION('',(9.498194929226E-04,-0.999999548921,0.));
#605 = DEFINITIONAL_REPRESENTATION('',(#606),#609);
#606 = B_SPLINE_CURVE_WITH_KNOTS('',1,(#607,#608),.UNSPECIFIED.,.F.,.F.,
  (2,2),(11.633704230512,11.743703200544),.PIECEWISE_BEZIER_KNOTS.);
#607 = CARTESIAN_POINT('',(36.475016834571,-24.67000102996));
#608 = CARTESIAN_POINT('',(36.475016834571,-24.78));
#609 = ( GEOMETRIC_REPRESENTATION_CONTEXT(2) 
PARAMETRIC_REPRESENTATION_CONTEXT() REPRESENTATION_CONTEXT('2D SPACE',''
  ) );
#610 = ORIENTED_EDGE('',*,*,#611,.T.);
#611 = EDGE_CURVE('',#579,#612,#614,.T.);
#612 = VERTEX_POINT('',#613);
#613 = CARTESIAN_POINT('',(-8.963371033618,-16.47500038147,
    4.670001029968));
#614 = SURFACE_CURVE('',#615,(#619,#626),.PCURVE_S1.);
#615 = LINE('',#616,#617);
#616 = CARTESIAN_POINT('',(-9.464996337891,-16.47500038147,
    4.670001029968));
#617 = VECTOR('',#618,1.);
#618 = DIRECTION('',(1.,0.,0.));
#619 = PCURVE('',#589,#620);
#620 = DEFINITIONAL_REPRESENTATION('',(#621),#625);
#621 = LINE('',#622,#623);
#622 = CARTESIAN_POINT('',(1.402592568945,-4.421591668676));
#623 = VECTOR('',#624,1.);
#624 = DIRECTION('',(0.,1.));
#625 = ( GEOMETRIC_REPRESENTATION_CONTEXT(2) 
PARAMETRIC_REPRESENTATION_CONTEXT() REPRESENTATION_CONTEXT('2D SPACE',''
  ) );
#626 = PCURVE('',#627,#632);
#627 = PLANE('',#628);
#628 = AXIS2_PLACEMENT_3D('',#629,#630,#631);
#629 = CARTESIAN_POINT('',(4.413613869393,-15.92684508303,4.422858833147
    ));
#630 = DIRECTION('',(-0.,-0.411017789978,-0.911627323154));
#631 = DIRECTION('',(0.,-0.911627323154,0.411017789978));
#632 = DEFINITIONAL_REPRESENTATION('',(#633),#637);
#633 = LINE('',#634,#635);
#634 = CARTESIAN_POINT('',(0.601293186937,13.878610207284));
#635 = VECTOR('',#636,1.);
#636 = DIRECTION('',(0.,-1.));
#637 = ( GEOMETRIC_REPRESENTATION_CONTEXT(2) 
PARAMETRIC_REPRESENTATION_CONTEXT() REPRESENTATION_CONTEXT('2D SPACE',''
  ) );
#638 = ORIENTED_EDGE('',*,*,#639,.T.);
#639 = EDGE_CURVE('',#612,#640,#642,.T.);
#640 = VERTEX_POINT('',#641);
#641 = CARTESIAN_POINT('',(-8.963371033618,-16.47500038147,4.78));
#642 = SURFACE_CURVE('',#643,(#647,#653),.PCURVE_S1.);
#643 = LINE('',#644,#645);
#644 = CARTESIAN_POINT('',(-8.963371033618,-16.47500038147,
    -6.963703200543));
#645 = VECTOR('',#646,1.);
#646 = DIRECTION('',(0.,-0.,1.));
#647 = PCURVE('',#589,#648);
#648 = DEFINITIONAL_REPRESENTATION('',(#649),#652);
#649 = B_SPLINE_CURVE_WITH_KNOTS('',1,(#650,#651),.UNSPECIFIED.,.F.,.F.,
  (2,2),(11.633704230512,11.743703200544),.PIECEWISE_BEZIER_KNOTS.);
#650 = CARTESIAN_POINT('',(1.402592568945,-3.919966364403));
#651 = CARTESIAN_POINT('',(1.292593598913,-3.919966364403));
#652 = ( GEOMETRIC_REPRESENTATION_CONTEXT(2) 
PARAMETRIC_REPRESENTATION_CONTEXT() REPRESENTATION_CONTEXT('2D SPACE',''
  ) );
#653 = PCURVE('',#654,#659);
#654 = PLANE('',#655);
#655 = AXIS2_PLACEMENT_3D('',#656,#657,#658);
#656 = CARTESIAN_POINT('',(-8.998015715612,20.,-20.));
#657 = DIRECTION('',(0.999999548921,9.498194929226E-04,-0.));
#658 = DIRECTION('',(9.498194929226E-04,-0.999999548921,0.));
#659 = DEFINITIONAL_REPRESENTATION('',(#660),#663);
#660 = B_SPLINE_CURVE_WITH_KNOTS('',1,(#661,#662),.UNSPECIFIED.,.F.,.F.,
  (2,2),(11.633704230512,11.743703200544),.PIECEWISE_BEZIER_KNOTS.);
#661 = CARTESIAN_POINT('',(36.475016834571,-24.67000102996));
#662 = CARTESIAN_POINT('',(36.475016834571,-24.78));
#663 = ( GEOMETRIC_REPRESENTATION_CONTEXT(2) 
PARAMETRIC_REPRESENTATION_CONTEXT() REPRESENTATION_CONTEXT('2D SPACE',''
  ) );
#664 = ORIENTED_EDGE('',*,*,#665,.T.);
#665 = EDGE_CURVE('',#640,#581,#666,.T.);
#666 = SURFACE_CURVE('',#667,(#671,#677),.PCURVE_S1.);
#667 = LINE('',#668,#669);
#668 = CARTESIAN_POINT('',(-17.5217023346,-16.47500038147,4.78));
#669 = VECTOR('',#670,1.);
#670 = DIRECTION('',(-1.,0.,0.));
#671 = PCURVE('',#589,#672);
#672 = DEFINITIONAL_REPRESENTATION('',(#673),#676);
#673 = B_SPLINE_CURVE_WITH_KNOTS('',1,(#674,#675),.UNSPECIFIED.,.F.,.F.,
  (2,2),(-8.56167941585,-8.023686618995),.PIECEWISE_BEZIER_KNOTS.);
#674 = CARTESIAN_POINT('',(1.292593598913,-3.916618249542));
#675 = CARTESIAN_POINT('',(1.292593598913,-4.454611046397));
#676 = ( GEOMETRIC_REPRESENTATION_CONTEXT(2) 
PARAMETRIC_REPRESENTATION_CONTEXT() REPRESENTATION_CONTEXT('2D SPACE',''
  ) );
#677 = PCURVE('',#678,#683);
#678 = PLANE('',#679);
#679 = AXIS2_PLACEMENT_3D('',#680,#681,#682);
#680 = CARTESIAN_POINT('',(-30.,-20.,4.78));
#681 = DIRECTION('',(0.,0.,1.));
#682 = DIRECTION('',(1.,0.,-0.));
#683 = DEFINITIONAL_REPRESENTATION('',(#684),#687);
#684 = B_SPLINE_CURVE_WITH_KNOTS('',1,(#685,#686),.UNSPECIFIED.,.F.,.F.,
  (2,2),(-8.56167941585,-8.023686618995),.PIECEWISE_BEZIER_KNOTS.);
#685 = CARTESIAN_POINT('',(21.039977081243,3.52499961853));
#686 = CARTESIAN_POINT('',(20.501984284388,3.52499961853));
#687 = ( GEOMETRIC_REPRESENTATION_CONTEXT(2) 
PARAMETRIC_REPRESENTATION_CONTEXT() REPRESENTATION_CONTEXT('2D SPACE',''
  ) );
#688 = ADVANCED_FACE('',(#689),#600,.F.);
#689 = FACE_BOUND('',#690,.F.);
#690 = EDGE_LOOP('',(#691,#712,#713,#734));
#691 = ORIENTED_EDGE('',*,*,#692,.T.);
#692 = EDGE_CURVE('',#693,#581,#695,.T.);
#693 = VERTEX_POINT('',#694);
#694 = CARTESIAN_POINT('',(-9.464996337891,-14.76382941477,4.78));
#695 = SURFACE_CURVE('',#696,(#700,#706),.PCURVE_S1.);
#696 = LINE('',#697,#698);
#697 = CARTESIAN_POINT('',(-9.479028582328,9.754630907866E-03,4.78));
#698 = VECTOR('',#699,1.);
#699 = DIRECTION('',(9.498194929226E-04,-0.999999548921,0.));
#700 = PCURVE('',#600,#701);
#701 = DEFINITIONAL_REPRESENTATION('',(#702),#705);
#702 = B_SPLINE_CURVE_WITH_KNOTS('',1,(#703,#704),.UNSPECIFIED.,.F.,.F.,
  (2,2),(-19.99025438626,20.009763656885),.PIECEWISE_BEZIER_KNOTS.);
#703 = CARTESIAN_POINT('',(0.,-24.78));
#704 = CARTESIAN_POINT('',(40.000018043154,-24.78));
#705 = ( GEOMETRIC_REPRESENTATION_CONTEXT(2) 
PARAMETRIC_REPRESENTATION_CONTEXT() REPRESENTATION_CONTEXT('2D SPACE',''
  ) );
#706 = PCURVE('',#678,#707);
#707 = DEFINITIONAL_REPRESENTATION('',(#708),#711);
#708 = B_SPLINE_CURVE_WITH_KNOTS('',1,(#709,#710),.UNSPECIFIED.,.F.,.F.,
  (2,2),(-19.99025438626,20.009763656885),.PIECEWISE_BEZIER_KNOTS.);
#709 = CARTESIAN_POINT('',(20.501984284388,40.));
#710 = CARTESIAN_POINT('',(20.539977081243,-3.099588990111E-15));
#711 = ( GEOMETRIC_REPRESENTATION_CONTEXT(2) 
PARAMETRIC_REPRESENTATION_CONTEXT() REPRESENTATION_CONTEXT('2D SPACE',''
  ) );
#712 = ORIENTED_EDGE('',*,*,#578,.F.);
#713 = ORIENTED_EDGE('',*,*,#714,.F.);
#714 = EDGE_CURVE('',#715,#579,#717,.T.);
#715 = VERTEX_POINT('',#716);
#716 = CARTESIAN_POINT('',(-9.464996337891,-14.76382941477,
    3.898499681621));
#717 = SURFACE_CURVE('',#718,(#722,#728),.PCURVE_S1.);
#718 = LINE('',#719,#720);
#719 = CARTESIAN_POINT('',(-9.482412073241,3.571999259622,
    -4.368422105114));
#720 = VECTOR('',#721,1.);
#721 = DIRECTION('',(8.658814677958E-04,-0.911626981408,0.411017635898)
  );
#722 = PCURVE('',#600,#723);
#723 = DEFINITIONAL_REPRESENTATION('',(#724),#727);
#724 = B_SPLINE_CURVE_WITH_KNOTS('',1,(#725,#726),.UNSPECIFIED.,.F.,.F.,
  (2,2),(20.113301874944,21.990353565595),.PIECEWISE_BEZIER_KNOTS.);
#725 = CARTESIAN_POINT('',(34.763845096002,-23.89849968162));
#726 = CARTESIAN_POINT('',(36.47501683457,-24.67000102997));
#727 = ( GEOMETRIC_REPRESENTATION_CONTEXT(2) 
PARAMETRIC_REPRESENTATION_CONTEXT() REPRESENTATION_CONTEXT('2D SPACE',''
  ) );
#728 = PCURVE('',#627,#729);
#729 = DEFINITIONAL_REPRESENTATION('',(#730),#733);
#730 = B_SPLINE_CURVE_WITH_KNOTS('',1,(#731,#732),.UNSPECIFIED.,.F.,.F.,
  (2,2),(20.113301874944,21.990353565595),.PIECEWISE_BEZIER_KNOTS.);
#731 = CARTESIAN_POINT('',(-1.275757800053,13.878610207284));
#732 = CARTESIAN_POINT('',(0.601293186937,13.876984903011));
#733 = ( GEOMETRIC_REPRESENTATION_CONTEXT(2) 
PARAMETRIC_REPRESENTATION_CONTEXT() REPRESENTATION_CONTEXT('2D SPACE',''
  ) );
#734 = ORIENTED_EDGE('',*,*,#735,.F.);
#735 = EDGE_CURVE('',#693,#715,#736,.T.);
#736 = SURFACE_CURVE('',#737,(#741,#747),.PCURVE_S1.);
#737 = LINE('',#738,#739);
#738 = CARTESIAN_POINT('',(-9.464996337887,-14.76382941848,
    -7.691556288746));
#739 = VECTOR('',#740,1.);
#740 = DIRECTION('',(0.,-0.,-1.));
#741 = PCURVE('',#600,#742);
#742 = DEFINITIONAL_REPRESENTATION('',(#743),#746);
#743 = B_SPLINE_CURVE_WITH_KNOTS('',1,(#744,#745),.UNSPECIFIED.,.F.,.F.,
  (2,2),(-12.47155628874,-11.47155602171),.PIECEWISE_BEZIER_KNOTS.);
#744 = CARTESIAN_POINT('',(34.763845099708,-24.78));
#745 = CARTESIAN_POINT('',(34.763845099708,-23.77999973297));
#746 = ( GEOMETRIC_REPRESENTATION_CONTEXT(2) 
PARAMETRIC_REPRESENTATION_CONTEXT() REPRESENTATION_CONTEXT('2D SPACE',''
  ) );
#747 = PCURVE('',#748,#753);
#748 = PLANE('',#749);
#749 = AXIS2_PLACEMENT_3D('',#750,#751,#752);
#750 = CARTESIAN_POINT('',(-9.464996337891,-15.65533727482,
    4.616887422508));
#751 = DIRECTION('',(-1.,-0.,-0.));
#752 = DIRECTION('',(0.,0.,-1.));
#753 = DEFINITIONAL_REPRESENTATION('',(#754),#757);
#754 = B_SPLINE_CURVE_WITH_KNOTS('',1,(#755,#756),.UNSPECIFIED.,.F.,.F.,
  (2,2),(-12.47155628874,-11.47155602171),.PIECEWISE_BEZIER_KNOTS.);
#755 = CARTESIAN_POINT('',(-0.163112577492,-0.89150785634));
#756 = CARTESIAN_POINT('',(0.836887689537,-0.89150785634));
#757 = ( GEOMETRIC_REPRESENTATION_CONTEXT(2) 
PARAMETRIC_REPRESENTATION_CONTEXT() REPRESENTATION_CONTEXT('2D SPACE',''
  ) );
#758 = ADVANCED_FACE('',(#759),#678,.T.);
#759 = FACE_BOUND('',#760,.T.);
#760 = EDGE_LOOP('',(#761,#789,#815,#843,#871,#899,#927,#953,#981,#1009,
    #1035,#1063,#1084,#1103,#1104,#1105,#1126));
#761 = ORIENTED_EDGE('',*,*,#762,.F.);
#762 = EDGE_CURVE('',#763,#765,#767,.T.);
#763 = VERTEX_POINT('',#764);
#764 = CARTESIAN_POINT('',(-9.49299621582,14.71531426199,4.78));
#765 = VERTEX_POINT('',#766);
#766 = CARTESIAN_POINT('',(-9.49299621582,16.473221357194,4.78));
#767 = SURFACE_CURVE('',#768,(#772,#778),.PCURVE_S1.);
#768 = LINE('',#769,#770);
#769 = CARTESIAN_POINT('',(-9.49299621582,-2.361900214219,4.78));
#770 = VECTOR('',#771,1.);
#771 = DIRECTION('',(0.,1.,0.));
#772 = PCURVE('',#678,#773);
#773 = DEFINITIONAL_REPRESENTATION('',(#774),#777);
#774 = B_SPLINE_CURVE_WITH_KNOTS('',1,(#775,#776),.UNSPECIFIED.,.F.,.F.,
  (2,2),(16.826902274155,18.836900595688),.PIECEWISE_BEZIER_KNOTS.);
#775 = CARTESIAN_POINT('',(20.50700378418,34.465002059937));
#776 = CARTESIAN_POINT('',(20.50700378418,36.47500038147));
#777 = ( GEOMETRIC_REPRESENTATION_CONTEXT(2) 
PARAMETRIC_REPRESENTATION_CONTEXT() REPRESENTATION_CONTEXT('2D SPACE',''
  ) );
#778 = PCURVE('',#779,#784);
#779 = PLANE('',#780);
#780 = AXIS2_PLACEMENT_3D('',#781,#782,#783);
#781 = CARTESIAN_POINT('',(-9.49299621582,15.276199571563,4.428653402846
    ));
#782 = DIRECTION('',(-1.,-0.,-0.));
#783 = DIRECTION('',(0.,0.,-1.));
#784 = DEFINITIONAL_REPRESENTATION('',(#785),#788);
#785 = B_SPLINE_CURVE_WITH_KNOTS('',1,(#786,#787),.UNSPECIFIED.,.F.,.F.,
  (2,2),(16.826902274155,18.836900595688),.PIECEWISE_BEZIER_KNOTS.);
#786 = CARTESIAN_POINT('',(-0.351346597154,0.811197511626));
#787 = CARTESIAN_POINT('',(-0.351346597154,-1.198800809907));
#788 = ( GEOMETRIC_REPRESENTATION_CONTEXT(2) 
PARAMETRIC_REPRESENTATION_CONTEXT() REPRESENTATION_CONTEXT('2D SPACE',''
  ) );
#789 = ORIENTED_EDGE('',*,*,#790,.T.);
#790 = EDGE_CURVE('',#763,#791,#793,.T.);
#791 = VERTEX_POINT('',#792);
#792 = CARTESIAN_POINT('',(-9.491473103527,13.111734212747,
    4.779999866486));
#793 = SURFACE_CURVE('',#794,(#798,#804),.PCURVE_S1.);
#794 = LINE('',#795,#796);
#795 = CARTESIAN_POINT('',(-9.479028582328,9.754630907866E-03,4.78));
#796 = VECTOR('',#797,1.);
#797 = DIRECTION('',(9.498194929226E-04,-0.999999548921,0.));
#798 = PCURVE('',#678,#799);
#799 = DEFINITIONAL_REPRESENTATION('',(#800),#803);
#800 = B_SPLINE_CURVE_WITH_KNOTS('',1,(#801,#802),.UNSPECIFIED.,.F.,.F.,
  (2,2),(-19.99025438626,20.009763656885),.PIECEWISE_BEZIER_KNOTS.);
#801 = CARTESIAN_POINT('',(20.501984284388,40.));
#802 = CARTESIAN_POINT('',(20.539977081243,-3.099588990111E-15));
#803 = ( GEOMETRIC_REPRESENTATION_CONTEXT(2) 
PARAMETRIC_REPRESENTATION_CONTEXT() REPRESENTATION_CONTEXT('2D SPACE',''
  ) );
#804 = PCURVE('',#805,#810);
#805 = PLANE('',#806);
#806 = AXIS2_PLACEMENT_3D('',#807,#808,#809);
#807 = CARTESIAN_POINT('',(-9.498015715612,20.,-20.));
#808 = DIRECTION('',(0.999999548921,9.498194929226E-04,-0.));
#809 = DIRECTION('',(9.498194929226E-04,-0.999999548921,0.));
#810 = DEFINITIONAL_REPRESENTATION('',(#811),#814);
#811 = B_SPLINE_CURVE_WITH_KNOTS('',1,(#812,#813),.UNSPECIFIED.,.F.,.F.,
  (2,2),(-19.99025438626,20.009763656885),.PIECEWISE_BEZIER_KNOTS.);
#812 = CARTESIAN_POINT('',(0.,-24.78));
#813 = CARTESIAN_POINT('',(40.000018043154,-24.78));
#814 = ( GEOMETRIC_REPRESENTATION_CONTEXT(2) 
PARAMETRIC_REPRESENTATION_CONTEXT() REPRESENTATION_CONTEXT('2D SPACE',''
  ) );
#815 = ORIENTED_EDGE('',*,*,#816,.T.);
#816 = EDGE_CURVE('',#791,#817,#819,.T.);
#817 = VERTEX_POINT('',#818);
#818 = CARTESIAN_POINT('',(-9.488998413086,10.913000106812,
    4.779999732971));
#819 = SURFACE_CURVE('',#820,(#824,#831),.PCURVE_S1.);
#820 = LINE('',#821,#822);
#821 = CARTESIAN_POINT('',(-9.49299621582,14.465002059937,4.779999732971
    ));
#822 = VECTOR('',#823,1.);
#823 = DIRECTION('',(1.125506194815E-03,-0.999999366618,0.));
#824 = PCURVE('',#678,#825);
#825 = DEFINITIONAL_REPRESENTATION('',(#826),#830);
#826 = LINE('',#827,#828);
#827 = CARTESIAN_POINT('',(20.50700378418,34.465002059937));
#828 = VECTOR('',#829,1.);
#829 = DIRECTION('',(1.125506194815E-03,-0.999999366618));
#830 = ( GEOMETRIC_REPRESENTATION_CONTEXT(2) 
PARAMETRIC_REPRESENTATION_CONTEXT() REPRESENTATION_CONTEXT('2D SPACE',''
  ) );
#831 = PCURVE('',#832,#837);
#832 = PLANE('',#833);
#833 = AXIS2_PLACEMENT_3D('',#834,#835,#836);
#834 = CARTESIAN_POINT('',(-9.490754790852,12.473521641015,
    4.064520154131));
#835 = DIRECTION('',(-0.999999366618,-1.125506194815E-03,-0.));
#836 = DIRECTION('',(1.125506194815E-03,-0.999999366618,0.));
#837 = DEFINITIONAL_REPRESENTATION('',(#838),#842);
#838 = LINE('',#839,#840);
#839 = CARTESIAN_POINT('',(-1.991481680291,0.71547957884));
#840 = VECTOR('',#841,1.);
#841 = DIRECTION('',(1.,0.));
#842 = ( GEOMETRIC_REPRESENTATION_CONTEXT(2) 
PARAMETRIC_REPRESENTATION_CONTEXT() REPRESENTATION_CONTEXT('2D SPACE',''
  ) );
#843 = ORIENTED_EDGE('',*,*,#844,.T.);
#844 = EDGE_CURVE('',#817,#845,#847,.T.);
#845 = VERTEX_POINT('',#846);
#846 = CARTESIAN_POINT('',(-9.488158873978,9.906679505462,4.779999732971
    ));
#847 = SURFACE_CURVE('',#848,(#852,#859),.PCURVE_S1.);
#848 = LINE('',#849,#850);
#849 = CARTESIAN_POINT('',(-9.488998413086,10.913000106812,
    4.779999732971));
#850 = VECTOR('',#851,1.);
#851 = DIRECTION('',(8.342657545708E-04,-0.999999652,0.));
#852 = PCURVE('',#678,#853);
#853 = DEFINITIONAL_REPRESENTATION('',(#854),#858);
#854 = LINE('',#855,#856);
#855 = CARTESIAN_POINT('',(20.511001586914,30.913000106812));
#856 = VECTOR('',#857,1.);
#857 = DIRECTION('',(8.342657545708E-04,-0.999999652));
#858 = ( GEOMETRIC_REPRESENTATION_CONTEXT(2) 
PARAMETRIC_REPRESENTATION_CONTEXT() REPRESENTATION_CONTEXT('2D SPACE',''
  ) );
#859 = PCURVE('',#860,#865);
#860 = PLANE('',#861);
#861 = AXIS2_PLACEMENT_3D('',#862,#863,#864);
#862 = CARTESIAN_POINT('',(-9.488165751296,9.914923060301,4.479922710257
    ));
#863 = DIRECTION('',(-0.999999652,-8.342657545708E-04,-0.));
#864 = DIRECTION('',(8.342657545708E-04,-0.999999652,0.));
#865 = DEFINITIONAL_REPRESENTATION('',(#866),#870);
#866 = LINE('',#867,#868);
#867 = CARTESIAN_POINT('',(-0.998077393842,0.300077022714));
#868 = VECTOR('',#869,1.);
#869 = DIRECTION('',(1.,0.));
#870 = ( GEOMETRIC_REPRESENTATION_CONTEXT(2) 
PARAMETRIC_REPRESENTATION_CONTEXT() REPRESENTATION_CONTEXT('2D SPACE',''
  ) );
#871 = ORIENTED_EDGE('',*,*,#872,.F.);
#872 = EDGE_CURVE('',#873,#845,#875,.T.);
#873 = VERTEX_POINT('',#874);
#874 = CARTESIAN_POINT('',(-9.486999511719,8.515840836105,4.779999732971
    ));
#875 = SURFACE_CURVE('',#876,(#880,#887),.PCURVE_S1.);
#876 = LINE('',#877,#878);
#877 = CARTESIAN_POINT('',(-9.488335951313,10.119111817413,
    4.779999732971));
#878 = VECTOR('',#879,1.);
#879 = DIRECTION('',(-8.335703356262E-04,0.99999965258,0.));
#880 = PCURVE('',#678,#881);
#881 = DEFINITIONAL_REPRESENTATION('',(#882),#886);
#882 = LINE('',#883,#884);
#883 = CARTESIAN_POINT('',(20.511664048687,30.119111817413));
#884 = VECTOR('',#885,1.);
#885 = DIRECTION('',(-8.335703356262E-04,0.99999965258));
#886 = ( GEOMETRIC_REPRESENTATION_CONTEXT(2) 
PARAMETRIC_REPRESENTATION_CONTEXT() REPRESENTATION_CONTEXT('2D SPACE',''
  ) );
#887 = PCURVE('',#888,#893);
#888 = PLANE('',#889);
#889 = AXIS2_PLACEMENT_3D('',#890,#891,#892);
#890 = CARTESIAN_POINT('',(-9.486999511719,8.515840836105,4.2));
#891 = DIRECTION('',(-0.99999965258,-8.335703356262E-04,0.));
#892 = DIRECTION('',(-8.335703356262E-04,0.99999965258,0.));
#893 = DEFINITIONAL_REPRESENTATION('',(#894),#898);
#894 = LINE('',#895,#896);
#895 = CARTESIAN_POINT('',(1.603271538316,-0.579999732971));
#896 = VECTOR('',#897,1.);
#897 = DIRECTION('',(1.,0.));
#898 = ( GEOMETRIC_REPRESENTATION_CONTEXT(2) 
PARAMETRIC_REPRESENTATION_CONTEXT() REPRESENTATION_CONTEXT('2D SPACE',''
  ) );
#899 = ORIENTED_EDGE('',*,*,#900,.F.);
#900 = EDGE_CURVE('',#901,#873,#903,.T.);
#901 = VERTEX_POINT('',#902);
#902 = CARTESIAN_POINT('',(-9.486207780337,7.568237916067,4.779999866486
    ));
#903 = SURFACE_CURVE('',#904,(#908,#915),.PCURVE_S1.);
#904 = LINE('',#905,#906);
#905 = CARTESIAN_POINT('',(-9.487497923162,9.112376676243,4.779999732971
    ));
#906 = VECTOR('',#907,1.);
#907 = DIRECTION('',(-8.35509345381E-04,0.999999650962,0.));
#908 = PCURVE('',#678,#909);
#909 = DEFINITIONAL_REPRESENTATION('',(#910),#914);
#910 = LINE('',#911,#912);
#911 = CARTESIAN_POINT('',(20.512502076838,29.112376676243));
#912 = VECTOR('',#913,1.);
#913 = DIRECTION('',(-8.35509345381E-04,0.999999650962));
#914 = ( GEOMETRIC_REPRESENTATION_CONTEXT(2) 
PARAMETRIC_REPRESENTATION_CONTEXT() REPRESENTATION_CONTEXT('2D SPACE',''
  ) );
#915 = PCURVE('',#916,#921);
#916 = PLANE('',#917);
#917 = AXIS2_PLACEMENT_3D('',#918,#919,#920);
#918 = CARTESIAN_POINT('',(-9.485317229155,6.502360094302,4.2));
#919 = DIRECTION('',(-0.999999650962,-8.35509345381E-04,0.));
#920 = DIRECTION('',(-8.35509345381E-04,0.999999650962,0.));
#921 = DEFINITIONAL_REPRESENTATION('',(#922),#926);
#922 = LINE('',#923,#924);
#923 = CARTESIAN_POINT('',(2.610017492936,-0.579999732971));
#924 = VECTOR('',#925,1.);
#925 = DIRECTION('',(1.,0.));
#926 = ( GEOMETRIC_REPRESENTATION_CONTEXT(2) 
PARAMETRIC_REPRESENTATION_CONTEXT() REPRESENTATION_CONTEXT('2D SPACE',''
  ) );
#927 = ORIENTED_EDGE('',*,*,#928,.T.);
#928 = EDGE_CURVE('',#901,#929,#931,.T.);
#929 = VERTEX_POINT('',#930);
#930 = CARTESIAN_POINT('',(-9.478963611635,-5.864853662287E-02,
    4.779999866486));
#931 = SURFACE_CURVE('',#932,(#936,#942),.PCURVE_S1.);
#932 = LINE('',#933,#934);
#933 = CARTESIAN_POINT('',(-9.479028582328,9.754630907866E-03,4.78));
#934 = VECTOR('',#935,1.);
#935 = DIRECTION('',(9.498194929226E-04,-0.999999548921,0.));
#936 = PCURVE('',#678,#937);
#937 = DEFINITIONAL_REPRESENTATION('',(#938),#941);
#938 = B_SPLINE_CURVE_WITH_KNOTS('',1,(#939,#940),.UNSPECIFIED.,.F.,.F.,
  (2,2),(-19.99025438626,20.009763656885),.PIECEWISE_BEZIER_KNOTS.);
#939 = CARTESIAN_POINT('',(20.501984284388,40.));
#940 = CARTESIAN_POINT('',(20.539977081243,-3.099588990111E-15));
#941 = ( GEOMETRIC_REPRESENTATION_CONTEXT(2) 
PARAMETRIC_REPRESENTATION_CONTEXT() REPRESENTATION_CONTEXT('2D SPACE',''
  ) );
#942 = PCURVE('',#943,#948);
#943 = PLANE('',#944);
#944 = AXIS2_PLACEMENT_3D('',#945,#946,#947);
#945 = CARTESIAN_POINT('',(-9.498015715612,20.,-20.));
#946 = DIRECTION('',(0.999999548921,9.498194929226E-04,-0.));
#947 = DIRECTION('',(9.498194929226E-04,-0.999999548921,0.));
#948 = DEFINITIONAL_REPRESENTATION('',(#949),#952);
#949 = B_SPLINE_CURVE_WITH_KNOTS('',1,(#950,#951),.UNSPECIFIED.,.F.,.F.,
  (2,2),(-19.99025438626,20.009763656885),.PIECEWISE_BEZIER_KNOTS.);
#950 = CARTESIAN_POINT('',(0.,-24.78));
#951 = CARTESIAN_POINT('',(40.000018043154,-24.78));
#952 = ( GEOMETRIC_REPRESENTATION_CONTEXT(2) 
PARAMETRIC_REPRESENTATION_CONTEXT() REPRESENTATION_CONTEXT('2D SPACE',''
  ) );
#953 = ORIENTED_EDGE('',*,*,#954,.T.);
#954 = EDGE_CURVE('',#929,#955,#957,.T.);
#955 = VERTEX_POINT('',#956);
#956 = CARTESIAN_POINT('',(-9.474998474121,-3.779001235962,
    4.779999732971));
#957 = SURFACE_CURVE('',#958,(#962,#969),.PCURVE_S1.);
#958 = LINE('',#959,#960);
#959 = CARTESIAN_POINT('',(-9.48299407959,3.723001480103,4.779999732971)
  );
#960 = VECTOR('',#961,1.);
#961 = DIRECTION('',(1.065795525566E-03,-0.99999943204,0.));
#962 = PCURVE('',#678,#963);
#963 = DEFINITIONAL_REPRESENTATION('',(#964),#968);
#964 = LINE('',#965,#966);
#965 = CARTESIAN_POINT('',(20.51700592041,23.723001480103));
#966 = VECTOR('',#967,1.);
#967 = DIRECTION('',(1.065795525566E-03,-0.99999943204));
#968 = ( GEOMETRIC_REPRESENTATION_CONTEXT(2) 
PARAMETRIC_REPRESENTATION_CONTEXT() REPRESENTATION_CONTEXT('2D SPACE',''
  ) );
#969 = PCURVE('',#970,#975);
#970 = PLANE('',#971);
#971 = AXIS2_PLACEMENT_3D('',#972,#973,#974);
#972 = CARTESIAN_POINT('',(-9.478747508289,-0.261410901747,
    4.046588576586));
#973 = DIRECTION('',(-0.99999943204,-1.065795525566E-03,-0.));
#974 = DIRECTION('',(1.065795525566E-03,-0.99999943204,0.));
#975 = DEFINITIONAL_REPRESENTATION('',(#976),#980);
#976 = LINE('',#977,#978);
#977 = CARTESIAN_POINT('',(-3.984414644839,0.733411156385));
#978 = VECTOR('',#979,1.);
#979 = DIRECTION('',(1.,0.));
#980 = ( GEOMETRIC_REPRESENTATION_CONTEXT(2) 
PARAMETRIC_REPRESENTATION_CONTEXT() REPRESENTATION_CONTEXT('2D SPACE',''
  ) );
#981 = ORIENTED_EDGE('',*,*,#982,.T.);
#982 = EDGE_CURVE('',#955,#983,#985,.T.);
#983 = VERTEX_POINT('',#984);
#984 = CARTESIAN_POINT('',(-9.471828988609,-7.570201899311,
    4.779999866486));
#985 = SURFACE_CURVE('',#986,(#990,#997),.PCURVE_S1.);
#986 = LINE('',#987,#988);
#987 = CARTESIAN_POINT('',(-9.474998474121,-3.779001235962,
    4.779999732971));
#988 = VECTOR('',#989,1.);
#989 = DIRECTION('',(8.360107227738E-04,-0.999999650543,0.));
#990 = PCURVE('',#678,#991);
#991 = DEFINITIONAL_REPRESENTATION('',(#992),#996);
#992 = LINE('',#993,#994);
#993 = CARTESIAN_POINT('',(20.525001525879,16.220998764038));
#994 = VECTOR('',#995,1.);
#995 = DIRECTION('',(8.360107227738E-04,-0.999999650543));
#996 = ( GEOMETRIC_REPRESENTATION_CONTEXT(2) 
PARAMETRIC_REPRESENTATION_CONTEXT() REPRESENTATION_CONTEXT('2D SPACE',''
  ) );
#997 = PCURVE('',#998,#1003);
#998 = PLANE('',#999);
#999 = AXIS2_PLACEMENT_3D('',#1000,#1001,#1002);
#1000 = CARTESIAN_POINT('',(-9.473186956194,-5.945860158216,
    4.504139729376));
#1001 = DIRECTION('',(-0.999999650543,-8.360107227738E-04,-0.));
#1002 = DIRECTION('',(8.360107227738E-04,-0.999999650543,0.));
#1003 = DEFINITIONAL_REPRESENTATION('',(#1004),#1008);
#1004 = LINE('',#1005,#1006);
#1005 = CARTESIAN_POINT('',(-2.166859679478,0.275860003595));
#1006 = VECTOR('',#1007,1.);
#1007 = DIRECTION('',(1.,0.));
#1008 = ( GEOMETRIC_REPRESENTATION_CONTEXT(2) 
PARAMETRIC_REPRESENTATION_CONTEXT() REPRESENTATION_CONTEXT('2D SPACE',''
  ) );
#1009 = ORIENTED_EDGE('',*,*,#1010,.T.);
#1010 = EDGE_CURVE('',#983,#1011,#1013,.T.);
#1011 = VERTEX_POINT('',#1012);
#1012 = CARTESIAN_POINT('',(-9.466574871249,-13.10190032398,
    4.779999866486));
#1013 = SURFACE_CURVE('',#1014,(#1018,#1024),.PCURVE_S1.);
#1014 = LINE('',#1015,#1016);
#1015 = CARTESIAN_POINT('',(-9.479028582328,9.754630907866E-03,4.78));
#1016 = VECTOR('',#1017,1.);
#1017 = DIRECTION('',(9.498194929226E-04,-0.999999548921,0.));
#1018 = PCURVE('',#678,#1019);
#1019 = DEFINITIONAL_REPRESENTATION('',(#1020),#1023);
#1020 = B_SPLINE_CURVE_WITH_KNOTS('',1,(#1021,#1022),.UNSPECIFIED.,.F.,
  .F.,(2,2),(-19.99025438626,20.009763656885),.PIECEWISE_BEZIER_KNOTS.);
#1021 = CARTESIAN_POINT('',(20.501984284388,40.));
#1022 = CARTESIAN_POINT('',(20.539977081243,-3.099588990111E-15));
#1023 = ( GEOMETRIC_REPRESENTATION_CONTEXT(2) 
PARAMETRIC_REPRESENTATION_CONTEXT() REPRESENTATION_CONTEXT('2D SPACE',''
  ) );
#1024 = PCURVE('',#1025,#1030);
#1025 = PLANE('',#1026);
#1026 = AXIS2_PLACEMENT_3D('',#1027,#1028,#1029);
#1027 = CARTESIAN_POINT('',(-9.498015715612,20.,-20.));
#1028 = DIRECTION('',(0.999999548921,9.498194929226E-04,-0.));
#1029 = DIRECTION('',(9.498194929226E-04,-0.999999548921,0.));
#1030 = DEFINITIONAL_REPRESENTATION('',(#1031),#1034);
#1031 = B_SPLINE_CURVE_WITH_KNOTS('',1,(#1032,#1033),.UNSPECIFIED.,.F.,
  .F.,(2,2),(-19.99025438626,20.009763656885),.PIECEWISE_BEZIER_KNOTS.);
#1032 = CARTESIAN_POINT('',(0.,-24.78));
#1033 = CARTESIAN_POINT('',(40.000018043154,-24.78));
#1034 = ( GEOMETRIC_REPRESENTATION_CONTEXT(2) 
PARAMETRIC_REPRESENTATION_CONTEXT() REPRESENTATION_CONTEXT('2D SPACE',''
  ) );
#1035 = ORIENTED_EDGE('',*,*,#1036,.F.);
#1036 = EDGE_CURVE('',#1037,#1011,#1039,.T.);
#1037 = VERTEX_POINT('',#1038);
#1038 = CARTESIAN_POINT('',(-9.464997646726,-14.49900054931,
    4.779999732971));
#1039 = SURFACE_CURVE('',#1040,(#1044,#1051),.PCURVE_S1.);
#1040 = LINE('',#1041,#1042);
#1041 = CARTESIAN_POINT('',(-9.479798906101,-1.388094332752,
    4.779999732971));
#1042 = VECTOR('',#1043,1.);
#1043 = DIRECTION('',(-1.128926536296E-03,0.999999362762,0.));
#1044 = PCURVE('',#678,#1045);
#1045 = DEFINITIONAL_REPRESENTATION('',(#1046),#1050);
#1046 = LINE('',#1047,#1048);
#1047 = CARTESIAN_POINT('',(20.520201093899,18.611905667248));
#1048 = VECTOR('',#1049,1.);
#1049 = DIRECTION('',(-1.128926536296E-03,0.999999362762));
#1050 = ( GEOMETRIC_REPRESENTATION_CONTEXT(2) 
PARAMETRIC_REPRESENTATION_CONTEXT() REPRESENTATION_CONTEXT('2D SPACE',''
  ) );
#1051 = PCURVE('',#1052,#1057);
#1052 = PLANE('',#1053);
#1053 = AXIS2_PLACEMENT_3D('',#1054,#1055,#1056);
#1054 = CARTESIAN_POINT('',(-9.46499633789,-14.50015991157,4.2));
#1055 = DIRECTION('',(-0.999999362762,-1.128926536296E-03,0.));
#1056 = DIRECTION('',(-1.128926536296E-03,0.999999362762,0.));
#1057 = DEFINITIONAL_REPRESENTATION('',(#1058),#1062);
#1058 = LINE('',#1059,#1060);
#1059 = CARTESIAN_POINT('',(13.112073934327,-0.579999732971));
#1060 = VECTOR('',#1061,1.);
#1061 = DIRECTION('',(1.,0.));
#1062 = ( GEOMETRIC_REPRESENTATION_CONTEXT(2) 
PARAMETRIC_REPRESENTATION_CONTEXT() REPRESENTATION_CONTEXT('2D SPACE',''
  ) );
#1063 = ORIENTED_EDGE('',*,*,#1064,.F.);
#1064 = EDGE_CURVE('',#1065,#1037,#1067,.T.);
#1065 = VERTEX_POINT('',#1066);
#1066 = CARTESIAN_POINT('',(-9.464996337891,-14.50015991157,4.78));
#1067 = SURFACE_CURVE('',#1068,(#1072,#1078),.PCURVE_S1.);
#1068 = LINE('',#1069,#1070);
#1069 = CARTESIAN_POINT('',(-9.461904967833,-17.23848520318,4.78));
#1070 = VECTOR('',#1071,1.);
#1071 = DIRECTION('',(-1.128926536296E-03,0.999999362762,0.));
#1072 = PCURVE('',#678,#1073);
#1073 = DEFINITIONAL_REPRESENTATION('',(#1074),#1077);
#1074 = B_SPLINE_CURVE_WITH_KNOTS('',1,(#1075,#1076),.UNSPECIFIED.,.F.,
  .F.,(2,2),(2.738327036584,4.796166488947),.PIECEWISE_BEZIER_KNOTS.);
#1075 = CARTESIAN_POINT('',(20.53500366211,5.49984008843));
#1076 = CARTESIAN_POINT('',(20.532680512545,7.55767822946));
#1077 = ( GEOMETRIC_REPRESENTATION_CONTEXT(2) 
PARAMETRIC_REPRESENTATION_CONTEXT() REPRESENTATION_CONTEXT('2D SPACE',''
  ) );
#1078 = PCURVE('',#1052,#1079);
#1079 = DEFINITIONAL_REPRESENTATION('',(#1080),#1083);
#1080 = B_SPLINE_CURVE_WITH_KNOTS('',1,(#1081,#1082),.UNSPECIFIED.,.F.,
  .F.,(2,2),(2.738327036584,4.796166488947),.PIECEWISE_BEZIER_KNOTS.);
#1081 = CARTESIAN_POINT('',(1.7763568394E-15,-0.58));
#1082 = CARTESIAN_POINT('',(2.057839452363,-0.58));
#1083 = ( GEOMETRIC_REPRESENTATION_CONTEXT(2) 
PARAMETRIC_REPRESENTATION_CONTEXT() REPRESENTATION_CONTEXT('2D SPACE',''
  ) );
#1084 = ORIENTED_EDGE('',*,*,#1085,.F.);
#1085 = EDGE_CURVE('',#693,#1065,#1086,.T.);
#1086 = SURFACE_CURVE('',#1087,(#1091,#1097),.PCURVE_S1.);
#1087 = LINE('',#1088,#1089);
#1088 = CARTESIAN_POINT('',(-9.464996337891,-17.82766863741,4.78));
#1089 = VECTOR('',#1090,1.);
#1090 = DIRECTION('',(0.,1.,0.));
#1091 = PCURVE('',#678,#1092);
#1092 = DEFINITIONAL_REPRESENTATION('',(#1093),#1096);
#1093 = B_SPLINE_CURVE_WITH_KNOTS('',1,(#1094,#1095),.UNSPECIFIED.,.F.,
  .F.,(2,2),(1.35266825594,3.32750872584),.PIECEWISE_BEZIER_KNOTS.);
#1094 = CARTESIAN_POINT('',(20.535003662109,3.52499961853));
#1095 = CARTESIAN_POINT('',(20.535003662109,5.49984008843));
#1096 = ( GEOMETRIC_REPRESENTATION_CONTEXT(2) 
PARAMETRIC_REPRESENTATION_CONTEXT() REPRESENTATION_CONTEXT('2D SPACE',''
  ) );
#1097 = PCURVE('',#748,#1098);
#1098 = DEFINITIONAL_REPRESENTATION('',(#1099),#1102);
#1099 = B_SPLINE_CURVE_WITH_KNOTS('',1,(#1100,#1101),.UNSPECIFIED.,.F.,
  .F.,(2,2),(1.35266825594,3.32750872584),.PIECEWISE_BEZIER_KNOTS.);
#1100 = CARTESIAN_POINT('',(-0.163112577492,0.81966310665));
#1101 = CARTESIAN_POINT('',(-0.163112577492,-1.15517736325));
#1102 = ( GEOMETRIC_REPRESENTATION_CONTEXT(2) 
PARAMETRIC_REPRESENTATION_CONTEXT() REPRESENTATION_CONTEXT('2D SPACE',''
  ) );
#1103 = ORIENTED_EDGE('',*,*,#692,.T.);
#1104 = ORIENTED_EDGE('',*,*,#665,.F.);
#1105 = ORIENTED_EDGE('',*,*,#1106,.F.);
#1106 = EDGE_CURVE('',#1107,#640,#1109,.T.);
#1107 = VERTEX_POINT('',#1108);
#1108 = CARTESIAN_POINT('',(-8.994665910999,16.473221357194,4.78));
#1109 = SURFACE_CURVE('',#1110,(#1114,#1120),.PCURVE_S1.);
#1110 = LINE('',#1111,#1112);
#1111 = CARTESIAN_POINT('',(-8.979028807867,9.992085673986E-03,4.78));
#1112 = VECTOR('',#1113,1.);
#1113 = DIRECTION('',(9.498194929226E-04,-0.999999548921,0.));
#1114 = PCURVE('',#678,#1115);
#1115 = DEFINITIONAL_REPRESENTATION('',(#1116),#1119);
#1116 = B_SPLINE_CURVE_WITH_KNOTS('',1,(#1117,#1118),.UNSPECIFIED.,.F.,
  .F.,(2,2),(-19.99001693139,20.010001111758),.PIECEWISE_BEZIER_KNOTS.);
#1117 = CARTESIAN_POINT('',(21.001984284388,40.));
#1118 = CARTESIAN_POINT('',(21.039977081243,-3.043909302787E-15));
#1119 = ( GEOMETRIC_REPRESENTATION_CONTEXT(2) 
PARAMETRIC_REPRESENTATION_CONTEXT() REPRESENTATION_CONTEXT('2D SPACE',''
  ) );
#1120 = PCURVE('',#654,#1121);
#1121 = DEFINITIONAL_REPRESENTATION('',(#1122),#1125);
#1122 = B_SPLINE_CURVE_WITH_KNOTS('',1,(#1123,#1124),.UNSPECIFIED.,.F.,
  .F.,(2,2),(-19.99001693139,20.010001111758),.PIECEWISE_BEZIER_KNOTS.);
#1123 = CARTESIAN_POINT('',(0.,-24.78));
#1124 = CARTESIAN_POINT('',(40.000018043154,-24.78));
#1125 = ( GEOMETRIC_REPRESENTATION_CONTEXT(2) 
PARAMETRIC_REPRESENTATION_CONTEXT() REPRESENTATION_CONTEXT('2D SPACE',''
  ) );
#1126 = ORIENTED_EDGE('',*,*,#1127,.F.);
#1127 = EDGE_CURVE('',#765,#1107,#1128,.T.);
#1128 = SURFACE_CURVE('',#1129,(#1133,#1139),.PCURVE_S1.);
#1129 = LINE('',#1130,#1131);
#1130 = CARTESIAN_POINT('',(-17.47797308066,16.473221357194,4.78));
#1131 = VECTOR('',#1132,1.);
#1132 = DIRECTION('',(1.,-0.,0.));
#1133 = PCURVE('',#678,#1134);
#1134 = DEFINITIONAL_REPRESENTATION('',(#1135),#1138);
#1135 = B_SPLINE_CURVE_WITH_KNOTS('',1,(#1136,#1137),.UNSPECIFIED.,.F.,
  .F.,(2,2),(7.984976864843,8.517950161905),.PIECEWISE_BEZIER_KNOTS.);
#1136 = CARTESIAN_POINT('',(20.50700378418,36.473221357194));
#1137 = CARTESIAN_POINT('',(21.039977081243,36.473221357194));
#1138 = ( GEOMETRIC_REPRESENTATION_CONTEXT(2) 
PARAMETRIC_REPRESENTATION_CONTEXT() REPRESENTATION_CONTEXT('2D SPACE',''
  ) );
#1139 = PCURVE('',#1140,#1145);
#1140 = PLANE('',#1141);
#1141 = AXIS2_PLACEMENT_3D('',#1142,#1143,#1144);
#1142 = CARTESIAN_POINT('',(-4.955946161325,16.474474558308,
    5.406944947907));
#1143 = DIRECTION('',(0.,0.999998002203,-1.998897373784E-03));
#1144 = DIRECTION('',(0.,1.998897373784E-03,0.999998002203));
#1145 = DEFINITIONAL_REPRESENTATION('',(#1146),#1149);
#1146 = B_SPLINE_CURVE_WITH_KNOTS('',1,(#1147,#1148),.UNSPECIFIED.,.F.,
  .F.,(2,2),(7.984976864843,8.517950161905),.PIECEWISE_BEZIER_KNOTS.);
#1147 = CARTESIAN_POINT('',(-0.626946200418,-4.537050054495));
#1148 = CARTESIAN_POINT('',(-0.626946200418,-4.004076757432));
#1149 = ( GEOMETRIC_REPRESENTATION_CONTEXT(2) 
PARAMETRIC_REPRESENTATION_CONTEXT() REPRESENTATION_CONTEXT('2D SPACE',''
  ) );
#1150 = ADVANCED_FACE('',(#1151),#654,.T.);
#1151 = FACE_BOUND('',#1152,.T.);
#1152 = EDGE_LOOP('',(#1153,#1174,#1175,#1176,#1197,#1223,#1249,#1275,
    #1301,#1327,#1353,#1379));
#1153 = ORIENTED_EDGE('',*,*,#1154,.F.);
#1154 = EDGE_CURVE('',#1107,#1155,#1157,.T.);
#1155 = VERTEX_POINT('',#1156);
#1156 = CARTESIAN_POINT('',(-8.994665702155,16.473001480103,
    4.670001029968));
#1157 = SURFACE_CURVE('',#1158,(#1162,#1168),.PCURVE_S1.);
#1158 = LINE('',#1159,#1160);
#1159 = CARTESIAN_POINT('',(-8.994642989327,16.449088706893,
    -7.292957024146));
#1160 = VECTOR('',#1161,1.);
#1161 = DIRECTION('',(1.898592546383E-06,-1.998897373781E-03,
    -0.999998002201));
#1162 = PCURVE('',#654,#1163);
#1163 = DEFINITIONAL_REPRESENTATION('',(#1164),#1167);
#1164 = B_SPLINE_CURVE_WITH_KNOTS('',1,(#1165,#1166),.UNSPECIFIED.,.F.,
  .F.,(2,2),(-12.07298114353,-11.96298195375),.PIECEWISE_BEZIER_KNOTS.);
#1165 = CARTESIAN_POINT('',(3.526780233661,-24.78));
#1166 = CARTESIAN_POINT('',(3.527000110852,-24.67000102996));
#1167 = ( GEOMETRIC_REPRESENTATION_CONTEXT(2) 
PARAMETRIC_REPRESENTATION_CONTEXT() REPRESENTATION_CONTEXT('2D SPACE',''
  ) );
#1168 = PCURVE('',#1140,#1169);
#1169 = DEFINITIONAL_REPRESENTATION('',(#1170),#1173);
#1170 = B_SPLINE_CURVE_WITH_KNOTS('',1,(#1171,#1172),.UNSPECIFIED.,.F.,
  .F.,(2,2),(-12.07298114353,-11.96298195375),.PIECEWISE_BEZIER_KNOTS.);
#1171 = CARTESIAN_POINT('',(-0.626946200418,-4.038719749674));
#1172 = CARTESIAN_POINT('',(-0.736945390207,-4.03871954083));
#1173 = ( GEOMETRIC_REPRESENTATION_CONTEXT(2) 
PARAMETRIC_REPRESENTATION_CONTEXT() REPRESENTATION_CONTEXT('2D SPACE',''
  ) );
#1174 = ORIENTED_EDGE('',*,*,#1106,.T.);
#1175 = ORIENTED_EDGE('',*,*,#639,.F.);
#1176 = ORIENTED_EDGE('',*,*,#1177,.F.);
#1177 = EDGE_CURVE('',#1178,#612,#1180,.T.);
#1178 = VERTEX_POINT('',#1179);
#1179 = CARTESIAN_POINT('',(-8.965245979027,-14.50099945068,
    3.779999732971));
#1180 = SURFACE_CURVE('',#1181,(#1185,#1191),.PCURVE_S1.);
#1181 = LINE('',#1182,#1183);
#1182 = CARTESIAN_POINT('',(-8.982412260678,3.572196599849,
    -4.368511078252));
#1183 = VECTOR('',#1184,1.);
#1184 = DIRECTION('',(8.658814677958E-04,-0.911626981408,0.411017635898)
  );
#1185 = PCURVE('',#654,#1186);
#1186 = DEFINITIONAL_REPRESENTATION('',(#1187),#1190);
#1187 = B_SPLINE_CURVE_WITH_KNOTS('',1,(#1188,#1189),.UNSPECIFIED.,.F.,
  .F.,(2,2),(19.825209673612,21.990570035962),.PIECEWISE_BEZIER_KNOTS.);
#1188 = CARTESIAN_POINT('',(34.501015013351,-23.77999973297));
#1189 = CARTESIAN_POINT('',(36.47501683457,-24.67000102997));
#1190 = ( GEOMETRIC_REPRESENTATION_CONTEXT(2) 
PARAMETRIC_REPRESENTATION_CONTEXT() REPRESENTATION_CONTEXT('2D SPACE',''
  ) );
#1191 = PCURVE('',#627,#1192);
#1192 = DEFINITIONAL_REPRESENTATION('',(#1193),#1196);
#1193 = B_SPLINE_CURVE_WITH_KNOTS('',1,(#1194,#1195),.UNSPECIFIED.,.F.,
  .F.,(2,2),(19.825209673612,21.990570035962),.PIECEWISE_BEZIER_KNOTS.);
#1194 = CARTESIAN_POINT('',(-1.564066363672,13.37885984842));
#1195 = CARTESIAN_POINT('',(0.601293186937,13.376984903011));
#1196 = ( GEOMETRIC_REPRESENTATION_CONTEXT(2) 
PARAMETRIC_REPRESENTATION_CONTEXT() REPRESENTATION_CONTEXT('2D SPACE',''
  ) );
#1197 = ORIENTED_EDGE('',*,*,#1198,.F.);
#1198 = EDGE_CURVE('',#1199,#1178,#1201,.T.);
#1199 = VERTEX_POINT('',#1200);
#1200 = CARTESIAN_POINT('',(-8.982181826401,3.329588214704,
    3.779999732971));
#1201 = SURFACE_CURVE('',#1202,(#1206,#1212),.PCURVE_S1.);
#1202 = LINE('',#1203,#1204);
#1203 = CARTESIAN_POINT('',(-8.993001893471,14.721291869345,
    3.779999732971));
#1204 = VECTOR('',#1205,1.);
#1205 = DIRECTION('',(9.498194929226E-04,-0.999999548921,0.));
#1206 = PCURVE('',#654,#1207);
#1207 = DEFINITIONAL_REPRESENTATION('',(#1208),#1211);
#1208 = B_SPLINE_CURVE_WITH_KNOTS('',1,(#1209,#1210),.UNSPECIFIED.,.F.,
  .F.,(2,2),(0.256289925014,29.222304501582),.PIECEWISE_BEZIER_KNOTS.);
#1209 = CARTESIAN_POINT('',(5.535000436783,-23.77999973297));
#1210 = CARTESIAN_POINT('',(34.501015013351,-23.77999973297));
#1211 = ( GEOMETRIC_REPRESENTATION_CONTEXT(2) 
PARAMETRIC_REPRESENTATION_CONTEXT() REPRESENTATION_CONTEXT('2D SPACE',''
  ) );
#1212 = PCURVE('',#1213,#1218);
#1213 = PLANE('',#1214);
#1214 = AXIS2_PLACEMENT_3D('',#1215,#1216,#1217);
#1215 = CARTESIAN_POINT('',(5.832365199013,9.456660405467,3.779999732971
    ));
#1216 = DIRECTION('',(-0.,-0.,-1.));
#1217 = DIRECTION('',(-1.,0.,0.));
#1218 = DEFINITIONAL_REPRESENTATION('',(#1219),#1222);
#1219 = B_SPLINE_CURVE_WITH_KNOTS('',1,(#1220,#1221),.UNSPECIFIED.,.F.,
  .F.,(2,2),(0.256289925014,29.222304501582),.PIECEWISE_BEZIER_KNOTS.);
#1220 = CARTESIAN_POINT('',(14.825123663317,5.00834165447));
#1221 = CARTESIAN_POINT('',(14.79761117804,-23.95765985614));
#1222 = ( GEOMETRIC_REPRESENTATION_CONTEXT(2) 
PARAMETRIC_REPRESENTATION_CONTEXT() REPRESENTATION_CONTEXT('2D SPACE',''
  ) );
#1223 = ORIENTED_EDGE('',*,*,#1224,.F.);
#1224 = EDGE_CURVE('',#1225,#1199,#1227,.T.);
#1225 = VERTEX_POINT('',#1226);
#1226 = CARTESIAN_POINT('',(-8.982233619244,3.384117333397,
    3.780480044132));
#1227 = SURFACE_CURVE('',#1228,(#1232,#1238),.PCURVE_S1.);
#1228 = LINE('',#1229,#1230);
#1229 = CARTESIAN_POINT('',(-8.988462501529,9.94207863179,3.838244814246
    ));
#1230 = VECTOR('',#1231,1.);
#1231 = DIRECTION('',(9.497826483248E-04,-0.999960757781,
    -8.807996977711E-03));
#1232 = PCURVE('',#654,#1233);
#1233 = DEFINITIONAL_REPRESENTATION('',(#1234),#1237);
#1234 = B_SPLINE_CURVE_WITH_KNOTS('',1,(#1235,#1236),.UNSPECIFIED.,.F.,
  .F.,(2,2),(6.219351756986,13.721066410453),.PIECEWISE_BEZIER_KNOTS.);
#1235 = CARTESIAN_POINT('',(16.277036406256,-23.78346478276));
#1236 = CARTESIAN_POINT('',(23.778460059527,-23.71738970277));
#1237 = ( GEOMETRIC_REPRESENTATION_CONTEXT(2) 
PARAMETRIC_REPRESENTATION_CONTEXT() REPRESENTATION_CONTEXT('2D SPACE',''
  ) );
#1238 = PCURVE('',#1239,#1244);
#1239 = PLANE('',#1240);
#1240 = AXIS2_PLACEMENT_3D('',#1241,#1242,#1243);
#1241 = CARTESIAN_POINT('',(-4.578920835556,9.880721233819E-02,
    3.782011319043));
#1242 = DIRECTION('',(6.924128705719E-03,8.814365969487E-03,
    -0.999937179724));
#1243 = DIRECTION('',(-6.243386608416E-17,-0.999961150859,
    -8.81457727312E-03));
#1244 = DEFINITIONAL_REPRESENTATION('',(#1245),#1248);
#1245 = B_SPLINE_CURVE_WITH_KNOTS('',1,(#1246,#1247),.UNSPECIFIED.,.F.,
  .F.,(2,2),(6.219351756986,13.721066410453),.PIECEWISE_BEZIER_KNOTS.);
#1246 = CARTESIAN_POINT('',(-3.62403573965,4.403740200343));
#1247 = CARTESIAN_POINT('',(3.877675530054,4.396615031128));
#1248 = ( GEOMETRIC_REPRESENTATION_CONTEXT(2) 
PARAMETRIC_REPRESENTATION_CONTEXT() REPRESENTATION_CONTEXT('2D SPACE',''
  ) );
#1249 = ORIENTED_EDGE('',*,*,#1250,.F.);
#1250 = EDGE_CURVE('',#1251,#1225,#1253,.T.);
#1251 = VERTEX_POINT('',#1252);
#1252 = CARTESIAN_POINT('',(-8.982236107132,3.386736659351,
    3.779999732971));
#1253 = SURFACE_CURVE('',#1254,(#1258,#1264),.PCURVE_S1.);
#1254 = LINE('',#1255,#1256);
#1255 = CARTESIAN_POINT('',(-8.990732087703,12.331569653577,
    2.139767399579));
#1256 = VECTOR('',#1257,1.);
#1257 = DIRECTION('',(9.34242279501E-04,-0.983599373403,0.180364630217)
  );
#1258 = PCURVE('',#654,#1259);
#1259 = DEFINITIONAL_REPRESENTATION('',(#1260),#1263);
#1260 = B_SPLINE_CURVE_WITH_KNOTS('',1,(#1261,#1262),.UNSPECIFIED.,.F.,
  .F.,(2,2),(8.763236675212,14.316005821012),.PIECEWISE_BEZIER_KNOTS.);
#1261 = CARTESIAN_POINT('',(16.287951796288,-23.720345342));
#1262 = CARTESIAN_POINT('',(21.749654512404,-24.72186849567));
#1263 = ( GEOMETRIC_REPRESENTATION_CONTEXT(2) 
PARAMETRIC_REPRESENTATION_CONTEXT() REPRESENTATION_CONTEXT('2D SPACE',''
  ) );
#1264 = PCURVE('',#1265,#1270);
#1265 = PLANE('',#1266);
#1266 = AXIS2_PLACEMENT_3D('',#1267,#1268,#1269);
#1267 = CARTESIAN_POINT('',(-5.307881907858,0.907972065959,
    3.782090202137));
#1268 = DIRECTION('',(-0.120311475135,-0.179165130083,-0.976434844274));
#1269 = DIRECTION('',(1.417211692158E-13,-0.983579374994,0.180476073443)
  );
#1270 = DEFINITIONAL_REPRESENTATION('',(#1271),#1274);
#1271 = B_SPLINE_CURVE_WITH_KNOTS('',1,(#1272,#1273),.UNSPECIFIED.,.F.,
  .F.,(2,2),(8.763236675212,14.316005821012),.PIECEWISE_BEZIER_KNOTS.);
#1272 = CARTESIAN_POINT('',(-2.769182151422,3.701550542268));
#1273 = CARTESIAN_POINT('',(2.783584535533,3.696324952892));
#1274 = ( GEOMETRIC_REPRESENTATION_CONTEXT(2) 
PARAMETRIC_REPRESENTATION_CONTEXT() REPRESENTATION_CONTEXT('2D SPACE',''
  ) );
#1275 = ORIENTED_EDGE('',*,*,#1276,.F.);
#1276 = EDGE_CURVE('',#1277,#1251,#1279,.T.);
#1277 = VERTEX_POINT('',#1278);
#1278 = CARTESIAN_POINT('',(-8.98240187241,3.561259507604,3.779999732971
    ));
#1279 = SURFACE_CURVE('',#1280,(#1284,#1290),.PCURVE_S1.);
#1280 = LINE('',#1281,#1282);
#1281 = CARTESIAN_POINT('',(-8.989315577161,10.840223230486,
    3.779999732971));
#1282 = VECTOR('',#1283,1.);
#1283 = DIRECTION('',(9.498194929226E-04,-0.999999548921,0.));
#1284 = PCURVE('',#654,#1285);
#1285 = DEFINITIONAL_REPRESENTATION('',(#1286),#1289);
#1286 = B_SPLINE_CURVE_WITH_KNOTS('',1,(#1287,#1288),.UNSPECIFIED.,.F.,
  .F.,(2,2),(7.117224960811,12.477229896296),.PIECEWISE_BEZIER_KNOTS.);
#1287 = CARTESIAN_POINT('',(16.277005862107,-23.77999973297));
#1288 = CARTESIAN_POINT('',(21.637010797591,-23.77999973297));
#1289 = ( GEOMETRIC_REPRESENTATION_CONTEXT(2) 
PARAMETRIC_REPRESENTATION_CONTEXT() REPRESENTATION_CONTEXT('2D SPACE',''
  ) );
#1290 = PCURVE('',#1291,#1296);
#1291 = PLANE('',#1292);
#1292 = AXIS2_PLACEMENT_3D('',#1293,#1294,#1295);
#1293 = CARTESIAN_POINT('',(-5.731403549957,1.683532627153,
    3.779999732971));
#1294 = DIRECTION('',(-0.,-0.,-1.));
#1295 = DIRECTION('',(-1.,0.,0.));
#1296 = DEFINITIONAL_REPRESENTATION('',(#1297),#1300);
#1297 = B_SPLINE_CURVE_WITH_KNOTS('',1,(#1298,#1299),.UNSPECIFIED.,.F.,
  .F.,(2,2),(7.117224960811,12.477229896296),.PIECEWISE_BEZIER_KNOTS.);
#1298 = CARTESIAN_POINT('',(3.251151948201,2.03946885295));
#1299 = CARTESIAN_POINT('',(3.246060911031,-3.320533664751));
#1300 = ( GEOMETRIC_REPRESENTATION_CONTEXT(2) 
PARAMETRIC_REPRESENTATION_CONTEXT() REPRESENTATION_CONTEXT('2D SPACE',''
  ) );
#1301 = ORIENTED_EDGE('',*,*,#1302,.F.);
#1302 = EDGE_CURVE('',#1303,#1277,#1305,.T.);
#1303 = VERTEX_POINT('',#1304);
#1304 = CARTESIAN_POINT('',(-8.982428028841,3.588797812671,
    3.780125207488));
#1305 = SURFACE_CURVE('',#1306,(#1310,#1316),.PCURVE_S1.);
#1306 = LINE('',#1307,#1308);
#1307 = CARTESIAN_POINT('',(-8.989669072728,11.212394374817,
    3.814861081411));
#1308 = VECTOR('',#1309,1.);
#1309 = DIRECTION('',(9.498096337475E-04,-0.999989168875,
    -4.556313730864E-03));
#1310 = PCURVE('',#654,#1311);
#1311 = DEFINITIONAL_REPRESENTATION('',(#1312),#1315);
#1312 = B_SPLINE_CURVE_WITH_KNOTS('',1,(#1313,#1314),.UNSPECIFIED.,.F.,
  .F.,(2,2),(7.489477372978,9.973453853178),.PIECEWISE_BEZIER_KNOTS.);
#1313 = CARTESIAN_POINT('',(16.277009220904,-23.78073667281));
#1314 = CARTESIAN_POINT('',(18.760959917302,-23.76941889667));
#1315 = ( GEOMETRIC_REPRESENTATION_CONTEXT(2) 
PARAMETRIC_REPRESENTATION_CONTEXT() REPRESENTATION_CONTEXT('2D SPACE',''
  ) );
#1316 = PCURVE('',#1317,#1322);
#1317 = PLANE('',#1318);
#1318 = AXIS2_PLACEMENT_3D('',#1319,#1320,#1321);
#1319 = CARTESIAN_POINT('',(-5.459141537155,2.536799816442,
    3.780518908346));
#1320 = DIRECTION('',(1.47260168612E-03,4.557709523139E-03,
    -0.999988529298));
#1321 = DIRECTION('',(-6.081990443527E-18,-0.999989613565,
    -4.557714464971E-03));
#1322 = DEFINITIONAL_REPRESENTATION('',(#1323),#1326);
#1323 = B_SPLINE_CURVE_WITH_KNOTS('',1,(#1324,#1325),.UNSPECIFIED.,.F.,
  .F.,(2,2),(7.489477372978,9.973453853178),.PIECEWISE_BEZIER_KNOTS.);
#1324 = CARTESIAN_POINT('',(-1.186186977002,3.523417778179));
#1325 = CARTESIAN_POINT('',(1.297788382751,3.52105847083));
#1326 = ( GEOMETRIC_REPRESENTATION_CONTEXT(2) 
PARAMETRIC_REPRESENTATION_CONTEXT() REPRESENTATION_CONTEXT('2D SPACE',''
  ) );
#1327 = ORIENTED_EDGE('',*,*,#1328,.F.);
#1328 = EDGE_CURVE('',#1329,#1303,#1331,.T.);
#1329 = VERTEX_POINT('',#1330);
#1330 = CARTESIAN_POINT('',(-8.982449695703,3.611609360162,
    3.779999732971));
#1331 = SURFACE_CURVE('',#1332,(#1336,#1342),.PCURVE_S1.);
#1332 = LINE('',#1333,#1334);
#1333 = CARTESIAN_POINT('',(-8.989859390604,11.412766962497,
    3.737089602503));
#1334 = VECTOR('',#1335,1.);
#1335 = DIRECTION('',(9.498051247213E-04,-0.999984421632,
    5.500396759742E-03));
#1336 = PCURVE('',#654,#1337);
#1337 = DEFINITIONAL_REPRESENTATION('',(#1338),#1341);
#1338 = B_SPLINE_CURVE_WITH_KNOTS('',1,(#1339,#1340),.UNSPECIFIED.,.F.,
  .F.,(2,2),(7.689888649123,9.829871440136),.PIECEWISE_BEZIER_KNOTS.);
#1339 = CARTESIAN_POINT('',(16.277009232918,-23.77938704111));
#1340 = CARTESIAN_POINT('',(18.416959651777,-23.79115779552));
#1341 = ( GEOMETRIC_REPRESENTATION_CONTEXT(2) 
PARAMETRIC_REPRESENTATION_CONTEXT() REPRESENTATION_CONTEXT('2D SPACE',''
  ) );
#1342 = PCURVE('',#1343,#1348);
#1343 = PLANE('',#1344);
#1344 = AXIS2_PLACEMENT_3D('',#1345,#1346,#1347);
#1345 = CARTESIAN_POINT('',(-5.293039260008,2.698710852583,
    3.780505058763));
#1346 = DIRECTION('',(-1.224327403145E-03,-5.501557973662E-03,
    -0.999984116815));
#1347 = DIRECTION('',(5.669898422778E-18,-0.999984866293,
    5.501562097023E-03));
#1348 = DEFINITIONAL_REPRESENTATION('',(#1349),#1352);
#1349 = B_SPLINE_CURVE_WITH_KNOTS('',1,(#1350,#1351),.UNSPECIFIED.,.F.,
  .F.,(2,2),(7.689888649123,9.829871440136),.PIECEWISE_BEZIER_KNOTS.);
#1350 = CARTESIAN_POINT('',(-1.02427790629,3.689519000202));
#1351 = CARTESIAN_POINT('',(1.115703919451,3.687486432057));
#1352 = ( GEOMETRIC_REPRESENTATION_CONTEXT(2) 
PARAMETRIC_REPRESENTATION_CONTEXT() REPRESENTATION_CONTEXT('2D SPACE',''
  ) );
#1353 = ORIENTED_EDGE('',*,*,#1354,.F.);
#1354 = EDGE_CURVE('',#1355,#1329,#1357,.T.);
#1355 = VERTEX_POINT('',#1356);
#1356 = CARTESIAN_POINT('',(-8.992758464304,14.465002059937,
    3.779999732971));
#1357 = SURFACE_CURVE('',#1358,(#1362,#1368),.PCURVE_S1.);
#1358 = LINE('',#1359,#1360);
#1359 = CARTESIAN_POINT('',(-8.993001893471,14.721291869345,
    3.779999732971));
#1360 = VECTOR('',#1361,1.);
#1361 = DIRECTION('',(9.498194929226E-04,-0.999999548921,0.));
#1362 = PCURVE('',#654,#1363);
#1363 = DEFINITIONAL_REPRESENTATION('',(#1364),#1367);
#1364 = B_SPLINE_CURVE_WITH_KNOTS('',1,(#1365,#1366),.UNSPECIFIED.,.F.,
  .F.,(2,2),(0.256289925014,29.222304501582),.PIECEWISE_BEZIER_KNOTS.);
#1365 = CARTESIAN_POINT('',(5.535000436783,-23.77999973297));
#1366 = CARTESIAN_POINT('',(34.501015013351,-23.77999973297));
#1367 = ( GEOMETRIC_REPRESENTATION_CONTEXT(2) 
PARAMETRIC_REPRESENTATION_CONTEXT() REPRESENTATION_CONTEXT('2D SPACE',''
  ) );
#1368 = PCURVE('',#1369,#1374);
#1369 = PLANE('',#1370);
#1370 = AXIS2_PLACEMENT_3D('',#1371,#1372,#1373);
#1371 = CARTESIAN_POINT('',(5.832365199013,9.456660405467,3.779999732971
    ));
#1372 = DIRECTION('',(-0.,-0.,-1.));
#1373 = DIRECTION('',(-1.,0.,0.));
#1374 = DEFINITIONAL_REPRESENTATION('',(#1375),#1378);
#1375 = B_SPLINE_CURVE_WITH_KNOTS('',1,(#1376,#1377),.UNSPECIFIED.,.F.,
  .F.,(2,2),(0.256289925014,29.222304501582),.PIECEWISE_BEZIER_KNOTS.);
#1376 = CARTESIAN_POINT('',(14.825123663317,5.00834165447));
#1377 = CARTESIAN_POINT('',(14.79761117804,-23.95765985614));
#1378 = ( GEOMETRIC_REPRESENTATION_CONTEXT(2) 
PARAMETRIC_REPRESENTATION_CONTEXT() REPRESENTATION_CONTEXT('2D SPACE',''
  ) );
#1379 = ORIENTED_EDGE('',*,*,#1380,.F.);
#1380 = EDGE_CURVE('',#1155,#1355,#1381,.T.);
#1381 = SURFACE_CURVE('',#1382,(#1386,#1392),.PCURVE_S1.);
#1382 = LINE('',#1383,#1384);
#1383 = CARTESIAN_POINT('',(-8.99103158977,12.646894758849,
    2.974163914596));
#1384 = VECTOR('',#1385,1.);
#1385 = DIRECTION('',(8.683477087168E-04,-0.914223516672,-0.405209337917
    ));
#1386 = PCURVE('',#654,#1387);
#1387 = DEFINITIONAL_REPRESENTATION('',(#1388),#1391);
#1388 = B_SPLINE_CURVE_WITH_KNOTS('',1,(#1389,#1390),.UNSPECIFIED.,.F.,
  .F.,(2,2),(-4.185088932278,-1.98869014845),.PIECEWISE_BEZIER_KNOTS.);
#1389 = CARTESIAN_POINT('',(3.527000110852,-24.67000102996));
#1390 = CARTESIAN_POINT('',(5.535000436784,-23.77999973297));
#1391 = ( GEOMETRIC_REPRESENTATION_CONTEXT(2) 
PARAMETRIC_REPRESENTATION_CONTEXT() REPRESENTATION_CONTEXT('2D SPACE',''
  ) );
#1392 = PCURVE('',#1393,#1398);
#1393 = PLANE('',#1394);
#1394 = AXIS2_PLACEMENT_3D('',#1395,#1396,#1397);
#1395 = CARTESIAN_POINT('',(5.381450139683,15.0233641418,4.027481366712)
  );
#1396 = DIRECTION('',(-0.,0.405209490687,-0.914223861348));
#1397 = DIRECTION('',(0.,-0.914223861348,-0.405209490687));
#1398 = DEFINITIONAL_REPRESENTATION('',(#1399),#1402);
#1399 = B_SPLINE_CURVE_WITH_KNOTS('',1,(#1400,#1401),.UNSPECIFIED.,.F.,
  .F.,(2,2),(-4.185088932278,-1.98869014845),.PIECEWISE_BEZIER_KNOTS.);
#1400 = CARTESIAN_POINT('',(-1.585648110481,14.376115841838));
#1401 = CARTESIAN_POINT('',(0.610749845273,14.374208603987));
#1402 = ( GEOMETRIC_REPRESENTATION_CONTEXT(2) 
PARAMETRIC_REPRESENTATION_CONTEXT() REPRESENTATION_CONTEXT('2D SPACE',''
  ) );
#1403 = ADVANCED_FACE('',(#1404),#627,.T.);
#1404 = FACE_BOUND('',#1405,.T.);
#1405 = EDGE_LOOP('',(#1406,#1407,#1408,#1431,#1452));
#1406 = ORIENTED_EDGE('',*,*,#611,.F.);
#1407 = ORIENTED_EDGE('',*,*,#714,.F.);
#1408 = ORIENTED_EDGE('',*,*,#1409,.T.);
#1409 = EDGE_CURVE('',#715,#1410,#1412,.T.);
#1410 = VERTEX_POINT('',#1411);
#1411 = CARTESIAN_POINT('',(-9.464996337891,-14.50099945068,
    3.779999732971));
#1412 = SURFACE_CURVE('',#1413,(#1417,#1424),.PCURVE_S1.);
#1413 = LINE('',#1414,#1415);
#1414 = CARTESIAN_POINT('',(-9.464996337891,-16.47500038147,
    4.670001029968));
#1415 = VECTOR('',#1416,1.);
#1416 = DIRECTION('',(0.,0.911627323155,-0.411017789977));
#1417 = PCURVE('',#627,#1418);
#1418 = DEFINITIONAL_REPRESENTATION('',(#1419),#1423);
#1419 = LINE('',#1420,#1421);
#1420 = CARTESIAN_POINT('',(0.601293186937,13.878610207284));
#1421 = VECTOR('',#1422,1.);
#1422 = DIRECTION('',(-1.,0.));
#1423 = ( GEOMETRIC_REPRESENTATION_CONTEXT(2) 
PARAMETRIC_REPRESENTATION_CONTEXT() REPRESENTATION_CONTEXT('2D SPACE',''
  ) );
#1424 = PCURVE('',#748,#1425);
#1425 = DEFINITIONAL_REPRESENTATION('',(#1426),#1430);
#1426 = LINE('',#1427,#1428);
#1427 = CARTESIAN_POINT('',(-5.311360746E-02,0.81966310665));
#1428 = VECTOR('',#1429,1.);
#1429 = DIRECTION('',(0.411017789977,-0.911627323155));
#1430 = ( GEOMETRIC_REPRESENTATION_CONTEXT(2) 
PARAMETRIC_REPRESENTATION_CONTEXT() REPRESENTATION_CONTEXT('2D SPACE',''
  ) );
#1431 = ORIENTED_EDGE('',*,*,#1432,.F.);
#1432 = EDGE_CURVE('',#1178,#1410,#1433,.T.);
#1433 = SURFACE_CURVE('',#1434,(#1438,#1445),.PCURVE_S1.);
#1434 = LINE('',#1435,#1436);
#1435 = CARTESIAN_POINT('',(9.722999572754,-14.50099945068,
    3.779999732971));
#1436 = VECTOR('',#1437,1.);
#1437 = DIRECTION('',(-1.,0.,0.));
#1438 = PCURVE('',#627,#1439);
#1439 = DEFINITIONAL_REPRESENTATION('',(#1440),#1444);
#1440 = LINE('',#1441,#1442);
#1441 = CARTESIAN_POINT('',(-1.564066363672,-5.309385703361));
#1442 = VECTOR('',#1443,1.);
#1443 = DIRECTION('',(0.,1.));
#1444 = ( GEOMETRIC_REPRESENTATION_CONTEXT(2) 
PARAMETRIC_REPRESENTATION_CONTEXT() REPRESENTATION_CONTEXT('2D SPACE',''
  ) );
#1445 = PCURVE('',#1213,#1446);
#1446 = DEFINITIONAL_REPRESENTATION('',(#1447),#1451);
#1447 = LINE('',#1448,#1449);
#1448 = CARTESIAN_POINT('',(-3.890634373741,-23.95765985614));
#1449 = VECTOR('',#1450,1.);
#1450 = DIRECTION('',(1.,0.));
#1451 = ( GEOMETRIC_REPRESENTATION_CONTEXT(2) 
PARAMETRIC_REPRESENTATION_CONTEXT() REPRESENTATION_CONTEXT('2D SPACE',''
  ) );
#1452 = ORIENTED_EDGE('',*,*,#1177,.T.);
#1453 = ADVANCED_FACE('',(#1454),#748,.T.);
#1454 = FACE_BOUND('',#1455,.T.);
#1455 = EDGE_LOOP('',(#1456,#1457,#1458,#1459,#1482));
#1456 = ORIENTED_EDGE('',*,*,#1409,.F.);
#1457 = ORIENTED_EDGE('',*,*,#735,.F.);
#1458 = ORIENTED_EDGE('',*,*,#1085,.T.);
#1459 = ORIENTED_EDGE('',*,*,#1460,.F.);
#1460 = EDGE_CURVE('',#1461,#1065,#1463,.T.);
#1461 = VERTEX_POINT('',#1462);
#1462 = CARTESIAN_POINT('',(-9.464996337891,-14.50015991157,4.2));
#1463 = SURFACE_CURVE('',#1464,(#1468,#1475),.PCURVE_S1.);
#1464 = LINE('',#1465,#1466);
#1465 = CARTESIAN_POINT('',(-9.464996337891,-14.50015991157,4.2));
#1466 = VECTOR('',#1467,1.);
#1467 = DIRECTION('',(0.,0.,1.));
#1468 = PCURVE('',#748,#1469);
#1469 = DEFINITIONAL_REPRESENTATION('',(#1470),#1474);
#1470 = LINE('',#1471,#1472);
#1471 = CARTESIAN_POINT('',(0.416887422508,-1.15517736325));
#1472 = VECTOR('',#1473,1.);
#1473 = DIRECTION('',(-1.,0.));
#1474 = ( GEOMETRIC_REPRESENTATION_CONTEXT(2) 
PARAMETRIC_REPRESENTATION_CONTEXT() REPRESENTATION_CONTEXT('2D SPACE',''
  ) );
#1475 = PCURVE('',#1052,#1476);
#1476 = DEFINITIONAL_REPRESENTATION('',(#1477),#1481);
#1477 = LINE('',#1478,#1479);
#1478 = CARTESIAN_POINT('',(1.776355707439E-15,0.));
#1479 = VECTOR('',#1480,1.);
#1480 = DIRECTION('',(0.,-1.));
#1481 = ( GEOMETRIC_REPRESENTATION_CONTEXT(2) 
PARAMETRIC_REPRESENTATION_CONTEXT() REPRESENTATION_CONTEXT('2D SPACE',''
  ) );
#1482 = ORIENTED_EDGE('',*,*,#1483,.F.);
#1483 = EDGE_CURVE('',#1410,#1461,#1484,.T.);
#1484 = SURFACE_CURVE('',#1485,(#1489,#1496),.PCURVE_S1.);
#1485 = LINE('',#1486,#1487);
#1486 = CARTESIAN_POINT('',(-9.464996337891,-14.50099945068,
    3.779999732971));
#1487 = VECTOR('',#1488,1.);
#1488 = DIRECTION('',(0.,1.998897373784E-03,0.999998002203));
#1489 = PCURVE('',#748,#1490);
#1490 = DEFINITIONAL_REPRESENTATION('',(#1491),#1495);
#1491 = LINE('',#1492,#1493);
#1492 = CARTESIAN_POINT('',(0.836887689537,-1.15433782414));
#1493 = VECTOR('',#1494,1.);
#1494 = DIRECTION('',(-0.999998002203,-1.998897373784E-03));
#1495 = ( GEOMETRIC_REPRESENTATION_CONTEXT(2) 
PARAMETRIC_REPRESENTATION_CONTEXT() REPRESENTATION_CONTEXT('2D SPACE',''
  ) );
#1496 = PCURVE('',#1497,#1502);
#1497 = PLANE('',#1498);
#1498 = AXIS2_PLACEMENT_3D('',#1499,#1500,#1501);
#1499 = CARTESIAN_POINT('',(-9.466755778399,-12.94192421028,
    4.064507349724));
#1500 = DIRECTION('',(-0.99999936276,-1.128926536293E-03,
    2.256612796847E-06));
#1501 = DIRECTION('',(1.128926536296E-03,-0.999999362762,
    6.69828194352E-21));
#1502 = DEFINITIONAL_REPRESENTATION('',(#1503),#1507);
#1503 = LINE('',#1504,#1505);
#1504 = CARTESIAN_POINT('',(1.559076233177,-0.284507616754));
#1505 = VECTOR('',#1506,1.);
#1506 = DIRECTION('',(-1.998896100011E-03,0.999998002205));
#1507 = ( GEOMETRIC_REPRESENTATION_CONTEXT(2) 
PARAMETRIC_REPRESENTATION_CONTEXT() REPRESENTATION_CONTEXT('2D SPACE',''
  ) );
#1508 = ADVANCED_FACE('',(#1509),#779,.T.);
#1509 = FACE_BOUND('',#1510,.T.);
#1510 = EDGE_LOOP('',(#1511,#1534,#1557,#1576));
#1511 = ORIENTED_EDGE('',*,*,#1512,.T.);
#1512 = EDGE_CURVE('',#765,#1513,#1515,.T.);
#1513 = VERTEX_POINT('',#1514);
#1514 = CARTESIAN_POINT('',(-9.49299621582,16.473001480103,
    4.670001029968));
#1515 = SURFACE_CURVE('',#1516,(#1520,#1527),.PCURVE_S1.);
#1516 = LINE('',#1517,#1518);
#1517 = CARTESIAN_POINT('',(-9.49299621582,16.47500038147,5.670001029968
    ));
#1518 = VECTOR('',#1519,1.);
#1519 = DIRECTION('',(0.,-1.998897373784E-03,-0.999998002203));
#1520 = PCURVE('',#779,#1521);
#1521 = DEFINITIONAL_REPRESENTATION('',(#1522),#1526);
#1522 = LINE('',#1523,#1524);
#1523 = CARTESIAN_POINT('',(-1.241347627122,-1.198800809907));
#1524 = VECTOR('',#1525,1.);
#1525 = DIRECTION('',(0.999998002203,1.998897373784E-03));
#1526 = ( GEOMETRIC_REPRESENTATION_CONTEXT(2) 
PARAMETRIC_REPRESENTATION_CONTEXT() REPRESENTATION_CONTEXT('2D SPACE',''
  ) );
#1527 = PCURVE('',#1140,#1528);
#1528 = DEFINITIONAL_REPRESENTATION('',(#1529),#1533);
#1529 = LINE('',#1530,#1531);
#1530 = CARTESIAN_POINT('',(0.263056607595,-4.537050054495));
#1531 = VECTOR('',#1532,1.);
#1532 = DIRECTION('',(-1.,0.));
#1533 = ( GEOMETRIC_REPRESENTATION_CONTEXT(2) 
PARAMETRIC_REPRESENTATION_CONTEXT() REPRESENTATION_CONTEXT('2D SPACE',''
  ) );
#1534 = ORIENTED_EDGE('',*,*,#1535,.T.);
#1535 = EDGE_CURVE('',#1513,#1536,#1538,.T.);
#1536 = VERTEX_POINT('',#1537);
#1537 = CARTESIAN_POINT('',(-9.49299621582,14.715314261988,
    3.890945076004));
#1538 = SURFACE_CURVE('',#1539,(#1543,#1550),.PCURVE_S1.);
#1539 = LINE('',#1540,#1541);
#1540 = CARTESIAN_POINT('',(-9.49299621582,16.473001480103,
    4.670001029968));
#1541 = VECTOR('',#1542,1.);
#1542 = DIRECTION('',(0.,-0.914223861348,-0.405209490687));
#1543 = PCURVE('',#779,#1544);
#1544 = DEFINITIONAL_REPRESENTATION('',(#1545),#1549);
#1545 = LINE('',#1546,#1547);
#1546 = CARTESIAN_POINT('',(-0.241347627122,-1.19680190854));
#1547 = VECTOR('',#1548,1.);
#1548 = DIRECTION('',(0.405209490687,0.914223861348));
#1549 = ( GEOMETRIC_REPRESENTATION_CONTEXT(2) 
PARAMETRIC_REPRESENTATION_CONTEXT() REPRESENTATION_CONTEXT('2D SPACE',''
  ) );
#1550 = PCURVE('',#1393,#1551);
#1551 = DEFINITIONAL_REPRESENTATION('',(#1552),#1556);
#1552 = LINE('',#1553,#1554);
#1553 = CARTESIAN_POINT('',(-1.585648110481,14.874446355503));
#1554 = VECTOR('',#1555,1.);
#1555 = DIRECTION('',(1.,0.));
#1556 = ( GEOMETRIC_REPRESENTATION_CONTEXT(2) 
PARAMETRIC_REPRESENTATION_CONTEXT() REPRESENTATION_CONTEXT('2D SPACE',''
  ) );
#1557 = ORIENTED_EDGE('',*,*,#1558,.F.);
#1558 = EDGE_CURVE('',#763,#1536,#1559,.T.);
#1559 = SURFACE_CURVE('',#1560,(#1564,#1570),.PCURVE_S1.);
#1560 = LINE('',#1561,#1562);
#1561 = CARTESIAN_POINT('',(-9.492996215819,14.715314261349,
    -7.785673298577));
#1562 = VECTOR('',#1563,1.);
#1563 = DIRECTION('',(0.,-0.,-1.));
#1564 = PCURVE('',#779,#1565);
#1565 = DEFINITIONAL_REPRESENTATION('',(#1566),#1569);
#1566 = B_SPLINE_CURVE_WITH_KNOTS('',1,(#1567,#1568),.UNSPECIFIED.,.F.,
  .F.,(2,2),(-12.56567329857,-11.56567303154),.PIECEWISE_BEZIER_KNOTS.);
#1567 = CARTESIAN_POINT('',(-0.351346597154,0.560885310214));
#1568 = CARTESIAN_POINT('',(0.648653669875,0.560885310214));
#1569 = ( GEOMETRIC_REPRESENTATION_CONTEXT(2) 
PARAMETRIC_REPRESENTATION_CONTEXT() REPRESENTATION_CONTEXT('2D SPACE',''
  ) );
#1570 = PCURVE('',#805,#1571);
#1571 = DEFINITIONAL_REPRESENTATION('',(#1572),#1575);
#1572 = B_SPLINE_CURVE_WITH_KNOTS('',1,(#1573,#1574),.UNSPECIFIED.,.F.,
  .F.,(2,2),(-12.56567329857,-11.56567303154),.PIECEWISE_BEZIER_KNOTS.);
#1573 = CARTESIAN_POINT('',(5.284688122461,-24.78));
#1574 = CARTESIAN_POINT('',(5.284688122461,-23.77999973297));
#1575 = ( GEOMETRIC_REPRESENTATION_CONTEXT(2) 
PARAMETRIC_REPRESENTATION_CONTEXT() REPRESENTATION_CONTEXT('2D SPACE',''
  ) );
#1576 = ORIENTED_EDGE('',*,*,#762,.T.);
#1577 = ADVANCED_FACE('',(#1578),#1140,.T.);
#1578 = FACE_BOUND('',#1579,.T.);
#1579 = EDGE_LOOP('',(#1580,#1581,#1582,#1583));
#1580 = ORIENTED_EDGE('',*,*,#1512,.F.);
#1581 = ORIENTED_EDGE('',*,*,#1127,.T.);
#1582 = ORIENTED_EDGE('',*,*,#1154,.T.);
#1583 = ORIENTED_EDGE('',*,*,#1584,.F.);
#1584 = EDGE_CURVE('',#1513,#1155,#1585,.T.);
#1585 = SURFACE_CURVE('',#1586,(#1590,#1597),.PCURVE_S1.);
#1586 = LINE('',#1587,#1588);
#1587 = CARTESIAN_POINT('',(-9.49299621582,16.473001480103,
    4.670001029968));
#1588 = VECTOR('',#1589,1.);
#1589 = DIRECTION('',(1.,0.,0.));
#1590 = PCURVE('',#1140,#1591);
#1591 = DEFINITIONAL_REPRESENTATION('',(#1592),#1596);
#1592 = LINE('',#1593,#1594);
#1593 = CARTESIAN_POINT('',(-0.736945390207,-4.537050054495));
#1594 = VECTOR('',#1595,1.);
#1595 = DIRECTION('',(0.,1.));
#1596 = ( GEOMETRIC_REPRESENTATION_CONTEXT(2) 
PARAMETRIC_REPRESENTATION_CONTEXT() REPRESENTATION_CONTEXT('2D SPACE',''
  ) );
#1597 = PCURVE('',#1393,#1598);
#1598 = DEFINITIONAL_REPRESENTATION('',(#1599),#1603);
#1599 = LINE('',#1600,#1601);
#1600 = CARTESIAN_POINT('',(-1.585648110481,14.874446355503));
#1601 = VECTOR('',#1602,1.);
#1602 = DIRECTION('',(0.,-1.));
#1603 = ( GEOMETRIC_REPRESENTATION_CONTEXT(2) 
PARAMETRIC_REPRESENTATION_CONTEXT() REPRESENTATION_CONTEXT('2D SPACE',''
  ) );
#1604 = ADVANCED_FACE('',(#1605),#1052,.T.);
#1605 = FACE_BOUND('',#1606,.T.);
#1606 = EDGE_LOOP('',(#1607,#1630,#1631,#1632,#1633));
#1607 = ORIENTED_EDGE('',*,*,#1608,.F.);
#1608 = EDGE_CURVE('',#1461,#1609,#1611,.T.);
#1609 = VERTEX_POINT('',#1610);
#1610 = CARTESIAN_POINT('',(-9.46657487125,-13.1019003237,4.2));
#1611 = SURFACE_CURVE('',#1612,(#1616,#1623),.PCURVE_S1.);
#1612 = LINE('',#1613,#1614);
#1613 = CARTESIAN_POINT('',(-9.474054676253,-6.476313984375,4.2));
#1614 = VECTOR('',#1615,1.);
#1615 = DIRECTION('',(-1.128926536296E-03,0.999999362762,0.));
#1616 = PCURVE('',#1052,#1617);
#1617 = DEFINITIONAL_REPRESENTATION('',(#1618),#1622);
#1618 = LINE('',#1619,#1620);
#1619 = CARTESIAN_POINT('',(8.023851040296,0.));
#1620 = VECTOR('',#1621,1.);
#1621 = DIRECTION('',(1.,0.));
#1622 = ( GEOMETRIC_REPRESENTATION_CONTEXT(2) 
PARAMETRIC_REPRESENTATION_CONTEXT() REPRESENTATION_CONTEXT('2D SPACE',''
  ) );
#1623 = PCURVE('',#1497,#1624);
#1624 = DEFINITIONAL_REPRESENTATION('',(#1625),#1629);
#1625 = LINE('',#1626,#1627);
#1626 = CARTESIAN_POINT('',(-6.465614345693,0.135492650276));
#1627 = VECTOR('',#1628,1.);
#1628 = DIRECTION('',(-1.,5.02384275798E-21));
#1629 = ( GEOMETRIC_REPRESENTATION_CONTEXT(2) 
PARAMETRIC_REPRESENTATION_CONTEXT() REPRESENTATION_CONTEXT('2D SPACE',''
  ) );
#1630 = ORIENTED_EDGE('',*,*,#1460,.T.);
#1631 = ORIENTED_EDGE('',*,*,#1064,.T.);
#1632 = ORIENTED_EDGE('',*,*,#1036,.T.);
#1633 = ORIENTED_EDGE('',*,*,#1634,.F.);
#1634 = EDGE_CURVE('',#1609,#1011,#1635,.T.);
#1635 = SURFACE_CURVE('',#1636,(#1640,#1646),.PCURVE_S1.);
#1636 = LINE('',#1637,#1638);
#1637 = CARTESIAN_POINT('',(-9.466574871148,-13.10190043129,-7.9));
#1638 = VECTOR('',#1639,1.);
#1639 = DIRECTION('',(0.,0.,1.));
#1640 = PCURVE('',#1052,#1641);
#1641 = DEFINITIONAL_REPRESENTATION('',(#1642),#1645);
#1642 = B_SPLINE_CURVE_WITH_KNOTS('',1,(#1643,#1644),.UNSPECIFIED.,.F.,
  .F.,(2,2),(12.1,12.68),.PIECEWISE_BEZIER_KNOTS.);
#1643 = CARTESIAN_POINT('',(1.398260371303,0.));
#1644 = CARTESIAN_POINT('',(1.398260371303,-0.58));
#1645 = ( GEOMETRIC_REPRESENTATION_CONTEXT(2) 
PARAMETRIC_REPRESENTATION_CONTEXT() REPRESENTATION_CONTEXT('2D SPACE',''
  ) );
#1646 = PCURVE('',#1025,#1647);
#1647 = DEFINITIONAL_REPRESENTATION('',(#1648),#1651);
#1648 = B_SPLINE_CURVE_WITH_KNOTS('',1,(#1649,#1650),.UNSPECIFIED.,.F.,
  .F.,(2,2),(12.1,12.68),.PIECEWISE_BEZIER_KNOTS.);
#1649 = CARTESIAN_POINT('',(33.101915362859,-24.2));
#1650 = CARTESIAN_POINT('',(33.101915362859,-24.78));
#1651 = ( GEOMETRIC_REPRESENTATION_CONTEXT(2) 
PARAMETRIC_REPRESENTATION_CONTEXT() REPRESENTATION_CONTEXT('2D SPACE',''
  ) );
#1652 = ADVANCED_FACE('',(#1653),#1025,.F.);
#1653 = FACE_BOUND('',#1654,.F.);
#1654 = EDGE_LOOP('',(#1655,#1656,#1657,#1678,#1699));
#1655 = ORIENTED_EDGE('',*,*,#1010,.T.);
#1656 = ORIENTED_EDGE('',*,*,#1634,.F.);
#1657 = ORIENTED_EDGE('',*,*,#1658,.F.);
#1658 = EDGE_CURVE('',#1659,#1609,#1661,.T.);
#1659 = VERTEX_POINT('',#1660);
#1660 = CARTESIAN_POINT('',(-9.466569845103,-13.10719200732,
    3.779999732971));
#1661 = SURFACE_CURVE('',#1662,(#1666,#1672),.PCURVE_S1.);
#1662 = LINE('',#1663,#1664);
#1663 = CARTESIAN_POINT('',(-9.466431790019,-13.25254070011,
    -7.756311190564));
#1664 = VECTOR('',#1665,1.);
#1665 = DIRECTION('',(-1.196604853083E-05,1.259822863435E-02,
    0.999920639097));
#1666 = PCURVE('',#1025,#1667);
#1667 = DEFINITIONAL_REPRESENTATION('',(#1668),#1671);
#1668 = B_SPLINE_CURVE_WITH_KNOTS('',1,(#1669,#1670),.UNSPECIFIED.,.F.,
  .F.,(2,2),(11.53722652825,11.957260129526),.PIECEWISE_BEZIER_KNOTS.);
#1669 = CARTESIAN_POINT('',(33.107207016464,-23.77999973297));
#1670 = CARTESIAN_POINT('',(33.101915334734,-24.2));
#1671 = ( GEOMETRIC_REPRESENTATION_CONTEXT(2) 
PARAMETRIC_REPRESENTATION_CONTEXT() REPRESENTATION_CONTEXT('2D SPACE',''
  ) );
#1672 = PCURVE('',#1497,#1673);
#1673 = DEFINITIONAL_REPRESENTATION('',(#1674),#1677);
#1674 = B_SPLINE_CURVE_WITH_KNOTS('',1,(#1675,#1676),.UNSPECIFIED.,.F.,
  .F.,(2,2),(11.53722652825,11.957260129526),.PIECEWISE_BEZIER_KNOTS.);
#1675 = CARTESIAN_POINT('',(0.16526797682,-0.284507616754));
#1676 = CARTESIAN_POINT('',(0.159976295175,0.135492650276));
#1677 = ( GEOMETRIC_REPRESENTATION_CONTEXT(2) 
PARAMETRIC_REPRESENTATION_CONTEXT() REPRESENTATION_CONTEXT('2D SPACE',''
  ) );
#1678 = ORIENTED_EDGE('',*,*,#1679,.F.);
#1679 = EDGE_CURVE('',#1680,#1659,#1682,.T.);
#1680 = VERTEX_POINT('',#1681);
#1681 = CARTESIAN_POINT('',(-9.47182898857,-7.570201943636,
    3.779999732971));
#1682 = SURFACE_CURVE('',#1683,(#1687,#1693),.PCURVE_S1.);
#1683 = LINE('',#1684,#1685);
#1684 = CARTESIAN_POINT('',(-9.493001667931,14.721054414578,
    3.779999732971));
#1685 = VECTOR('',#1686,1.);
#1686 = DIRECTION('',(9.498194929226E-04,-0.999999548921,0.));
#1687 = PCURVE('',#1025,#1688);
#1688 = DEFINITIONAL_REPRESENTATION('',(#1689),#1692);
#1689 = B_SPLINE_CURVE_WITH_KNOTS('',1,(#1690,#1691),.UNSPECIFIED.,.F.,
  .F.,(2,2),(0.256052470141,29.222067046709),.PIECEWISE_BEZIER_KNOTS.);
#1690 = CARTESIAN_POINT('',(5.535000436783,-23.77999973297));
#1691 = CARTESIAN_POINT('',(34.501015013351,-23.77999973297));
#1692 = ( GEOMETRIC_REPRESENTATION_CONTEXT(2) 
PARAMETRIC_REPRESENTATION_CONTEXT() REPRESENTATION_CONTEXT('2D SPACE',''
  ) );
#1693 = PCURVE('',#1213,#1694);
#1694 = DEFINITIONAL_REPRESENTATION('',(#1695),#1698);
#1695 = B_SPLINE_CURVE_WITH_KNOTS('',1,(#1696,#1697),.UNSPECIFIED.,.F.,
  .F.,(2,2),(0.256052470141,29.222067046709),.PIECEWISE_BEZIER_KNOTS.);
#1696 = CARTESIAN_POINT('',(15.325123663317,5.00834165447));
#1697 = CARTESIAN_POINT('',(15.29761117804,-23.95765985614));
#1698 = ( GEOMETRIC_REPRESENTATION_CONTEXT(2) 
PARAMETRIC_REPRESENTATION_CONTEXT() REPRESENTATION_CONTEXT('2D SPACE',''
  ) );
#1699 = ORIENTED_EDGE('',*,*,#1700,.F.);
#1700 = EDGE_CURVE('',#983,#1680,#1701,.T.);
#1701 = SURFACE_CURVE('',#1702,(#1706,#1712),.PCURVE_S1.);
#1702 = LINE('',#1703,#1704);
#1703 = CARTESIAN_POINT('',(-9.47182898833,-7.570202197954,
    -7.747930135312));
#1704 = VECTOR('',#1705,1.);
#1705 = DIRECTION('',(0.,-0.,-1.));
#1706 = PCURVE('',#1025,#1707);
#1707 = DEFINITIONAL_REPRESENTATION('',(#1708),#1711);
#1708 = B_SPLINE_CURVE_WITH_KNOTS('',1,(#1709,#1710),.UNSPECIFIED.,.F.,
  .F.,(2,2),(-12.52792986828,-11.52792986828),.PIECEWISE_BEZIER_KNOTS.);
#1709 = CARTESIAN_POINT('',(27.570214634289,-24.77999973297));
#1710 = CARTESIAN_POINT('',(27.570214634289,-23.77999973297));
#1711 = ( GEOMETRIC_REPRESENTATION_CONTEXT(2) 
PARAMETRIC_REPRESENTATION_CONTEXT() REPRESENTATION_CONTEXT('2D SPACE',''
  ) );
#1712 = PCURVE('',#998,#1713);
#1713 = DEFINITIONAL_REPRESENTATION('',(#1714),#1717);
#1714 = B_SPLINE_CURVE_WITH_KNOTS('',1,(#1715,#1716),.UNSPECIFIED.,.F.,
  .F.,(2,2),(-12.52792986828,-11.52792986828),.PIECEWISE_BEZIER_KNOTS.);
#1715 = CARTESIAN_POINT('',(1.624342607376,0.275860003595));
#1716 = CARTESIAN_POINT('',(1.624342607376,-0.724139996405));
#1717 = ( GEOMETRIC_REPRESENTATION_CONTEXT(2) 
PARAMETRIC_REPRESENTATION_CONTEXT() REPRESENTATION_CONTEXT('2D SPACE',''
  ) );
#1718 = ADVANCED_FACE('',(#1719),#998,.T.);
#1719 = FACE_BOUND('',#1720,.T.);
#1720 = EDGE_LOOP('',(#1721,#1722,#1745,#1766));
#1721 = ORIENTED_EDGE('',*,*,#982,.F.);
#1722 = ORIENTED_EDGE('',*,*,#1723,.T.);
#1723 = EDGE_CURVE('',#955,#1724,#1726,.T.);
#1724 = VERTEX_POINT('',#1725);
#1725 = CARTESIAN_POINT('',(-9.474998474121,-3.779001235962,
    3.779999732971));
#1726 = SURFACE_CURVE('',#1727,(#1731,#1738),.PCURVE_S1.);
#1727 = LINE('',#1728,#1729);
#1728 = CARTESIAN_POINT('',(-9.474998474121,-3.779001235962,
    4.779999732971));
#1729 = VECTOR('',#1730,1.);
#1730 = DIRECTION('',(0.,0.,-1.));
#1731 = PCURVE('',#998,#1732);
#1732 = DEFINITIONAL_REPRESENTATION('',(#1733),#1737);
#1733 = LINE('',#1734,#1735);
#1734 = CARTESIAN_POINT('',(-2.166859679478,0.275860003595));
#1735 = VECTOR('',#1736,1.);
#1736 = DIRECTION('',(0.,-1.));
#1737 = ( GEOMETRIC_REPRESENTATION_CONTEXT(2) 
PARAMETRIC_REPRESENTATION_CONTEXT() REPRESENTATION_CONTEXT('2D SPACE',''
  ) );
#1738 = PCURVE('',#970,#1739);
#1739 = DEFINITIONAL_REPRESENTATION('',(#1740),#1744);
#1740 = LINE('',#1741,#1742);
#1741 = CARTESIAN_POINT('',(3.517592332067,0.733411156385));
#1742 = VECTOR('',#1743,1.);
#1743 = DIRECTION('',(0.,-1.));
#1744 = ( GEOMETRIC_REPRESENTATION_CONTEXT(2) 
PARAMETRIC_REPRESENTATION_CONTEXT() REPRESENTATION_CONTEXT('2D SPACE',''
  ) );
#1745 = ORIENTED_EDGE('',*,*,#1746,.F.);
#1746 = EDGE_CURVE('',#1680,#1724,#1747,.T.);
#1747 = SURFACE_CURVE('',#1748,(#1752,#1759),.PCURVE_S1.);
#1748 = LINE('',#1749,#1750);
#1749 = CARTESIAN_POINT('',(-9.471000671387,-8.560998916626,
    3.779999732971));
#1750 = VECTOR('',#1751,1.);
#1751 = DIRECTION('',(-8.360107227738E-04,0.999999650543,0.));
#1752 = PCURVE('',#998,#1753);
#1753 = DEFINITIONAL_REPRESENTATION('',(#1754),#1758);
#1754 = LINE('',#1755,#1756);
#1755 = CARTESIAN_POINT('',(2.615139672289,-0.724139996405));
#1756 = VECTOR('',#1757,1.);
#1757 = DIRECTION('',(-1.,0.));
#1758 = ( GEOMETRIC_REPRESENTATION_CONTEXT(2) 
PARAMETRIC_REPRESENTATION_CONTEXT() REPRESENTATION_CONTEXT('2D SPACE',''
  ) );
#1759 = PCURVE('',#1213,#1760);
#1760 = DEFINITIONAL_REPRESENTATION('',(#1761),#1765);
#1761 = LINE('',#1762,#1763);
#1762 = CARTESIAN_POINT('',(15.3033658704,-18.01765932209));
#1763 = VECTOR('',#1764,1.);
#1764 = DIRECTION('',(8.360107227738E-04,0.999999650543));
#1765 = ( GEOMETRIC_REPRESENTATION_CONTEXT(2) 
PARAMETRIC_REPRESENTATION_CONTEXT() REPRESENTATION_CONTEXT('2D SPACE',''
  ) );
#1766 = ORIENTED_EDGE('',*,*,#1700,.F.);
#1767 = ADVANCED_FACE('',(#1768),#970,.T.);
#1768 = FACE_BOUND('',#1769,.T.);
#1769 = EDGE_LOOP('',(#1770,#1771,#1772,#1793));
#1770 = ORIENTED_EDGE('',*,*,#1723,.F.);
#1771 = ORIENTED_EDGE('',*,*,#954,.F.);
#1772 = ORIENTED_EDGE('',*,*,#1773,.F.);
#1773 = EDGE_CURVE('',#1774,#929,#1776,.T.);
#1774 = VERTEX_POINT('',#1775);
#1775 = CARTESIAN_POINT('',(-9.47896361166,-5.864851216515E-02,
    3.779999732971));
#1776 = SURFACE_CURVE('',#1777,(#1781,#1787),.PCURVE_S1.);
#1777 = LINE('',#1778,#1779);
#1778 = CARTESIAN_POINT('',(-9.47896361142,-5.864876513481E-02,
    -7.976705711707));
#1779 = VECTOR('',#1780,1.);
#1780 = DIRECTION('',(0.,-0.,1.));
#1781 = PCURVE('',#970,#1782);
#1782 = DEFINITIONAL_REPRESENTATION('',(#1783),#1786);
#1783 = B_SPLINE_CURVE_WITH_KNOTS('',1,(#1784,#1785),.UNSPECIFIED.,.F.,
  .F.,(2,2),(11.756705444678,12.756705444678),.PIECEWISE_BEZIER_KNOTS.);
#1784 = CARTESIAN_POINT('',(-0.202762251773,-0.266588843615));
#1785 = CARTESIAN_POINT('',(-0.202762251773,0.733411156385));
#1786 = ( GEOMETRIC_REPRESENTATION_CONTEXT(2) 
PARAMETRIC_REPRESENTATION_CONTEXT() REPRESENTATION_CONTEXT('2D SPACE',''
  ) );
#1787 = PCURVE('',#943,#1788);
#1788 = DEFINITIONAL_REPRESENTATION('',(#1789),#1792);
#1789 = B_SPLINE_CURVE_WITH_KNOTS('',1,(#1790,#1791),.UNSPECIFIED.,.F.,
  .F.,(2,2),(11.756705444678,12.756705444678),.PIECEWISE_BEZIER_KNOTS.);
#1790 = CARTESIAN_POINT('',(20.058657813167,-23.77999973297));
#1791 = CARTESIAN_POINT('',(20.058657813167,-24.77999973297));
#1792 = ( GEOMETRIC_REPRESENTATION_CONTEXT(2) 
PARAMETRIC_REPRESENTATION_CONTEXT() REPRESENTATION_CONTEXT('2D SPACE',''
  ) );
#1793 = ORIENTED_EDGE('',*,*,#1794,.F.);
#1794 = EDGE_CURVE('',#1724,#1774,#1795,.T.);
#1795 = SURFACE_CURVE('',#1796,(#1800,#1807),.PCURVE_S1.);
#1796 = LINE('',#1797,#1798);
#1797 = CARTESIAN_POINT('',(-9.474998474121,-3.779001235962,
    3.779999732971));
#1798 = VECTOR('',#1799,1.);
#1799 = DIRECTION('',(-1.065795525566E-03,0.99999943204,0.));
#1800 = PCURVE('',#970,#1801);
#1801 = DEFINITIONAL_REPRESENTATION('',(#1802),#1806);
#1802 = LINE('',#1803,#1804);
#1803 = CARTESIAN_POINT('',(3.517592332067,-0.266588843615));
#1804 = VECTOR('',#1805,1.);
#1805 = DIRECTION('',(-1.,0.));
#1806 = ( GEOMETRIC_REPRESENTATION_CONTEXT(2) 
PARAMETRIC_REPRESENTATION_CONTEXT() REPRESENTATION_CONTEXT('2D SPACE',''
  ) );
#1807 = PCURVE('',#1213,#1808);
#1808 = DEFINITIONAL_REPRESENTATION('',(#1809),#1813);
#1809 = LINE('',#1810,#1811);
#1810 = CARTESIAN_POINT('',(15.307363673134,-13.23566164142));
#1811 = VECTOR('',#1812,1.);
#1812 = DIRECTION('',(1.065795525566E-03,0.99999943204));
#1813 = ( GEOMETRIC_REPRESENTATION_CONTEXT(2) 
PARAMETRIC_REPRESENTATION_CONTEXT() REPRESENTATION_CONTEXT('2D SPACE',''
  ) );
#1814 = ADVANCED_FACE('',(#1815),#943,.F.);
#1815 = FACE_BOUND('',#1816,.F.);
#1816 = EDGE_LOOP('',(#1817,#1838,#1839,#1840,#1861,#1882,#1903,#1924,
    #1945,#1966,#1987,#2013));
#1817 = ORIENTED_EDGE('',*,*,#1818,.F.);
#1818 = EDGE_CURVE('',#901,#1819,#1821,.T.);
#1819 = VERTEX_POINT('',#1820);
#1820 = CARTESIAN_POINT('',(-9.486207780491,7.568238089116,4.2));
#1821 = SURFACE_CURVE('',#1822,(#1826,#1832),.PCURVE_S1.);
#1822 = LINE('',#1823,#1824);
#1823 = CARTESIAN_POINT('',(-9.486207780345,7.568237936398,-7.9));
#1824 = VECTOR('',#1825,1.);
#1825 = DIRECTION('',(0.,0.,-1.));
#1826 = PCURVE('',#943,#1827);
#1827 = DEFINITIONAL_REPRESENTATION('',(#1828),#1831);
#1828 = B_SPLINE_CURVE_WITH_KNOTS('',1,(#1829,#1830),.UNSPECIFIED.,.F.,
  .F.,(2,2),(-12.67999973297,-12.1),.PIECEWISE_BEZIER_KNOTS.);
#1829 = CARTESIAN_POINT('',(12.431767671307,-24.77999973297));
#1830 = CARTESIAN_POINT('',(12.431767671307,-24.2));
#1831 = ( GEOMETRIC_REPRESENTATION_CONTEXT(2) 
PARAMETRIC_REPRESENTATION_CONTEXT() REPRESENTATION_CONTEXT('2D SPACE',''
  ) );
#1832 = PCURVE('',#916,#1833);
#1833 = DEFINITIONAL_REPRESENTATION('',(#1834),#1837);
#1834 = B_SPLINE_CURVE_WITH_KNOTS('',1,(#1835,#1836),.UNSPECIFIED.,.F.,
  .F.,(2,2),(-12.67999973297,-12.1),.PIECEWISE_BEZIER_KNOTS.);
#1835 = CARTESIAN_POINT('',(1.065878214128,-0.579999732971));
#1836 = CARTESIAN_POINT('',(1.065878214128,0.));
#1837 = ( GEOMETRIC_REPRESENTATION_CONTEXT(2) 
PARAMETRIC_REPRESENTATION_CONTEXT() REPRESENTATION_CONTEXT('2D SPACE',''
  ) );
#1838 = ORIENTED_EDGE('',*,*,#928,.T.);
#1839 = ORIENTED_EDGE('',*,*,#1773,.F.);
#1840 = ORIENTED_EDGE('',*,*,#1841,.F.);
#1841 = EDGE_CURVE('',#1842,#1774,#1844,.T.);
#1842 = VERTEX_POINT('',#1843);
#1843 = CARTESIAN_POINT('',(-9.482555170674,3.722656695029,
    3.779999732971));
#1844 = SURFACE_CURVE('',#1845,(#1849,#1855),.PCURVE_S1.);
#1845 = LINE('',#1846,#1847);
#1846 = CARTESIAN_POINT('',(-9.493001667931,14.721054414578,
    3.779999732971));
#1847 = VECTOR('',#1848,1.);
#1848 = DIRECTION('',(9.498194929226E-04,-0.999999548921,0.));
#1849 = PCURVE('',#943,#1850);
#1850 = DEFINITIONAL_REPRESENTATION('',(#1851),#1854);
#1851 = B_SPLINE_CURVE_WITH_KNOTS('',1,(#1852,#1853),.UNSPECIFIED.,.F.,
  .F.,(2,2),(0.256052470141,29.222067046709),.PIECEWISE_BEZIER_KNOTS.);
#1852 = CARTESIAN_POINT('',(5.535000436783,-23.77999973297));
#1853 = CARTESIAN_POINT('',(34.501015013351,-23.77999973297));
#1854 = ( GEOMETRIC_REPRESENTATION_CONTEXT(2) 
PARAMETRIC_REPRESENTATION_CONTEXT() REPRESENTATION_CONTEXT('2D SPACE',''
  ) );
#1855 = PCURVE('',#1213,#1856);
#1856 = DEFINITIONAL_REPRESENTATION('',(#1857),#1860);
#1857 = B_SPLINE_CURVE_WITH_KNOTS('',1,(#1858,#1859),.UNSPECIFIED.,.F.,
  .F.,(2,2),(0.256052470141,29.222067046709),.PIECEWISE_BEZIER_KNOTS.);
#1858 = CARTESIAN_POINT('',(15.325123663317,5.00834165447));
#1859 = CARTESIAN_POINT('',(15.29761117804,-23.95765985614));
#1860 = ( GEOMETRIC_REPRESENTATION_CONTEXT(2) 
PARAMETRIC_REPRESENTATION_CONTEXT() REPRESENTATION_CONTEXT('2D SPACE',''
  ) );
#1861 = ORIENTED_EDGE('',*,*,#1862,.F.);
#1862 = EDGE_CURVE('',#1863,#1842,#1865,.T.);
#1863 = VERTEX_POINT('',#1864);
#1864 = CARTESIAN_POINT('',(-9.482555216065,3.722704484028,
    3.780000153913));
#1865 = SURFACE_CURVE('',#1866,(#1870,#1876),.PCURVE_S1.);
#1866 = LINE('',#1867,#1868);
#1867 = CARTESIAN_POINT('',(-9.488462304972,9.941871690017,
    3.834780709578));
#1868 = VECTOR('',#1869,1.);
#1869 = DIRECTION('',(9.497826483248E-04,-0.999960757781,
    -8.807996977711E-03));
#1870 = PCURVE('',#943,#1871);
#1871 = DEFINITIONAL_REPRESENTATION('',(#1872),#1875);
#1872 = B_SPLINE_CURVE_WITH_KNOTS('',1,(#1873,#1874),.UNSPECIFIED.,.F.,
  .F.,(2,2),(6.219114288527,13.720828941995),.PIECEWISE_BEZIER_KNOTS.);
#1873 = CARTESIAN_POINT('',(16.277005888875,-23.78000276972));
#1874 = CARTESIAN_POINT('',(23.778429542146,-23.71392768972));
#1875 = ( GEOMETRIC_REPRESENTATION_CONTEXT(2) 
PARAMETRIC_REPRESENTATION_CONTEXT() REPRESENTATION_CONTEXT('2D SPACE',''
  ) );
#1876 = PCURVE('',#1239,#1877);
#1877 = DEFINITIONAL_REPRESENTATION('',(#1878),#1881);
#1878 = B_SPLINE_CURVE_WITH_KNOTS('',1,(#1879,#1880),.UNSPECIFIED.,.F.,
  .F.,(2,2),(6.219114288527,13.720828941995),.PIECEWISE_BEZIER_KNOTS.);
#1879 = CARTESIAN_POINT('',(-3.62403573965,4.903752215651));
#1880 = CARTESIAN_POINT('',(3.877675530054,4.896627046435));
#1881 = ( GEOMETRIC_REPRESENTATION_CONTEXT(2) 
PARAMETRIC_REPRESENTATION_CONTEXT() REPRESENTATION_CONTEXT('2D SPACE',''
  ) );
#1882 = ORIENTED_EDGE('',*,*,#1883,.F.);
#1883 = EDGE_CURVE('',#1884,#1863,#1886,.T.);
#1884 = VERTEX_POINT('',#1885);
#1885 = CARTESIAN_POINT('',(-9.482555218245,3.72270677959,3.779999732971
    ));
#1886 = SURFACE_CURVE('',#1887,(#1891,#1897),.PCURVE_S1.);
#1887 = LINE('',#1888,#1889);
#1888 = CARTESIAN_POINT('',(-9.490742250633,12.34226950186,
    2.199412875073));
#1889 = VECTOR('',#1890,1.);
#1890 = DIRECTION('',(9.34242279501E-04,-0.983599373403,0.180364630217)
  );
#1891 = PCURVE('',#943,#1892);
#1892 = DEFINITIONAL_REPRESENTATION('',(#1893),#1896);
#1893 = B_SPLINE_CURVE_WITH_KNOTS('',1,(#1894,#1895),.UNSPECIFIED.,.F.,
  .F.,(2,2),(8.762996243977,14.307611873918),.PIECEWISE_BEZIER_KNOTS.);
#1894 = CARTESIAN_POINT('',(16.27701545506,-23.77994745221));
#1895 = CARTESIAN_POINT('',(21.730698374467,-24.78));
#1896 = ( GEOMETRIC_REPRESENTATION_CONTEXT(2) 
PARAMETRIC_REPRESENTATION_CONTEXT() REPRESENTATION_CONTEXT('2D SPACE',''
  ) );
#1897 = PCURVE('',#1265,#1898);
#1898 = DEFINITIONAL_REPRESENTATION('',(#1899),#1902);
#1899 = B_SPLINE_CURVE_WITH_KNOTS('',1,(#1900,#1901),.UNSPECIFIED.,.F.,
  .F.,(2,2),(8.762996243977,14.307611873918),.PIECEWISE_BEZIER_KNOTS.);
#1900 = CARTESIAN_POINT('',(-2.769182151422,4.205219483786));
#1901 = CARTESIAN_POINT('',(2.775431023284,4.200001567506));
#1902 = ( GEOMETRIC_REPRESENTATION_CONTEXT(2) 
PARAMETRIC_REPRESENTATION_CONTEXT() REPRESENTATION_CONTEXT('2D SPACE',''
  ) );
#1903 = ORIENTED_EDGE('',*,*,#1904,.F.);
#1904 = EDGE_CURVE('',#1905,#1884,#1907,.T.);
#1905 = VERTEX_POINT('',#1906);
#1906 = CARTESIAN_POINT('',(-9.482555363521,3.722859730389,
    3.779999732971));
#1907 = SURFACE_CURVE('',#1908,(#1912,#1918),.PCURVE_S1.);
#1908 = LINE('',#1909,#1910);
#1909 = CARTESIAN_POINT('',(-9.489315351622,10.83998577572,
    3.779999732971));
#1910 = VECTOR('',#1911,1.);
#1911 = DIRECTION('',(9.498194929226E-04,-0.999999548921,0.));
#1912 = PCURVE('',#943,#1913);
#1913 = DEFINITIONAL_REPRESENTATION('',(#1914),#1917);
#1914 = B_SPLINE_CURVE_WITH_KNOTS('',1,(#1915,#1916),.UNSPECIFIED.,.F.,
  .F.,(2,2),(7.116987505938,12.476992441423),.PIECEWISE_BEZIER_KNOTS.);
#1915 = CARTESIAN_POINT('',(16.277005862107,-23.77999973297));
#1916 = CARTESIAN_POINT('',(21.637010797591,-23.77999973297));
#1917 = ( GEOMETRIC_REPRESENTATION_CONTEXT(2) 
PARAMETRIC_REPRESENTATION_CONTEXT() REPRESENTATION_CONTEXT('2D SPACE',''
  ) );
#1918 = PCURVE('',#1291,#1919);
#1919 = DEFINITIONAL_REPRESENTATION('',(#1920),#1923);
#1920 = B_SPLINE_CURVE_WITH_KNOTS('',1,(#1921,#1922),.UNSPECIFIED.,.F.,
  .F.,(2,2),(7.116987505938,12.476992441423),.PIECEWISE_BEZIER_KNOTS.);
#1921 = CARTESIAN_POINT('',(3.751151948201,2.03946885295));
#1922 = CARTESIAN_POINT('',(3.746060911031,-3.320533664751));
#1923 = ( GEOMETRIC_REPRESENTATION_CONTEXT(2) 
PARAMETRIC_REPRESENTATION_CONTEXT() REPRESENTATION_CONTEXT('2D SPACE',''
  ) );
#1924 = ORIENTED_EDGE('',*,*,#1925,.F.);
#1925 = EDGE_CURVE('',#1926,#1905,#1928,.T.);
#1926 = VERTEX_POINT('',#1927);
#1927 = CARTESIAN_POINT('',(-9.482555386445,3.722883864793,
    3.779999842936));
#1928 = SURFACE_CURVE('',#1929,(#1933,#1939),.PCURVE_S1.);
#1929 = LINE('',#1930,#1931);
#1930 = CARTESIAN_POINT('',(-9.48966885038,11.2121602798,3.8141237055));
#1931 = VECTOR('',#1932,1.);
#1932 = DIRECTION('',(9.498096337475E-04,-0.999989168875,
    -4.556313730864E-03));
#1933 = PCURVE('',#943,#1934);
#1934 = DEFINITIONAL_REPRESENTATION('',(#1935),#1938);
#1935 = B_SPLINE_CURVE_WITH_KNOTS('',1,(#1936,#1937),.UNSPECIFIED.,.F.,
  .F.,(2,2),(7.489239919536,9.973216399737),.PIECEWISE_BEZIER_KNOTS.);
#1936 = CARTESIAN_POINT('',(16.27700586505,-23.78000037882));
#1937 = CARTESIAN_POINT('',(18.760956561448,-23.76868260267));
#1938 = ( GEOMETRIC_REPRESENTATION_CONTEXT(2) 
PARAMETRIC_REPRESENTATION_CONTEXT() REPRESENTATION_CONTEXT('2D SPACE',''
  ) );
#1939 = PCURVE('',#1317,#1940);
#1940 = DEFINITIONAL_REPRESENTATION('',(#1941),#1944);
#1941 = B_SPLINE_CURVE_WITH_KNOTS('',1,(#1942,#1943),.UNSPECIFIED.,.F.,
  .F.,(2,2),(7.489239919536,9.973216399737),.PIECEWISE_BEZIER_KNOTS.);
#1942 = CARTESIAN_POINT('',(-1.186186977002,4.023418323506));
#1943 = CARTESIAN_POINT('',(1.297788382751,4.021059016157));
#1944 = ( GEOMETRIC_REPRESENTATION_CONTEXT(2) 
PARAMETRIC_REPRESENTATION_CONTEXT() REPRESENTATION_CONTEXT('2D SPACE',''
  ) );
#1945 = ORIENTED_EDGE('',*,*,#1946,.F.);
#1946 = EDGE_CURVE('',#1947,#1926,#1949,.T.);
#1947 = VERTEX_POINT('',#1948);
#1948 = CARTESIAN_POINT('',(-9.482555405433,3.722903856707,
    3.779999732971));
#1949 = SURFACE_CURVE('',#1950,(#1954,#1960),.PCURVE_S1.);
#1950 = LINE('',#1951,#1952);
#1951 = CARTESIAN_POINT('',(-9.489859168269,11.412532882059,
    3.737703063483));
#1952 = VECTOR('',#1953,1.);
#1953 = DIRECTION('',(9.498051247213E-04,-0.999984421632,
    5.500396759742E-03));
#1954 = PCURVE('',#943,#1955);
#1955 = DEFINITIONAL_REPRESENTATION('',(#1956),#1959);
#1956 = B_SPLINE_CURVE_WITH_KNOTS('',1,(#1957,#1958),.UNSPECIFIED.,.F.,
  .F.,(2,2),(7.689651197127,9.82963398814),.PIECEWISE_BEZIER_KNOTS.);
#1957 = CARTESIAN_POINT('',(16.277005865058,-23.77999919601));
#1958 = CARTESIAN_POINT('',(18.416956283916,-23.79176995042));
#1959 = ( GEOMETRIC_REPRESENTATION_CONTEXT(2) 
PARAMETRIC_REPRESENTATION_CONTEXT() REPRESENTATION_CONTEXT('2D SPACE',''
  ) );
#1960 = PCURVE('',#1343,#1961);
#1961 = DEFINITIONAL_REPRESENTATION('',(#1962),#1965);
#1962 = B_SPLINE_CURVE_WITH_KNOTS('',1,(#1963,#1964),.UNSPECIFIED.,.F.,
  .F.,(2,2),(7.689651197127,9.82963398814),.PIECEWISE_BEZIER_KNOTS.);
#1963 = CARTESIAN_POINT('',(-1.02427790629,4.189519378146));
#1964 = CARTESIAN_POINT('',(1.115703919451,4.187486810001));
#1965 = ( GEOMETRIC_REPRESENTATION_CONTEXT(2) 
PARAMETRIC_REPRESENTATION_CONTEXT() REPRESENTATION_CONTEXT('2D SPACE',''
  ) );
#1966 = ORIENTED_EDGE('',*,*,#1967,.F.);
#1967 = EDGE_CURVE('',#1968,#1947,#1970,.T.);
#1968 = VERTEX_POINT('',#1969);
#1969 = CARTESIAN_POINT('',(-9.486210876598,7.571497766798,
    3.779999732971));
#1970 = SURFACE_CURVE('',#1971,(#1975,#1981),.PCURVE_S1.);
#1971 = LINE('',#1972,#1973);
#1972 = CARTESIAN_POINT('',(-9.493001667931,14.721054414578,
    3.779999732971));
#1973 = VECTOR('',#1974,1.);
#1974 = DIRECTION('',(9.498194929226E-04,-0.999999548921,0.));
#1975 = PCURVE('',#943,#1976);
#1976 = DEFINITIONAL_REPRESENTATION('',(#1977),#1980);
#1977 = B_SPLINE_CURVE_WITH_KNOTS('',1,(#1978,#1979),.UNSPECIFIED.,.F.,
  .F.,(2,2),(0.256052470141,29.222067046709),.PIECEWISE_BEZIER_KNOTS.);
#1978 = CARTESIAN_POINT('',(5.535000436783,-23.77999973297));
#1979 = CARTESIAN_POINT('',(34.501015013351,-23.77999973297));
#1980 = ( GEOMETRIC_REPRESENTATION_CONTEXT(2) 
PARAMETRIC_REPRESENTATION_CONTEXT() REPRESENTATION_CONTEXT('2D SPACE',''
  ) );
#1981 = PCURVE('',#1369,#1982);
#1982 = DEFINITIONAL_REPRESENTATION('',(#1983),#1986);
#1983 = B_SPLINE_CURVE_WITH_KNOTS('',1,(#1984,#1985),.UNSPECIFIED.,.F.,
  .F.,(2,2),(0.256052470141,29.222067046709),.PIECEWISE_BEZIER_KNOTS.);
#1984 = CARTESIAN_POINT('',(15.325123663317,5.00834165447));
#1985 = CARTESIAN_POINT('',(15.29761117804,-23.95765985614));
#1986 = ( GEOMETRIC_REPRESENTATION_CONTEXT(2) 
PARAMETRIC_REPRESENTATION_CONTEXT() REPRESENTATION_CONTEXT('2D SPACE',''
  ) );
#1987 = ORIENTED_EDGE('',*,*,#1988,.F.);
#1988 = EDGE_CURVE('',#1989,#1968,#1991,.T.);
#1989 = VERTEX_POINT('',#1990);
#1990 = CARTESIAN_POINT('',(-9.486210876598,7.571497766842,
    3.976891128257));
#1991 = SURFACE_CURVE('',#1992,(#1996,#2002),.PCURVE_S1.);
#1992 = LINE('',#1993,#1994);
#1993 = CARTESIAN_POINT('',(-9.486210876521,7.571497689154,-7.9));
#1994 = VECTOR('',#1995,1.);
#1995 = DIRECTION('',(0.,0.,-1.));
#1996 = PCURVE('',#943,#1997);
#1997 = DEFINITIONAL_REPRESENTATION('',(#1998),#2001);
#1998 = B_SPLINE_CURVE_WITH_KNOTS('',1,(#1999,#2000),.UNSPECIFIED.,.F.,
  .F.,(2,2),(-12.67999973297,-11.67999973297),.PIECEWISE_BEZIER_KNOTS.);
#1999 = CARTESIAN_POINT('',(12.428507917081,-24.77999973297));
#2000 = CARTESIAN_POINT('',(12.428507917081,-23.77999973297));
#2001 = ( GEOMETRIC_REPRESENTATION_CONTEXT(2) 
PARAMETRIC_REPRESENTATION_CONTEXT() REPRESENTATION_CONTEXT('2D SPACE',''
  ) );
#2002 = PCURVE('',#2003,#2008);
#2003 = PLANE('',#2004);
#2004 = AXIS2_PLACEMENT_3D('',#2005,#2006,#2007);
#2005 = CARTESIAN_POINT('',(-9.482994079589,3.723001480103,4.2));
#2006 = DIRECTION('',(-0.999999650671,-8.358578636763E-04,0.));
#2007 = DIRECTION('',(-8.358578636763E-04,0.999999650671,0.));
#2008 = DEFINITIONAL_REPRESENTATION('',(#2009),#2012);
#2009 = B_SPLINE_CURVE_WITH_KNOTS('',1,(#2010,#2011),.UNSPECIFIED.,.F.,
  .F.,(2,2),(-12.67999973297,-11.67999973297),.PIECEWISE_BEZIER_KNOTS.);
#2010 = CARTESIAN_POINT('',(3.848497553444,-0.579999732971));
#2011 = CARTESIAN_POINT('',(3.848497553444,0.420000267029));
#2012 = ( GEOMETRIC_REPRESENTATION_CONTEXT(2) 
PARAMETRIC_REPRESENTATION_CONTEXT() REPRESENTATION_CONTEXT('2D SPACE',''
  ) );
#2013 = ORIENTED_EDGE('',*,*,#2014,.F.);
#2014 = EDGE_CURVE('',#1819,#1989,#2015,.T.);
#2015 = SURFACE_CURVE('',#2016,(#2020,#2026),.PCURVE_S1.);
#2016 = LINE('',#2017,#2018);
#2017 = CARTESIAN_POINT('',(-9.486374682811,7.743958051688,
    -7.82718081665));
#2018 = VECTOR('',#2019,1.);
#2019 = DIRECTION('',(-1.387562168548E-05,1.460868673456E-02,
    -0.999893287346));
#2020 = PCURVE('',#943,#2021);
#2021 = DEFINITIONAL_REPRESENTATION('',(#2022),#2025);
#2022 = B_SPLINE_CURVE_WITH_KNOTS('',1,(#2023,#2024),.UNSPECIFIED.,.F.,
  .F.,(2,2),(-12.02846440601,-11.60841931485),.PIECEWISE_BEZIER_KNOTS.);
#2023 = CARTESIAN_POINT('',(12.431767624422,-24.2));
#2024 = CARTESIAN_POINT('',(12.425631314503,-23.77999973297));
#2025 = ( GEOMETRIC_REPRESENTATION_CONTEXT(2) 
PARAMETRIC_REPRESENTATION_CONTEXT() REPRESENTATION_CONTEXT('2D SPACE',''
  ) );
#2026 = PCURVE('',#2027,#2032);
#2027 = PLANE('',#2028);
#2028 = AXIS2_PLACEMENT_3D('',#2029,#2030,#2031);
#2029 = CARTESIAN_POINT('',(-9.485184154294,6.34369436856,4.504244100882
    ));
#2030 = DIRECTION('',(-0.999999650961,-8.355093453799E-04,
    1.670100772776E-06));
#2031 = DIRECTION('',(8.35509345381E-04,-0.999999650962,
    1.933052591383E-21));
#2032 = DEFINITIONAL_REPRESENTATION('',(#2033),#2036);
#2033 = B_SPLINE_CURVE_WITH_KNOTS('',1,(#2034,#2035),.UNSPECIFIED.,.F.,
  .F.,(2,2),(-12.02846440601,-11.60841931485),.PIECEWISE_BEZIER_KNOTS.);
#2034 = CARTESIAN_POINT('',(-1.22454404256,-0.304244100882));
#2035 = CARTESIAN_POINT('',(-1.230680352438,-0.724244367912));
#2036 = ( GEOMETRIC_REPRESENTATION_CONTEXT(2) 
PARAMETRIC_REPRESENTATION_CONTEXT() REPRESENTATION_CONTEXT('2D SPACE',''
  ) );
#2037 = ADVANCED_FACE('',(#2038),#916,.T.);
#2038 = FACE_BOUND('',#2039,.T.);
#2039 = EDGE_LOOP('',(#2040,#2063,#2064,#2065));
#2040 = ORIENTED_EDGE('',*,*,#2041,.F.);
#2041 = EDGE_CURVE('',#1819,#2042,#2044,.T.);
#2042 = VERTEX_POINT('',#2043);
#2043 = CARTESIAN_POINT('',(-9.486999511719,8.515840836105,4.2));
#2044 = SURFACE_CURVE('',#2045,(#2049,#2056),.PCURVE_S1.);
#2045 = LINE('',#2046,#2047);
#2046 = CARTESIAN_POINT('',(-9.482531244683,3.167886919427,4.2));
#2047 = VECTOR('',#2048,1.);
#2048 = DIRECTION('',(-8.35509345381E-04,0.999999650962,0.));
#2049 = PCURVE('',#916,#2050);
#2050 = DEFINITIONAL_REPRESENTATION('',(#2051),#2055);
#2051 = LINE('',#2052,#2053);
#2052 = CARTESIAN_POINT('',(-3.334474338733,-0.));
#2053 = VECTOR('',#2054,1.);
#2054 = DIRECTION('',(1.,0.));
#2055 = ( GEOMETRIC_REPRESENTATION_CONTEXT(2) 
PARAMETRIC_REPRESENTATION_CONTEXT() REPRESENTATION_CONTEXT('2D SPACE',''
  ) );
#2056 = PCURVE('',#2027,#2057);
#2057 = DEFINITIONAL_REPRESENTATION('',(#2058),#2062);
#2058 = LINE('',#2059,#2060);
#2059 = CARTESIAN_POINT('',(3.175808557186,-0.304244100882));
#2060 = VECTOR('',#2061,1.);
#2061 = DIRECTION('',(-1.,1.992791091019E-21));
#2062 = ( GEOMETRIC_REPRESENTATION_CONTEXT(2) 
PARAMETRIC_REPRESENTATION_CONTEXT() REPRESENTATION_CONTEXT('2D SPACE',''
  ) );
#2063 = ORIENTED_EDGE('',*,*,#1818,.F.);
#2064 = ORIENTED_EDGE('',*,*,#900,.T.);
#2065 = ORIENTED_EDGE('',*,*,#2066,.F.);
#2066 = EDGE_CURVE('',#2042,#873,#2067,.T.);
#2067 = SURFACE_CURVE('',#2068,(#2072,#2079),.PCURVE_S1.);
#2068 = LINE('',#2069,#2070);
#2069 = CARTESIAN_POINT('',(-9.486999511719,8.515840836105,4.2));
#2070 = VECTOR('',#2071,1.);
#2071 = DIRECTION('',(0.,0.,1.));
#2072 = PCURVE('',#916,#2073);
#2073 = DEFINITIONAL_REPRESENTATION('',(#2074),#2078);
#2074 = LINE('',#2075,#2076);
#2075 = CARTESIAN_POINT('',(2.013481444585,0.));
#2076 = VECTOR('',#2077,1.);
#2077 = DIRECTION('',(0.,-1.));
#2078 = ( GEOMETRIC_REPRESENTATION_CONTEXT(2) 
PARAMETRIC_REPRESENTATION_CONTEXT() REPRESENTATION_CONTEXT('2D SPACE',''
  ) );
#2079 = PCURVE('',#888,#2080);
#2080 = DEFINITIONAL_REPRESENTATION('',(#2081),#2085);
#2081 = LINE('',#2082,#2083);
#2082 = CARTESIAN_POINT('',(0.,0.));
#2083 = VECTOR('',#2084,1.);
#2084 = DIRECTION('',(0.,-1.));
#2085 = ( GEOMETRIC_REPRESENTATION_CONTEXT(2) 
PARAMETRIC_REPRESENTATION_CONTEXT() REPRESENTATION_CONTEXT('2D SPACE',''
  ) );
#2086 = ADVANCED_FACE('',(#2087),#888,.T.);
#2087 = FACE_BOUND('',#2088,.T.);
#2088 = EDGE_LOOP('',(#2089,#2117,#2118,#2119));
#2089 = ORIENTED_EDGE('',*,*,#2090,.F.);
#2090 = EDGE_CURVE('',#2042,#2091,#2093,.T.);
#2091 = VERTEX_POINT('',#2092);
#2092 = CARTESIAN_POINT('',(-9.488158873978,9.906679505462,4.2));
#2093 = SURFACE_CURVE('',#2094,(#2098,#2105),.PCURVE_S1.);
#2094 = LINE('',#2095,#2096);
#2095 = CARTESIAN_POINT('',(-9.483863199402,4.753337429363,4.2));
#2096 = VECTOR('',#2097,1.);
#2097 = DIRECTION('',(-8.335703356262E-04,0.99999965258,0.));
#2098 = PCURVE('',#888,#2099);
#2099 = DEFINITIONAL_REPRESENTATION('',(#2100),#2104);
#2100 = LINE('',#2101,#2102);
#2101 = CARTESIAN_POINT('',(-3.762504713911,-0.));
#2102 = VECTOR('',#2103,1.);
#2103 = DIRECTION('',(1.,0.));
#2104 = ( GEOMETRIC_REPRESENTATION_CONTEXT(2) 
PARAMETRIC_REPRESENTATION_CONTEXT() REPRESENTATION_CONTEXT('2D SPACE',''
  ) );
#2105 = PCURVE('',#2106,#2111);
#2106 = PLANE('',#2107);
#2107 = AXIS2_PLACEMENT_3D('',#2108,#2109,#2110);
#2108 = CARTESIAN_POINT('',(-9.48783222885,9.514577020037,4.079976756735
    ));
#2109 = DIRECTION('',(-0.999999652579,-8.335703356248E-04,
    1.666224883529E-06));
#2110 = DIRECTION('',(8.33570335626E-04,-0.99999965258,
    2.275169858619E-21));
#2111 = DEFINITIONAL_REPRESENTATION('',(#2112),#2116);
#2112 = LINE('',#2113,#2114);
#2113 = CARTESIAN_POINT('',(4.76124124499,0.120023243265));
#2114 = VECTOR('',#2115,1.);
#2115 = DIRECTION('',(-1.,1.997725174523E-21));
#2116 = ( GEOMETRIC_REPRESENTATION_CONTEXT(2) 
PARAMETRIC_REPRESENTATION_CONTEXT() REPRESENTATION_CONTEXT('2D SPACE',''
  ) );
#2117 = ORIENTED_EDGE('',*,*,#2066,.T.);
#2118 = ORIENTED_EDGE('',*,*,#872,.T.);
#2119 = ORIENTED_EDGE('',*,*,#2120,.F.);
#2120 = EDGE_CURVE('',#2091,#845,#2121,.T.);
#2121 = SURFACE_CURVE('',#2122,(#2126,#2133),.PCURVE_S1.);
#2122 = LINE('',#2123,#2124);
#2123 = CARTESIAN_POINT('',(-9.488158873978,9.906679505462,4.2));
#2124 = VECTOR('',#2125,1.);
#2125 = DIRECTION('',(0.,0.,1.));
#2126 = PCURVE('',#888,#2127);
#2127 = DEFINITIONAL_REPRESENTATION('',(#2128),#2132);
#2128 = LINE('',#2129,#2130);
#2129 = CARTESIAN_POINT('',(1.390839152562,0.));
#2130 = VECTOR('',#2131,1.);
#2131 = DIRECTION('',(0.,-1.));
#2132 = ( GEOMETRIC_REPRESENTATION_CONTEXT(2) 
PARAMETRIC_REPRESENTATION_CONTEXT() REPRESENTATION_CONTEXT('2D SPACE',''
  ) );
#2133 = PCURVE('',#860,#2134);
#2134 = DEFINITIONAL_REPRESENTATION('',(#2135),#2139);
#2135 = LINE('',#2136,#2137);
#2136 = CARTESIAN_POINT('',(8.243557707756E-03,-0.279922710257));
#2137 = VECTOR('',#2138,1.);
#2138 = DIRECTION('',(0.,1.));
#2139 = ( GEOMETRIC_REPRESENTATION_CONTEXT(2) 
PARAMETRIC_REPRESENTATION_CONTEXT() REPRESENTATION_CONTEXT('2D SPACE',''
  ) );
#2140 = ADVANCED_FACE('',(#2141),#860,.T.);
#2141 = FACE_BOUND('',#2142,.T.);
#2142 = EDGE_LOOP('',(#2143,#2166,#2187,#2188));
#2143 = ORIENTED_EDGE('',*,*,#2144,.T.);
#2144 = EDGE_CURVE('',#817,#2145,#2147,.T.);
#2145 = VERTEX_POINT('',#2146);
#2146 = CARTESIAN_POINT('',(-9.488998413086,10.913000106812,
    3.779999732971));
#2147 = SURFACE_CURVE('',#2148,(#2152,#2159),.PCURVE_S1.);
#2148 = LINE('',#2149,#2150);
#2149 = CARTESIAN_POINT('',(-9.488998413086,10.913000106812,
    4.779999732971));
#2150 = VECTOR('',#2151,1.);
#2151 = DIRECTION('',(0.,0.,-1.));
#2152 = PCURVE('',#860,#2153);
#2153 = DEFINITIONAL_REPRESENTATION('',(#2154),#2158);
#2154 = LINE('',#2155,#2156);
#2155 = CARTESIAN_POINT('',(-0.998077393842,0.300077022714));
#2156 = VECTOR('',#2157,1.);
#2157 = DIRECTION('',(0.,-1.));
#2158 = ( GEOMETRIC_REPRESENTATION_CONTEXT(2) 
PARAMETRIC_REPRESENTATION_CONTEXT() REPRESENTATION_CONTEXT('2D SPACE',''
  ) );
#2159 = PCURVE('',#832,#2160);
#2160 = DEFINITIONAL_REPRESENTATION('',(#2161),#2165);
#2161 = LINE('',#2162,#2163);
#2162 = CARTESIAN_POINT('',(1.56052252261,0.71547957884));
#2163 = VECTOR('',#2164,1.);
#2164 = DIRECTION('',(0.,-1.));
#2165 = ( GEOMETRIC_REPRESENTATION_CONTEXT(2) 
PARAMETRIC_REPRESENTATION_CONTEXT() REPRESENTATION_CONTEXT('2D SPACE',''
  ) );
#2166 = ORIENTED_EDGE('',*,*,#2167,.F.);
#2167 = EDGE_CURVE('',#2091,#2145,#2168,.T.);
#2168 = SURFACE_CURVE('',#2169,(#2173,#2180),.PCURVE_S1.);
#2169 = LINE('',#2170,#2171);
#2170 = CARTESIAN_POINT('',(-9.486999511719,8.517000198364,
    4.779999732971));
#2171 = VECTOR('',#2172,1.);
#2172 = DIRECTION('',(-7.69901231199E-04,0.922848575598,-0.385162191511)
  );
#2173 = PCURVE('',#860,#2174);
#2174 = DEFINITIONAL_REPRESENTATION('',(#2175),#2179);
#2175 = LINE('',#2176,#2177);
#2176 = CARTESIAN_POINT('',(1.397923348414,0.300077022714));
#2177 = VECTOR('',#2178,1.);
#2178 = DIRECTION('',(-0.922848896749,-0.385162191511));
#2179 = ( GEOMETRIC_REPRESENTATION_CONTEXT(2) 
PARAMETRIC_REPRESENTATION_CONTEXT() REPRESENTATION_CONTEXT('2D SPACE',''
  ) );
#2180 = PCURVE('',#2106,#2181);
#2181 = DEFINITIONAL_REPRESENTATION('',(#2182),#2186);
#2182 = LINE('',#2183,#2184);
#2183 = CARTESIAN_POINT('',(0.997577169223,0.700022976237));
#2184 = VECTOR('',#2185,1.);
#2185 = DIRECTION('',(-0.922848896749,-0.385162191511));
#2186 = ( GEOMETRIC_REPRESENTATION_CONTEXT(2) 
PARAMETRIC_REPRESENTATION_CONTEXT() REPRESENTATION_CONTEXT('2D SPACE',''
  ) );
#2187 = ORIENTED_EDGE('',*,*,#2120,.T.);
#2188 = ORIENTED_EDGE('',*,*,#844,.F.);
#2189 = ADVANCED_FACE('',(#2190),#832,.T.);
#2190 = FACE_BOUND('',#2191,.T.);
#2191 = EDGE_LOOP('',(#2192,#2193,#2214,#2235));
#2192 = ORIENTED_EDGE('',*,*,#816,.F.);
#2193 = ORIENTED_EDGE('',*,*,#2194,.F.);
#2194 = EDGE_CURVE('',#2195,#791,#2197,.T.);
#2195 = VERTEX_POINT('',#2196);
#2196 = CARTESIAN_POINT('',(-9.491473103726,13.111734404537,
    3.779999732971));
#2197 = SURFACE_CURVE('',#2198,(#2202,#2208),.PCURVE_S1.);
#2198 = LINE('',#2199,#2200);
#2199 = CARTESIAN_POINT('',(-9.491473103693,13.111734369733,
    -7.967739922935));
#2200 = VECTOR('',#2201,1.);
#2201 = DIRECTION('',(0.,-0.,1.));
#2202 = PCURVE('',#832,#2203);
#2203 = DEFINITIONAL_REPRESENTATION('',(#2204),#2207);
#2204 = B_SPLINE_CURVE_WITH_KNOTS('',1,(#2205,#2206),.UNSPECIFIED.,.F.,
  .F.,(2,2),(11.747739655906,12.747739655906),.PIECEWISE_BEZIER_KNOTS.);
#2205 = CARTESIAN_POINT('',(-0.638213132951,-0.28452042116));
#2206 = CARTESIAN_POINT('',(-0.638213132951,0.71547957884));
#2207 = ( GEOMETRIC_REPRESENTATION_CONTEXT(2) 
PARAMETRIC_REPRESENTATION_CONTEXT() REPRESENTATION_CONTEXT('2D SPACE',''
  ) );
#2208 = PCURVE('',#805,#2209);
#2209 = DEFINITIONAL_REPRESENTATION('',(#2210),#2213);
#2210 = B_SPLINE_CURVE_WITH_KNOTS('',1,(#2211,#2212),.UNSPECIFIED.,.F.,
  .F.,(2,2),(11.747739655906,12.747739655906),.PIECEWISE_BEZIER_KNOTS.);
#2211 = CARTESIAN_POINT('',(6.888268737418,-23.77999973297));
#2212 = CARTESIAN_POINT('',(6.888268737418,-24.77999973297));
#2213 = ( GEOMETRIC_REPRESENTATION_CONTEXT(2) 
PARAMETRIC_REPRESENTATION_CONTEXT() REPRESENTATION_CONTEXT('2D SPACE',''
  ) );
#2214 = ORIENTED_EDGE('',*,*,#2215,.T.);
#2215 = EDGE_CURVE('',#2195,#2145,#2216,.T.);
#2216 = SURFACE_CURVE('',#2217,(#2221,#2228),.PCURVE_S1.);
#2217 = LINE('',#2218,#2219);
#2218 = CARTESIAN_POINT('',(-9.49299621582,14.465002059937,
    3.779999732971));
#2219 = VECTOR('',#2220,1.);
#2220 = DIRECTION('',(1.125506194815E-03,-0.999999366618,0.));
#2221 = PCURVE('',#832,#2222);
#2222 = DEFINITIONAL_REPRESENTATION('',(#2223),#2227);
#2223 = LINE('',#2224,#2225);
#2224 = CARTESIAN_POINT('',(-1.991481680291,-0.28452042116));
#2225 = VECTOR('',#2226,1.);
#2226 = DIRECTION('',(1.,0.));
#2227 = ( GEOMETRIC_REPRESENTATION_CONTEXT(2) 
PARAMETRIC_REPRESENTATION_CONTEXT() REPRESENTATION_CONTEXT('2D SPACE',''
  ) );
#2228 = PCURVE('',#1369,#2229);
#2229 = DEFINITIONAL_REPRESENTATION('',(#2230),#2234);
#2230 = LINE('',#2231,#2232);
#2231 = CARTESIAN_POINT('',(15.325361414833,5.00834165447));
#2232 = VECTOR('',#2233,1.);
#2233 = DIRECTION('',(-1.125506194815E-03,-0.999999366618));
#2234 = ( GEOMETRIC_REPRESENTATION_CONTEXT(2) 
PARAMETRIC_REPRESENTATION_CONTEXT() REPRESENTATION_CONTEXT('2D SPACE',''
  ) );
#2235 = ORIENTED_EDGE('',*,*,#2144,.F.);
#2236 = ADVANCED_FACE('',(#2237),#805,.F.);
#2237 = FACE_BOUND('',#2238,.F.);
#2238 = EDGE_LOOP('',(#2239,#2240,#2241,#2242,#2263));
#2239 = ORIENTED_EDGE('',*,*,#1558,.F.);
#2240 = ORIENTED_EDGE('',*,*,#790,.T.);
#2241 = ORIENTED_EDGE('',*,*,#2194,.F.);
#2242 = ORIENTED_EDGE('',*,*,#2243,.F.);
#2243 = EDGE_CURVE('',#2244,#2195,#2246,.T.);
#2244 = VERTEX_POINT('',#2245);
#2245 = CARTESIAN_POINT('',(-9.492758464304,14.465002059937,
    3.779999732971));
#2246 = SURFACE_CURVE('',#2247,(#2251,#2257),.PCURVE_S1.);
#2247 = LINE('',#2248,#2249);
#2248 = CARTESIAN_POINT('',(-9.493001667931,14.721054414578,
    3.779999732971));
#2249 = VECTOR('',#2250,1.);
#2250 = DIRECTION('',(9.498194929226E-04,-0.999999548921,0.));
#2251 = PCURVE('',#805,#2252);
#2252 = DEFINITIONAL_REPRESENTATION('',(#2253),#2256);
#2253 = B_SPLINE_CURVE_WITH_KNOTS('',1,(#2254,#2255),.UNSPECIFIED.,.F.,
  .F.,(2,2),(0.256052470141,29.222067046709),.PIECEWISE_BEZIER_KNOTS.);
#2254 = CARTESIAN_POINT('',(5.535000436783,-23.77999973297));
#2255 = CARTESIAN_POINT('',(34.501015013351,-23.77999973297));
#2256 = ( GEOMETRIC_REPRESENTATION_CONTEXT(2) 
PARAMETRIC_REPRESENTATION_CONTEXT() REPRESENTATION_CONTEXT('2D SPACE',''
  ) );
#2257 = PCURVE('',#1369,#2258);
#2258 = DEFINITIONAL_REPRESENTATION('',(#2259),#2262);
#2259 = B_SPLINE_CURVE_WITH_KNOTS('',1,(#2260,#2261),.UNSPECIFIED.,.F.,
  .F.,(2,2),(0.256052470141,29.222067046709),.PIECEWISE_BEZIER_KNOTS.);
#2260 = CARTESIAN_POINT('',(15.325123663317,5.00834165447));
#2261 = CARTESIAN_POINT('',(15.29761117804,-23.95765985614));
#2262 = ( GEOMETRIC_REPRESENTATION_CONTEXT(2) 
PARAMETRIC_REPRESENTATION_CONTEXT() REPRESENTATION_CONTEXT('2D SPACE',''
  ) );
#2263 = ORIENTED_EDGE('',*,*,#2264,.F.);
#2264 = EDGE_CURVE('',#1536,#2244,#2265,.T.);
#2265 = SURFACE_CURVE('',#2266,(#2270,#2276),.PCURVE_S1.);
#2266 = LINE('',#2267,#2268);
#2267 = CARTESIAN_POINT('',(-9.491031401263,12.646696292875,
    2.974075948946));
#2268 = VECTOR('',#2269,1.);
#2269 = DIRECTION('',(8.683477087168E-04,-0.914223516672,-0.405209337917
    ));
#2270 = PCURVE('',#805,#2271);
#2271 = DEFINITIONAL_REPRESENTATION('',(#2272),#2275);
#2272 = B_SPLINE_CURVE_WITH_KNOTS('',1,(#2273,#2274),.UNSPECIFIED.,.F.,
  .F.,(2,2),(-2.262704832447,-1.988907235377),.PIECEWISE_BEZIER_KNOTS.);
#2273 = CARTESIAN_POINT('',(5.284688121824,-23.890945076));
#2274 = CARTESIAN_POINT('',(5.535000436784,-23.77999973297));
#2275 = ( GEOMETRIC_REPRESENTATION_CONTEXT(2) 
PARAMETRIC_REPRESENTATION_CONTEXT() REPRESENTATION_CONTEXT('2D SPACE',''
  ) );
#2276 = PCURVE('',#1393,#2277);
#2277 = DEFINITIONAL_REPRESENTATION('',(#2278),#2281);
#2278 = B_SPLINE_CURVE_WITH_KNOTS('',1,(#2279,#2280),.UNSPECIFIED.,.F.,
  .F.,(2,2),(-2.262704832447,-1.988907235377),.PIECEWISE_BEZIER_KNOTS.);
#2279 = CARTESIAN_POINT('',(0.33695235143,14.874446355503));
#2280 = CARTESIAN_POINT('',(0.610749845273,14.874208603987));
#2281 = ( GEOMETRIC_REPRESENTATION_CONTEXT(2) 
PARAMETRIC_REPRESENTATION_CONTEXT() REPRESENTATION_CONTEXT('2D SPACE',''
  ) );
#2282 = ADVANCED_FACE('',(#2283),#1393,.T.);
#2283 = FACE_BOUND('',#2284,.T.);
#2284 = EDGE_LOOP('',(#2285,#2286,#2307,#2308,#2309));
#2285 = ORIENTED_EDGE('',*,*,#1380,.T.);
#2286 = ORIENTED_EDGE('',*,*,#2287,.F.);
#2287 = EDGE_CURVE('',#2244,#1355,#2288,.T.);
#2288 = SURFACE_CURVE('',#2289,(#2293,#2300),.PCURVE_S1.);
#2289 = LINE('',#2290,#2291);
#2290 = CARTESIAN_POINT('',(-9.49299621582,14.465002059937,
    3.779999732971));
#2291 = VECTOR('',#2292,1.);
#2292 = DIRECTION('',(1.,0.,0.));
#2293 = PCURVE('',#1393,#2294);
#2294 = DEFINITIONAL_REPRESENTATION('',(#2295),#2299);
#2295 = LINE('',#2296,#2297);
#2296 = CARTESIAN_POINT('',(0.610749845273,14.874446355503));
#2297 = VECTOR('',#2298,1.);
#2298 = DIRECTION('',(0.,-1.));
#2299 = ( GEOMETRIC_REPRESENTATION_CONTEXT(2) 
PARAMETRIC_REPRESENTATION_CONTEXT() REPRESENTATION_CONTEXT('2D SPACE',''
  ) );
#2300 = PCURVE('',#1369,#2301);
#2301 = DEFINITIONAL_REPRESENTATION('',(#2302),#2306);
#2302 = LINE('',#2303,#2304);
#2303 = CARTESIAN_POINT('',(15.325361414833,5.00834165447));
#2304 = VECTOR('',#2305,1.);
#2305 = DIRECTION('',(-1.,0.));
#2306 = ( GEOMETRIC_REPRESENTATION_CONTEXT(2) 
PARAMETRIC_REPRESENTATION_CONTEXT() REPRESENTATION_CONTEXT('2D SPACE',''
  ) );
#2307 = ORIENTED_EDGE('',*,*,#2264,.F.);
#2308 = ORIENTED_EDGE('',*,*,#1535,.F.);
#2309 = ORIENTED_EDGE('',*,*,#1584,.T.);
#2310 = ADVANCED_FACE('',(#2311),#1369,.T.);
#2311 = FACE_BOUND('',#2312,.T.);
#2312 = EDGE_LOOP('',(#2313,#2334,#2335,#2358,#2379,#2380,#2381,#2382));
#2313 = ORIENTED_EDGE('',*,*,#2314,.T.);
#2314 = EDGE_CURVE('',#1329,#1947,#2315,.T.);
#2315 = SURFACE_CURVE('',#2316,(#2320,#2327),.PCURVE_S1.);
#2316 = LINE('',#2317,#2318);
#2317 = CARTESIAN_POINT('',(-1.142997741699,1.867002487183,
    3.779999732971));
#2318 = VECTOR('',#2319,1.);
#2319 = DIRECTION('',(-0.976120925971,0.217227847852,0.));
#2320 = PCURVE('',#1369,#2321);
#2321 = DEFINITIONAL_REPRESENTATION('',(#2322),#2326);
#2322 = LINE('',#2323,#2324);
#2323 = CARTESIAN_POINT('',(6.975362940712,-7.589657918284));
#2324 = VECTOR('',#2325,1.);
#2325 = DIRECTION('',(0.976120925971,0.217227847852));
#2326 = ( GEOMETRIC_REPRESENTATION_CONTEXT(2) 
PARAMETRIC_REPRESENTATION_CONTEXT() REPRESENTATION_CONTEXT('2D SPACE',''
  ) );
#2327 = PCURVE('',#1343,#2328);
#2328 = DEFINITIONAL_REPRESENTATION('',(#2329),#2333);
#2329 = LINE('',#2330,#2331);
#2330 = CARTESIAN_POINT('',(0.831692998488,-4.150044628722));
#2331 = VECTOR('',#2332,1.);
#2332 = DIRECTION('',(-0.217224560389,0.976121657563));
#2333 = ( GEOMETRIC_REPRESENTATION_CONTEXT(2) 
PARAMETRIC_REPRESENTATION_CONTEXT() REPRESENTATION_CONTEXT('2D SPACE',''
  ) );
#2334 = ORIENTED_EDGE('',*,*,#1967,.F.);
#2335 = ORIENTED_EDGE('',*,*,#2336,.T.);
#2336 = EDGE_CURVE('',#1968,#2337,#2339,.T.);
#2337 = VERTEX_POINT('',#2338);
#2338 = CARTESIAN_POINT('',(-9.486999511719,8.515001296997,
    3.779999732971));
#2339 = SURFACE_CURVE('',#2340,(#2344,#2351),.PCURVE_S1.);
#2340 = LINE('',#2341,#2342);
#2341 = CARTESIAN_POINT('',(-9.48299407959,3.723001480103,3.779999732971
    ));
#2342 = VECTOR('',#2343,1.);
#2343 = DIRECTION('',(-8.358578636765E-04,0.999999650671,0.));
#2344 = PCURVE('',#1369,#2345);
#2345 = DEFINITIONAL_REPRESENTATION('',(#2346),#2350);
#2346 = LINE('',#2347,#2348);
#2347 = CARTESIAN_POINT('',(15.315359278603,-5.733658925364));
#2348 = VECTOR('',#2349,1.);
#2349 = DIRECTION('',(8.358578636765E-04,0.999999650671));
#2350 = ( GEOMETRIC_REPRESENTATION_CONTEXT(2) 
PARAMETRIC_REPRESENTATION_CONTEXT() REPRESENTATION_CONTEXT('2D SPACE',''
  ) );
#2351 = PCURVE('',#2003,#2352);
#2352 = DEFINITIONAL_REPRESENTATION('',(#2353),#2357);
#2353 = LINE('',#2354,#2355);
#2354 = CARTESIAN_POINT('',(8.881781094334E-16,0.420000267029));
#2355 = VECTOR('',#2356,1.);
#2356 = DIRECTION('',(1.,0.));
#2357 = ( GEOMETRIC_REPRESENTATION_CONTEXT(2) 
PARAMETRIC_REPRESENTATION_CONTEXT() REPRESENTATION_CONTEXT('2D SPACE',''
  ) );
#2358 = ORIENTED_EDGE('',*,*,#2359,.F.);
#2359 = EDGE_CURVE('',#2145,#2337,#2360,.T.);
#2360 = SURFACE_CURVE('',#2361,(#2365,#2372),.PCURVE_S1.);
#2361 = LINE('',#2362,#2363);
#2362 = CARTESIAN_POINT('',(-9.488998413086,10.913000106812,
    3.779999732971));
#2363 = VECTOR('',#2364,1.);
#2364 = DIRECTION('',(8.335703356275E-04,-0.99999965258,0.));
#2365 = PCURVE('',#1369,#2366);
#2366 = DEFINITIONAL_REPRESENTATION('',(#2367),#2371);
#2367 = LINE('',#2368,#2369);
#2368 = CARTESIAN_POINT('',(15.321363612099,1.456339701345));
#2369 = VECTOR('',#2370,1.);
#2370 = DIRECTION('',(-8.335703356275E-04,-0.99999965258));
#2371 = ( GEOMETRIC_REPRESENTATION_CONTEXT(2) 
PARAMETRIC_REPRESENTATION_CONTEXT() REPRESENTATION_CONTEXT('2D SPACE',''
  ) );
#2372 = PCURVE('',#2106,#2373);
#2373 = DEFINITIONAL_REPRESENTATION('',(#2374),#2378);
#2374 = LINE('',#2375,#2376);
#2375 = CARTESIAN_POINT('',(-1.398423573032,-0.299977023764));
#2376 = VECTOR('',#2377,1.);
#2377 = DIRECTION('',(1.,1.682971145982E-22));
#2378 = ( GEOMETRIC_REPRESENTATION_CONTEXT(2) 
PARAMETRIC_REPRESENTATION_CONTEXT() REPRESENTATION_CONTEXT('2D SPACE',''
  ) );
#2379 = ORIENTED_EDGE('',*,*,#2215,.F.);
#2380 = ORIENTED_EDGE('',*,*,#2243,.F.);
#2381 = ORIENTED_EDGE('',*,*,#2287,.T.);
#2382 = ORIENTED_EDGE('',*,*,#1354,.T.);
#2383 = ADVANCED_FACE('',(#2384),#1343,.T.);
#2384 = FACE_BOUND('',#2385,.T.);
#2385 = EDGE_LOOP('',(#2386,#2387,#2388,#2409));
#2386 = ORIENTED_EDGE('',*,*,#2314,.F.);
#2387 = ORIENTED_EDGE('',*,*,#1328,.T.);
#2388 = ORIENTED_EDGE('',*,*,#2389,.T.);
#2389 = EDGE_CURVE('',#1303,#1926,#2390,.T.);
#2390 = SURFACE_CURVE('',#2391,(#2395,#2402),.PCURVE_S1.);
#2391 = LINE('',#2392,#2393);
#2392 = CARTESIAN_POINT('',(-1.500999450684,1.582998275757,
    3.782000541687));
#2393 = VECTOR('',#2394,1.);
#2394 = DIRECTION('',(-0.9658884511,0.25895837776,-2.421146745041E-04));
#2395 = PCURVE('',#1343,#2396);
#2396 = DEFINITIONAL_REPRESENTATION('',(#2397),#2401);
#2397 = LINE('',#2398,#2399);
#2398 = CARTESIAN_POINT('',(1.115703919451,-3.792042651419));
#2399 = VECTOR('',#2400,1.);
#2400 = DIRECTION('',(-0.258955790769,0.965889175023));
#2401 = ( GEOMETRIC_REPRESENTATION_CONTEXT(2) 
PARAMETRIC_REPRESENTATION_CONTEXT() REPRESENTATION_CONTEXT('2D SPACE',''
  ) );
#2402 = PCURVE('',#1317,#2403);
#2403 = DEFINITIONAL_REPRESENTATION('',(#2404),#2408);
#2404 = LINE('',#2405,#2406);
#2405 = CARTESIAN_POINT('',(0.953784881226,-3.958146378204));
#2406 = VECTOR('',#2407,1.);
#2407 = DIRECTION('',(-0.258954584616,0.965889498393));
#2408 = ( GEOMETRIC_REPRESENTATION_CONTEXT(2) 
PARAMETRIC_REPRESENTATION_CONTEXT() REPRESENTATION_CONTEXT('2D SPACE',''
  ) );
#2409 = ORIENTED_EDGE('',*,*,#1946,.F.);
#2410 = ADVANCED_FACE('',(#2411),#1317,.T.);
#2411 = FACE_BOUND('',#2412,.T.);
#2412 = EDGE_LOOP('',(#2413,#2414,#2415,#2436));
#2413 = ORIENTED_EDGE('',*,*,#2389,.F.);
#2414 = ORIENTED_EDGE('',*,*,#1302,.T.);
#2415 = ORIENTED_EDGE('',*,*,#2416,.F.);
#2416 = EDGE_CURVE('',#1905,#1277,#2417,.T.);
#2417 = SURFACE_CURVE('',#2418,(#2422,#2429),.PCURVE_S1.);
#2418 = LINE('',#2419,#2420);
#2419 = CARTESIAN_POINT('',(-9.48299407959,3.723001480103,3.779999732971
    ));
#2420 = VECTOR('',#2421,1.);
#2421 = DIRECTION('',(0.951563768139,-0.307451451721,0.));
#2422 = PCURVE('',#1317,#2423);
#2423 = DEFINITIONAL_REPRESENTATION('',(#2424),#2428);
#2424 = LINE('',#2425,#2426);
#2425 = CARTESIAN_POINT('',(-1.186186977002,4.023856905416));
#2426 = VECTOR('',#2427,1.);
#2427 = DIRECTION('',(0.307448258397,-0.9515647999));
#2428 = ( GEOMETRIC_REPRESENTATION_CONTEXT(2) 
PARAMETRIC_REPRESENTATION_CONTEXT() REPRESENTATION_CONTEXT('2D SPACE',''
  ) );
#2429 = PCURVE('',#1291,#2430);
#2430 = DEFINITIONAL_REPRESENTATION('',(#2431),#2435);
#2431 = LINE('',#2432,#2433);
#2432 = CARTESIAN_POINT('',(3.751590529633,2.03946885295));
#2433 = VECTOR('',#2434,1.);
#2434 = DIRECTION('',(-0.951563768139,-0.307451451721));
#2435 = ( GEOMETRIC_REPRESENTATION_CONTEXT(2) 
PARAMETRIC_REPRESENTATION_CONTEXT() REPRESENTATION_CONTEXT('2D SPACE',''
  ) );
#2436 = ORIENTED_EDGE('',*,*,#1925,.F.);
#2437 = ADVANCED_FACE('',(#2438),#1291,.T.);
#2438 = FACE_BOUND('',#2439,.T.);
#2439 = EDGE_LOOP('',(#2440,#2441,#2462,#2463));
#2440 = ORIENTED_EDGE('',*,*,#1276,.T.);
#2441 = ORIENTED_EDGE('',*,*,#2442,.T.);
#2442 = EDGE_CURVE('',#1251,#1884,#2443,.T.);
#2443 = SURFACE_CURVE('',#2444,(#2448,#2455),.PCURVE_S1.);
#2444 = LINE('',#2445,#2446);
#2445 = CARTESIAN_POINT('',(-1.500999450684,-1.637001037598,
    3.779999732971));
#2446 = VECTOR('',#2447,1.);
#2447 = DIRECTION('',(-0.830189203763,0.557481735984,0.));
#2448 = PCURVE('',#1291,#2449);
#2449 = DEFINITIONAL_REPRESENTATION('',(#2450),#2454);
#2450 = LINE('',#2451,#2452);
#2451 = CARTESIAN_POINT('',(-4.230404099273,-3.320533664751));
#2452 = VECTOR('',#2453,1.);
#2453 = DIRECTION('',(0.830189203763,0.557481735984));
#2454 = ( GEOMETRIC_REPRESENTATION_CONTEXT(2) 
PARAMETRIC_REPRESENTATION_CONTEXT() REPRESENTATION_CONTEXT('2D SPACE',''
  ) );
#2455 = PCURVE('',#1265,#2456);
#2456 = DEFINITIONAL_REPRESENTATION('',(#2457),#2461);
#2457 = LINE('',#2458,#2459);
#2458 = CARTESIAN_POINT('',(2.502805774908,-3.834737248328));
#2459 = VECTOR('',#2460,1.);
#2460 = DIRECTION('',(-0.54832753745,0.836263661577));
#2461 = ( GEOMETRIC_REPRESENTATION_CONTEXT(2) 
PARAMETRIC_REPRESENTATION_CONTEXT() REPRESENTATION_CONTEXT('2D SPACE',''
  ) );
#2462 = ORIENTED_EDGE('',*,*,#1904,.F.);
#2463 = ORIENTED_EDGE('',*,*,#2416,.T.);
#2464 = ADVANCED_FACE('',(#2465),#1265,.T.);
#2465 = FACE_BOUND('',#2466,.T.);
#2466 = EDGE_LOOP('',(#2467,#2468,#2489,#2490));
#2467 = ORIENTED_EDGE('',*,*,#1250,.T.);
#2468 = ORIENTED_EDGE('',*,*,#2469,.F.);
#2469 = EDGE_CURVE('',#1863,#1225,#2470,.T.);
#2470 = SURFACE_CURVE('',#2471,(#2475,#2482),.PCURVE_S1.);
#2471 = LINE('',#2472,#2473);
#2472 = CARTESIAN_POINT('',(-9.48299407959,3.723001480103,3.779999732971
    ));
#2473 = VECTOR('',#2474,1.);
#2474 = DIRECTION('',(0.828179962199,-0.560461701818,7.943599999673E-04)
  );
#2475 = PCURVE('',#1265,#2476);
#2476 = DEFINITIONAL_REPRESENTATION('',(#2477),#2481);
#2477 = LINE('',#2478,#2479);
#2478 = CARTESIAN_POINT('',(-2.769182151422,4.205661283478));
#2479 = VECTOR('',#2480,1.);
#2480 = DIRECTION('',(0.551401933356,-0.834239718481));
#2481 = ( GEOMETRIC_REPRESENTATION_CONTEXT(2) 
PARAMETRIC_REPRESENTATION_CONTEXT() REPRESENTATION_CONTEXT('2D SPACE',''
  ) );
#2482 = PCURVE('',#1239,#2483);
#2483 = DEFINITIONAL_REPRESENTATION('',(#2484),#2488);
#2484 = LINE('',#2485,#2486);
#2485 = CARTESIAN_POINT('',(-3.62403573965,4.904190807622));
#2486 = VECTOR('',#2487,1.);
#2487 = DIRECTION('',(0.560432926415,-0.82819981586));
#2488 = ( GEOMETRIC_REPRESENTATION_CONTEXT(2) 
PARAMETRIC_REPRESENTATION_CONTEXT() REPRESENTATION_CONTEXT('2D SPACE',''
  ) );
#2489 = ORIENTED_EDGE('',*,*,#1883,.F.);
#2490 = ORIENTED_EDGE('',*,*,#2442,.F.);
#2491 = ADVANCED_FACE('',(#2492),#1239,.T.);
#2492 = FACE_BOUND('',#2493,.T.);
#2493 = EDGE_LOOP('',(#2494,#2495,#2516,#2517));
#2494 = ORIENTED_EDGE('',*,*,#1224,.T.);
#2495 = ORIENTED_EDGE('',*,*,#2496,.F.);
#2496 = EDGE_CURVE('',#1842,#1199,#2497,.T.);
#2497 = SURFACE_CURVE('',#2498,(#2502,#2509),.PCURVE_S1.);
#2498 = LINE('',#2499,#2500);
#2499 = CARTESIAN_POINT('',(-9.48299407959,3.723001480103,3.779999732971
    ));
#2500 = VECTOR('',#2501,1.);
#2501 = DIRECTION('',(0.786380943927,-0.617741864397,0.));
#2502 = PCURVE('',#1239,#2503);
#2503 = DEFINITIONAL_REPRESENTATION('',(#2504),#2508);
#2504 = LINE('',#2505,#2506);
#2505 = CARTESIAN_POINT('',(-3.62403573965,4.904190807622));
#2506 = VECTOR('',#2507,1.);
#2507 = DIRECTION('',(0.617717865656,-0.786399795555));
#2508 = ( GEOMETRIC_REPRESENTATION_CONTEXT(2) 
PARAMETRIC_REPRESENTATION_CONTEXT() REPRESENTATION_CONTEXT('2D SPACE',''
  ) );
#2509 = PCURVE('',#1213,#2510);
#2510 = DEFINITIONAL_REPRESENTATION('',(#2511),#2515);
#2511 = LINE('',#2512,#2513);
#2512 = CARTESIAN_POINT('',(15.315359278603,-5.733658925364));
#2513 = VECTOR('',#2514,1.);
#2514 = DIRECTION('',(-0.786380943927,-0.617741864397));
#2515 = ( GEOMETRIC_REPRESENTATION_CONTEXT(2) 
PARAMETRIC_REPRESENTATION_CONTEXT() REPRESENTATION_CONTEXT('2D SPACE',''
  ) );
#2516 = ORIENTED_EDGE('',*,*,#1862,.F.);
#2517 = ORIENTED_EDGE('',*,*,#2469,.T.);
#2518 = ADVANCED_FACE('',(#2519),#1213,.T.);
#2519 = FACE_BOUND('',#2520,.T.);
#2520 = EDGE_LOOP('',(#2521,#2522,#2523,#2524,#2525,#2546,#2547,#2548));
#2521 = ORIENTED_EDGE('',*,*,#1841,.F.);
#2522 = ORIENTED_EDGE('',*,*,#2496,.T.);
#2523 = ORIENTED_EDGE('',*,*,#1198,.T.);
#2524 = ORIENTED_EDGE('',*,*,#1432,.T.);
#2525 = ORIENTED_EDGE('',*,*,#2526,.F.);
#2526 = EDGE_CURVE('',#1659,#1410,#2527,.T.);
#2527 = SURFACE_CURVE('',#2528,(#2532,#2539),.PCURVE_S1.);
#2528 = LINE('',#2529,#2530);
#2529 = CARTESIAN_POINT('',(-9.46900177002,-10.95300102233,
    3.779999732971));
#2530 = VECTOR('',#2531,1.);
#2531 = DIRECTION('',(1.128926536296E-03,-0.999999362762,0.));
#2532 = PCURVE('',#1213,#2533);
#2533 = DEFINITIONAL_REPRESENTATION('',(#2534),#2538);
#2534 = LINE('',#2535,#2536);
#2535 = CARTESIAN_POINT('',(15.301366969033,-20.40966142779));
#2536 = VECTOR('',#2537,1.);
#2537 = DIRECTION('',(-1.128926536296E-03,-0.999999362762));
#2538 = ( GEOMETRIC_REPRESENTATION_CONTEXT(2) 
PARAMETRIC_REPRESENTATION_CONTEXT() REPRESENTATION_CONTEXT('2D SPACE',''
  ) );
#2539 = PCURVE('',#1497,#2540);
#2540 = DEFINITIONAL_REPRESENTATION('',(#2541),#2545);
#2541 = LINE('',#2542,#2543);
#2542 = CARTESIAN_POINT('',(-1.988924456093,-0.284507616754));
#2543 = VECTOR('',#2544,1.);
#2544 = DIRECTION('',(1.,-5.02384275798E-21));
#2545 = ( GEOMETRIC_REPRESENTATION_CONTEXT(2) 
PARAMETRIC_REPRESENTATION_CONTEXT() REPRESENTATION_CONTEXT('2D SPACE',''
  ) );
#2546 = ORIENTED_EDGE('',*,*,#1679,.F.);
#2547 = ORIENTED_EDGE('',*,*,#1746,.T.);
#2548 = ORIENTED_EDGE('',*,*,#1794,.T.);
#2549 = ADVANCED_FACE('',(#2550),#1497,.T.);
#2550 = FACE_BOUND('',#2551,.T.);
#2551 = EDGE_LOOP('',(#2552,#2553,#2554,#2555));
#2552 = ORIENTED_EDGE('',*,*,#1658,.F.);
#2553 = ORIENTED_EDGE('',*,*,#2526,.T.);
#2554 = ORIENTED_EDGE('',*,*,#1483,.T.);
#2555 = ORIENTED_EDGE('',*,*,#1608,.T.);
#2556 = ADVANCED_FACE('',(#2557),#2027,.T.);
#2557 = FACE_BOUND('',#2558,.T.);
#2558 = EDGE_LOOP('',(#2559,#2580,#2601,#2602));
#2559 = ORIENTED_EDGE('',*,*,#2560,.F.);
#2560 = EDGE_CURVE('',#2337,#2042,#2561,.T.);
#2561 = SURFACE_CURVE('',#2562,(#2566,#2573),.PCURVE_S1.);
#2562 = LINE('',#2563,#2564);
#2563 = CARTESIAN_POINT('',(-9.486999511719,8.515001296997,
    3.779999732971));
#2564 = VECTOR('',#2565,1.);
#2565 = DIRECTION('',(0.,1.998897373784E-03,0.999998002203));
#2566 = PCURVE('',#2027,#2567);
#2567 = DEFINITIONAL_REPRESENTATION('',(#2568),#2572);
#2568 = LINE('',#2569,#2570);
#2569 = CARTESIAN_POINT('',(-2.171307687316,-0.724244367912));
#2570 = VECTOR('',#2571,1.);
#2571 = DIRECTION('',(-1.998896676093E-03,0.999998002204));
#2572 = ( GEOMETRIC_REPRESENTATION_CONTEXT(2) 
PARAMETRIC_REPRESENTATION_CONTEXT() REPRESENTATION_CONTEXT('2D SPACE',''
  ) );
#2573 = PCURVE('',#2106,#2574);
#2574 = DEFINITIONAL_REPRESENTATION('',(#2575),#2579);
#2575 = LINE('',#2576,#2577);
#2576 = CARTESIAN_POINT('',(0.999576069896,-0.299977023764));
#2577 = VECTOR('',#2578,1.);
#2578 = DIRECTION('',(-1.998896679328E-03,0.999998002204));
#2579 = ( GEOMETRIC_REPRESENTATION_CONTEXT(2) 
PARAMETRIC_REPRESENTATION_CONTEXT() REPRESENTATION_CONTEXT('2D SPACE',''
  ) );
#2580 = ORIENTED_EDGE('',*,*,#2581,.F.);
#2581 = EDGE_CURVE('',#1989,#2337,#2582,.T.);
#2582 = SURFACE_CURVE('',#2583,(#2587,#2594),.PCURVE_S1.);
#2583 = LINE('',#2584,#2585);
#2584 = CARTESIAN_POINT('',(-9.48299407959,3.723001480103,4.779999732971
    ));
#2585 = VECTOR('',#2586,1.);
#2586 = DIRECTION('',(-8.182316255953E-04,0.978912055888,-0.204280486914
    ));
#2587 = PCURVE('',#2027,#2588);
#2588 = DEFINITIONAL_REPRESENTATION('',(#2589),#2593);
#2589 = LINE('',#2590,#2591);
#2590 = CARTESIAN_POINT('',(2.620693803563,0.275755632089));
#2591 = VECTOR('',#2592,1.);
#2592 = DIRECTION('',(-0.978912397851,-0.204280486914));
#2593 = ( GEOMETRIC_REPRESENTATION_CONTEXT(2) 
PARAMETRIC_REPRESENTATION_CONTEXT() REPRESENTATION_CONTEXT('2D SPACE',''
  ) );
#2594 = PCURVE('',#2003,#2595);
#2595 = DEFINITIONAL_REPRESENTATION('',(#2596),#2600);
#2596 = LINE('',#2597,#2598);
#2597 = CARTESIAN_POINT('',(8.881781094334E-16,-0.579999732971));
#2598 = VECTOR('',#2599,1.);
#2599 = DIRECTION('',(0.978912397851,0.204280486914));
#2600 = ( GEOMETRIC_REPRESENTATION_CONTEXT(2) 
PARAMETRIC_REPRESENTATION_CONTEXT() REPRESENTATION_CONTEXT('2D SPACE',''
  ) );
#2601 = ORIENTED_EDGE('',*,*,#2014,.F.);
#2602 = ORIENTED_EDGE('',*,*,#2041,.T.);
#2603 = ADVANCED_FACE('',(#2604),#2003,.T.);
#2604 = FACE_BOUND('',#2605,.T.);
#2605 = EDGE_LOOP('',(#2606,#2607,#2608));
#2606 = ORIENTED_EDGE('',*,*,#1988,.F.);
#2607 = ORIENTED_EDGE('',*,*,#2581,.T.);
#2608 = ORIENTED_EDGE('',*,*,#2336,.F.);
#2609 = ADVANCED_FACE('',(#2610),#2106,.T.);
#2610 = FACE_BOUND('',#2611,.T.);
#2611 = EDGE_LOOP('',(#2612,#2613,#2614,#2615));
#2612 = ORIENTED_EDGE('',*,*,#2359,.T.);
#2613 = ORIENTED_EDGE('',*,*,#2560,.T.);
#2614 = ORIENTED_EDGE('',*,*,#2090,.T.);
#2615 = ORIENTED_EDGE('',*,*,#2167,.T.);
#2616 = ( GEOMETRIC_REPRESENTATION_CONTEXT(3) 
GLOBAL_UNCERTAINTY_ASSIGNED_CONTEXT((#2620)) 
GLOBAL_UNIT_ASSIGNED_CONTEXT((#2617,#2618,#2619)) REPRESENTATION_CONTEXT
('Context #1','3D Context with UNIT and UNCERTAINTY') );
#2617 = ( LENGTH_UNIT() NAMED_UNIT(*) SI_UNIT(.MILLI.,.METRE.) );
#2618 = ( NAMED_UNIT(*) PLANE_ANGLE_UNIT() SI_UNIT($,.RADIAN.) );
#2619 = ( NAMED_UNIT(*) SI_UNIT($,.STERADIAN.) SOLID_ANGLE_UNIT() );
#2620 = UNCERTAINTY_MEASURE_WITH_UNIT(LENGTH_MEASURE(2.E-07),#2617,
  'distance_accuracy_value','confusion accuracy');
#2621 = CONTEXT_DEPENDENT_SHAPE_REPRESENTATION(#2622,#2624);
#2622 = ( REPRESENTATION_RELATIONSHIP('','',#571,#10) 
REPRESENTATION_RELATIONSHIP_WITH_TRANSFORMATION(#2623) 
SHAPE_REPRESENTATION_RELATIONSHIP() );
#2623 = ITEM_DEFINED_TRANSFORMATION('','',#11,#19);
#2624 = PRODUCT_DEFINITION_SHAPE('Placement','Placement of an item',
  #2625);
#2625 = NEXT_ASSEMBLY_USAGE_OCCURRENCE('2','','',#5,#566,$);
#2626 = PRODUCT_RELATED_PRODUCT_CATEGORY('part',$,(#568));
ENDSEC;
END-ISO-10303-21;
