ISO-10303-21;
HEADER;
FILE_DESCRIPTION(('Open CASCADE Model'),'2;1');
FILE_NAME('Open CASCADE Shape Model','2026-10-02T13:59:56',('Author'),(
    'Open CASCADE'),'Open CASCADE STEP processor 7.9','Open CASCADE 7.9'
  ,'Unknown');
FILE_SCHEMA(('AUTOMOTIVE_DESIGN { 1 0 10303 214 1 1 1 1 }'));
ENDSEC;
DATA;
#1 = APPLICATION_PROTOCOL_DEFINITION('international standard',
  'automotive_design',2000,#2);
#2 = APPLICATION_CONTEXT(
  'core data for automotive mechanical design processes');
#3 = SHAPE_DEFINITION_REPRESENTATION(#4,#10);
#4 = PRODUCT_DEFINITION_SHAPE('','',#5);
#5 = PRODUCT_DEFINITION('design','',#6,#9);
#6 = PRODUCT_DEFINITION_FORMATION('','',#7);
#7 = PRODUCT('Open CASCADE STEP translator 7.9 1',
  'Open CASCADE STEP translator 7.9 1','',(#8));
#8 = PRODUCT_CONTEXT('',#2,'mechanical');
#9 = PRODUCT_DEFINITION_CONTEXT('part definition',#2,'design');
#10 = ADVANCED_BREP_SHAPE_REPRESENTATION('',(#11,#15),#2616);
#11 = AXIS2_PLACEMENT_3D('',#12,#13,#14);
#12 = CARTESIAN_POINT('',(0.,0.,0.));
#13 = DIRECTION('',(0.,0.,1.));
#14 = DIRECTION('',(1.,0.,-0.));
#15 = MANIFOLD_SOLID_BREP('',#16);
#16 = CLOSED_SHELL('',(#17,#583,#659,#708,#757,#784,#856,#974,#1092,
    #1143,#1194,#1312,#1430,#1460,#1467,#1607,#1707,#1809,#1882,#1955,
    #2064,#2173,#2217,#2318,#2348,#2378,#2429,#2480,#2512,#2578,#2609));
#17 = ADVANCED_FACE('',(#18,#137),#32,.T.);
#18 = FACE_BOUND('',#19,.T.);
#19 = EDGE_LOOP('',(#20,#55,#83,#111));
#20 = ORIENTED_EDGE('',*,*,#21,.F.);
#21 = EDGE_CURVE('',#22,#24,#26,.T.);
#22 = VERTEX_POINT('',#23);
#23 = CARTESIAN_POINT('',(-11.5,-3.3,-3.925));
#24 = VERTEX_POINT('',#25);
#25 = CARTESIAN_POINT('',(-11.5,3.3,-3.925));
#26 = SURFACE_CURVE('',#27,(#31,#43),.PCURVE_S1.);
#27 = LINE('',#28,#29);
#28 = CARTESIAN_POINT('',(-11.5,-4.15,-3.925));
#29 = VECTOR('',#30,1.);
#30 = DIRECTION('',(0.,1.,0.));
#31 = PCURVE('',#32,#37);
#32 = PLANE('',#33);
#33 = AXIS2_PLACEMENT_3D('',#34,#35,#36);
#34 = CARTESIAN_POINT('',(-11.5,-5.,-5.625));
#35 = DIRECTION('',(-1.,0.,1.110223024625E-16));
#36 = DIRECTION('',(1.110223024625E-16,0.,1.));
#37 = DEFINITIONAL_REPRESENTATION('',(#38),#42);
#38 = LINE('',#39,#40);
#39 = CARTESIAN_POINT('',(1.7,0.85));
#40 = VECTOR('',#41,1.);
#41 = DIRECTION('',(0.,1.));
#42 = ( GEOMETRIC_REPRESENTATION_CONTEXT(2) 
PARAMETRIC_REPRESENTATION_CONTEXT() REPRESENTATION_CONTEXT('2D SPACE',''
  ) );
#43 = PCURVE('',#44,#49);
#44 = PLANE('',#45);
#45 = AXIS2_PLACEMENT_3D('',#46,#47,#48);
#46 = CARTESIAN_POINT('',(-11.49,-3.3,-3.925));
#47 = DIRECTION('',(1.110223024625E-16,0.,1.));
#48 = DIRECTION('',(-1.,0.,1.110223024625E-16));
#49 = DEFINITIONAL_REPRESENTATION('',(#50),#54);
#50 = LINE('',#51,#52);
#51 = CARTESIAN_POINT('',(1.E-02,0.85));
#52 = VECTOR('',#53,1.);
#53 = DIRECTION('',(0.,-1.));
#54 = ( GEOMETRIC_REPRESENTATION_CONTEXT(2) 
PARAMETRIC_REPRESENTATION_CONTEXT() REPRESENTATION_CONTEXT('2D SPACE',''
  ) );
#55 = ORIENTED_EDGE('',*,*,#56,.F.);
#56 = EDGE_CURVE('',#57,#22,#59,.T.);
#57 = VERTEX_POINT('',#58);
#58 = CARTESIAN_POINT('',(-11.5,-3.3,4.675));
#59 = SURFACE_CURVE('',#60,(#64,#71),.PCURVE_S1.);
#60 = LINE('',#61,#62);
#61 = CARTESIAN_POINT('',(-11.5,-3.3,-4.775));
#62 = VECTOR('',#63,1.);
#63 = DIRECTION('',(-1.110223024625E-16,0.,-1.));
#64 = PCURVE('',#32,#65);
#65 = DEFINITIONAL_REPRESENTATION('',(#66),#70);
#66 = LINE('',#67,#68);
#67 = CARTESIAN_POINT('',(0.85,1.7));
#68 = VECTOR('',#69,1.);
#69 = DIRECTION('',(-1.,0.));
#70 = ( GEOMETRIC_REPRESENTATION_CONTEXT(2) 
PARAMETRIC_REPRESENTATION_CONTEXT() REPRESENTATION_CONTEXT('2D SPACE',''
  ) );
#71 = PCURVE('',#72,#77);
#72 = PLANE('',#73);
#73 = AXIS2_PLACEMENT_3D('',#74,#75,#76);
#74 = CARTESIAN_POINT('',(-11.49,-3.3,-3.925));
#75 = DIRECTION('',(0.,1.,0.));
#76 = DIRECTION('',(-1.,0.,1.110223024625E-16));
#77 = DEFINITIONAL_REPRESENTATION('',(#78),#82);
#78 = LINE('',#79,#80);
#79 = CARTESIAN_POINT('',(1.E-02,-0.85));
#80 = VECTOR('',#81,1.);
#81 = DIRECTION('',(0.,-1.));
#82 = ( GEOMETRIC_REPRESENTATION_CONTEXT(2) 
PARAMETRIC_REPRESENTATION_CONTEXT() REPRESENTATION_CONTEXT('2D SPACE',''
  ) );
#83 = ORIENTED_EDGE('',*,*,#84,.T.);
#84 = EDGE_CURVE('',#57,#85,#87,.T.);
#85 = VERTEX_POINT('',#86);
#86 = CARTESIAN_POINT('',(-11.5,3.3,4.675));
#87 = SURFACE_CURVE('',#88,(#92,#99),.PCURVE_S1.);
#88 = LINE('',#89,#90);
#89 = CARTESIAN_POINT('',(-11.5,-4.15,4.675));
#90 = VECTOR('',#91,1.);
#91 = DIRECTION('',(0.,1.,0.));
#92 = PCURVE('',#32,#93);
#93 = DEFINITIONAL_REPRESENTATION('',(#94),#98);
#94 = LINE('',#95,#96);
#95 = CARTESIAN_POINT('',(10.3,0.85));
#96 = VECTOR('',#97,1.);
#97 = DIRECTION('',(0.,1.));
#98 = ( GEOMETRIC_REPRESENTATION_CONTEXT(2) 
PARAMETRIC_REPRESENTATION_CONTEXT() REPRESENTATION_CONTEXT('2D SPACE',''
  ) );
#99 = PCURVE('',#100,#105);
#100 = PLANE('',#101);
#101 = AXIS2_PLACEMENT_3D('',#102,#103,#104);
#102 = CARTESIAN_POINT('',(-11.49,-3.3,4.675));
#103 = DIRECTION('',(1.110223024625E-16,0.,1.));
#104 = DIRECTION('',(-1.,0.,1.110223024625E-16));
#105 = DEFINITIONAL_REPRESENTATION('',(#106),#110);
#106 = LINE('',#107,#108);
#107 = CARTESIAN_POINT('',(1.E-02,0.85));
#108 = VECTOR('',#109,1.);
#109 = DIRECTION('',(0.,-1.));
#110 = ( GEOMETRIC_REPRESENTATION_CONTEXT(2) 
PARAMETRIC_REPRESENTATION_CONTEXT() REPRESENTATION_CONTEXT('2D SPACE',''
  ) );
#111 = ORIENTED_EDGE('',*,*,#112,.T.);
#112 = EDGE_CURVE('',#85,#24,#113,.T.);
#113 = SURFACE_CURVE('',#114,(#118,#125),.PCURVE_S1.);
#114 = LINE('',#115,#116);
#115 = CARTESIAN_POINT('',(-11.5,3.3,-4.775));
#116 = VECTOR('',#117,1.);
#117 = DIRECTION('',(-1.110223024625E-16,0.,-1.));
#118 = PCURVE('',#32,#119);
#119 = DEFINITIONAL_REPRESENTATION('',(#120),#124);
#120 = LINE('',#121,#122);
#121 = CARTESIAN_POINT('',(0.85,8.3));
#122 = VECTOR('',#123,1.);
#123 = DIRECTION('',(-1.,0.));
#124 = ( GEOMETRIC_REPRESENTATION_CONTEXT(2) 
PARAMETRIC_REPRESENTATION_CONTEXT() REPRESENTATION_CONTEXT('2D SPACE',''
  ) );
#125 = PCURVE('',#126,#131);
#126 = PLANE('',#127);
#127 = AXIS2_PLACEMENT_3D('',#128,#129,#130);
#128 = CARTESIAN_POINT('',(-11.49,3.3,-3.925));
#129 = DIRECTION('',(0.,1.,0.));
#130 = DIRECTION('',(-1.,0.,1.110223024625E-16));
#131 = DEFINITIONAL_REPRESENTATION('',(#132),#136);
#132 = LINE('',#133,#134);
#133 = CARTESIAN_POINT('',(1.E-02,-0.85));
#134 = VECTOR('',#135,1.);
#135 = DIRECTION('',(0.,-1.));
#136 = ( GEOMETRIC_REPRESENTATION_CONTEXT(2) 
PARAMETRIC_REPRESENTATION_CONTEXT() REPRESENTATION_CONTEXT('2D SPACE',''
  ) );
#137 = FACE_BOUND('',#138,.T.);
#138 = EDGE_LOOP('',(#139,#169,#252,#280,#363,#391,#474,#502));
#139 = ORIENTED_EDGE('',*,*,#140,.F.);
#140 = EDGE_CURVE('',#141,#143,#145,.T.);
#141 = VERTEX_POINT('',#142);
#142 = CARTESIAN_POINT('',(-11.5,-2.456370849898,-1.949999976305));
#143 = VERTEX_POINT('',#144);
#144 = CARTESIAN_POINT('',(-11.5,-2.456370849898,2.699999976305));
#145 = SURFACE_CURVE('',#146,(#149,#155),.PCURVE_S1.);
#146 = B_SPLINE_CURVE_WITH_KNOTS('',1,(#147,#148),.UNSPECIFIED.,.F.,.F.,
  (2,2),(-0.7,6.95),.PIECEWISE_BEZIER_KNOTS.);
#147 = CARTESIAN_POINT('',(-11.5,-2.456370849898,-3.45));
#148 = CARTESIAN_POINT('',(-11.5,-2.456370849898,4.2));
#149 = PCURVE('',#32,#150);
#150 = DEFINITIONAL_REPRESENTATION('',(#151),#154);
#151 = B_SPLINE_CURVE_WITH_KNOTS('',1,(#152,#153),.UNSPECIFIED.,.F.,.F.,
  (2,2),(-0.7,6.95),.PIECEWISE_BEZIER_KNOTS.);
#152 = CARTESIAN_POINT('',(2.175,2.543629150102));
#153 = CARTESIAN_POINT('',(9.825,2.543629150102));
#154 = ( GEOMETRIC_REPRESENTATION_CONTEXT(2) 
PARAMETRIC_REPRESENTATION_CONTEXT() REPRESENTATION_CONTEXT('2D SPACE',''
  ) );
#155 = PCURVE('',#156,#163);
#156 = ( BOUNDED_SURFACE() B_SPLINE_SURFACE(2,1,(
    (#157,#158)
    ,(#159,#160)
,(#161,#162
    )),.UNSPECIFIED.,.F.,.F.,.F.) B_SPLINE_SURFACE_WITH_KNOTS((3,3),(2,2
    ),(0.,7.65),(-0.7,6.95),.PIECEWISE_BEZIER_KNOTS.) 
GEOMETRIC_REPRESENTATION_ITEM() RATIONAL_B_SPLINE_SURFACE((
    (1.,1.)
    ,(0.923879532511,0.923879532511)
,(1.,1.))) REPRESENTATION_ITEM('') SURFACE() );
#157 = CARTESIAN_POINT('',(-11.5,-2.456370849898,-3.45));
#158 = CARTESIAN_POINT('',(-11.5,-2.456370849898,4.2));
#159 = CARTESIAN_POINT('',(-11.5,-2.125,-3.45));
#160 = CARTESIAN_POINT('',(-11.5,-2.125,4.2));
#161 = CARTESIAN_POINT('',(-11.73431457505,-1.890685424949,-3.45));
#162 = CARTESIAN_POINT('',(-11.73431457505,-1.890685424949,4.2));
#163 = DEFINITIONAL_REPRESENTATION('',(#164),#168);
#164 = LINE('',#165,#166);
#165 = CARTESIAN_POINT('',(0.,0.));
#166 = VECTOR('',#167,1.);
#167 = DIRECTION('',(0.,1.));
#168 = ( GEOMETRIC_REPRESENTATION_CONTEXT(2) 
PARAMETRIC_REPRESENTATION_CONTEXT() REPRESENTATION_CONTEXT('2D SPACE',''
  ) );
#169 = ORIENTED_EDGE('',*,*,#170,.T.);
#170 = EDGE_CURVE('',#141,#171,#173,.T.);
#171 = VERTEX_POINT('',#172);
#172 = CARTESIAN_POINT('',(-11.5,-1.324997681646,-3.081370849913));
#173 = SURFACE_CURVE('',#174,(#188,#205),.PCURVE_S1.);
#174 = ( BOUNDED_CURVE() B_SPLINE_CURVE(12,(#175,#176,#177,#178,#179,
    #180,#181,#182,#183,#184,#185,#186,#187),.UNSPECIFIED.,.F.,.F.) 
B_SPLINE_CURVE_WITH_KNOTS((13,13),(-4.18864786316E-08,1.570800425092),
.PIECEWISE_BEZIER_KNOTS.) CURVE() GEOMETRIC_REPRESENTATION_ITEM() 
RATIONAL_B_SPLINE_CURVE((1.,1.,0.999999999999,1.000000000002,
    0.999999999997,1.000000000004,0.999999999996,1.000000000004,
    0.999999999997,1.000000000001,0.999999999999,1.,1.)) 
REPRESENTATION_ITEM('') );
#175 = CARTESIAN_POINT('',(-11.5,-2.456370849898,-1.949999976305));
#176 = CARTESIAN_POINT('',(-11.5,-2.456370853,-2.098096161114));
#177 = CARTESIAN_POINT('',(-11.5,-2.440498092707,-2.246430575186));
#178 = CARTESIAN_POINT('',(-11.5,-2.408053557682,-2.391728727684));
#179 = CARTESIAN_POINT('',(-11.5,-2.359405846526,-2.545007878995));
#180 = CARTESIAN_POINT('',(-11.5,-2.281739072232,-2.664529483162));
#181 = CARTESIAN_POINT('',(-11.5,-2.209261876867,-2.834263092691));
#182 = CARTESIAN_POINT('',(-11.5,-2.039528380956,-2.906739842184));
#183 = CARTESIAN_POINT('',(-11.5,-1.920006621481,-2.98440680324));
#184 = CARTESIAN_POINT('',(-11.5,-1.766727253882,-3.033054267724));
#185 = CARTESIAN_POINT('',(-11.5,-1.621428861224,-3.065498643753));
#186 = CARTESIAN_POINT('',(-11.5,-1.473094166824,-3.081371153366));
#187 = CARTESIAN_POINT('',(-11.5,-1.324997681646,-3.081370849913));
#188 = PCURVE('',#32,#189);
#189 = DEFINITIONAL_REPRESENTATION('',(#190),#204);
#190 = ( BOUNDED_CURVE() B_SPLINE_CURVE(12,(#191,#192,#193,#194,#195,
    #196,#197,#198,#199,#200,#201,#202,#203),.UNSPECIFIED.,.F.,.F.) 
B_SPLINE_CURVE_WITH_KNOTS((13,13),(-4.18864786316E-08,1.570800425092),
.PIECEWISE_BEZIER_KNOTS.) CURVE() GEOMETRIC_REPRESENTATION_ITEM() 
RATIONAL_B_SPLINE_CURVE((1.,1.,0.999999999999,1.000000000002,
    0.999999999997,1.000000000004,0.999999999996,1.000000000004,
    0.999999999997,1.000000000001,0.999999999999,1.,1.)) 
REPRESENTATION_ITEM('') );
#191 = CARTESIAN_POINT('',(3.675000023695,2.543629150102));
#192 = CARTESIAN_POINT('',(3.526903838886,2.543629147));
#193 = CARTESIAN_POINT('',(3.378569424814,2.559501907293));
#194 = CARTESIAN_POINT('',(3.233271272316,2.591946442318));
#195 = CARTESIAN_POINT('',(3.079992121005,2.640594153474));
#196 = CARTESIAN_POINT('',(2.960470516838,2.718260927768));
#197 = CARTESIAN_POINT('',(2.790736907309,2.790738123133));
#198 = CARTESIAN_POINT('',(2.718260157816,2.960471619044));
#199 = CARTESIAN_POINT('',(2.64059319676,3.079993378519));
#200 = CARTESIAN_POINT('',(2.591945732276,3.233272746118));
#201 = CARTESIAN_POINT('',(2.559501356247,3.378571138776));
#202 = CARTESIAN_POINT('',(2.543628846634,3.526905833176));
#203 = CARTESIAN_POINT('',(2.543629150087,3.675002318354));
#204 = ( GEOMETRIC_REPRESENTATION_CONTEXT(2) 
PARAMETRIC_REPRESENTATION_CONTEXT() REPRESENTATION_CONTEXT('2D SPACE',''
  ) );
#205 = PCURVE('',#206,#246);
#206 = ( BOUNDED_SURFACE() B_SPLINE_SURFACE(2,12,(
    (#207,#208,#209,#210,#211,#212,#213,#214,#215,#216,#217,#218,#219)
    ,(#220,#221,#222,#223,#224,#225,#226,#227,#228,#229,#230,#231,#232)
    ,(#233,#234,#235,#236,#237,#238,#239,#240,#241,#242,#243,#244,#245
)),.UNSPECIFIED.,.F.,.F.,.F.) B_SPLINE_SURFACE_WITH_KNOTS((3,3),(13,13),
  (0.,1.570800466978),(-4.18864786316E-08,1.570800425092),
.PIECEWISE_BEZIER_KNOTS.) GEOMETRIC_REPRESENTATION_ITEM() 
RATIONAL_B_SPLINE_SURFACE((
    (1.,1.,0.999999999999,1.000000000002,0.999999999997,1.000000000004
      ,0.999999999996,1.000000000004,0.999999999997,1.000000000001
      ,0.999999999999,1.,1.)
    ,(0.923879532511,0.930141166111,0.936797994177,0.943719362779
      ,0.950140829258,0.956096832843,0.958237093007,0.956096783025
      ,0.950140804835,0.943719342042,0.936797987408,0.930141166111
      ,0.923879532511)
    ,(1.,1.,0.999999999999,1.000000000002,0.999999999997,1.000000000004
      ,0.999999999996,1.000000000004,0.999999999997,1.000000000001
,0.999999999999,1.,1.))) REPRESENTATION_ITEM('') SURFACE() );
#207 = CARTESIAN_POINT('',(-11.5,-2.456370849898,-1.949999976305));
#208 = CARTESIAN_POINT('',(-11.5,-2.456370853,-2.098096161114));
#209 = CARTESIAN_POINT('',(-11.5,-2.440498092707,-2.246430575186));
#210 = CARTESIAN_POINT('',(-11.5,-2.408053557682,-2.391728727684));
#211 = CARTESIAN_POINT('',(-11.5,-2.359405846526,-2.545007878995));
#212 = CARTESIAN_POINT('',(-11.5,-2.281739072232,-2.664529483162));
#213 = CARTESIAN_POINT('',(-11.5,-2.209261876867,-2.834263092691));
#214 = CARTESIAN_POINT('',(-11.5,-2.039528380956,-2.906739842184));
#215 = CARTESIAN_POINT('',(-11.5,-1.920006621481,-2.98440680324));
#216 = CARTESIAN_POINT('',(-11.5,-1.766727253882,-3.033054267724));
#217 = CARTESIAN_POINT('',(-11.5,-1.621428861224,-3.065498643753));
#218 = CARTESIAN_POINT('',(-11.5,-1.473094166824,-3.081371153366));
#219 = CARTESIAN_POINT('',(-11.5,-1.324997681646,-3.081370849913));
#220 = CARTESIAN_POINT('',(-11.5,-2.125,-1.949999990185));
#221 = CARTESIAN_POINT('',(-11.5,-2.140232591737,-2.054014752641));
#222 = CARTESIAN_POINT('',(-11.5,-2.147300670632,-2.162746213981));
#223 = CARTESIAN_POINT('',(-11.5,-2.144358903286,-2.273503860456));
#224 = CARTESIAN_POINT('',(-11.5,-2.12928512901,-2.404476216309));
#225 = CARTESIAN_POINT('',(-11.5,-2.083377161968,-2.495577661644));
#226 = CARTESIAN_POINT('',(-11.5,-2.047241274741,-2.67224204747));
#227 = CARTESIAN_POINT('',(-11.5,-1.870577314079,-2.70837697067));
#228 = CARTESIAN_POINT('',(-11.5,-1.779475886974,-2.754285535887));
#229 = CARTESIAN_POINT('',(-11.5,-1.648503440927,-2.769359067623));
#230 = CARTESIAN_POINT('',(-11.5,-1.537745689988,-2.772300873899));
#231 = CARTESIAN_POINT('',(-11.5,-1.429014038715,-2.765232715315));
#232 = CARTESIAN_POINT('',(-11.5,-1.324999039702,-2.749999999998));
#233 = CARTESIAN_POINT('',(-11.73431457505,-1.890685424949,-1.95));
#234 = CARTESIAN_POINT('',(-11.71580259065,-1.909197409341,
    -2.024047939893));
#235 = CARTESIAN_POINT('',(-11.69598441278,-1.925019565806,
    -2.103800403789));
#236 = CARTESIAN_POINT('',(-11.67522920137,-1.936351232543,
    -2.187038426211));
#237 = CARTESIAN_POINT('',(-11.65571221391,-1.940582117141,
    -2.296761986362));
#238 = CARTESIAN_POINT('',(-11.63769474715,-1.915545948214,
    -2.36154627677));
#239 = CARTESIAN_POINT('',(-11.63032514943,-1.909151513709,
    -2.534151820392));
#240 = CARTESIAN_POINT('',(-11.63769490429,-1.736546573518,
    -2.540545038197));
#241 = CARTESIAN_POINT('',(-11.65571228466,-1.671762422365,
    -2.565582106705));
#242 = CARTESIAN_POINT('',(-11.67522926422,-1.562038840554,
    -2.561351007515));
#243 = CARTESIAN_POINT('',(-11.69598443264,-1.478800783658,
    -2.550019523812));
#244 = CARTESIAN_POINT('',(-11.71580259065,-1.399048165164,
    -2.534197409342));
#245 = CARTESIAN_POINT('',(-11.73431457505,-1.324999999993,
    -2.515685424942));
#246 = DEFINITIONAL_REPRESENTATION('',(#247),#251);
#247 = LINE('',#248,#249);
#248 = CARTESIAN_POINT('',(0.,0.));
#249 = VECTOR('',#250,1.);
#250 = DIRECTION('',(0.,1.));
#251 = ( GEOMETRIC_REPRESENTATION_CONTEXT(2) 
PARAMETRIC_REPRESENTATION_CONTEXT() REPRESENTATION_CONTEXT('2D SPACE',''
  ) );
#252 = ORIENTED_EDGE('',*,*,#253,.F.);
#253 = EDGE_CURVE('',#254,#171,#256,.T.);
#254 = VERTEX_POINT('',#255);
#255 = CARTESIAN_POINT('',(-11.5,1.324997681646,-3.081370849913));
#256 = SURFACE_CURVE('',#257,(#260,#266),.PCURVE_S1.);
#257 = B_SPLINE_CURVE_WITH_KNOTS('',1,(#258,#259),.UNSPECIFIED.,.F.,.F.,
  (2,2),(-0.476,4.726),.PIECEWISE_BEZIER_KNOTS.);
#258 = CARTESIAN_POINT('',(-11.5,2.601,-3.081370849898));
#259 = CARTESIAN_POINT('',(-11.5,-2.601,-3.081370849898));
#260 = PCURVE('',#32,#261);
#261 = DEFINITIONAL_REPRESENTATION('',(#262),#265);
#262 = B_SPLINE_CURVE_WITH_KNOTS('',1,(#263,#264),.UNSPECIFIED.,.F.,.F.,
  (2,2),(-0.476,4.726),.PIECEWISE_BEZIER_KNOTS.);
#263 = CARTESIAN_POINT('',(2.543629150102,7.601));
#264 = CARTESIAN_POINT('',(2.543629150102,2.399));
#265 = ( GEOMETRIC_REPRESENTATION_CONTEXT(2) 
PARAMETRIC_REPRESENTATION_CONTEXT() REPRESENTATION_CONTEXT('2D SPACE',''
  ) );
#266 = PCURVE('',#267,#274);
#267 = ( BOUNDED_SURFACE() B_SPLINE_SURFACE(2,1,(
    (#268,#269)
    ,(#270,#271)
,(#272,#273
    )),.UNSPECIFIED.,.F.,.F.,.F.) B_SPLINE_SURFACE_WITH_KNOTS((3,3),(2,2
    ),(0.,5.202),(-0.476,4.726),.PIECEWISE_BEZIER_KNOTS.) 
GEOMETRIC_REPRESENTATION_ITEM() RATIONAL_B_SPLINE_SURFACE((
    (1.,1.)
    ,(0.923879532511,0.923879532511)
,(1.,1.))) REPRESENTATION_ITEM('') SURFACE() );
#268 = CARTESIAN_POINT('',(-11.5,2.601,-3.081370849898));
#269 = CARTESIAN_POINT('',(-11.5,-2.601,-3.081370849898));
#270 = CARTESIAN_POINT('',(-11.5,2.601,-2.75));
#271 = CARTESIAN_POINT('',(-11.5,-2.601,-2.75));
#272 = CARTESIAN_POINT('',(-11.73431457505,2.601,-2.515685424949));
#273 = CARTESIAN_POINT('',(-11.73431457505,-2.601,-2.515685424949));
#274 = DEFINITIONAL_REPRESENTATION('',(#275),#279);
#275 = LINE('',#276,#277);
#276 = CARTESIAN_POINT('',(0.,0.));
#277 = VECTOR('',#278,1.);
#278 = DIRECTION('',(0.,1.));
#279 = ( GEOMETRIC_REPRESENTATION_CONTEXT(2) 
PARAMETRIC_REPRESENTATION_CONTEXT() REPRESENTATION_CONTEXT('2D SPACE',''
  ) );
#280 = ORIENTED_EDGE('',*,*,#281,.F.);
#281 = EDGE_CURVE('',#282,#254,#284,.T.);
#282 = VERTEX_POINT('',#283);
#283 = CARTESIAN_POINT('',(-11.5,2.456370849898,-1.949999976305));
#284 = SURFACE_CURVE('',#285,(#299,#316),.PCURVE_S1.);
#285 = ( BOUNDED_CURVE() B_SPLINE_CURVE(12,(#286,#287,#288,#289,#290,
    #291,#292,#293,#294,#295,#296,#297,#298),.UNSPECIFIED.,.F.,.F.) 
B_SPLINE_CURVE_WITH_KNOTS((13,13),(-4.188648294937E-08,1.570800425092),
.PIECEWISE_BEZIER_KNOTS.) CURVE() GEOMETRIC_REPRESENTATION_ITEM() 
RATIONAL_B_SPLINE_CURVE((1.,1.,1.,1.,1.,1.,0.999999999999,1.000000000001
,1.,1.,1.,1.,1.)) REPRESENTATION_ITEM('') );
#286 = CARTESIAN_POINT('',(-11.5,2.456370849898,-1.949999976305));
#287 = CARTESIAN_POINT('',(-11.5,2.456370853,-2.098096161114));
#288 = CARTESIAN_POINT('',(-11.5,2.440498092707,-2.246430575186));
#289 = CARTESIAN_POINT('',(-11.5,2.408053557682,-2.391728727684));
#290 = CARTESIAN_POINT('',(-11.5,2.359405846526,-2.545007878995));
#291 = CARTESIAN_POINT('',(-11.5,2.281739072232,-2.664529483162));
#292 = CARTESIAN_POINT('',(-11.5,2.209261876867,-2.83426309269));
#293 = CARTESIAN_POINT('',(-11.5,2.039528380954,-2.906739842185));
#294 = CARTESIAN_POINT('',(-11.5,1.920006621482,-2.984406803239));
#295 = CARTESIAN_POINT('',(-11.5,1.766727253882,-3.033054267724));
#296 = CARTESIAN_POINT('',(-11.5,1.621428861225,-3.065498643753));
#297 = CARTESIAN_POINT('',(-11.5,1.473094166823,-3.081371153366));
#298 = CARTESIAN_POINT('',(-11.5,1.324997681646,-3.081370849913));
#299 = PCURVE('',#32,#300);
#300 = DEFINITIONAL_REPRESENTATION('',(#301),#315);
#301 = ( BOUNDED_CURVE() B_SPLINE_CURVE(12,(#302,#303,#304,#305,#306,
    #307,#308,#309,#310,#311,#312,#313,#314),.UNSPECIFIED.,.F.,.F.) 
B_SPLINE_CURVE_WITH_KNOTS((13,13),(-4.188648294937E-08,1.570800425092),
.PIECEWISE_BEZIER_KNOTS.) CURVE() GEOMETRIC_REPRESENTATION_ITEM() 
RATIONAL_B_SPLINE_CURVE((1.,1.,1.,1.,1.,1.,0.999999999999,1.000000000001
,1.,1.,1.,1.,1.)) REPRESENTATION_ITEM('') );
#302 = CARTESIAN_POINT('',(3.675000023695,7.456370849898));
#303 = CARTESIAN_POINT('',(3.526903838886,7.456370853));
#304 = CARTESIAN_POINT('',(3.378569424814,7.440498092707));
#305 = CARTESIAN_POINT('',(3.233271272316,7.408053557682));
#306 = CARTESIAN_POINT('',(3.079992121005,7.359405846526));
#307 = CARTESIAN_POINT('',(2.960470516838,7.281739072232));
#308 = CARTESIAN_POINT('',(2.79073690731,7.209261876867));
#309 = CARTESIAN_POINT('',(2.718260157815,7.039528380954));
#310 = CARTESIAN_POINT('',(2.640593196761,6.920006621482));
#311 = CARTESIAN_POINT('',(2.591945732276,6.766727253882));
#312 = CARTESIAN_POINT('',(2.559501356247,6.621428861225));
#313 = CARTESIAN_POINT('',(2.543628846634,6.473094166823));
#314 = CARTESIAN_POINT('',(2.543629150087,6.324997681646));
#315 = ( GEOMETRIC_REPRESENTATION_CONTEXT(2) 
PARAMETRIC_REPRESENTATION_CONTEXT() REPRESENTATION_CONTEXT('2D SPACE',''
  ) );
#316 = PCURVE('',#317,#357);
#317 = ( BOUNDED_SURFACE() B_SPLINE_SURFACE(2,12,(
    (#318,#319,#320,#321,#322,#323,#324,#325,#326,#327,#328,#329,#330)
    ,(#331,#332,#333,#334,#335,#336,#337,#338,#339,#340,#341,#342,#343)
    ,(#344,#345,#346,#347,#348,#349,#350,#351,#352,#353,#354,#355,#356
)),.UNSPECIFIED.,.F.,.F.,.F.) B_SPLINE_SURFACE_WITH_KNOTS((3,3),(13,13),
  (0.,1.570800466978),(-4.188648294937E-08,1.570800425092),
.PIECEWISE_BEZIER_KNOTS.) GEOMETRIC_REPRESENTATION_ITEM() 
RATIONAL_B_SPLINE_SURFACE((
    (1.,1.,1.,1.,1.,1.,0.999999999999,1.000000000001,1.,1.,1.,1.,1.)
    ,(0.923879532511,0.930141166111,0.936797994177,0.943719362778
      ,0.950140829261,0.956096832839,0.95823709301,0.956096783022
      ,0.950140804837,0.943719342041,0.936797987408,0.930141166111
      ,0.923879532511)
    ,(1.,1.,1.,1.,1.,1.,0.999999999999,1.000000000001,1.,1.,1.,1.,1.
))) REPRESENTATION_ITEM('') SURFACE() );
#318 = CARTESIAN_POINT('',(-11.5,2.456370849898,-1.949999976305));
#319 = CARTESIAN_POINT('',(-11.5,2.456370853,-2.098096161114));
#320 = CARTESIAN_POINT('',(-11.5,2.440498092707,-2.246430575186));
#321 = CARTESIAN_POINT('',(-11.5,2.408053557682,-2.391728727684));
#322 = CARTESIAN_POINT('',(-11.5,2.359405846526,-2.545007878995));
#323 = CARTESIAN_POINT('',(-11.5,2.281739072232,-2.664529483162));
#324 = CARTESIAN_POINT('',(-11.5,2.209261876867,-2.83426309269));
#325 = CARTESIAN_POINT('',(-11.5,2.039528380954,-2.906739842185));
#326 = CARTESIAN_POINT('',(-11.5,1.920006621482,-2.984406803239));
#327 = CARTESIAN_POINT('',(-11.5,1.766727253882,-3.033054267724));
#328 = CARTESIAN_POINT('',(-11.5,1.621428861225,-3.065498643753));
#329 = CARTESIAN_POINT('',(-11.5,1.473094166823,-3.081371153366));
#330 = CARTESIAN_POINT('',(-11.5,1.324997681646,-3.081370849913));
#331 = CARTESIAN_POINT('',(-11.5,2.125,-1.949999990185));
#332 = CARTESIAN_POINT('',(-11.5,2.140232591737,-2.054014752641));
#333 = CARTESIAN_POINT('',(-11.5,2.147300670632,-2.162746213981));
#334 = CARTESIAN_POINT('',(-11.5,2.144358903286,-2.273503860455));
#335 = CARTESIAN_POINT('',(-11.5,2.12928512901,-2.40447621631));
#336 = CARTESIAN_POINT('',(-11.5,2.083377161968,-2.495577661644));
#337 = CARTESIAN_POINT('',(-11.5,2.047241274741,-2.67224204747));
#338 = CARTESIAN_POINT('',(-11.5,1.870577314079,-2.708376970671));
#339 = CARTESIAN_POINT('',(-11.5,1.779475886975,-2.754285535886));
#340 = CARTESIAN_POINT('',(-11.5,1.648503440927,-2.769359067623));
#341 = CARTESIAN_POINT('',(-11.5,1.537745689988,-2.772300873899));
#342 = CARTESIAN_POINT('',(-11.5,1.429014038715,-2.765232715315));
#343 = CARTESIAN_POINT('',(-11.5,1.324999039702,-2.749999999998));
#344 = CARTESIAN_POINT('',(-11.73431457505,1.890685424949,-1.95));
#345 = CARTESIAN_POINT('',(-11.71580259065,1.909197409341,
    -2.024047939893));
#346 = CARTESIAN_POINT('',(-11.69598441278,1.925019565806,
    -2.103800403789));
#347 = CARTESIAN_POINT('',(-11.67522920137,1.936351232543,
    -2.187038426211));
#348 = CARTESIAN_POINT('',(-11.65571221391,1.940582117141,
    -2.296761986362));
#349 = CARTESIAN_POINT('',(-11.63769474715,1.915545948215,-2.36154627677
    ));
#350 = CARTESIAN_POINT('',(-11.63032514943,1.909151513709,
    -2.534151820391));
#351 = CARTESIAN_POINT('',(-11.63769490429,1.736546573517,
    -2.540545038198));
#352 = CARTESIAN_POINT('',(-11.65571228466,1.671762422366,
    -2.565582106704));
#353 = CARTESIAN_POINT('',(-11.67522926422,1.562038840554,
    -2.561351007515));
#354 = CARTESIAN_POINT('',(-11.69598443264,1.478800783658,
    -2.550019523812));
#355 = CARTESIAN_POINT('',(-11.71580259065,1.399048165164,
    -2.534197409342));
#356 = CARTESIAN_POINT('',(-11.73431457505,1.324999999993,
    -2.515685424942));
#357 = DEFINITIONAL_REPRESENTATION('',(#358),#362);
#358 = LINE('',#359,#360);
#359 = CARTESIAN_POINT('',(0.,0.));
#360 = VECTOR('',#361,1.);
#361 = DIRECTION('',(0.,1.));
#362 = ( GEOMETRIC_REPRESENTATION_CONTEXT(2) 
PARAMETRIC_REPRESENTATION_CONTEXT() REPRESENTATION_CONTEXT('2D SPACE',''
  ) );
#363 = ORIENTED_EDGE('',*,*,#364,.F.);
#364 = EDGE_CURVE('',#365,#282,#367,.T.);
#365 = VERTEX_POINT('',#366);
#366 = CARTESIAN_POINT('',(-11.5,2.456370849917,2.699999976286));
#367 = SURFACE_CURVE('',#368,(#371,#377),.PCURVE_S1.);
#368 = B_SPLINE_CURVE_WITH_KNOTS('',1,(#369,#370),.UNSPECIFIED.,.F.,.F.,
  (2,2),(-0.7,6.95),.PIECEWISE_BEZIER_KNOTS.);
#369 = CARTESIAN_POINT('',(-11.5,2.456370849898,4.2));
#370 = CARTESIAN_POINT('',(-11.5,2.456370849898,-3.45));
#371 = PCURVE('',#32,#372);
#372 = DEFINITIONAL_REPRESENTATION('',(#373),#376);
#373 = B_SPLINE_CURVE_WITH_KNOTS('',1,(#374,#375),.UNSPECIFIED.,.F.,.F.,
  (2,2),(-0.7,6.95),.PIECEWISE_BEZIER_KNOTS.);
#374 = CARTESIAN_POINT('',(9.825,7.456370849898));
#375 = CARTESIAN_POINT('',(2.175,7.456370849898));
#376 = ( GEOMETRIC_REPRESENTATION_CONTEXT(2) 
PARAMETRIC_REPRESENTATION_CONTEXT() REPRESENTATION_CONTEXT('2D SPACE',''
  ) );
#377 = PCURVE('',#378,#385);
#378 = ( BOUNDED_SURFACE() B_SPLINE_SURFACE(2,1,(
    (#379,#380)
    ,(#381,#382)
,(#383,#384
    )),.UNSPECIFIED.,.F.,.F.,.F.) B_SPLINE_SURFACE_WITH_KNOTS((3,3),(2,2
    ),(0.,7.65),(-0.7,6.95),.PIECEWISE_BEZIER_KNOTS.) 
GEOMETRIC_REPRESENTATION_ITEM() RATIONAL_B_SPLINE_SURFACE((
    (1.,1.)
    ,(0.923879532511,0.923879532511)
,(1.,1.))) REPRESENTATION_ITEM('') SURFACE() );
#379 = CARTESIAN_POINT('',(-11.5,2.456370849898,4.2));
#380 = CARTESIAN_POINT('',(-11.5,2.456370849898,-3.45));
#381 = CARTESIAN_POINT('',(-11.5,2.125,4.2));
#382 = CARTESIAN_POINT('',(-11.5,2.125,-3.45));
#383 = CARTESIAN_POINT('',(-11.73431457505,1.890685424949,4.2));
#384 = CARTESIAN_POINT('',(-11.73431457505,1.890685424949,-3.45));
#385 = DEFINITIONAL_REPRESENTATION('',(#386),#390);
#386 = LINE('',#387,#388);
#387 = CARTESIAN_POINT('',(0.,0.));
#388 = VECTOR('',#389,1.);
#389 = DIRECTION('',(0.,1.));
#390 = ( GEOMETRIC_REPRESENTATION_CONTEXT(2) 
PARAMETRIC_REPRESENTATION_CONTEXT() REPRESENTATION_CONTEXT('2D SPACE',''
  ) );
#391 = ORIENTED_EDGE('',*,*,#392,.F.);
#392 = EDGE_CURVE('',#393,#365,#395,.T.);
#393 = VERTEX_POINT('',#394);
#394 = CARTESIAN_POINT('',(-11.5,1.324997681663,3.831370849898));
#395 = SURFACE_CURVE('',#396,(#410,#427),.PCURVE_S1.);
#396 = ( BOUNDED_CURVE() B_SPLINE_CURVE(12,(#397,#398,#399,#400,#401,
    #402,#403,#404,#405,#406,#407,#408,#409),.UNSPECIFIED.,.F.,.F.) 
B_SPLINE_CURVE_WITH_KNOTS((13,13),(-4.098279460491E-06,1.570796368699),
.PIECEWISE_BEZIER_KNOTS.) CURVE() GEOMETRIC_REPRESENTATION_ITEM() 
RATIONAL_B_SPLINE_CURVE((1.,1.,1.000000000001,0.999999999997,
    1.000000000005,0.999999999993,1.000000000008,0.999999999994,
    1.000000000004,0.999999999998,1.000000000001,1.,1.)) 
REPRESENTATION_ITEM('') );
#397 = CARTESIAN_POINT('',(-11.5,1.324997681663,3.831370849898));
#398 = CARTESIAN_POINT('',(-11.5,1.473094166843,3.831371153364));
#399 = CARTESIAN_POINT('',(-11.5,1.621428861245,3.815498643749));
#400 = CARTESIAN_POINT('',(-11.5,1.766727253901,3.783054267719));
#401 = CARTESIAN_POINT('',(-11.5,1.920006621502,3.734406803229));
#402 = CARTESIAN_POINT('',(-11.5,2.039528380972,3.656739842177));
#403 = CARTESIAN_POINT('',(-11.5,2.209261876884,3.584263092672));
#404 = CARTESIAN_POINT('',(-11.5,2.281739072242,3.414529483142));
#405 = CARTESIAN_POINT('',(-11.5,2.359405846535,3.295007878977));
#406 = CARTESIAN_POINT('',(-11.5,2.408053557688,3.141728727663));
#407 = CARTESIAN_POINT('',(-11.5,2.44049809271,2.996430575167));
#408 = CARTESIAN_POINT('',(-11.5,2.456370853002,2.848096161094));
#409 = CARTESIAN_POINT('',(-11.5,2.456370849917,2.699999976286));
#410 = PCURVE('',#32,#411);
#411 = DEFINITIONAL_REPRESENTATION('',(#412),#426);
#412 = ( BOUNDED_CURVE() B_SPLINE_CURVE(12,(#413,#414,#415,#416,#417,
    #418,#419,#420,#421,#422,#423,#424,#425),.UNSPECIFIED.,.F.,.F.) 
B_SPLINE_CURVE_WITH_KNOTS((13,13),(-4.098279460491E-06,1.570796368699),
.PIECEWISE_BEZIER_KNOTS.) CURVE() GEOMETRIC_REPRESENTATION_ITEM() 
RATIONAL_B_SPLINE_CURVE((1.,1.,1.000000000001,0.999999999997,
    1.000000000005,0.999999999993,1.000000000008,0.999999999994,
    1.000000000004,0.999999999998,1.000000000001,1.,1.)) 
REPRESENTATION_ITEM('') );
#413 = CARTESIAN_POINT('',(9.456370849898,6.324997681663));
#414 = CARTESIAN_POINT('',(9.456371153364,6.473094166843));
#415 = CARTESIAN_POINT('',(9.440498643749,6.621428861245));
#416 = CARTESIAN_POINT('',(9.408054267719,6.766727253901));
#417 = CARTESIAN_POINT('',(9.359406803229,6.920006621502));
#418 = CARTESIAN_POINT('',(9.281739842177,7.039528380972));
#419 = CARTESIAN_POINT('',(9.209263092672,7.209261876884));
#420 = CARTESIAN_POINT('',(9.039529483142,7.281739072242));
#421 = CARTESIAN_POINT('',(8.920007878977,7.359405846535));
#422 = CARTESIAN_POINT('',(8.766728727663,7.408053557688));
#423 = CARTESIAN_POINT('',(8.621430575167,7.44049809271));
#424 = CARTESIAN_POINT('',(8.473096161094,7.456370853002));
#425 = CARTESIAN_POINT('',(8.324999976286,7.456370849917));
#426 = ( GEOMETRIC_REPRESENTATION_CONTEXT(2) 
PARAMETRIC_REPRESENTATION_CONTEXT() REPRESENTATION_CONTEXT('2D SPACE',''
  ) );
#427 = PCURVE('',#428,#468);
#428 = ( BOUNDED_SURFACE() B_SPLINE_SURFACE(2,12,(
    (#429,#430,#431,#432,#433,#434,#435,#436,#437,#438,#439,#440,#441)
    ,(#442,#443,#444,#445,#446,#447,#448,#449,#450,#451,#452,#453,#454)
    ,(#455,#456,#457,#458,#459,#460,#461,#462,#463,#464,#465,#466,#467
)),.UNSPECIFIED.,.F.,.F.,.F.) B_SPLINE_SURFACE_WITH_KNOTS((3,3),(13,13),
  (0.,1.570800466978),(-4.098279460491E-06,1.570796368699),
.PIECEWISE_BEZIER_KNOTS.) GEOMETRIC_REPRESENTATION_ITEM() 
RATIONAL_B_SPLINE_SURFACE((
    (1.,1.,1.000000000001,0.999999999997,1.000000000005,0.999999999993
      ,1.000000000008,0.999999999994,1.000000000004,0.999999999998
      ,1.000000000001,1.,1.)
    ,(0.923879532512,0.930141166111,0.93679798741,0.943719342039
      ,0.950140804843,0.956096783015,0.958237093018,0.956096832832
      ,0.950140829265,0.943719362775,0.936797994177,0.930141166109
      ,0.92387953251)
    ,(1.,1.,1.000000000001,0.999999999997,1.000000000005,0.999999999993
      ,1.000000000008,0.999999999994,1.000000000004,0.999999999998
,1.000000000001,1.,1.))) REPRESENTATION_ITEM('') SURFACE() );
#429 = CARTESIAN_POINT('',(-11.5,1.324997681663,3.831370849898));
#430 = CARTESIAN_POINT('',(-11.5,1.473094166843,3.831371153364));
#431 = CARTESIAN_POINT('',(-11.5,1.621428861245,3.815498643749));
#432 = CARTESIAN_POINT('',(-11.5,1.766727253901,3.783054267719));
#433 = CARTESIAN_POINT('',(-11.5,1.920006621502,3.734406803229));
#434 = CARTESIAN_POINT('',(-11.5,2.039528380972,3.656739842177));
#435 = CARTESIAN_POINT('',(-11.5,2.209261876884,3.584263092672));
#436 = CARTESIAN_POINT('',(-11.5,2.281739072242,3.414529483142));
#437 = CARTESIAN_POINT('',(-11.5,2.359405846535,3.295007878977));
#438 = CARTESIAN_POINT('',(-11.5,2.408053557688,3.141728727663));
#439 = CARTESIAN_POINT('',(-11.5,2.44049809271,2.996430575167));
#440 = CARTESIAN_POINT('',(-11.5,2.456370853002,2.848096161094));
#441 = CARTESIAN_POINT('',(-11.5,2.456370849917,2.699999976286));
#442 = CARTESIAN_POINT('',(-11.5,1.324999039716,3.5));
#443 = CARTESIAN_POINT('',(-11.5,1.42901403873,3.515232715316));
#444 = CARTESIAN_POINT('',(-11.5,1.537745690003,3.522300873898));
#445 = CARTESIAN_POINT('',(-11.5,1.648503440942,3.519359067622));
#446 = CARTESIAN_POINT('',(-11.5,1.779475886991,3.50428553588));
#447 = CARTESIAN_POINT('',(-11.5,1.870577314094,3.458376970668));
#448 = CARTESIAN_POINT('',(-11.5,2.047241274757,3.422242047453));
#449 = CARTESIAN_POINT('',(-11.5,2.083377161972,3.245577661627));
#450 = CARTESIAN_POINT('',(-11.5,2.129285129015,3.154476216295));
#451 = CARTESIAN_POINT('',(-11.5,2.144358903288,3.023503860438));
#452 = CARTESIAN_POINT('',(-11.5,2.147300670632,2.912746213967));
#453 = CARTESIAN_POINT('',(-11.5,2.140232591736,2.804014752626));
#454 = CARTESIAN_POINT('',(-11.5,2.124999999998,2.699999990171));
#455 = CARTESIAN_POINT('',(-11.73431457505,1.325,3.265685424949));
#456 = CARTESIAN_POINT('',(-11.71580259065,1.399048165174,3.284197409344
    ));
#457 = CARTESIAN_POINT('',(-11.69598443264,1.47880078367,3.300019523814)
  );
#458 = CARTESIAN_POINT('',(-11.67522926422,1.562038840566,3.311351007516
    ));
#459 = CARTESIAN_POINT('',(-11.65571228466,1.671762422379,3.3155821067)
  );
#460 = CARTESIAN_POINT('',(-11.63769490428,1.73654657353,3.290545038199)
  );
#461 = CARTESIAN_POINT('',(-11.63032514943,1.909151513723,3.284151820376
    ));
#462 = CARTESIAN_POINT('',(-11.63769474715,1.915545948215,3.111546276755
    ));
#463 = CARTESIAN_POINT('',(-11.65571221391,1.940582117144,3.04676198635)
  );
#464 = CARTESIAN_POINT('',(-11.67522920137,1.936351232542,2.937038426197
    ));
#465 = CARTESIAN_POINT('',(-11.69598441279,1.925019565804,2.853800403778
    ));
#466 = CARTESIAN_POINT('',(-11.71580259066,1.909197409339,2.774047939883
    ));
#467 = CARTESIAN_POINT('',(-11.73431457506,1.89068542494,2.699999999991)
  );
#468 = DEFINITIONAL_REPRESENTATION('',(#469),#473);
#469 = LINE('',#470,#471);
#470 = CARTESIAN_POINT('',(0.,0.));
#471 = VECTOR('',#472,1.);
#472 = DIRECTION('',(0.,1.));
#473 = ( GEOMETRIC_REPRESENTATION_CONTEXT(2) 
PARAMETRIC_REPRESENTATION_CONTEXT() REPRESENTATION_CONTEXT('2D SPACE',''
  ) );
#474 = ORIENTED_EDGE('',*,*,#475,.F.);
#475 = EDGE_CURVE('',#476,#393,#478,.T.);
#476 = VERTEX_POINT('',#477);
#477 = CARTESIAN_POINT('',(-11.5,-1.324997681646,3.831370849913));
#478 = SURFACE_CURVE('',#479,(#482,#488),.PCURVE_S1.);
#479 = B_SPLINE_CURVE_WITH_KNOTS('',1,(#480,#481),.UNSPECIFIED.,.F.,.F.,
  (2,2),(-0.476,4.726),.PIECEWISE_BEZIER_KNOTS.);
#480 = CARTESIAN_POINT('',(-11.5,-2.601,3.831370849898));
#481 = CARTESIAN_POINT('',(-11.5,2.601,3.831370849898));
#482 = PCURVE('',#32,#483);
#483 = DEFINITIONAL_REPRESENTATION('',(#484),#487);
#484 = B_SPLINE_CURVE_WITH_KNOTS('',1,(#485,#486),.UNSPECIFIED.,.F.,.F.,
  (2,2),(-0.476,4.726),.PIECEWISE_BEZIER_KNOTS.);
#485 = CARTESIAN_POINT('',(9.456370849898,2.399));
#486 = CARTESIAN_POINT('',(9.456370849898,7.601));
#487 = ( GEOMETRIC_REPRESENTATION_CONTEXT(2) 
PARAMETRIC_REPRESENTATION_CONTEXT() REPRESENTATION_CONTEXT('2D SPACE',''
  ) );
#488 = PCURVE('',#489,#496);
#489 = ( BOUNDED_SURFACE() B_SPLINE_SURFACE(2,1,(
    (#490,#491)
    ,(#492,#493)
,(#494,#495
    )),.UNSPECIFIED.,.F.,.F.,.F.) B_SPLINE_SURFACE_WITH_KNOTS((3,3),(2,2
    ),(0.,5.202),(-0.476,4.726),.PIECEWISE_BEZIER_KNOTS.) 
GEOMETRIC_REPRESENTATION_ITEM() RATIONAL_B_SPLINE_SURFACE((
    (1.,1.)
    ,(0.923879532511,0.923879532511)
,(1.,1.))) REPRESENTATION_ITEM('') SURFACE() );
#490 = CARTESIAN_POINT('',(-11.5,-2.601,3.831370849898));
#491 = CARTESIAN_POINT('',(-11.5,2.601,3.831370849898));
#492 = CARTESIAN_POINT('',(-11.5,-2.601,3.5));
#493 = CARTESIAN_POINT('',(-11.5,2.601,3.5));
#494 = CARTESIAN_POINT('',(-11.73431457505,-2.601,3.265685424949));
#495 = CARTESIAN_POINT('',(-11.73431457505,2.601,3.265685424949));
#496 = DEFINITIONAL_REPRESENTATION('',(#497),#501);
#497 = LINE('',#498,#499);
#498 = CARTESIAN_POINT('',(0.,0.));
#499 = VECTOR('',#500,1.);
#500 = DIRECTION('',(0.,1.));
#501 = ( GEOMETRIC_REPRESENTATION_CONTEXT(2) 
PARAMETRIC_REPRESENTATION_CONTEXT() REPRESENTATION_CONTEXT('2D SPACE',''
  ) );
#502 = ORIENTED_EDGE('',*,*,#503,.F.);
#503 = EDGE_CURVE('',#143,#476,#504,.T.);
#504 = SURFACE_CURVE('',#505,(#519,#536),.PCURVE_S1.);
#505 = ( BOUNDED_CURVE() B_SPLINE_CURVE(12,(#506,#507,#508,#509,#510,
    #511,#512,#513,#514,#515,#516,#517,#518),.UNSPECIFIED.,.F.,.F.) 
B_SPLINE_CURVE_WITH_KNOTS((13,13),(-4.188648530452E-08,1.570800425092),
.PIECEWISE_BEZIER_KNOTS.) CURVE() GEOMETRIC_REPRESENTATION_ITEM() 
RATIONAL_B_SPLINE_CURVE((1.,1.,1.000000000001,0.999999999998,
    1.000000000004,0.999999999994,1.000000000007,0.999999999994,
    1.000000000004,0.999999999998,1.000000000001,1.,1.)) 
REPRESENTATION_ITEM('') );
#506 = CARTESIAN_POINT('',(-11.5,-2.456370849898,2.699999976305));
#507 = CARTESIAN_POINT('',(-11.5,-2.456370853,2.848096161113));
#508 = CARTESIAN_POINT('',(-11.5,-2.440498092706,2.996430575186));
#509 = CARTESIAN_POINT('',(-11.5,-2.408053557683,3.141728727682));
#510 = CARTESIAN_POINT('',(-11.5,-2.359405846525,3.295007878996));
#511 = CARTESIAN_POINT('',(-11.5,-2.281739072233,3.414529483161));
#512 = CARTESIAN_POINT('',(-11.5,-2.209261876867,3.58426309269));
#513 = CARTESIAN_POINT('',(-11.5,-2.039528380954,3.656739842185));
#514 = CARTESIAN_POINT('',(-11.5,-1.920006621483,3.734406803239));
#515 = CARTESIAN_POINT('',(-11.5,-1.766727253881,3.783054267725));
#516 = CARTESIAN_POINT('',(-11.5,-1.621428861225,3.815498643753));
#517 = CARTESIAN_POINT('',(-11.5,-1.473094166823,3.831371153366));
#518 = CARTESIAN_POINT('',(-11.5,-1.324997681646,3.831370849913));
#519 = PCURVE('',#32,#520);
#520 = DEFINITIONAL_REPRESENTATION('',(#521),#535);
#521 = ( BOUNDED_CURVE() B_SPLINE_CURVE(12,(#522,#523,#524,#525,#526,
    #527,#528,#529,#530,#531,#532,#533,#534),.UNSPECIFIED.,.F.,.F.) 
B_SPLINE_CURVE_WITH_KNOTS((13,13),(-4.188648530452E-08,1.570800425092),
.PIECEWISE_BEZIER_KNOTS.) CURVE() GEOMETRIC_REPRESENTATION_ITEM() 
RATIONAL_B_SPLINE_CURVE((1.,1.,1.000000000001,0.999999999998,
    1.000000000004,0.999999999994,1.000000000007,0.999999999994,
    1.000000000004,0.999999999998,1.000000000001,1.,1.)) 
REPRESENTATION_ITEM('') );
#522 = CARTESIAN_POINT('',(8.324999976305,2.543629150102));
#523 = CARTESIAN_POINT('',(8.473096161113,2.543629147));
#524 = CARTESIAN_POINT('',(8.621430575186,2.559501907294));
#525 = CARTESIAN_POINT('',(8.766728727682,2.591946442317));
#526 = CARTESIAN_POINT('',(8.920007878996,2.640594153475));
#527 = CARTESIAN_POINT('',(9.039529483161,2.718260927767));
#528 = CARTESIAN_POINT('',(9.20926309269,2.790738123133));
#529 = CARTESIAN_POINT('',(9.281739842185,2.960471619046));
#530 = CARTESIAN_POINT('',(9.359406803239,3.079993378517));
#531 = CARTESIAN_POINT('',(9.408054267725,3.233272746119));
#532 = CARTESIAN_POINT('',(9.440498643753,3.378571138775));
#533 = CARTESIAN_POINT('',(9.456371153366,3.526905833177));
#534 = CARTESIAN_POINT('',(9.456370849913,3.675002318354));
#535 = ( GEOMETRIC_REPRESENTATION_CONTEXT(2) 
PARAMETRIC_REPRESENTATION_CONTEXT() REPRESENTATION_CONTEXT('2D SPACE',''
  ) );
#536 = PCURVE('',#537,#577);
#537 = ( BOUNDED_SURFACE() B_SPLINE_SURFACE(2,12,(
    (#538,#539,#540,#541,#542,#543,#544,#545,#546,#547,#548,#549,#550)
    ,(#551,#552,#553,#554,#555,#556,#557,#558,#559,#560,#561,#562,#563)
    ,(#564,#565,#566,#567,#568,#569,#570,#571,#572,#573,#574,#575,#576
)),.UNSPECIFIED.,.F.,.F.,.F.) B_SPLINE_SURFACE_WITH_KNOTS((3,3),(13,13),
  (0.,1.570800466978),(-4.188648530452E-08,1.570800425092),
.PIECEWISE_BEZIER_KNOTS.) GEOMETRIC_REPRESENTATION_ITEM() 
RATIONAL_B_SPLINE_SURFACE((
    (1.,1.,1.000000000001,0.999999999998,1.000000000004,0.999999999994
      ,1.000000000007,0.999999999994,1.000000000004,0.999999999998
      ,1.000000000001,1.,1.)
    ,(0.923879532511,0.93014116611,0.936797994178,0.943719362776
      ,0.950140829265,0.956096832834,0.958237093016,0.956096783017
      ,0.950140804841,0.943719342039,0.936797987409,0.93014116611
      ,0.923879532511)
    ,(1.,1.,1.000000000001,0.999999999998,1.000000000004,0.999999999994
      ,1.000000000007,0.999999999994,1.000000000004,0.999999999998
,1.000000000001,1.,1.))) REPRESENTATION_ITEM('') SURFACE() );
#538 = CARTESIAN_POINT('',(-11.5,-2.456370849898,2.699999976305));
#539 = CARTESIAN_POINT('',(-11.5,-2.456370853,2.848096161113));
#540 = CARTESIAN_POINT('',(-11.5,-2.440498092706,2.996430575186));
#541 = CARTESIAN_POINT('',(-11.5,-2.408053557683,3.141728727682));
#542 = CARTESIAN_POINT('',(-11.5,-2.359405846525,3.295007878996));
#543 = CARTESIAN_POINT('',(-11.5,-2.281739072233,3.414529483161));
#544 = CARTESIAN_POINT('',(-11.5,-2.209261876867,3.58426309269));
#545 = CARTESIAN_POINT('',(-11.5,-2.039528380954,3.656739842185));
#546 = CARTESIAN_POINT('',(-11.5,-1.920006621483,3.734406803239));
#547 = CARTESIAN_POINT('',(-11.5,-1.766727253881,3.783054267725));
#548 = CARTESIAN_POINT('',(-11.5,-1.621428861225,3.815498643753));
#549 = CARTESIAN_POINT('',(-11.5,-1.473094166823,3.831371153366));
#550 = CARTESIAN_POINT('',(-11.5,-1.324997681646,3.831370849913));
#551 = CARTESIAN_POINT('',(-11.5,-2.125,2.699999990185));
#552 = CARTESIAN_POINT('',(-11.5,-2.140232591737,2.804014752641));
#553 = CARTESIAN_POINT('',(-11.5,-2.147300670632,2.912746213982));
#554 = CARTESIAN_POINT('',(-11.5,-2.144358903287,3.023503860455));
#555 = CARTESIAN_POINT('',(-11.5,-2.129285129009,3.154476216311));
#556 = CARTESIAN_POINT('',(-11.5,-2.083377161968,3.245577661643));
#557 = CARTESIAN_POINT('',(-11.5,-2.04724127474,3.42224204747));
#558 = CARTESIAN_POINT('',(-11.5,-1.870577314078,3.458376970671));
#559 = CARTESIAN_POINT('',(-11.5,-1.779475886975,3.504285535886));
#560 = CARTESIAN_POINT('',(-11.5,-1.648503440926,3.519359067623));
#561 = CARTESIAN_POINT('',(-11.5,-1.537745689988,3.522300873898));
#562 = CARTESIAN_POINT('',(-11.5,-1.429014038715,3.515232715315));
#563 = CARTESIAN_POINT('',(-11.5,-1.324999039702,3.499999999998));
#564 = CARTESIAN_POINT('',(-11.73431457505,-1.890685424949,2.7));
#565 = CARTESIAN_POINT('',(-11.71580259065,-1.909197409341,
    2.774047939893));
#566 = CARTESIAN_POINT('',(-11.69598441278,-1.925019565806,2.85380040379
    ));
#567 = CARTESIAN_POINT('',(-11.67522920137,-1.936351232543,2.93703842621
    ));
#568 = CARTESIAN_POINT('',(-11.65571221391,-1.940582117141,
    3.046761986363));
#569 = CARTESIAN_POINT('',(-11.63769474715,-1.915545948215,
    3.111546276769));
#570 = CARTESIAN_POINT('',(-11.63032514943,-1.909151513708,
    3.284151820391));
#571 = CARTESIAN_POINT('',(-11.63769490429,-1.736546573516,
    3.290545038198));
#572 = CARTESIAN_POINT('',(-11.65571228466,-1.671762422367,
    3.315582106704));
#573 = CARTESIAN_POINT('',(-11.67522926422,-1.562038840553,
    3.311351007515));
#574 = CARTESIAN_POINT('',(-11.69598443264,-1.478800783659,
    3.300019523812));
#575 = CARTESIAN_POINT('',(-11.71580259065,-1.399048165164,
    3.284197409342));
#576 = CARTESIAN_POINT('',(-11.73431457505,-1.324999999993,
    3.265685424942));
#577 = DEFINITIONAL_REPRESENTATION('',(#578),#582);
#578 = LINE('',#579,#580);
#579 = CARTESIAN_POINT('',(0.,0.));
#580 = VECTOR('',#581,1.);
#581 = DIRECTION('',(0.,1.));
#582 = ( GEOMETRIC_REPRESENTATION_CONTEXT(2) 
PARAMETRIC_REPRESENTATION_CONTEXT() REPRESENTATION_CONTEXT('2D SPACE',''
  ) );
#583 = ADVANCED_FACE('',(#584),#44,.F.);
#584 = FACE_BOUND('',#585,.F.);
#585 = EDGE_LOOP('',(#586,#609,#637,#658));
#586 = ORIENTED_EDGE('',*,*,#587,.F.);
#587 = EDGE_CURVE('',#588,#22,#590,.T.);
#588 = VERTEX_POINT('',#589);
#589 = CARTESIAN_POINT('',(-11.49,-3.3,-3.925));
#590 = SURFACE_CURVE('',#591,(#595,#602),.PCURVE_S1.);
#591 = LINE('',#592,#593);
#592 = CARTESIAN_POINT('',(-11.49,-3.3,-3.925));
#593 = VECTOR('',#594,1.);
#594 = DIRECTION('',(-1.,0.,1.110223024625E-16));
#595 = PCURVE('',#44,#596);
#596 = DEFINITIONAL_REPRESENTATION('',(#597),#601);
#597 = LINE('',#598,#599);
#598 = CARTESIAN_POINT('',(0.,0.));
#599 = VECTOR('',#600,1.);
#600 = DIRECTION('',(1.,0.));
#601 = ( GEOMETRIC_REPRESENTATION_CONTEXT(2) 
PARAMETRIC_REPRESENTATION_CONTEXT() REPRESENTATION_CONTEXT('2D SPACE',''
  ) );
#602 = PCURVE('',#72,#603);
#603 = DEFINITIONAL_REPRESENTATION('',(#604),#608);
#604 = LINE('',#605,#606);
#605 = CARTESIAN_POINT('',(0.,0.));
#606 = VECTOR('',#607,1.);
#607 = DIRECTION('',(1.,0.));
#608 = ( GEOMETRIC_REPRESENTATION_CONTEXT(2) 
PARAMETRIC_REPRESENTATION_CONTEXT() REPRESENTATION_CONTEXT('2D SPACE',''
  ) );
#609 = ORIENTED_EDGE('',*,*,#610,.T.);
#610 = EDGE_CURVE('',#588,#611,#613,.T.);
#611 = VERTEX_POINT('',#612);
#612 = CARTESIAN_POINT('',(-11.49,3.3,-3.925));
#613 = SURFACE_CURVE('',#614,(#618,#625),.PCURVE_S1.);
#614 = LINE('',#615,#616);
#615 = CARTESIAN_POINT('',(-11.49,-3.3,-3.925));
#616 = VECTOR('',#617,1.);
#617 = DIRECTION('',(0.,1.,0.));
#618 = PCURVE('',#44,#619);
#619 = DEFINITIONAL_REPRESENTATION('',(#620),#624);
#620 = LINE('',#621,#622);
#621 = CARTESIAN_POINT('',(0.,0.));
#622 = VECTOR('',#623,1.);
#623 = DIRECTION('',(0.,-1.));
#624 = ( GEOMETRIC_REPRESENTATION_CONTEXT(2) 
PARAMETRIC_REPRESENTATION_CONTEXT() REPRESENTATION_CONTEXT('2D SPACE',''
  ) );
#625 = PCURVE('',#626,#631);
#626 = PLANE('',#627);
#627 = AXIS2_PLACEMENT_3D('',#628,#629,#630);
#628 = CARTESIAN_POINT('',(-11.49,-3.3,-3.925));
#629 = DIRECTION('',(-1.,0.,1.110223024625E-16));
#630 = DIRECTION('',(1.110223024625E-16,0.,1.));
#631 = DEFINITIONAL_REPRESENTATION('',(#632),#636);
#632 = LINE('',#633,#634);
#633 = CARTESIAN_POINT('',(0.,0.));
#634 = VECTOR('',#635,1.);
#635 = DIRECTION('',(0.,1.));
#636 = ( GEOMETRIC_REPRESENTATION_CONTEXT(2) 
PARAMETRIC_REPRESENTATION_CONTEXT() REPRESENTATION_CONTEXT('2D SPACE',''
  ) );
#637 = ORIENTED_EDGE('',*,*,#638,.T.);
#638 = EDGE_CURVE('',#611,#24,#639,.T.);
#639 = SURFACE_CURVE('',#640,(#644,#651),.PCURVE_S1.);
#640 = LINE('',#641,#642);
#641 = CARTESIAN_POINT('',(-11.49,3.3,-3.925));
#642 = VECTOR('',#643,1.);
#643 = DIRECTION('',(-1.,0.,1.110223024625E-16));
#644 = PCURVE('',#44,#645);
#645 = DEFINITIONAL_REPRESENTATION('',(#646),#650);
#646 = LINE('',#647,#648);
#647 = CARTESIAN_POINT('',(0.,-6.6));
#648 = VECTOR('',#649,1.);
#649 = DIRECTION('',(1.,0.));
#650 = ( GEOMETRIC_REPRESENTATION_CONTEXT(2) 
PARAMETRIC_REPRESENTATION_CONTEXT() REPRESENTATION_CONTEXT('2D SPACE',''
  ) );
#651 = PCURVE('',#126,#652);
#652 = DEFINITIONAL_REPRESENTATION('',(#653),#657);
#653 = LINE('',#654,#655);
#654 = CARTESIAN_POINT('',(0.,0.));
#655 = VECTOR('',#656,1.);
#656 = DIRECTION('',(1.,0.));
#657 = ( GEOMETRIC_REPRESENTATION_CONTEXT(2) 
PARAMETRIC_REPRESENTATION_CONTEXT() REPRESENTATION_CONTEXT('2D SPACE',''
  ) );
#658 = ORIENTED_EDGE('',*,*,#21,.F.);
#659 = ADVANCED_FACE('',(#660),#126,.T.);
#660 = FACE_BOUND('',#661,.T.);
#661 = EDGE_LOOP('',(#662,#685,#706,#707));
#662 = ORIENTED_EDGE('',*,*,#663,.F.);
#663 = EDGE_CURVE('',#664,#85,#666,.T.);
#664 = VERTEX_POINT('',#665);
#665 = CARTESIAN_POINT('',(-11.49,3.3,4.675));
#666 = SURFACE_CURVE('',#667,(#671,#678),.PCURVE_S1.);
#667 = LINE('',#668,#669);
#668 = CARTESIAN_POINT('',(-11.49,3.3,4.675));
#669 = VECTOR('',#670,1.);
#670 = DIRECTION('',(-1.,0.,1.110223024625E-16));
#671 = PCURVE('',#126,#672);
#672 = DEFINITIONAL_REPRESENTATION('',(#673),#677);
#673 = LINE('',#674,#675);
#674 = CARTESIAN_POINT('',(9.547918011776E-16,8.6));
#675 = VECTOR('',#676,1.);
#676 = DIRECTION('',(1.,0.));
#677 = ( GEOMETRIC_REPRESENTATION_CONTEXT(2) 
PARAMETRIC_REPRESENTATION_CONTEXT() REPRESENTATION_CONTEXT('2D SPACE',''
  ) );
#678 = PCURVE('',#100,#679);
#679 = DEFINITIONAL_REPRESENTATION('',(#680),#684);
#680 = LINE('',#681,#682);
#681 = CARTESIAN_POINT('',(0.,-6.6));
#682 = VECTOR('',#683,1.);
#683 = DIRECTION('',(1.,0.));
#684 = ( GEOMETRIC_REPRESENTATION_CONTEXT(2) 
PARAMETRIC_REPRESENTATION_CONTEXT() REPRESENTATION_CONTEXT('2D SPACE',''
  ) );
#685 = ORIENTED_EDGE('',*,*,#686,.F.);
#686 = EDGE_CURVE('',#611,#664,#687,.T.);
#687 = SURFACE_CURVE('',#688,(#692,#699),.PCURVE_S1.);
#688 = LINE('',#689,#690);
#689 = CARTESIAN_POINT('',(-11.49,3.3,-3.925));
#690 = VECTOR('',#691,1.);
#691 = DIRECTION('',(1.110223024625E-16,0.,1.));
#692 = PCURVE('',#126,#693);
#693 = DEFINITIONAL_REPRESENTATION('',(#694),#698);
#694 = LINE('',#695,#696);
#695 = CARTESIAN_POINT('',(0.,0.));
#696 = VECTOR('',#697,1.);
#697 = DIRECTION('',(0.,1.));
#698 = ( GEOMETRIC_REPRESENTATION_CONTEXT(2) 
PARAMETRIC_REPRESENTATION_CONTEXT() REPRESENTATION_CONTEXT('2D SPACE',''
  ) );
#699 = PCURVE('',#626,#700);
#700 = DEFINITIONAL_REPRESENTATION('',(#701),#705);
#701 = LINE('',#702,#703);
#702 = CARTESIAN_POINT('',(0.,6.6));
#703 = VECTOR('',#704,1.);
#704 = DIRECTION('',(1.,0.));
#705 = ( GEOMETRIC_REPRESENTATION_CONTEXT(2) 
PARAMETRIC_REPRESENTATION_CONTEXT() REPRESENTATION_CONTEXT('2D SPACE',''
  ) );
#706 = ORIENTED_EDGE('',*,*,#638,.T.);
#707 = ORIENTED_EDGE('',*,*,#112,.F.);
#708 = ADVANCED_FACE('',(#709),#100,.T.);
#709 = FACE_BOUND('',#710,.T.);
#710 = EDGE_LOOP('',(#711,#734,#755,#756));
#711 = ORIENTED_EDGE('',*,*,#712,.F.);
#712 = EDGE_CURVE('',#713,#57,#715,.T.);
#713 = VERTEX_POINT('',#714);
#714 = CARTESIAN_POINT('',(-11.49,-3.3,4.675));
#715 = SURFACE_CURVE('',#716,(#720,#727),.PCURVE_S1.);
#716 = LINE('',#717,#718);
#717 = CARTESIAN_POINT('',(-11.49,-3.3,4.675));
#718 = VECTOR('',#719,1.);
#719 = DIRECTION('',(-1.,0.,1.110223024625E-16));
#720 = PCURVE('',#100,#721);
#721 = DEFINITIONAL_REPRESENTATION('',(#722),#726);
#722 = LINE('',#723,#724);
#723 = CARTESIAN_POINT('',(0.,0.));
#724 = VECTOR('',#725,1.);
#725 = DIRECTION('',(1.,0.));
#726 = ( GEOMETRIC_REPRESENTATION_CONTEXT(2) 
PARAMETRIC_REPRESENTATION_CONTEXT() REPRESENTATION_CONTEXT('2D SPACE',''
  ) );
#727 = PCURVE('',#72,#728);
#728 = DEFINITIONAL_REPRESENTATION('',(#729),#733);
#729 = LINE('',#730,#731);
#730 = CARTESIAN_POINT('',(9.547918011776E-16,8.6));
#731 = VECTOR('',#732,1.);
#732 = DIRECTION('',(1.,0.));
#733 = ( GEOMETRIC_REPRESENTATION_CONTEXT(2) 
PARAMETRIC_REPRESENTATION_CONTEXT() REPRESENTATION_CONTEXT('2D SPACE',''
  ) );
#734 = ORIENTED_EDGE('',*,*,#735,.T.);
#735 = EDGE_CURVE('',#713,#664,#736,.T.);
#736 = SURFACE_CURVE('',#737,(#741,#748),.PCURVE_S1.);
#737 = LINE('',#738,#739);
#738 = CARTESIAN_POINT('',(-11.49,-3.3,4.675));
#739 = VECTOR('',#740,1.);
#740 = DIRECTION('',(0.,1.,0.));
#741 = PCURVE('',#100,#742);
#742 = DEFINITIONAL_REPRESENTATION('',(#743),#747);
#743 = LINE('',#744,#745);
#744 = CARTESIAN_POINT('',(0.,0.));
#745 = VECTOR('',#746,1.);
#746 = DIRECTION('',(0.,-1.));
#747 = ( GEOMETRIC_REPRESENTATION_CONTEXT(2) 
PARAMETRIC_REPRESENTATION_CONTEXT() REPRESENTATION_CONTEXT('2D SPACE',''
  ) );
#748 = PCURVE('',#626,#749);
#749 = DEFINITIONAL_REPRESENTATION('',(#750),#754);
#750 = LINE('',#751,#752);
#751 = CARTESIAN_POINT('',(8.6,0.));
#752 = VECTOR('',#753,1.);
#753 = DIRECTION('',(0.,1.));
#754 = ( GEOMETRIC_REPRESENTATION_CONTEXT(2) 
PARAMETRIC_REPRESENTATION_CONTEXT() REPRESENTATION_CONTEXT('2D SPACE',''
  ) );
#755 = ORIENTED_EDGE('',*,*,#663,.T.);
#756 = ORIENTED_EDGE('',*,*,#84,.F.);
#757 = ADVANCED_FACE('',(#758),#72,.F.);
#758 = FACE_BOUND('',#759,.F.);
#759 = EDGE_LOOP('',(#760,#761,#782,#783));
#760 = ORIENTED_EDGE('',*,*,#712,.F.);
#761 = ORIENTED_EDGE('',*,*,#762,.F.);
#762 = EDGE_CURVE('',#588,#713,#763,.T.);
#763 = SURFACE_CURVE('',#764,(#768,#775),.PCURVE_S1.);
#764 = LINE('',#765,#766);
#765 = CARTESIAN_POINT('',(-11.49,-3.3,-3.925));
#766 = VECTOR('',#767,1.);
#767 = DIRECTION('',(1.110223024625E-16,0.,1.));
#768 = PCURVE('',#72,#769);
#769 = DEFINITIONAL_REPRESENTATION('',(#770),#774);
#770 = LINE('',#771,#772);
#771 = CARTESIAN_POINT('',(0.,0.));
#772 = VECTOR('',#773,1.);
#773 = DIRECTION('',(0.,1.));
#774 = ( GEOMETRIC_REPRESENTATION_CONTEXT(2) 
PARAMETRIC_REPRESENTATION_CONTEXT() REPRESENTATION_CONTEXT('2D SPACE',''
  ) );
#775 = PCURVE('',#626,#776);
#776 = DEFINITIONAL_REPRESENTATION('',(#777),#781);
#777 = LINE('',#778,#779);
#778 = CARTESIAN_POINT('',(0.,0.));
#779 = VECTOR('',#780,1.);
#780 = DIRECTION('',(1.,0.));
#781 = ( GEOMETRIC_REPRESENTATION_CONTEXT(2) 
PARAMETRIC_REPRESENTATION_CONTEXT() REPRESENTATION_CONTEXT('2D SPACE',''
  ) );
#782 = ORIENTED_EDGE('',*,*,#587,.T.);
#783 = ORIENTED_EDGE('',*,*,#56,.F.);
#784 = ADVANCED_FACE('',(#785),#156,.F.);
#785 = FACE_BOUND('',#786,.F.);
#786 = EDGE_LOOP('',(#787,#809,#835,#855));
#787 = ORIENTED_EDGE('',*,*,#788,.T.);
#788 = EDGE_CURVE('',#141,#789,#791,.T.);
#789 = VERTEX_POINT('',#790);
#790 = CARTESIAN_POINT('',(-11.73431457505,-1.890685424949,-1.95));
#791 = SURFACE_CURVE('',#792,(#796,#802),.PCURVE_S1.);
#792 = ( BOUNDED_CURVE() B_SPLINE_CURVE(2,(#793,#794,#795),
.UNSPECIFIED.,.F.,.F.) B_SPLINE_CURVE_WITH_KNOTS((3,3),(0.,
1.570800466978),.PIECEWISE_BEZIER_KNOTS.) CURVE() 
GEOMETRIC_REPRESENTATION_ITEM() RATIONAL_B_SPLINE_CURVE((1.,
0.923879532511,1.)) REPRESENTATION_ITEM('') );
#793 = CARTESIAN_POINT('',(-11.5,-2.456370849898,-1.949999976305));
#794 = CARTESIAN_POINT('',(-11.5,-2.125,-1.949999990185));
#795 = CARTESIAN_POINT('',(-11.73431457505,-1.890685424949,-1.95));
#796 = PCURVE('',#156,#797);
#797 = DEFINITIONAL_REPRESENTATION('',(#798),#801);
#798 = B_SPLINE_CURVE_WITH_KNOTS('',1,(#799,#800),.UNSPECIFIED.,.F.,.F.,
  (2,2),(0.,1.570800466978),.PIECEWISE_BEZIER_KNOTS.);
#799 = CARTESIAN_POINT('',(0.,0.799999976306));
#800 = CARTESIAN_POINT('',(7.65,0.799999976306));
#801 = ( GEOMETRIC_REPRESENTATION_CONTEXT(2) 
PARAMETRIC_REPRESENTATION_CONTEXT() REPRESENTATION_CONTEXT('2D SPACE',''
  ) );
#802 = PCURVE('',#206,#803);
#803 = DEFINITIONAL_REPRESENTATION('',(#804),#808);
#804 = LINE('',#805,#806);
#805 = CARTESIAN_POINT('',(0.,-4.18864786316E-08));
#806 = VECTOR('',#807,1.);
#807 = DIRECTION('',(1.,0.));
#808 = ( GEOMETRIC_REPRESENTATION_CONTEXT(2) 
PARAMETRIC_REPRESENTATION_CONTEXT() REPRESENTATION_CONTEXT('2D SPACE',''
  ) );
#809 = ORIENTED_EDGE('',*,*,#810,.T.);
#810 = EDGE_CURVE('',#789,#811,#813,.T.);
#811 = VERTEX_POINT('',#812);
#812 = CARTESIAN_POINT('',(-11.73431457505,-1.890685424949,2.7));
#813 = SURFACE_CURVE('',#814,(#817,#824),.PCURVE_S1.);
#814 = B_SPLINE_CURVE_WITH_KNOTS('',1,(#815,#816),.UNSPECIFIED.,.F.,.F.,
  (2,2),(-0.7,6.95),.PIECEWISE_BEZIER_KNOTS.);
#815 = CARTESIAN_POINT('',(-11.73431457505,-1.890685424949,-3.45));
#816 = CARTESIAN_POINT('',(-11.73431457505,-1.890685424949,4.2));
#817 = PCURVE('',#156,#818);
#818 = DEFINITIONAL_REPRESENTATION('',(#819),#823);
#819 = LINE('',#820,#821);
#820 = CARTESIAN_POINT('',(7.65,0.));
#821 = VECTOR('',#822,1.);
#822 = DIRECTION('',(0.,1.));
#823 = ( GEOMETRIC_REPRESENTATION_CONTEXT(2) 
PARAMETRIC_REPRESENTATION_CONTEXT() REPRESENTATION_CONTEXT('2D SPACE',''
  ) );
#824 = PCURVE('',#825,#830);
#825 = B_SPLINE_SURFACE_WITH_KNOTS('',1,1,(
    (#826,#827)
    ,(#828,#829
    )),.UNSPECIFIED.,.F.,.F.,.F.,(2,2),(2,2),(0.,6.25),(0.,1.),
  .PIECEWISE_BEZIER_KNOTS.);
#826 = CARTESIAN_POINT('',(-11.5,-2.125,-2.75));
#827 = CARTESIAN_POINT('',(-12.75,-0.875,-1.5));
#828 = CARTESIAN_POINT('',(-11.5,-2.125,3.5));
#829 = CARTESIAN_POINT('',(-12.75,-0.875,2.25));
#830 = DEFINITIONAL_REPRESENTATION('',(#831),#834);
#831 = B_SPLINE_CURVE_WITH_KNOTS('',1,(#832,#833),.UNSPECIFIED.,.F.,.F.,
  (2,2),(-0.7,6.95),.PIECEWISE_BEZIER_KNOTS.);
#832 = CARTESIAN_POINT('',(-1.010048697044,0.187451660041));
#833 = CARTESIAN_POINT('',(7.260048697044,0.187451660041));
#834 = ( GEOMETRIC_REPRESENTATION_CONTEXT(2) 
PARAMETRIC_REPRESENTATION_CONTEXT() REPRESENTATION_CONTEXT('2D SPACE',''
  ) );
#835 = ORIENTED_EDGE('',*,*,#836,.F.);
#836 = EDGE_CURVE('',#143,#811,#837,.T.);
#837 = SURFACE_CURVE('',#838,(#842,#848),.PCURVE_S1.);
#838 = ( BOUNDED_CURVE() B_SPLINE_CURVE(2,(#839,#840,#841),
.UNSPECIFIED.,.F.,.F.) B_SPLINE_CURVE_WITH_KNOTS((3,3),(0.,
1.570800466978),.PIECEWISE_BEZIER_KNOTS.) CURVE() 
GEOMETRIC_REPRESENTATION_ITEM() RATIONAL_B_SPLINE_CURVE((1.,
0.923879532511,1.)) REPRESENTATION_ITEM('') );
#839 = CARTESIAN_POINT('',(-11.5,-2.456370849898,2.699999976305));
#840 = CARTESIAN_POINT('',(-11.5,-2.125,2.699999990185));
#841 = CARTESIAN_POINT('',(-11.73431457505,-1.890685424949,2.7));
#842 = PCURVE('',#156,#843);
#843 = DEFINITIONAL_REPRESENTATION('',(#844),#847);
#844 = B_SPLINE_CURVE_WITH_KNOTS('',1,(#845,#846),.UNSPECIFIED.,.F.,.F.,
  (2,2),(0.,1.570800466978),.PIECEWISE_BEZIER_KNOTS.);
#845 = CARTESIAN_POINT('',(0.,5.450000023694));
#846 = CARTESIAN_POINT('',(7.65,5.450000023694));
#847 = ( GEOMETRIC_REPRESENTATION_CONTEXT(2) 
PARAMETRIC_REPRESENTATION_CONTEXT() REPRESENTATION_CONTEXT('2D SPACE',''
  ) );
#848 = PCURVE('',#537,#849);
#849 = DEFINITIONAL_REPRESENTATION('',(#850),#854);
#850 = LINE('',#851,#852);
#851 = CARTESIAN_POINT('',(0.,-4.188648530452E-08));
#852 = VECTOR('',#853,1.);
#853 = DIRECTION('',(1.,0.));
#854 = ( GEOMETRIC_REPRESENTATION_CONTEXT(2) 
PARAMETRIC_REPRESENTATION_CONTEXT() REPRESENTATION_CONTEXT('2D SPACE',''
  ) );
#855 = ORIENTED_EDGE('',*,*,#140,.F.);
#856 = ADVANCED_FACE('',(#857),#206,.T.);
#857 = FACE_BOUND('',#858,.T.);
#858 = EDGE_LOOP('',(#859,#860,#953,#973));
#859 = ORIENTED_EDGE('',*,*,#788,.T.);
#860 = ORIENTED_EDGE('',*,*,#861,.T.);
#861 = EDGE_CURVE('',#789,#862,#864,.T.);
#862 = VERTEX_POINT('',#863);
#863 = CARTESIAN_POINT('',(-11.73431457505,-1.324999999993,
    -2.515685424942));
#864 = SURFACE_CURVE('',#865,(#879,#886),.PCURVE_S1.);
#865 = ( BOUNDED_CURVE() B_SPLINE_CURVE(12,(#866,#867,#868,#869,#870,
    #871,#872,#873,#874,#875,#876,#877,#878),.UNSPECIFIED.,.F.,.F.) 
B_SPLINE_CURVE_WITH_KNOTS((13,13),(-4.18864786316E-08,1.570800425092),
.PIECEWISE_BEZIER_KNOTS.) CURVE() GEOMETRIC_REPRESENTATION_ITEM() 
RATIONAL_B_SPLINE_CURVE((1.,1.,0.999999999999,1.000000000002,
    0.999999999997,1.000000000004,0.999999999996,1.000000000004,
    0.999999999997,1.000000000001,0.999999999999,1.,1.)) 
REPRESENTATION_ITEM('') );
#866 = CARTESIAN_POINT('',(-11.73431457505,-1.890685424949,-1.95));
#867 = CARTESIAN_POINT('',(-11.71580259065,-1.909197409341,
    -2.024047939893));
#868 = CARTESIAN_POINT('',(-11.69598441278,-1.925019565806,
    -2.103800403789));
#869 = CARTESIAN_POINT('',(-11.67522920137,-1.936351232543,
    -2.187038426211));
#870 = CARTESIAN_POINT('',(-11.65571221391,-1.940582117141,
    -2.296761986362));
#871 = CARTESIAN_POINT('',(-11.63769474715,-1.915545948214,
    -2.36154627677));
#872 = CARTESIAN_POINT('',(-11.63032514943,-1.909151513709,
    -2.534151820392));
#873 = CARTESIAN_POINT('',(-11.63769490429,-1.736546573518,
    -2.540545038197));
#874 = CARTESIAN_POINT('',(-11.65571228466,-1.671762422365,
    -2.565582106705));
#875 = CARTESIAN_POINT('',(-11.67522926422,-1.562038840554,
    -2.561351007515));
#876 = CARTESIAN_POINT('',(-11.69598443264,-1.478800783658,
    -2.550019523812));
#877 = CARTESIAN_POINT('',(-11.71580259065,-1.399048165164,
    -2.534197409342));
#878 = CARTESIAN_POINT('',(-11.73431457505,-1.324999999993,
    -2.515685424942));
#879 = PCURVE('',#206,#880);
#880 = DEFINITIONAL_REPRESENTATION('',(#881),#885);
#881 = LINE('',#882,#883);
#882 = CARTESIAN_POINT('',(1.570800466978,0.));
#883 = VECTOR('',#884,1.);
#884 = DIRECTION('',(0.,1.));
#885 = ( GEOMETRIC_REPRESENTATION_CONTEXT(2) 
PARAMETRIC_REPRESENTATION_CONTEXT() REPRESENTATION_CONTEXT('2D SPACE',''
  ) );
#886 = PCURVE('',#887,#930);
#887 = ( BOUNDED_SURFACE() B_SPLINE_SURFACE(2,7,(
    (#888,#889,#890,#891,#892,#893,#894,#895,#896,#897,#898,#899,#900
      ,#901)
    ,(#902,#903,#904,#905,#906,#907,#908,#909,#910,#911,#912,#913,#914
      ,#915)
    ,(#916,#917,#918,#919,#920,#921,#922,#923,#924,#925,#926,#927,#928
,#929
    )),.UNSPECIFIED.,.F.,.F.,.F.) B_SPLINE_SURFACE_WITH_KNOTS((3,3),(8,6
    ,8),(0.,2.08095199015),(0.247097500304,0.326598632371,2.407550622521
),.UNSPECIFIED.) GEOMETRIC_REPRESENTATION_ITEM() 
RATIONAL_B_SPLINE_SURFACE((
    (1.,1.,1.,1.,1.,1.,1.,1.,1.,1.,1.,1.,1.,1.)
    ,(0.866025403784,0.866025403784,0.866025403784,0.866025403784
      ,0.866025403784,0.866025403784,0.866025403784,0.866025403784
      ,0.866025403784,0.866025403784,0.866025403784,0.866025403784
      ,0.866025403784,0.866025403784)
,(1.,1.,1.,1.,1.,1.,1.,1.,1.,1.,1.,1.,1.,1.
))) REPRESENTATION_ITEM('') SURFACE() );
#888 = CARTESIAN_POINT('',(-11.4541,-2.1709,-2.230214575051));
#889 = CARTESIAN_POINT('',(-11.46065714285,-2.164342857143,
    -2.223657432194));
#890 = CARTESIAN_POINT('',(-11.46721428571,-2.157785714286,
    -2.217100289336));
#891 = CARTESIAN_POINT('',(-11.47377142857,-2.151228571429,
    -2.210543146479));
#892 = CARTESIAN_POINT('',(-11.48032857142,-2.144671428571,
    -2.203986003622));
#893 = CARTESIAN_POINT('',(-11.48688571428,-2.138114285714,
    -2.197428860765));
#894 = CARTESIAN_POINT('',(-11.49344285714,-2.131557142857,
    -2.190871717908));
#895 = CARTESIAN_POINT('',(-11.67163402738,-1.953365972617,
    -2.012680547667));
#896 = CARTESIAN_POINT('',(-11.84326805476,-1.781731945233,
    -1.841046520284));
#897 = CARTESIAN_POINT('',(-12.01490208215,-1.61009791785,
    -1.669412492901));
#898 = CARTESIAN_POINT('',(-12.18653610953,-1.438463890466,
    -1.497778465517));
#899 = CARTESIAN_POINT('',(-12.35817013691,-1.266829863083,
    -1.326144438134));
#900 = CARTESIAN_POINT('',(-12.5298041643,-1.0951958357,-1.154510410751)
  );
#901 = CARTESIAN_POINT('',(-12.70143819168,-0.923561808316,
    -0.982876383367));
#902 = CARTESIAN_POINT('',(-11.64266180831,-1.982338191684,
    -2.607338191684));
#903 = CARTESIAN_POINT('',(-11.64921895117,-1.975781048826,
    -2.600781048826));
#904 = CARTESIAN_POINT('',(-11.65577609403,-1.969223905969,
    -2.594223905969));
#905 = CARTESIAN_POINT('',(-11.66233323688,-1.962666763112,
    -2.587666763112));
#906 = CARTESIAN_POINT('',(-11.66889037974,-1.956109620255,
    -2.581109620255));
#907 = CARTESIAN_POINT('',(-11.6754475226,-1.949552477398,
    -2.574552477398));
#908 = CARTESIAN_POINT('',(-11.68200466545,-1.942995334541,
    -2.567995334541));
#909 = CARTESIAN_POINT('',(-11.8601958357,-1.7648041643,-2.3898041643));
#910 = CARTESIAN_POINT('',(-12.03182986308,-1.593170136917,
    -2.218170136917));
#911 = CARTESIAN_POINT('',(-12.20346389046,-1.421536109533,
    -2.046536109533));
#912 = CARTESIAN_POINT('',(-12.37509791785,-1.24990208215,-1.87490208215
    ));
#913 = CARTESIAN_POINT('',(-12.54673194523,-1.078268054767,
    -1.703268054767));
#914 = CARTESIAN_POINT('',(-12.71836597261,-0.906634027383,
    -1.531634027383));
#915 = CARTESIAN_POINT('',(-12.89,-0.735,-1.36));
#916 = CARTESIAN_POINT('',(-11.4541,-1.605214575051,-2.7959));
#917 = CARTESIAN_POINT('',(-11.46065714285,-1.598657432194,
    -2.789342857143));
#918 = CARTESIAN_POINT('',(-11.46721428571,-1.592100289336,
    -2.782785714286));
#919 = CARTESIAN_POINT('',(-11.47377142857,-1.585543146479,
    -2.776228571429));
#920 = CARTESIAN_POINT('',(-11.48032857142,-1.578986003622,
    -2.769671428571));
#921 = CARTESIAN_POINT('',(-11.48688571428,-1.572428860765,
    -2.763114285714));
#922 = CARTESIAN_POINT('',(-11.49344285714,-1.565871717908,
    -2.756557142857));
#923 = CARTESIAN_POINT('',(-11.67163402738,-1.387680547667,
    -2.578365972617));
#924 = CARTESIAN_POINT('',(-11.84326805476,-1.216046520284,
    -2.406731945233));
#925 = CARTESIAN_POINT('',(-12.01490208215,-1.044412492901,
    -2.23509791785));
#926 = CARTESIAN_POINT('',(-12.18653610953,-0.872778465517,
    -2.063463890466));
#927 = CARTESIAN_POINT('',(-12.35817013691,-0.701144438134,
    -1.891829863083));
#928 = CARTESIAN_POINT('',(-12.5298041643,-0.529510410751,-1.7201958357)
  );
#929 = CARTESIAN_POINT('',(-12.70143819168,-0.357876383367,
    -1.548561808316));
#930 = DEFINITIONAL_REPRESENTATION('',(#931),#952);
#931 = B_SPLINE_CURVE_WITH_KNOTS('',10,(#932,#933,#934,#935,#936,#937,
    #938,#939,#940,#941,#942,#943,#944,#945,#946,#947,#948,#949,#950,
    #951),.UNSPECIFIED.,.F.,.F.,(11,9,11),(-4.18864786316E-08,
    0.785400191603,1.570800425092),.UNSPECIFIED.);
#932 = CARTESIAN_POINT('',(-5.551115182754E-16,0.732443381313));
#933 = CARTESIAN_POINT('',(7.077044768195E-02,0.693966943489));
#934 = CARTESIAN_POINT('',(0.145655707132,0.654542790372));
#935 = CARTESIAN_POINT('',(0.225096012231,0.614936345881));
#936 = CARTESIAN_POINT('',(0.314014993626,0.573416148042));
#937 = CARTESIAN_POINT('',(0.410163446637,0.53453379258));
#938 = CARTESIAN_POINT('',(0.518631752653,0.495953483619));
#939 = CARTESIAN_POINT('',(0.639588812918,0.463669148606));
#940 = CARTESIAN_POINT('',(0.770074461072,0.440734832272));
#941 = CARTESIAN_POINT('',(0.905272769071,0.429295880784));
#942 = CARTESIAN_POINT('',(1.17567832902,0.429295885174));
#943 = CARTESIAN_POINT('',(1.310876614051,0.440734841028));
#944 = CARTESIAN_POINT('',(1.4413622152,0.463669149775));
#945 = CARTESIAN_POINT('',(1.562319233963,0.495953452107));
#946 = CARTESIAN_POINT('',(1.670787538257,0.534533707658));
#947 = CARTESIAN_POINT('',(1.766936109283,0.573416011802));
#948 = CARTESIAN_POINT('',(1.855855223689,0.61493621644));
#949 = CARTESIAN_POINT('',(1.935295746212,0.654542662142));
#950 = CARTESIAN_POINT('',(2.010181255406,0.693966865453));
#951 = CARTESIAN_POINT('',(2.080951990165,0.732443381317));
#952 = ( GEOMETRIC_REPRESENTATION_CONTEXT(2) 
PARAMETRIC_REPRESENTATION_CONTEXT() REPRESENTATION_CONTEXT('2D SPACE',''
  ) );
#953 = ORIENTED_EDGE('',*,*,#954,.F.);
#954 = EDGE_CURVE('',#171,#862,#955,.T.);
#955 = SURFACE_CURVE('',#956,(#960,#967),.PCURVE_S1.);
#956 = ( BOUNDED_CURVE() B_SPLINE_CURVE(2,(#957,#958,#959),
.UNSPECIFIED.,.F.,.F.) B_SPLINE_CURVE_WITH_KNOTS((3,3),(0.,
1.570800466978),.PIECEWISE_BEZIER_KNOTS.) CURVE() 
GEOMETRIC_REPRESENTATION_ITEM() RATIONAL_B_SPLINE_CURVE((1.,
0.923879532511,1.)) REPRESENTATION_ITEM('') );
#957 = CARTESIAN_POINT('',(-11.5,-1.324997681646,-3.081370849913));
#958 = CARTESIAN_POINT('',(-11.5,-1.324999039702,-2.749999999998));
#959 = CARTESIAN_POINT('',(-11.73431457505,-1.324999999993,
    -2.515685424942));
#960 = PCURVE('',#206,#961);
#961 = DEFINITIONAL_REPRESENTATION('',(#962),#966);
#962 = LINE('',#963,#964);
#963 = CARTESIAN_POINT('',(0.,1.570800425092));
#964 = VECTOR('',#965,1.);
#965 = DIRECTION('',(1.,0.));
#966 = ( GEOMETRIC_REPRESENTATION_CONTEXT(2) 
PARAMETRIC_REPRESENTATION_CONTEXT() REPRESENTATION_CONTEXT('2D SPACE',''
  ) );
#967 = PCURVE('',#267,#968);
#968 = DEFINITIONAL_REPRESENTATION('',(#969),#972);
#969 = B_SPLINE_CURVE_WITH_KNOTS('',1,(#970,#971),.UNSPECIFIED.,.F.,.F.,
  (2,2),(0.,1.570800466978),.PIECEWISE_BEZIER_KNOTS.);
#970 = CARTESIAN_POINT('',(1.76985981426E-10,3.450002318339));
#971 = CARTESIAN_POINT('',(5.201999999894,3.450002318339));
#972 = ( GEOMETRIC_REPRESENTATION_CONTEXT(2) 
PARAMETRIC_REPRESENTATION_CONTEXT() REPRESENTATION_CONTEXT('2D SPACE',''
  ) );
#973 = ORIENTED_EDGE('',*,*,#170,.F.);
#974 = ADVANCED_FACE('',(#975),#537,.F.);
#975 = FACE_BOUND('',#976,.F.);
#976 = EDGE_LOOP('',(#977,#978,#1071,#1091));
#977 = ORIENTED_EDGE('',*,*,#836,.T.);
#978 = ORIENTED_EDGE('',*,*,#979,.T.);
#979 = EDGE_CURVE('',#811,#980,#982,.T.);
#980 = VERTEX_POINT('',#981);
#981 = CARTESIAN_POINT('',(-11.73431457505,-1.324999999993,
    3.265685424942));
#982 = SURFACE_CURVE('',#983,(#997,#1004),.PCURVE_S1.);
#983 = ( BOUNDED_CURVE() B_SPLINE_CURVE(12,(#984,#985,#986,#987,#988,
    #989,#990,#991,#992,#993,#994,#995,#996),.UNSPECIFIED.,.F.,.F.) 
B_SPLINE_CURVE_WITH_KNOTS((13,13),(-4.188648530452E-08,1.570800425092),
.PIECEWISE_BEZIER_KNOTS.) CURVE() GEOMETRIC_REPRESENTATION_ITEM() 
RATIONAL_B_SPLINE_CURVE((1.,1.,1.000000000001,0.999999999998,
    1.000000000004,0.999999999994,1.000000000007,0.999999999994,
    1.000000000004,0.999999999998,1.000000000001,1.,1.)) 
REPRESENTATION_ITEM('') );
#984 = CARTESIAN_POINT('',(-11.73431457505,-1.890685424949,2.7));
#985 = CARTESIAN_POINT('',(-11.71580259065,-1.909197409341,
    2.774047939893));
#986 = CARTESIAN_POINT('',(-11.69598441278,-1.925019565806,2.85380040379
    ));
#987 = CARTESIAN_POINT('',(-11.67522920137,-1.936351232543,2.93703842621
    ));
#988 = CARTESIAN_POINT('',(-11.65571221391,-1.940582117141,
    3.046761986363));
#989 = CARTESIAN_POINT('',(-11.63769474715,-1.915545948215,
    3.111546276769));
#990 = CARTESIAN_POINT('',(-11.63032514943,-1.909151513708,
    3.284151820391));
#991 = CARTESIAN_POINT('',(-11.63769490429,-1.736546573516,
    3.290545038198));
#992 = CARTESIAN_POINT('',(-11.65571228466,-1.671762422367,
    3.315582106704));
#993 = CARTESIAN_POINT('',(-11.67522926422,-1.562038840553,
    3.311351007515));
#994 = CARTESIAN_POINT('',(-11.69598443264,-1.478800783659,
    3.300019523812));
#995 = CARTESIAN_POINT('',(-11.71580259065,-1.399048165164,
    3.284197409342));
#996 = CARTESIAN_POINT('',(-11.73431457505,-1.324999999993,
    3.265685424942));
#997 = PCURVE('',#537,#998);
#998 = DEFINITIONAL_REPRESENTATION('',(#999),#1003);
#999 = LINE('',#1000,#1001);
#1000 = CARTESIAN_POINT('',(1.570800466978,0.));
#1001 = VECTOR('',#1002,1.);
#1002 = DIRECTION('',(0.,1.));
#1003 = ( GEOMETRIC_REPRESENTATION_CONTEXT(2) 
PARAMETRIC_REPRESENTATION_CONTEXT() REPRESENTATION_CONTEXT('2D SPACE',''
  ) );
#1004 = PCURVE('',#1005,#1048);
#1005 = ( BOUNDED_SURFACE() B_SPLINE_SURFACE(2,7,(
    (#1006,#1007,#1008,#1009,#1010,#1011,#1012,#1013,#1014,#1015,#1016
      ,#1017,#1018,#1019)
    ,(#1020,#1021,#1022,#1023,#1024,#1025,#1026,#1027,#1028,#1029,#1030
      ,#1031,#1032,#1033)
    ,(#1034,#1035,#1036,#1037,#1038,#1039,#1040,#1041,#1042,#1043,#1044
      ,#1045,#1046,#1047
)),.UNSPECIFIED.,.F.,.F.,.F.) B_SPLINE_SURFACE_WITH_KNOTS((3,3),(8,6,8),
  (0.,2.08095199015),(0.247097500304,0.326598632371,2.407550622521),
.UNSPECIFIED.) GEOMETRIC_REPRESENTATION_ITEM() RATIONAL_B_SPLINE_SURFACE
((
    (1.,1.,1.,1.,1.,1.,1.,1.,1.,1.,1.,1.,1.,1.)
    ,(0.866025403784,0.866025403784,0.866025403784,0.866025403784
      ,0.866025403784,0.866025403784,0.866025403784,0.866025403784
      ,0.866025403784,0.866025403784,0.866025403784,0.866025403784
      ,0.866025403784,0.866025403784)
,(1.,1.,1.,1.,1.,1.,1.,1.,1.,1.,1.,1.,1.,1.
))) REPRESENTATION_ITEM('') SURFACE() );
#1006 = CARTESIAN_POINT('',(-11.4541,-2.1709,2.980214575051));
#1007 = CARTESIAN_POINT('',(-11.46065714285,-2.164342857143,
    2.973657432194));
#1008 = CARTESIAN_POINT('',(-11.46721428571,-2.157785714286,
    2.967100289336));
#1009 = CARTESIAN_POINT('',(-11.47377142857,-2.151228571429,
    2.960543146479));
#1010 = CARTESIAN_POINT('',(-11.48032857142,-2.144671428571,
    2.953986003622));
#1011 = CARTESIAN_POINT('',(-11.48688571428,-2.138114285714,
    2.947428860765));
#1012 = CARTESIAN_POINT('',(-11.49344285714,-2.131557142857,
    2.940871717908));
#1013 = CARTESIAN_POINT('',(-11.67163402738,-1.953365972617,
    2.762680547667));
#1014 = CARTESIAN_POINT('',(-11.84326805476,-1.781731945233,
    2.591046520284));
#1015 = CARTESIAN_POINT('',(-12.01490208215,-1.61009791785,
    2.419412492901));
#1016 = CARTESIAN_POINT('',(-12.18653610953,-1.438463890466,
    2.247778465517));
#1017 = CARTESIAN_POINT('',(-12.35817013691,-1.266829863083,
    2.076144438134));
#1018 = CARTESIAN_POINT('',(-12.5298041643,-1.0951958357,1.904510410751)
  );
#1019 = CARTESIAN_POINT('',(-12.70143819168,-0.923561808316,
    1.732876383367));
#1020 = CARTESIAN_POINT('',(-11.64266180831,-1.982338191684,
    3.357338191684));
#1021 = CARTESIAN_POINT('',(-11.64921895117,-1.975781048826,
    3.350781048826));
#1022 = CARTESIAN_POINT('',(-11.65577609403,-1.969223905969,
    3.344223905969));
#1023 = CARTESIAN_POINT('',(-11.66233323688,-1.962666763112,
    3.337666763112));
#1024 = CARTESIAN_POINT('',(-11.66889037974,-1.956109620255,
    3.331109620255));
#1025 = CARTESIAN_POINT('',(-11.6754475226,-1.949552477398,
    3.324552477398));
#1026 = CARTESIAN_POINT('',(-11.68200466545,-1.942995334541,
    3.317995334541));
#1027 = CARTESIAN_POINT('',(-11.8601958357,-1.7648041643,3.1398041643));
#1028 = CARTESIAN_POINT('',(-12.03182986308,-1.593170136917,
    2.968170136917));
#1029 = CARTESIAN_POINT('',(-12.20346389046,-1.421536109533,
    2.796536109533));
#1030 = CARTESIAN_POINT('',(-12.37509791785,-1.24990208215,2.62490208215
    ));
#1031 = CARTESIAN_POINT('',(-12.54673194523,-1.078268054767,
    2.453268054767));
#1032 = CARTESIAN_POINT('',(-12.71836597261,-0.906634027383,
    2.281634027383));
#1033 = CARTESIAN_POINT('',(-12.89,-0.735,2.11));
#1034 = CARTESIAN_POINT('',(-11.4541,-1.605214575051,3.5459));
#1035 = CARTESIAN_POINT('',(-11.46065714285,-1.598657432194,
    3.539342857143));
#1036 = CARTESIAN_POINT('',(-11.46721428571,-1.592100289336,
    3.532785714286));
#1037 = CARTESIAN_POINT('',(-11.47377142857,-1.585543146479,
    3.526228571429));
#1038 = CARTESIAN_POINT('',(-11.48032857142,-1.578986003622,
    3.519671428571));
#1039 = CARTESIAN_POINT('',(-11.48688571428,-1.572428860765,
    3.513114285714));
#1040 = CARTESIAN_POINT('',(-11.49344285714,-1.565871717908,
    3.506557142857));
#1041 = CARTESIAN_POINT('',(-11.67163402738,-1.387680547667,
    3.328365972617));
#1042 = CARTESIAN_POINT('',(-11.84326805476,-1.216046520284,
    3.156731945233));
#1043 = CARTESIAN_POINT('',(-12.01490208215,-1.044412492901,
    2.98509791785));
#1044 = CARTESIAN_POINT('',(-12.18653610953,-0.872778465517,
    2.813463890466));
#1045 = CARTESIAN_POINT('',(-12.35817013691,-0.701144438134,
    2.641829863083));
#1046 = CARTESIAN_POINT('',(-12.5298041643,-0.529510410751,2.4701958357)
  );
#1047 = CARTESIAN_POINT('',(-12.70143819168,-0.357876383367,
    2.298561808316));
#1048 = DEFINITIONAL_REPRESENTATION('',(#1049),#1070);
#1049 = B_SPLINE_CURVE_WITH_KNOTS('',10,(#1050,#1051,#1052,#1053,#1054,
    #1055,#1056,#1057,#1058,#1059,#1060,#1061,#1062,#1063,#1064,#1065,
    #1066,#1067,#1068,#1069),.UNSPECIFIED.,.F.,.F.,(11,9,11),(
    -4.188648530452E-08,0.785400191603,1.570800425092),.UNSPECIFIED.);
#1050 = CARTESIAN_POINT('',(-5.551114526844E-17,0.732443381313));
#1051 = CARTESIAN_POINT('',(7.07704476816E-02,0.693966943489));
#1052 = CARTESIAN_POINT('',(0.145655707133,0.654542790372));
#1053 = CARTESIAN_POINT('',(0.22509601223,0.614936345882));
#1054 = CARTESIAN_POINT('',(0.314014993626,0.573416148041));
#1055 = CARTESIAN_POINT('',(0.410163446637,0.53453379258));
#1056 = CARTESIAN_POINT('',(0.518631752653,0.495953483618));
#1057 = CARTESIAN_POINT('',(0.639588812918,0.463669148606));
#1058 = CARTESIAN_POINT('',(0.770074461072,0.440734832272));
#1059 = CARTESIAN_POINT('',(0.905272769071,0.429295880784));
#1060 = CARTESIAN_POINT('',(1.17567832902,0.429295885174));
#1061 = CARTESIAN_POINT('',(1.310876614052,0.440734841029));
#1062 = CARTESIAN_POINT('',(1.441362215199,0.463669149772));
#1063 = CARTESIAN_POINT('',(1.562319233966,0.495953452116));
#1064 = CARTESIAN_POINT('',(1.670787538254,0.534533707644));
#1065 = CARTESIAN_POINT('',(1.766936109285,0.573416011815));
#1066 = CARTESIAN_POINT('',(1.855855223688,0.614936216432));
#1067 = CARTESIAN_POINT('',(1.935295746211,0.654542662144));
#1068 = CARTESIAN_POINT('',(2.010181255406,0.693966865453));
#1069 = CARTESIAN_POINT('',(2.080951990165,0.732443381317));
#1070 = ( GEOMETRIC_REPRESENTATION_CONTEXT(2) 
PARAMETRIC_REPRESENTATION_CONTEXT() REPRESENTATION_CONTEXT('2D SPACE',''
  ) );
#1071 = ORIENTED_EDGE('',*,*,#1072,.F.);
#1072 = EDGE_CURVE('',#476,#980,#1073,.T.);
#1073 = SURFACE_CURVE('',#1074,(#1078,#1085),.PCURVE_S1.);
#1074 = ( BOUNDED_CURVE() B_SPLINE_CURVE(2,(#1075,#1076,#1077),
.UNSPECIFIED.,.F.,.F.) B_SPLINE_CURVE_WITH_KNOTS((3,3),(0.,
1.570800466978),.PIECEWISE_BEZIER_KNOTS.) CURVE() 
GEOMETRIC_REPRESENTATION_ITEM() RATIONAL_B_SPLINE_CURVE((1.,
0.923879532511,1.)) REPRESENTATION_ITEM('') );
#1075 = CARTESIAN_POINT('',(-11.5,-1.324997681646,3.831370849913));
#1076 = CARTESIAN_POINT('',(-11.5,-1.324999039702,3.499999999998));
#1077 = CARTESIAN_POINT('',(-11.73431457505,-1.324999999993,
    3.265685424942));
#1078 = PCURVE('',#537,#1079);
#1079 = DEFINITIONAL_REPRESENTATION('',(#1080),#1084);
#1080 = LINE('',#1081,#1082);
#1081 = CARTESIAN_POINT('',(0.,1.570800425092));
#1082 = VECTOR('',#1083,1.);
#1083 = DIRECTION('',(1.,0.));
#1084 = ( GEOMETRIC_REPRESENTATION_CONTEXT(2) 
PARAMETRIC_REPRESENTATION_CONTEXT() REPRESENTATION_CONTEXT('2D SPACE',''
  ) );
#1085 = PCURVE('',#489,#1086);
#1086 = DEFINITIONAL_REPRESENTATION('',(#1087),#1090);
#1087 = B_SPLINE_CURVE_WITH_KNOTS('',1,(#1088,#1089),.UNSPECIFIED.,.F.,
  .F.,(2,2),(0.,1.570800466978),.PIECEWISE_BEZIER_KNOTS.);
#1088 = CARTESIAN_POINT('',(1.769988600131E-10,0.799997681661));
#1089 = CARTESIAN_POINT('',(5.201999999894,0.799997681661));
#1090 = ( GEOMETRIC_REPRESENTATION_CONTEXT(2) 
PARAMETRIC_REPRESENTATION_CONTEXT() REPRESENTATION_CONTEXT('2D SPACE',''
  ) );
#1091 = ORIENTED_EDGE('',*,*,#503,.F.);
#1092 = ADVANCED_FACE('',(#1093),#267,.F.);
#1093 = FACE_BOUND('',#1094,.F.);
#1094 = EDGE_LOOP('',(#1095,#1117,#1141,#1142));
#1095 = ORIENTED_EDGE('',*,*,#1096,.T.);
#1096 = EDGE_CURVE('',#254,#1097,#1099,.T.);
#1097 = VERTEX_POINT('',#1098);
#1098 = CARTESIAN_POINT('',(-11.73431457505,1.324999999993,
    -2.515685424942));
#1099 = SURFACE_CURVE('',#1100,(#1104,#1110),.PCURVE_S1.);
#1100 = ( BOUNDED_CURVE() B_SPLINE_CURVE(2,(#1101,#1102,#1103),
.UNSPECIFIED.,.F.,.F.) B_SPLINE_CURVE_WITH_KNOTS((3,3),(0.,
1.570800466978),.PIECEWISE_BEZIER_KNOTS.) CURVE() 
GEOMETRIC_REPRESENTATION_ITEM() RATIONAL_B_SPLINE_CURVE((1.,
0.923879532511,1.)) REPRESENTATION_ITEM('') );
#1101 = CARTESIAN_POINT('',(-11.5,1.324997681646,-3.081370849913));
#1102 = CARTESIAN_POINT('',(-11.5,1.324999039702,-2.749999999998));
#1103 = CARTESIAN_POINT('',(-11.73431457505,1.324999999993,
    -2.515685424942));
#1104 = PCURVE('',#267,#1105);
#1105 = DEFINITIONAL_REPRESENTATION('',(#1106),#1109);
#1106 = B_SPLINE_CURVE_WITH_KNOTS('',1,(#1107,#1108),.UNSPECIFIED.,.F.,
  .F.,(2,2),(0.,1.570800466978),.PIECEWISE_BEZIER_KNOTS.);
#1107 = CARTESIAN_POINT('',(1.770024127268E-10,0.799997681661));
#1108 = CARTESIAN_POINT('',(5.201999999894,0.799997681661));
#1109 = ( GEOMETRIC_REPRESENTATION_CONTEXT(2) 
PARAMETRIC_REPRESENTATION_CONTEXT() REPRESENTATION_CONTEXT('2D SPACE',''
  ) );
#1110 = PCURVE('',#317,#1111);
#1111 = DEFINITIONAL_REPRESENTATION('',(#1112),#1116);
#1112 = LINE('',#1113,#1114);
#1113 = CARTESIAN_POINT('',(0.,1.570800425092));
#1114 = VECTOR('',#1115,1.);
#1115 = DIRECTION('',(1.,0.));
#1116 = ( GEOMETRIC_REPRESENTATION_CONTEXT(2) 
PARAMETRIC_REPRESENTATION_CONTEXT() REPRESENTATION_CONTEXT('2D SPACE',''
  ) );
#1117 = ORIENTED_EDGE('',*,*,#1118,.T.);
#1118 = EDGE_CURVE('',#1097,#862,#1119,.T.);
#1119 = SURFACE_CURVE('',#1120,(#1123,#1130),.PCURVE_S1.);
#1120 = B_SPLINE_CURVE_WITH_KNOTS('',1,(#1121,#1122),.UNSPECIFIED.,.F.,
  .F.,(2,2),(-0.476,4.726),.PIECEWISE_BEZIER_KNOTS.);
#1121 = CARTESIAN_POINT('',(-11.73431457505,2.601,-2.515685424949));
#1122 = CARTESIAN_POINT('',(-11.73431457505,-2.601,-2.515685424949));
#1123 = PCURVE('',#267,#1124);
#1124 = DEFINITIONAL_REPRESENTATION('',(#1125),#1129);
#1125 = LINE('',#1126,#1127);
#1126 = CARTESIAN_POINT('',(5.202,0.));
#1127 = VECTOR('',#1128,1.);
#1128 = DIRECTION('',(0.,1.));
#1129 = ( GEOMETRIC_REPRESENTATION_CONTEXT(2) 
PARAMETRIC_REPRESENTATION_CONTEXT() REPRESENTATION_CONTEXT('2D SPACE',''
  ) );
#1130 = PCURVE('',#1131,#1136);
#1131 = B_SPLINE_SURFACE_WITH_KNOTS('',1,1,(
    (#1132,#1133)
    ,(#1134,#1135
    )),.UNSPECIFIED.,.F.,.F.,.F.,(2,2),(2,2),(0.,4.25),(0.,1.),
  .PIECEWISE_BEZIER_KNOTS.);
#1132 = CARTESIAN_POINT('',(-11.5,2.125,-2.75));
#1133 = CARTESIAN_POINT('',(-12.75,0.875,-1.5));
#1134 = CARTESIAN_POINT('',(-11.5,-2.125,-2.75));
#1135 = CARTESIAN_POINT('',(-12.75,-0.875,-1.5));
#1136 = DEFINITIONAL_REPRESENTATION('',(#1137),#1140);
#1137 = B_SPLINE_CURVE_WITH_KNOTS('',1,(#1138,#1139),.UNSPECIFIED.,.F.,
  .F.,(2,2),(-0.476,4.726),.PIECEWISE_BEZIER_KNOTS.);
#1138 = CARTESIAN_POINT('',(-0.798344585548,0.187451660041));
#1139 = CARTESIAN_POINT('',(5.048344585548,0.187451660041));
#1140 = ( GEOMETRIC_REPRESENTATION_CONTEXT(2) 
PARAMETRIC_REPRESENTATION_CONTEXT() REPRESENTATION_CONTEXT('2D SPACE',''
  ) );
#1141 = ORIENTED_EDGE('',*,*,#954,.F.);
#1142 = ORIENTED_EDGE('',*,*,#253,.F.);
#1143 = ADVANCED_FACE('',(#1144),#489,.F.);
#1144 = FACE_BOUND('',#1145,.F.);
#1145 = EDGE_LOOP('',(#1146,#1147,#1173,#1193));
#1146 = ORIENTED_EDGE('',*,*,#1072,.T.);
#1147 = ORIENTED_EDGE('',*,*,#1148,.T.);
#1148 = EDGE_CURVE('',#980,#1149,#1151,.T.);
#1149 = VERTEX_POINT('',#1150);
#1150 = CARTESIAN_POINT('',(-11.73431457505,1.325,3.265685424949));
#1151 = SURFACE_CURVE('',#1152,(#1155,#1162),.PCURVE_S1.);
#1152 = B_SPLINE_CURVE_WITH_KNOTS('',1,(#1153,#1154),.UNSPECIFIED.,.F.,
  .F.,(2,2),(-0.476,4.726),.PIECEWISE_BEZIER_KNOTS.);
#1153 = CARTESIAN_POINT('',(-11.73431457505,-2.601,3.265685424949));
#1154 = CARTESIAN_POINT('',(-11.73431457505,2.601,3.265685424949));
#1155 = PCURVE('',#489,#1156);
#1156 = DEFINITIONAL_REPRESENTATION('',(#1157),#1161);
#1157 = LINE('',#1158,#1159);
#1158 = CARTESIAN_POINT('',(5.202,0.));
#1159 = VECTOR('',#1160,1.);
#1160 = DIRECTION('',(0.,1.));
#1161 = ( GEOMETRIC_REPRESENTATION_CONTEXT(2) 
PARAMETRIC_REPRESENTATION_CONTEXT() REPRESENTATION_CONTEXT('2D SPACE',''
  ) );
#1162 = PCURVE('',#1163,#1168);
#1163 = B_SPLINE_SURFACE_WITH_KNOTS('',1,1,(
    (#1164,#1165)
    ,(#1166,#1167
    )),.UNSPECIFIED.,.F.,.F.,.F.,(2,2),(2,2),(0.,4.25),(0.,1.),
  .PIECEWISE_BEZIER_KNOTS.);
#1164 = CARTESIAN_POINT('',(-11.5,-2.125,3.5));
#1165 = CARTESIAN_POINT('',(-12.75,-0.875,2.25));
#1166 = CARTESIAN_POINT('',(-11.5,2.125,3.5));
#1167 = CARTESIAN_POINT('',(-12.75,0.875,2.25));
#1168 = DEFINITIONAL_REPRESENTATION('',(#1169),#1172);
#1169 = B_SPLINE_CURVE_WITH_KNOTS('',1,(#1170,#1171),.UNSPECIFIED.,.F.,
  .F.,(2,2),(-0.476,4.726),.PIECEWISE_BEZIER_KNOTS.);
#1170 = CARTESIAN_POINT('',(-0.798344585548,0.187451660041));
#1171 = CARTESIAN_POINT('',(5.048344585548,0.187451660041));
#1172 = ( GEOMETRIC_REPRESENTATION_CONTEXT(2) 
PARAMETRIC_REPRESENTATION_CONTEXT() REPRESENTATION_CONTEXT('2D SPACE',''
  ) );
#1173 = ORIENTED_EDGE('',*,*,#1174,.F.);
#1174 = EDGE_CURVE('',#393,#1149,#1175,.T.);
#1175 = SURFACE_CURVE('',#1176,(#1180,#1186),.PCURVE_S1.);
#1176 = ( BOUNDED_CURVE() B_SPLINE_CURVE(2,(#1177,#1178,#1179),
.UNSPECIFIED.,.F.,.F.) B_SPLINE_CURVE_WITH_KNOTS((3,3),(0.,
1.570800466978),.PIECEWISE_BEZIER_KNOTS.) CURVE() 
GEOMETRIC_REPRESENTATION_ITEM() RATIONAL_B_SPLINE_CURVE((1.,
0.923879532512,1.)) REPRESENTATION_ITEM('') );
#1177 = CARTESIAN_POINT('',(-11.5,1.324997681663,3.831370849898));
#1178 = CARTESIAN_POINT('',(-11.5,1.324999039716,3.5));
#1179 = CARTESIAN_POINT('',(-11.73431457505,1.325,3.265685424949));
#1180 = PCURVE('',#489,#1181);
#1181 = DEFINITIONAL_REPRESENTATION('',(#1182),#1185);
#1182 = B_SPLINE_CURVE_WITH_KNOTS('',1,(#1183,#1184),.UNSPECIFIED.,.F.,
  .F.,(2,2),(0.,1.570800466978),.PIECEWISE_BEZIER_KNOTS.);
#1183 = CARTESIAN_POINT('',(2.877342808461E-11,3.450002318339));
#1184 = CARTESIAN_POINT('',(5.201999999982,3.450002318339));
#1185 = ( GEOMETRIC_REPRESENTATION_CONTEXT(2) 
PARAMETRIC_REPRESENTATION_CONTEXT() REPRESENTATION_CONTEXT('2D SPACE',''
  ) );
#1186 = PCURVE('',#428,#1187);
#1187 = DEFINITIONAL_REPRESENTATION('',(#1188),#1192);
#1188 = LINE('',#1189,#1190);
#1189 = CARTESIAN_POINT('',(0.,-4.098279460491E-06));
#1190 = VECTOR('',#1191,1.);
#1191 = DIRECTION('',(1.,0.));
#1192 = ( GEOMETRIC_REPRESENTATION_CONTEXT(2) 
PARAMETRIC_REPRESENTATION_CONTEXT() REPRESENTATION_CONTEXT('2D SPACE',''
  ) );
#1193 = ORIENTED_EDGE('',*,*,#475,.F.);
#1194 = ADVANCED_FACE('',(#1195),#317,.F.);
#1195 = FACE_BOUND('',#1196,.F.);
#1196 = EDGE_LOOP('',(#1197,#1219,#1310,#1311));
#1197 = ORIENTED_EDGE('',*,*,#1198,.T.);
#1198 = EDGE_CURVE('',#282,#1199,#1201,.T.);
#1199 = VERTEX_POINT('',#1200);
#1200 = CARTESIAN_POINT('',(-11.73431457505,1.890685424949,-1.95));
#1201 = SURFACE_CURVE('',#1202,(#1206,#1213),.PCURVE_S1.);
#1202 = ( BOUNDED_CURVE() B_SPLINE_CURVE(2,(#1203,#1204,#1205),
.UNSPECIFIED.,.F.,.F.) B_SPLINE_CURVE_WITH_KNOTS((3,3),(0.,
1.570800466978),.PIECEWISE_BEZIER_KNOTS.) CURVE() 
GEOMETRIC_REPRESENTATION_ITEM() RATIONAL_B_SPLINE_CURVE((1.,
0.923879532511,1.)) REPRESENTATION_ITEM('') );
#1203 = CARTESIAN_POINT('',(-11.5,2.456370849898,-1.949999976305));
#1204 = CARTESIAN_POINT('',(-11.5,2.125,-1.949999990185));
#1205 = CARTESIAN_POINT('',(-11.73431457505,1.890685424949,-1.95));
#1206 = PCURVE('',#317,#1207);
#1207 = DEFINITIONAL_REPRESENTATION('',(#1208),#1212);
#1208 = LINE('',#1209,#1210);
#1209 = CARTESIAN_POINT('',(0.,-4.188648294937E-08));
#1210 = VECTOR('',#1211,1.);
#1211 = DIRECTION('',(1.,0.));
#1212 = ( GEOMETRIC_REPRESENTATION_CONTEXT(2) 
PARAMETRIC_REPRESENTATION_CONTEXT() REPRESENTATION_CONTEXT('2D SPACE',''
  ) );
#1213 = PCURVE('',#378,#1214);
#1214 = DEFINITIONAL_REPRESENTATION('',(#1215),#1218);
#1215 = B_SPLINE_CURVE_WITH_KNOTS('',1,(#1216,#1217),.UNSPECIFIED.,.F.,
  .F.,(2,2),(0.,1.570800466978),.PIECEWISE_BEZIER_KNOTS.);
#1216 = CARTESIAN_POINT('',(0.,5.450000023694));
#1217 = CARTESIAN_POINT('',(7.65,5.450000023694));
#1218 = ( GEOMETRIC_REPRESENTATION_CONTEXT(2) 
PARAMETRIC_REPRESENTATION_CONTEXT() REPRESENTATION_CONTEXT('2D SPACE',''
  ) );
#1219 = ORIENTED_EDGE('',*,*,#1220,.T.);
#1220 = EDGE_CURVE('',#1199,#1097,#1221,.T.);
#1221 = SURFACE_CURVE('',#1222,(#1236,#1243),.PCURVE_S1.);
#1222 = ( BOUNDED_CURVE() B_SPLINE_CURVE(12,(#1223,#1224,#1225,#1226,
    #1227,#1228,#1229,#1230,#1231,#1232,#1233,#1234,#1235),
.UNSPECIFIED.,.F.,.F.) B_SPLINE_CURVE_WITH_KNOTS((13,13),(
-4.188648294937E-08,1.570800425092),.PIECEWISE_BEZIER_KNOTS.) CURVE() 
GEOMETRIC_REPRESENTATION_ITEM() RATIONAL_B_SPLINE_CURVE((1.,1.,1.,1.,1.,
    1.,0.999999999999,1.000000000001,1.,1.,1.,1.,1.)) 
REPRESENTATION_ITEM('') );
#1223 = CARTESIAN_POINT('',(-11.73431457505,1.890685424949,-1.95));
#1224 = CARTESIAN_POINT('',(-11.71580259065,1.909197409341,
    -2.024047939893));
#1225 = CARTESIAN_POINT('',(-11.69598441278,1.925019565806,
    -2.103800403789));
#1226 = CARTESIAN_POINT('',(-11.67522920137,1.936351232543,
    -2.187038426211));
#1227 = CARTESIAN_POINT('',(-11.65571221391,1.940582117141,
    -2.296761986362));
#1228 = CARTESIAN_POINT('',(-11.63769474715,1.915545948215,
    -2.36154627677));
#1229 = CARTESIAN_POINT('',(-11.63032514943,1.909151513709,
    -2.534151820391));
#1230 = CARTESIAN_POINT('',(-11.63769490429,1.736546573517,
    -2.540545038198));
#1231 = CARTESIAN_POINT('',(-11.65571228466,1.671762422366,
    -2.565582106704));
#1232 = CARTESIAN_POINT('',(-11.67522926422,1.562038840554,
    -2.561351007515));
#1233 = CARTESIAN_POINT('',(-11.69598443264,1.478800783658,
    -2.550019523812));
#1234 = CARTESIAN_POINT('',(-11.71580259065,1.399048165164,
    -2.534197409342));
#1235 = CARTESIAN_POINT('',(-11.73431457505,1.324999999993,
    -2.515685424942));
#1236 = PCURVE('',#317,#1237);
#1237 = DEFINITIONAL_REPRESENTATION('',(#1238),#1242);
#1238 = LINE('',#1239,#1240);
#1239 = CARTESIAN_POINT('',(1.570800466978,0.));
#1240 = VECTOR('',#1241,1.);
#1241 = DIRECTION('',(0.,1.));
#1242 = ( GEOMETRIC_REPRESENTATION_CONTEXT(2) 
PARAMETRIC_REPRESENTATION_CONTEXT() REPRESENTATION_CONTEXT('2D SPACE',''
  ) );
#1243 = PCURVE('',#1244,#1287);
#1244 = ( BOUNDED_SURFACE() B_SPLINE_SURFACE(2,7,(
    (#1245,#1246,#1247,#1248,#1249,#1250,#1251,#1252,#1253,#1254,#1255
      ,#1256,#1257,#1258)
    ,(#1259,#1260,#1261,#1262,#1263,#1264,#1265,#1266,#1267,#1268,#1269
      ,#1270,#1271,#1272)
    ,(#1273,#1274,#1275,#1276,#1277,#1278,#1279,#1280,#1281,#1282,#1283
      ,#1284,#1285,#1286
)),.UNSPECIFIED.,.F.,.F.,.F.) B_SPLINE_SURFACE_WITH_KNOTS((3,3),(8,6,8),
  (0.,2.08095199015),(0.247097500304,0.326598632371,2.407550622521),
.UNSPECIFIED.) GEOMETRIC_REPRESENTATION_ITEM() RATIONAL_B_SPLINE_SURFACE
((
    (1.,1.,1.,1.,1.,1.,1.,1.,1.,1.,1.,1.,1.,1.)
    ,(0.866025403784,0.866025403784,0.866025403784,0.866025403784
      ,0.866025403784,0.866025403784,0.866025403784,0.866025403784
      ,0.866025403784,0.866025403784,0.866025403784,0.866025403784
      ,0.866025403784,0.866025403784)
,(1.,1.,1.,1.,1.,1.,1.,1.,1.,1.,1.,1.,1.,1.
))) REPRESENTATION_ITEM('') SURFACE() );
#1245 = CARTESIAN_POINT('',(-11.4541,2.1709,-2.230214575051));
#1246 = CARTESIAN_POINT('',(-11.46065714285,2.164342857143,
    -2.223657432194));
#1247 = CARTESIAN_POINT('',(-11.46721428571,2.157785714286,
    -2.217100289336));
#1248 = CARTESIAN_POINT('',(-11.47377142857,2.151228571429,
    -2.210543146479));
#1249 = CARTESIAN_POINT('',(-11.48032857142,2.144671428571,
    -2.203986003622));
#1250 = CARTESIAN_POINT('',(-11.48688571428,2.138114285714,
    -2.197428860765));
#1251 = CARTESIAN_POINT('',(-11.49344285714,2.131557142857,
    -2.190871717908));
#1252 = CARTESIAN_POINT('',(-11.67163402738,1.953365972617,
    -2.012680547667));
#1253 = CARTESIAN_POINT('',(-11.84326805476,1.781731945233,
    -1.841046520284));
#1254 = CARTESIAN_POINT('',(-12.01490208215,1.61009791785,
    -1.669412492901));
#1255 = CARTESIAN_POINT('',(-12.18653610953,1.438463890466,
    -1.497778465517));
#1256 = CARTESIAN_POINT('',(-12.35817013691,1.266829863083,
    -1.326144438134));
#1257 = CARTESIAN_POINT('',(-12.5298041643,1.0951958357,-1.154510410751)
  );
#1258 = CARTESIAN_POINT('',(-12.70143819168,0.923561808316,
    -0.982876383367));
#1259 = CARTESIAN_POINT('',(-11.64266180831,1.982338191684,
    -2.607338191684));
#1260 = CARTESIAN_POINT('',(-11.64921895117,1.975781048826,
    -2.600781048826));
#1261 = CARTESIAN_POINT('',(-11.65577609403,1.969223905969,
    -2.594223905969));
#1262 = CARTESIAN_POINT('',(-11.66233323688,1.962666763112,
    -2.587666763112));
#1263 = CARTESIAN_POINT('',(-11.66889037974,1.956109620255,
    -2.581109620255));
#1264 = CARTESIAN_POINT('',(-11.6754475226,1.949552477398,
    -2.574552477398));
#1265 = CARTESIAN_POINT('',(-11.68200466545,1.942995334541,
    -2.567995334541));
#1266 = CARTESIAN_POINT('',(-11.8601958357,1.7648041643,-2.3898041643));
#1267 = CARTESIAN_POINT('',(-12.03182986308,1.593170136917,
    -2.218170136917));
#1268 = CARTESIAN_POINT('',(-12.20346389046,1.421536109533,
    -2.046536109533));
#1269 = CARTESIAN_POINT('',(-12.37509791785,1.24990208215,-1.87490208215
    ));
#1270 = CARTESIAN_POINT('',(-12.54673194523,1.078268054767,
    -1.703268054767));
#1271 = CARTESIAN_POINT('',(-12.71836597261,0.906634027383,
    -1.531634027383));
#1272 = CARTESIAN_POINT('',(-12.89,0.735,-1.36));
#1273 = CARTESIAN_POINT('',(-11.4541,1.605214575051,-2.7959));
#1274 = CARTESIAN_POINT('',(-11.46065714285,1.598657432194,
    -2.789342857143));
#1275 = CARTESIAN_POINT('',(-11.46721428571,1.592100289336,
    -2.782785714286));
#1276 = CARTESIAN_POINT('',(-11.47377142857,1.585543146479,
    -2.776228571429));
#1277 = CARTESIAN_POINT('',(-11.48032857142,1.578986003622,
    -2.769671428571));
#1278 = CARTESIAN_POINT('',(-11.48688571428,1.572428860765,
    -2.763114285714));
#1279 = CARTESIAN_POINT('',(-11.49344285714,1.565871717908,
    -2.756557142857));
#1280 = CARTESIAN_POINT('',(-11.67163402738,1.387680547667,
    -2.578365972617));
#1281 = CARTESIAN_POINT('',(-11.84326805476,1.216046520284,
    -2.406731945233));
#1282 = CARTESIAN_POINT('',(-12.01490208215,1.044412492901,
    -2.23509791785));
#1283 = CARTESIAN_POINT('',(-12.18653610953,0.872778465517,
    -2.063463890466));
#1284 = CARTESIAN_POINT('',(-12.35817013691,0.701144438134,
    -1.891829863083));
#1285 = CARTESIAN_POINT('',(-12.5298041643,0.529510410751,-1.7201958357)
  );
#1286 = CARTESIAN_POINT('',(-12.70143819168,0.357876383367,
    -1.548561808316));
#1287 = DEFINITIONAL_REPRESENTATION('',(#1288),#1309);
#1288 = B_SPLINE_CURVE_WITH_KNOTS('',10,(#1289,#1290,#1291,#1292,#1293,
    #1294,#1295,#1296,#1297,#1298,#1299,#1300,#1301,#1302,#1303,#1304,
    #1305,#1306,#1307,#1308),.UNSPECIFIED.,.F.,.F.,(11,9,11),(
    -4.188648294937E-08,0.785400191603,1.570800425092),.UNSPECIFIED.);
#1289 = CARTESIAN_POINT('',(-5.551113930563E-17,0.732443381313));
#1290 = CARTESIAN_POINT('',(7.077044768183E-02,0.693966943489));
#1291 = CARTESIAN_POINT('',(0.145655707132,0.654542790372));
#1292 = CARTESIAN_POINT('',(0.225096012231,0.614936345882));
#1293 = CARTESIAN_POINT('',(0.314014993626,0.573416148042));
#1294 = CARTESIAN_POINT('',(0.410163446637,0.53453379258));
#1295 = CARTESIAN_POINT('',(0.518631752653,0.495953483618));
#1296 = CARTESIAN_POINT('',(0.639588812918,0.463669148606));
#1297 = CARTESIAN_POINT('',(0.770074461072,0.440734832272));
#1298 = CARTESIAN_POINT('',(0.905272769071,0.429295880784));
#1299 = CARTESIAN_POINT('',(1.17567832902,0.429295885174));
#1300 = CARTESIAN_POINT('',(1.31087661405,0.440734841027));
#1301 = CARTESIAN_POINT('',(1.441362215205,0.463669149778));
#1302 = CARTESIAN_POINT('',(1.56231923395,0.495953452101));
#1303 = CARTESIAN_POINT('',(1.670787538279,0.534533707666));
#1304 = CARTESIAN_POINT('',(1.766936109258,0.573416011794));
#1305 = CARTESIAN_POINT('',(1.855855223706,0.614936216445));
#1306 = CARTESIAN_POINT('',(1.935295746205,0.65454266214));
#1307 = CARTESIAN_POINT('',(2.010181255406,0.693966865453));
#1308 = CARTESIAN_POINT('',(2.080951990165,0.732443381317));
#1309 = ( GEOMETRIC_REPRESENTATION_CONTEXT(2) 
PARAMETRIC_REPRESENTATION_CONTEXT() REPRESENTATION_CONTEXT('2D SPACE',''
  ) );
#1310 = ORIENTED_EDGE('',*,*,#1096,.F.);
#1311 = ORIENTED_EDGE('',*,*,#281,.F.);
#1312 = ADVANCED_FACE('',(#1313),#428,.F.);
#1313 = FACE_BOUND('',#1314,.F.);
#1314 = EDGE_LOOP('',(#1315,#1316,#1409,#1429));
#1315 = ORIENTED_EDGE('',*,*,#1174,.T.);
#1316 = ORIENTED_EDGE('',*,*,#1317,.T.);
#1317 = EDGE_CURVE('',#1149,#1318,#1320,.T.);
#1318 = VERTEX_POINT('',#1319);
#1319 = CARTESIAN_POINT('',(-11.73431457506,1.89068542494,2.699999999991
    ));
#1320 = SURFACE_CURVE('',#1321,(#1335,#1342),.PCURVE_S1.);
#1321 = ( BOUNDED_CURVE() B_SPLINE_CURVE(12,(#1322,#1323,#1324,#1325,
    #1326,#1327,#1328,#1329,#1330,#1331,#1332,#1333,#1334),
.UNSPECIFIED.,.F.,.F.) B_SPLINE_CURVE_WITH_KNOTS((13,13),(
-4.098279460491E-06,1.570796368699),.PIECEWISE_BEZIER_KNOTS.) CURVE() 
GEOMETRIC_REPRESENTATION_ITEM() RATIONAL_B_SPLINE_CURVE((1.,1.,
    1.000000000001,0.999999999997,1.000000000005,0.999999999993,
    1.000000000008,0.999999999994,1.000000000004,0.999999999998,
1.000000000001,1.,1.)) REPRESENTATION_ITEM('') );
#1322 = CARTESIAN_POINT('',(-11.73431457505,1.325,3.265685424949));
#1323 = CARTESIAN_POINT('',(-11.71580259065,1.399048165174,
    3.284197409344));
#1324 = CARTESIAN_POINT('',(-11.69598443264,1.47880078367,3.300019523814
    ));
#1325 = CARTESIAN_POINT('',(-11.67522926422,1.562038840566,
    3.311351007516));
#1326 = CARTESIAN_POINT('',(-11.65571228466,1.671762422379,3.3155821067)
  );
#1327 = CARTESIAN_POINT('',(-11.63769490428,1.73654657353,3.290545038199
    ));
#1328 = CARTESIAN_POINT('',(-11.63032514943,1.909151513723,
    3.284151820376));
#1329 = CARTESIAN_POINT('',(-11.63769474715,1.915545948215,
    3.111546276755));
#1330 = CARTESIAN_POINT('',(-11.65571221391,1.940582117144,3.04676198635
    ));
#1331 = CARTESIAN_POINT('',(-11.67522920137,1.936351232542,
    2.937038426197));
#1332 = CARTESIAN_POINT('',(-11.69598441279,1.925019565804,
    2.853800403778));
#1333 = CARTESIAN_POINT('',(-11.71580259066,1.909197409339,
    2.774047939883));
#1334 = CARTESIAN_POINT('',(-11.73431457506,1.89068542494,2.699999999991
    ));
#1335 = PCURVE('',#428,#1336);
#1336 = DEFINITIONAL_REPRESENTATION('',(#1337),#1341);
#1337 = LINE('',#1338,#1339);
#1338 = CARTESIAN_POINT('',(1.570800466978,0.));
#1339 = VECTOR('',#1340,1.);
#1340 = DIRECTION('',(0.,1.));
#1341 = ( GEOMETRIC_REPRESENTATION_CONTEXT(2) 
PARAMETRIC_REPRESENTATION_CONTEXT() REPRESENTATION_CONTEXT('2D SPACE',''
  ) );
#1342 = PCURVE('',#1343,#1386);
#1343 = ( BOUNDED_SURFACE() B_SPLINE_SURFACE(2,7,(
    (#1344,#1345,#1346,#1347,#1348,#1349,#1350,#1351,#1352,#1353,#1354
      ,#1355,#1356,#1357)
    ,(#1358,#1359,#1360,#1361,#1362,#1363,#1364,#1365,#1366,#1367,#1368
      ,#1369,#1370,#1371)
    ,(#1372,#1373,#1374,#1375,#1376,#1377,#1378,#1379,#1380,#1381,#1382
      ,#1383,#1384,#1385
)),.UNSPECIFIED.,.F.,.F.,.F.) B_SPLINE_SURFACE_WITH_KNOTS((3,3),(8,6,8),
  (0.,2.08095199015),(0.247097500304,0.326598632371,2.407550622521),
.UNSPECIFIED.) GEOMETRIC_REPRESENTATION_ITEM() RATIONAL_B_SPLINE_SURFACE
((
    (1.,1.,1.,1.,1.,1.,1.,1.,1.,1.,1.,1.,1.,1.)
    ,(0.866025403784,0.866025403784,0.866025403784,0.866025403784
      ,0.866025403784,0.866025403784,0.866025403784,0.866025403784
      ,0.866025403784,0.866025403784,0.866025403784,0.866025403784
      ,0.866025403784,0.866025403784)
,(1.,1.,1.,1.,1.,1.,1.,1.,1.,1.,1.,1.,1.,1.
))) REPRESENTATION_ITEM('') SURFACE() );
#1344 = CARTESIAN_POINT('',(-11.4541,1.605214575051,3.5459));
#1345 = CARTESIAN_POINT('',(-11.46065714285,1.598657432194,
    3.539342857143));
#1346 = CARTESIAN_POINT('',(-11.46721428571,1.592100289336,
    3.532785714286));
#1347 = CARTESIAN_POINT('',(-11.47377142857,1.585543146479,
    3.526228571429));
#1348 = CARTESIAN_POINT('',(-11.48032857142,1.578986003622,
    3.519671428571));
#1349 = CARTESIAN_POINT('',(-11.48688571428,1.572428860765,
    3.513114285714));
#1350 = CARTESIAN_POINT('',(-11.49344285714,1.565871717908,
    3.506557142857));
#1351 = CARTESIAN_POINT('',(-11.67163402738,1.387680547667,
    3.328365972617));
#1352 = CARTESIAN_POINT('',(-11.84326805476,1.216046520284,
    3.156731945233));
#1353 = CARTESIAN_POINT('',(-12.01490208215,1.044412492901,2.98509791785
    ));
#1354 = CARTESIAN_POINT('',(-12.18653610953,0.872778465517,
    2.813463890467));
#1355 = CARTESIAN_POINT('',(-12.35817013691,0.701144438134,
    2.641829863083));
#1356 = CARTESIAN_POINT('',(-12.5298041643,0.529510410751,2.4701958357)
  );
#1357 = CARTESIAN_POINT('',(-12.70143819168,0.357876383367,
    2.298561808316));
#1358 = CARTESIAN_POINT('',(-11.64266180831,1.982338191684,
    3.357338191684));
#1359 = CARTESIAN_POINT('',(-11.64921895117,1.975781048826,
    3.350781048826));
#1360 = CARTESIAN_POINT('',(-11.65577609403,1.969223905969,
    3.344223905969));
#1361 = CARTESIAN_POINT('',(-11.66233323688,1.962666763112,
    3.337666763112));
#1362 = CARTESIAN_POINT('',(-11.66889037974,1.956109620255,
    3.331109620255));
#1363 = CARTESIAN_POINT('',(-11.6754475226,1.949552477398,3.324552477398
    ));
#1364 = CARTESIAN_POINT('',(-11.68200466545,1.942995334541,
    3.317995334541));
#1365 = CARTESIAN_POINT('',(-11.8601958357,1.7648041643,3.1398041643));
#1366 = CARTESIAN_POINT('',(-12.03182986308,1.593170136917,
    2.968170136917));
#1367 = CARTESIAN_POINT('',(-12.20346389046,1.421536109533,
    2.796536109533));
#1368 = CARTESIAN_POINT('',(-12.37509791785,1.24990208215,2.62490208215)
  );
#1369 = CARTESIAN_POINT('',(-12.54673194523,1.078268054767,
    2.453268054767));
#1370 = CARTESIAN_POINT('',(-12.71836597261,0.906634027383,
    2.281634027383));
#1371 = CARTESIAN_POINT('',(-12.89,0.735,2.11));
#1372 = CARTESIAN_POINT('',(-11.4541,2.1709,2.980214575051));
#1373 = CARTESIAN_POINT('',(-11.46065714285,2.164342857143,
    2.973657432194));
#1374 = CARTESIAN_POINT('',(-11.46721428571,2.157785714286,
    2.967100289336));
#1375 = CARTESIAN_POINT('',(-11.47377142857,2.151228571429,
    2.960543146479));
#1376 = CARTESIAN_POINT('',(-11.48032857142,2.144671428571,
    2.953986003622));
#1377 = CARTESIAN_POINT('',(-11.48688571428,2.138114285714,
    2.947428860765));
#1378 = CARTESIAN_POINT('',(-11.49344285714,2.131557142857,
    2.940871717908));
#1379 = CARTESIAN_POINT('',(-11.67163402738,1.953365972617,
    2.762680547667));
#1380 = CARTESIAN_POINT('',(-11.84326805476,1.781731945233,
    2.591046520284));
#1381 = CARTESIAN_POINT('',(-12.01490208215,1.61009791785,2.419412492901
    ));
#1382 = CARTESIAN_POINT('',(-12.18653610953,1.438463890467,
    2.247778465517));
#1383 = CARTESIAN_POINT('',(-12.35817013691,1.266829863083,
    2.076144438134));
#1384 = CARTESIAN_POINT('',(-12.5298041643,1.0951958357,1.904510410751)
  );
#1385 = CARTESIAN_POINT('',(-12.70143819168,0.923561808316,
    1.732876383367));
#1386 = DEFINITIONAL_REPRESENTATION('',(#1387),#1408);
#1387 = B_SPLINE_CURVE_WITH_KNOTS('',10,(#1388,#1389,#1390,#1391,#1392,
    #1393,#1394,#1395,#1396,#1397,#1398,#1399,#1400,#1401,#1402,#1403,
    #1404,#1405,#1406,#1407),.UNSPECIFIED.,.F.,.F.,(11,9,11),(
    -4.098279460491E-06,0.78539613521,1.570796368699),.UNSPECIFIED.);
#1388 = CARTESIAN_POINT('',(-4.996011243246E-16,0.732443381309));
#1389 = CARTESIAN_POINT('',(7.077073476062E-02,0.693966865444));
#1390 = CARTESIAN_POINT('',(0.145656243947,0.654542662138));
#1391 = CARTESIAN_POINT('',(0.225096766501,0.614936216416));
#1392 = CARTESIAN_POINT('',(0.314015880852,0.573416011817));
#1393 = CARTESIAN_POINT('',(0.410164451954,0.534533707625));
#1394 = CARTESIAN_POINT('',(0.518632756183,0.495953452115));
#1395 = CARTESIAN_POINT('',(0.639589774991,0.463669149762));
#1396 = CARTESIAN_POINT('',(0.770075376124,0.440734841025));
#1397 = CARTESIAN_POINT('',(0.90527366116,0.429295885172));
#1398 = CARTESIAN_POINT('',(1.175679221108,0.429295880786));
#1399 = CARTESIAN_POINT('',(1.310877529118,0.440734832283));
#1400 = CARTESIAN_POINT('',(1.441363177206,0.46366914858));
#1401 = CARTESIAN_POINT('',(1.562320237652,0.495953483705));
#1402 = CARTESIAN_POINT('',(1.670788543336,0.534533792473));
#1403 = CARTESIAN_POINT('',(1.766936996745,0.573416148163));
#1404 = CARTESIAN_POINT('',(1.855855977808,0.614936345821));
#1405 = CARTESIAN_POINT('',(1.935296283084,0.654542790406));
#1406 = CARTESIAN_POINT('',(2.010181542482,0.693966943496));
#1407 = CARTESIAN_POINT('',(2.080951990165,0.732443381321));
#1408 = ( GEOMETRIC_REPRESENTATION_CONTEXT(2) 
PARAMETRIC_REPRESENTATION_CONTEXT() REPRESENTATION_CONTEXT('2D SPACE',''
  ) );
#1409 = ORIENTED_EDGE('',*,*,#1410,.F.);
#1410 = EDGE_CURVE('',#365,#1318,#1411,.T.);
#1411 = SURFACE_CURVE('',#1412,(#1416,#1423),.PCURVE_S1.);
#1412 = ( BOUNDED_CURVE() B_SPLINE_CURVE(2,(#1413,#1414,#1415),
.UNSPECIFIED.,.F.,.F.) B_SPLINE_CURVE_WITH_KNOTS((3,3),(0.,
1.570800466978),.PIECEWISE_BEZIER_KNOTS.) CURVE() 
GEOMETRIC_REPRESENTATION_ITEM() RATIONAL_B_SPLINE_CURVE((1.,
0.92387953251,1.)) REPRESENTATION_ITEM('') );
#1413 = CARTESIAN_POINT('',(-11.5,2.456370849917,2.699999976286));
#1414 = CARTESIAN_POINT('',(-11.5,2.124999999998,2.699999990171));
#1415 = CARTESIAN_POINT('',(-11.73431457506,1.89068542494,2.699999999991
    ));
#1416 = PCURVE('',#428,#1417);
#1417 = DEFINITIONAL_REPRESENTATION('',(#1418),#1422);
#1418 = LINE('',#1419,#1420);
#1419 = CARTESIAN_POINT('',(0.,1.570796368699));
#1420 = VECTOR('',#1421,1.);
#1421 = DIRECTION('',(1.,0.));
#1422 = ( GEOMETRIC_REPRESENTATION_CONTEXT(2) 
PARAMETRIC_REPRESENTATION_CONTEXT() REPRESENTATION_CONTEXT('2D SPACE',''
  ) );
#1423 = PCURVE('',#378,#1424);
#1424 = DEFINITIONAL_REPRESENTATION('',(#1425),#1428);
#1425 = B_SPLINE_CURVE_WITH_KNOTS('',1,(#1426,#1427),.UNSPECIFIED.,.F.,
  .F.,(2,2),(0.,1.570800466978),.PIECEWISE_BEZIER_KNOTS.);
#1426 = CARTESIAN_POINT('',(0.,0.799999976306));
#1427 = CARTESIAN_POINT('',(7.65,0.799999976306));
#1428 = ( GEOMETRIC_REPRESENTATION_CONTEXT(2) 
PARAMETRIC_REPRESENTATION_CONTEXT() REPRESENTATION_CONTEXT('2D SPACE',''
  ) );
#1429 = ORIENTED_EDGE('',*,*,#392,.F.);
#1430 = ADVANCED_FACE('',(#1431),#378,.F.);
#1431 = FACE_BOUND('',#1432,.F.);
#1432 = EDGE_LOOP('',(#1433,#1434,#1458,#1459));
#1433 = ORIENTED_EDGE('',*,*,#1410,.T.);
#1434 = ORIENTED_EDGE('',*,*,#1435,.T.);
#1435 = EDGE_CURVE('',#1318,#1199,#1436,.T.);
#1436 = SURFACE_CURVE('',#1437,(#1440,#1447),.PCURVE_S1.);
#1437 = B_SPLINE_CURVE_WITH_KNOTS('',1,(#1438,#1439),.UNSPECIFIED.,.F.,
  .F.,(2,2),(-0.7,6.95),.PIECEWISE_BEZIER_KNOTS.);
#1438 = CARTESIAN_POINT('',(-11.73431457505,1.890685424949,4.2));
#1439 = CARTESIAN_POINT('',(-11.73431457505,1.890685424949,-3.45));
#1440 = PCURVE('',#378,#1441);
#1441 = DEFINITIONAL_REPRESENTATION('',(#1442),#1446);
#1442 = LINE('',#1443,#1444);
#1443 = CARTESIAN_POINT('',(7.65,0.));
#1444 = VECTOR('',#1445,1.);
#1445 = DIRECTION('',(0.,1.));
#1446 = ( GEOMETRIC_REPRESENTATION_CONTEXT(2) 
PARAMETRIC_REPRESENTATION_CONTEXT() REPRESENTATION_CONTEXT('2D SPACE',''
  ) );
#1447 = PCURVE('',#1448,#1453);
#1448 = B_SPLINE_SURFACE_WITH_KNOTS('',1,1,(
    (#1449,#1450)
    ,(#1451,#1452
    )),.UNSPECIFIED.,.F.,.F.,.F.,(2,2),(2,2),(0.,6.25),(0.,1.),
  .PIECEWISE_BEZIER_KNOTS.);
#1449 = CARTESIAN_POINT('',(-11.5,2.125,3.5));
#1450 = CARTESIAN_POINT('',(-12.75,0.875,2.25));
#1451 = CARTESIAN_POINT('',(-11.5,2.125,-2.75));
#1452 = CARTESIAN_POINT('',(-12.75,0.875,-1.5));
#1453 = DEFINITIONAL_REPRESENTATION('',(#1454),#1457);
#1454 = B_SPLINE_CURVE_WITH_KNOTS('',1,(#1455,#1456),.UNSPECIFIED.,.F.,
  .F.,(2,2),(-0.7,6.95),.PIECEWISE_BEZIER_KNOTS.);
#1455 = CARTESIAN_POINT('',(-1.010048697044,0.187451660041));
#1456 = CARTESIAN_POINT('',(7.260048697044,0.187451660041));
#1457 = ( GEOMETRIC_REPRESENTATION_CONTEXT(2) 
PARAMETRIC_REPRESENTATION_CONTEXT() REPRESENTATION_CONTEXT('2D SPACE',''
  ) );
#1458 = ORIENTED_EDGE('',*,*,#1198,.F.);
#1459 = ORIENTED_EDGE('',*,*,#364,.F.);
#1460 = ADVANCED_FACE('',(#1461),#626,.F.);
#1461 = FACE_BOUND('',#1462,.F.);
#1462 = EDGE_LOOP('',(#1463,#1464,#1465,#1466));
#1463 = ORIENTED_EDGE('',*,*,#610,.F.);
#1464 = ORIENTED_EDGE('',*,*,#762,.T.);
#1465 = ORIENTED_EDGE('',*,*,#735,.T.);
#1466 = ORIENTED_EDGE('',*,*,#686,.F.);
#1467 = ADVANCED_FACE('',(#1468),#825,.T.);
#1468 = FACE_BOUND('',#1469,.T.);
#1469 = EDGE_LOOP('',(#1470,#1471,#1520,#1560));
#1470 = ORIENTED_EDGE('',*,*,#810,.T.);
#1471 = ORIENTED_EDGE('',*,*,#1472,.T.);
#1472 = EDGE_CURVE('',#811,#1473,#1475,.T.);
#1473 = VERTEX_POINT('',#1474);
#1474 = CARTESIAN_POINT('',(-12.51568542494,-1.109314575051,
    1.918629150102));
#1475 = SURFACE_CURVE('',#1476,(#1491,#1513),.PCURVE_S1.);
#1476 = B_SPLINE_CURVE_WITH_KNOTS('',7,(#1477,#1478,#1479,#1480,#1481,
    #1482,#1483,#1484,#1485,#1486,#1487,#1488,#1489,#1490),
  .UNSPECIFIED.,.F.,.F.,(8,6,8),(0.247097500304,0.326598632371,
    2.407550622521),.UNSPECIFIED.);
#1477 = CARTESIAN_POINT('',(-11.4541,-2.1709,2.980214575051));
#1478 = CARTESIAN_POINT('',(-11.46065714285,-2.164342857143,
    2.973657432194));
#1479 = CARTESIAN_POINT('',(-11.46721428571,-2.157785714286,
    2.967100289336));
#1480 = CARTESIAN_POINT('',(-11.47377142857,-2.151228571429,
    2.960543146479));
#1481 = CARTESIAN_POINT('',(-11.48032857142,-2.144671428571,
    2.953986003622));
#1482 = CARTESIAN_POINT('',(-11.48688571428,-2.138114285714,
    2.947428860765));
#1483 = CARTESIAN_POINT('',(-11.49344285714,-2.131557142857,
    2.940871717908));
#1484 = CARTESIAN_POINT('',(-11.67163402738,-1.953365972617,
    2.762680547667));
#1485 = CARTESIAN_POINT('',(-11.84326805476,-1.781731945233,
    2.591046520284));
#1486 = CARTESIAN_POINT('',(-12.01490208215,-1.61009791785,
    2.419412492901));
#1487 = CARTESIAN_POINT('',(-12.18653610953,-1.438463890466,
    2.247778465517));
#1488 = CARTESIAN_POINT('',(-12.35817013691,-1.266829863083,
    2.076144438134));
#1489 = CARTESIAN_POINT('',(-12.5298041643,-1.0951958357,1.904510410751)
  );
#1490 = CARTESIAN_POINT('',(-12.70143819168,-0.923561808316,
    1.732876383367));
#1491 = PCURVE('',#825,#1492);
#1492 = DEFINITIONAL_REPRESENTATION('',(#1493),#1512);
#1493 = B_SPLINE_CURVE_WITH_KNOTS('',9,(#1494,#1495,#1496,#1497,#1498,
    #1499,#1500,#1501,#1502,#1503,#1504,#1505,#1506,#1507,#1508,#1509,
    #1510,#1511),.UNSPECIFIED.,.F.,.F.,(10,8,10),(0.732443381313,
    1.409130387102,2.08581739289),.UNSPECIFIED.);
#1494 = CARTESIAN_POINT('',(5.638460998328,0.187451660041));
#1495 = CARTESIAN_POINT('',(5.629277419782,0.22217923151));
#1496 = CARTESIAN_POINT('',(5.619783487054,0.256907022586));
#1497 = CARTESIAN_POINT('',(5.609961543806,0.29163406003));
#1498 = CARTESIAN_POINT('',(5.59979152819,0.326362116658));
#1499 = CARTESIAN_POINT('',(5.589252355758,0.361089881861));
#1500 = CARTESIAN_POINT('',(5.578320554077,0.395817013657));
#1501 = CARTESIAN_POINT('',(5.566969766553,0.430544811006));
#1502 = CARTESIAN_POINT('',(5.555171398744,0.465272460526));
#1503 = CARTESIAN_POINT('',(5.530615275009,0.534727593957));
#1504 = CARTESIAN_POINT('',(5.517857479138,0.569455163201));
#1505 = CARTESIAN_POINT('',(5.504587914396,0.604182613466));
#1506 = CARTESIAN_POINT('',(5.490770600063,0.638910970512));
#1507 = CARTESIAN_POINT('',(5.476367660363,0.673637209404));
#1508 = CARTESIAN_POINT('',(5.461333230328,0.708365884987));
#1509 = CARTESIAN_POINT('',(5.445619835837,0.743093128393));
#1510 = CARTESIAN_POINT('',(5.429171078435,0.777820729663));
#1511 = CARTESIAN_POINT('',(5.411923633018,0.812548339959));
#1512 = ( GEOMETRIC_REPRESENTATION_CONTEXT(2) 
PARAMETRIC_REPRESENTATION_CONTEXT() REPRESENTATION_CONTEXT('2D SPACE',''
  ) );
#1513 = PCURVE('',#1005,#1514);
#1514 = DEFINITIONAL_REPRESENTATION('',(#1515),#1519);
#1515 = LINE('',#1516,#1517);
#1516 = CARTESIAN_POINT('',(0.,0.));
#1517 = VECTOR('',#1518,1.);
#1518 = DIRECTION('',(0.,1.));
#1519 = ( GEOMETRIC_REPRESENTATION_CONTEXT(2) 
PARAMETRIC_REPRESENTATION_CONTEXT() REPRESENTATION_CONTEXT('2D SPACE',''
  ) );
#1520 = ORIENTED_EDGE('',*,*,#1521,.F.);
#1521 = EDGE_CURVE('',#1522,#1473,#1524,.T.);
#1522 = VERTEX_POINT('',#1523);
#1523 = CARTESIAN_POINT('',(-12.51568542494,-1.109314575051,
    -1.168629232369));
#1524 = SURFACE_CURVE('',#1525,(#1531,#1537),.PCURVE_S1.);
#1525 = B_SPLINE_CURVE_WITH_KNOTS('',2,(#1526,#1527,#1528,#1529,#1530),
  .UNSPECIFIED.,.F.,.F.,(3,1,1,3),(-0.372014575051,-0.234314575051,
    3.984314575051,4.122014575051),.UNSPECIFIED.);
#1526 = CARTESIAN_POINT('',(-12.51568542494,-1.109314575051,
    -1.872014575051));
#1527 = CARTESIAN_POINT('',(-12.51568542494,-1.109314575051,
    -1.803164575051));
#1528 = CARTESIAN_POINT('',(-12.51568542494,-1.109314575051,0.375));
#1529 = CARTESIAN_POINT('',(-12.51568542494,-1.109314575051,
    2.553164575051));
#1530 = CARTESIAN_POINT('',(-12.51568542494,-1.109314575051,
    2.622014575051));
#1531 = PCURVE('',#825,#1532);
#1532 = DEFINITIONAL_REPRESENTATION('',(#1533),#1536);
#1533 = B_SPLINE_CURVE_WITH_KNOTS('',1,(#1534,#1535),.UNSPECIFIED.,.F.,
  .F.,(2,2),(-0.234314575051,3.984314575051),.PIECEWISE_BEZIER_KNOTS.);
#1534 = CARTESIAN_POINT('',(4.163336342344E-16,0.812548339959));
#1535 = CARTESIAN_POINT('',(6.25,0.812548339959));
#1536 = ( GEOMETRIC_REPRESENTATION_CONTEXT(2) 
PARAMETRIC_REPRESENTATION_CONTEXT() REPRESENTATION_CONTEXT('2D SPACE',''
  ) );
#1537 = PCURVE('',#1538,#1554);
#1538 = ( BOUNDED_SURFACE() B_SPLINE_SURFACE(2,2,(
    (#1539,#1540,#1541,#1542,#1543)
    ,(#1544,#1545,#1546,#1547,#1548)
    ,(#1549,#1550,#1551,#1552,#1553
)),.UNSPECIFIED.,.F.,.F.,.F.) B_SPLINE_SURFACE_WITH_KNOTS((3,3),(3,1,1,3
    ),(0.,4.218629150102),(-0.372014575051,-0.234314575051,
    3.984314575051,4.122014575051),.UNSPECIFIED.) 
GEOMETRIC_REPRESENTATION_ITEM() RATIONAL_B_SPLINE_SURFACE((
    (1.,1.,1.,1.,1.)
    ,(0.923879532511,0.923879532511,0.923879532511,0.923879532511
      ,0.923879532511)
,(1.,1.,1.,1.,1.))) REPRESENTATION_ITEM('') SURFACE() );
#1539 = CARTESIAN_POINT('',(-12.51568542494,-1.109314575051,
    -1.872014575051));
#1540 = CARTESIAN_POINT('',(-12.51568542494,-1.109314575051,
    -1.803164575051));
#1541 = CARTESIAN_POINT('',(-12.51568542494,-1.109314575051,0.375));
#1542 = CARTESIAN_POINT('',(-12.51568542494,-1.109314575051,
    2.553164575051));
#1543 = CARTESIAN_POINT('',(-12.51568542494,-1.109314575051,
    2.622014575051));
#1544 = CARTESIAN_POINT('',(-12.75,-0.875,-1.872014575051));
#1545 = CARTESIAN_POINT('',(-12.75,-0.875,-1.803164575051));
#1546 = CARTESIAN_POINT('',(-12.75,-0.875,0.375));
#1547 = CARTESIAN_POINT('',(-12.75,-0.875,2.553164575051));
#1548 = CARTESIAN_POINT('',(-12.75,-0.875,2.622014575051));
#1549 = CARTESIAN_POINT('',(-12.75,-0.543629150102,-1.872014575051));
#1550 = CARTESIAN_POINT('',(-12.75,-0.543629150102,-1.803164575051));
#1551 = CARTESIAN_POINT('',(-12.75,-0.543629150102,0.375));
#1552 = CARTESIAN_POINT('',(-12.75,-0.543629150102,2.553164575051));
#1553 = CARTESIAN_POINT('',(-12.75,-0.543629150102,2.622014575051));
#1554 = DEFINITIONAL_REPRESENTATION('',(#1555),#1559);
#1555 = LINE('',#1556,#1557);
#1556 = CARTESIAN_POINT('',(0.,0.));
#1557 = VECTOR('',#1558,1.);
#1558 = DIRECTION('',(0.,1.));
#1559 = ( GEOMETRIC_REPRESENTATION_CONTEXT(2) 
PARAMETRIC_REPRESENTATION_CONTEXT() REPRESENTATION_CONTEXT('2D SPACE',''
  ) );
#1560 = ORIENTED_EDGE('',*,*,#1561,.F.);
#1561 = EDGE_CURVE('',#789,#1522,#1562,.T.);
#1562 = SURFACE_CURVE('',#1563,(#1578,#1600),.PCURVE_S1.);
#1563 = B_SPLINE_CURVE_WITH_KNOTS('',7,(#1564,#1565,#1566,#1567,#1568,
    #1569,#1570,#1571,#1572,#1573,#1574,#1575,#1576,#1577),
  .UNSPECIFIED.,.F.,.F.,(8,6,8),(0.247097500304,0.326598632371,
    2.407550622521),.UNSPECIFIED.);
#1564 = CARTESIAN_POINT('',(-11.4541,-2.1709,-2.230214575051));
#1565 = CARTESIAN_POINT('',(-11.46065714285,-2.164342857143,
    -2.223657432194));
#1566 = CARTESIAN_POINT('',(-11.46721428571,-2.157785714286,
    -2.217100289336));
#1567 = CARTESIAN_POINT('',(-11.47377142857,-2.151228571429,
    -2.210543146479));
#1568 = CARTESIAN_POINT('',(-11.48032857142,-2.144671428571,
    -2.203986003622));
#1569 = CARTESIAN_POINT('',(-11.48688571428,-2.138114285714,
    -2.197428860765));
#1570 = CARTESIAN_POINT('',(-11.49344285714,-2.131557142857,
    -2.190871717908));
#1571 = CARTESIAN_POINT('',(-11.67163402738,-1.953365972617,
    -2.012680547667));
#1572 = CARTESIAN_POINT('',(-11.84326805476,-1.781731945233,
    -1.841046520284));
#1573 = CARTESIAN_POINT('',(-12.01490208215,-1.61009791785,
    -1.669412492901));
#1574 = CARTESIAN_POINT('',(-12.18653610953,-1.438463890466,
    -1.497778465517));
#1575 = CARTESIAN_POINT('',(-12.35817013691,-1.266829863083,
    -1.326144438134));
#1576 = CARTESIAN_POINT('',(-12.5298041643,-1.0951958357,-1.154510410751
    ));
#1577 = CARTESIAN_POINT('',(-12.70143819168,-0.923561808316,
    -0.982876383367));
#1578 = PCURVE('',#825,#1579);
#1579 = DEFINITIONAL_REPRESENTATION('',(#1580),#1599);
#1580 = B_SPLINE_CURVE_WITH_KNOTS('',9,(#1581,#1582,#1583,#1584,#1585,
    #1586,#1587,#1588,#1589,#1590,#1591,#1592,#1593,#1594,#1595,#1596,
    #1597,#1598),.UNSPECIFIED.,.F.,.F.,(10,8,10),(0.732443381313,
    1.409130387102,2.08581739289),.UNSPECIFIED.);
#1581 = CARTESIAN_POINT('',(0.611539001672,0.187451660041));
#1582 = CARTESIAN_POINT('',(0.620722580218,0.22217923151));
#1583 = CARTESIAN_POINT('',(0.630216512946,0.256907022586));
#1584 = CARTESIAN_POINT('',(0.640038456196,0.29163406003));
#1585 = CARTESIAN_POINT('',(0.650208471809,0.326362116658));
#1586 = CARTESIAN_POINT('',(0.660747644244,0.361089881861));
#1587 = CARTESIAN_POINT('',(0.671679445922,0.395817013657));
#1588 = CARTESIAN_POINT('',(0.683030233447,0.430544811006));
#1589 = CARTESIAN_POINT('',(0.694828601256,0.465272460526));
#1590 = CARTESIAN_POINT('',(0.719384724991,0.534727593957));
#1591 = CARTESIAN_POINT('',(0.732142520861,0.569455163201));
#1592 = CARTESIAN_POINT('',(0.745412085605,0.604182613466));
#1593 = CARTESIAN_POINT('',(0.759229399936,0.638910970512));
#1594 = CARTESIAN_POINT('',(0.773632339637,0.673637209404));
#1595 = CARTESIAN_POINT('',(0.788666769671,0.708365884987));
#1596 = CARTESIAN_POINT('',(0.804380164163,0.743093128393));
#1597 = CARTESIAN_POINT('',(0.820828921565,0.777820729663));
#1598 = CARTESIAN_POINT('',(0.838076366982,0.812548339959));
#1599 = ( GEOMETRIC_REPRESENTATION_CONTEXT(2) 
PARAMETRIC_REPRESENTATION_CONTEXT() REPRESENTATION_CONTEXT('2D SPACE',''
  ) );
#1600 = PCURVE('',#887,#1601);
#1601 = DEFINITIONAL_REPRESENTATION('',(#1602),#1606);
#1602 = LINE('',#1603,#1604);
#1603 = CARTESIAN_POINT('',(0.,0.));
#1604 = VECTOR('',#1605,1.);
#1605 = DIRECTION('',(0.,1.));
#1606 = ( GEOMETRIC_REPRESENTATION_CONTEXT(2) 
PARAMETRIC_REPRESENTATION_CONTEXT() REPRESENTATION_CONTEXT('2D SPACE',''
  ) );
#1607 = ADVANCED_FACE('',(#1608),#887,.F.);
#1608 = FACE_BOUND('',#1609,.F.);
#1609 = EDGE_LOOP('',(#1610,#1611,#1612,#1654));
#1610 = ORIENTED_EDGE('',*,*,#1561,.F.);
#1611 = ORIENTED_EDGE('',*,*,#861,.T.);
#1612 = ORIENTED_EDGE('',*,*,#1613,.T.);
#1613 = EDGE_CURVE('',#862,#1614,#1616,.T.);
#1614 = VERTEX_POINT('',#1615);
#1615 = CARTESIAN_POINT('',(-12.51568542494,-0.543634582748,
    -1.734314575051));
#1616 = SURFACE_CURVE('',#1617,(#1632,#1639),.PCURVE_S1.);
#1617 = B_SPLINE_CURVE_WITH_KNOTS('',7,(#1618,#1619,#1620,#1621,#1622,
    #1623,#1624,#1625,#1626,#1627,#1628,#1629,#1630,#1631),
  .UNSPECIFIED.,.F.,.F.,(8,6,8),(0.247097500304,0.326598632371,
    2.407550622521),.UNSPECIFIED.);
#1618 = CARTESIAN_POINT('',(-11.4541,-1.605214575051,-2.7959));
#1619 = CARTESIAN_POINT('',(-11.46065714285,-1.598657432194,
    -2.789342857143));
#1620 = CARTESIAN_POINT('',(-11.46721428571,-1.592100289336,
    -2.782785714286));
#1621 = CARTESIAN_POINT('',(-11.47377142857,-1.585543146479,
    -2.776228571429));
#1622 = CARTESIAN_POINT('',(-11.48032857142,-1.578986003622,
    -2.769671428571));
#1623 = CARTESIAN_POINT('',(-11.48688571428,-1.572428860765,
    -2.763114285714));
#1624 = CARTESIAN_POINT('',(-11.49344285714,-1.565871717908,
    -2.756557142857));
#1625 = CARTESIAN_POINT('',(-11.67163402738,-1.387680547667,
    -2.578365972617));
#1626 = CARTESIAN_POINT('',(-11.84326805476,-1.216046520284,
    -2.406731945233));
#1627 = CARTESIAN_POINT('',(-12.01490208215,-1.044412492901,
    -2.23509791785));
#1628 = CARTESIAN_POINT('',(-12.18653610953,-0.872778465517,
    -2.063463890466));
#1629 = CARTESIAN_POINT('',(-12.35817013691,-0.701144438134,
    -1.891829863083));
#1630 = CARTESIAN_POINT('',(-12.5298041643,-0.529510410751,-1.7201958357
    ));
#1631 = CARTESIAN_POINT('',(-12.70143819168,-0.357876383367,
    -1.548561808316));
#1632 = PCURVE('',#887,#1633);
#1633 = DEFINITIONAL_REPRESENTATION('',(#1634),#1638);
#1634 = LINE('',#1635,#1636);
#1635 = CARTESIAN_POINT('',(2.08095199015,0.));
#1636 = VECTOR('',#1637,1.);
#1637 = DIRECTION('',(0.,1.));
#1638 = ( GEOMETRIC_REPRESENTATION_CONTEXT(2) 
PARAMETRIC_REPRESENTATION_CONTEXT() REPRESENTATION_CONTEXT('2D SPACE',''
  ) );
#1639 = PCURVE('',#1131,#1640);
#1640 = DEFINITIONAL_REPRESENTATION('',(#1641),#1653);
#1641 = B_SPLINE_CURVE_WITH_KNOTS('',10,(#1642,#1643,#1644,#1645,#1646,
    #1647,#1648,#1649,#1650,#1651,#1652),.UNSPECIFIED.,.F.,.F.,(11,11),(
    0.732443381313,2.08581739289),.PIECEWISE_BEZIER_KNOTS.);
#1642 = CARTESIAN_POINT('',(3.614211208441,0.187451660041));
#1643 = CARTESIAN_POINT('',(3.587924063824,0.249958255896));
#1644 = CARTESIAN_POINT('',(3.559216280333,0.312475852002));
#1645 = CARTESIAN_POINT('',(3.527781393041,0.374941351709));
#1646 = CARTESIAN_POINT('',(3.492995839326,0.437567544928));
#1647 = CARTESIAN_POINT('',(3.454618041303,0.499912519152));
#1648 = CARTESIAN_POINT('',(3.411287257323,0.562598216621));
#1649 = CARTESIAN_POINT('',(3.362698719169,0.624963087295));
#1650 = CARTESIAN_POINT('',(3.30703645566,0.687541894419));
#1651 = CARTESIAN_POINT('',(3.242698424778,0.750036425767));
#1652 = CARTESIAN_POINT('',(3.166384936537,0.812548339959));
#1653 = ( GEOMETRIC_REPRESENTATION_CONTEXT(2) 
PARAMETRIC_REPRESENTATION_CONTEXT() REPRESENTATION_CONTEXT('2D SPACE',''
  ) );
#1654 = ORIENTED_EDGE('',*,*,#1655,.T.);
#1655 = EDGE_CURVE('',#1614,#1522,#1656,.T.);
#1656 = SURFACE_CURVE('',#1657,(#1662,#1695),.PCURVE_S1.);
#1657 = CIRCLE('',#1658,0.8);
#1658 = AXIS2_PLACEMENT_3D('',#1659,#1660,#1661);
#1659 = CARTESIAN_POINT('',(-11.95,-0.543629150102,-1.168629150128));
#1660 = DIRECTION('',(-0.577352145383,0.577352061446,0.577346600722));
#1661 = DIRECTION('',(-0.408245637112,-0.81649531358,0.408253478468));
#1662 = PCURVE('',#887,#1663);
#1663 = DEFINITIONAL_REPRESENTATION('',(#1664),#1694);
#1664 = B_SPLINE_CURVE_WITH_KNOTS('',10,(#1665,#1666,#1667,#1668,#1669,
    #1670,#1671,#1672,#1673,#1674,#1675,#1676,#1677,#1678,#1679,#1680,
    #1681,#1682,#1683,#1684,#1685,#1686,#1687,#1688,#1689,#1690,#1691,
    #1692,#1693),.UNSPECIFIED.,.F.,.F.,(11,9,9,11),(4.712388980385,
    4.974186961029,5.235984941674,5.759580902964),.UNSPECIFIED.);
#1665 = CARTESIAN_POINT('',(2.08095199015,2.08581739289));
#1666 = CARTESIAN_POINT('',(2.026473087266,2.08581739289));
#1667 = CARTESIAN_POINT('',(1.972311222932,2.08581739289));
#1668 = CARTESIAN_POINT('',(1.918974878953,2.085817392891));
#1669 = CARTESIAN_POINT('',(1.865125664976,2.08581739289));
#1670 = CARTESIAN_POINT('',(1.812782610189,2.08581739289));
#1671 = CARTESIAN_POINT('',(1.759638357301,2.08581739289));
#1672 = CARTESIAN_POINT('',(1.707511084617,2.08581739289));
#1673 = CARTESIAN_POINT('',(1.655294199523,2.08581739289));
#1674 = CARTESIAN_POINT('',(1.603399529135,2.08581739289));
#1675 = CARTESIAN_POINT('',(1.499978185801,2.08581739289));
#1676 = CARTESIAN_POINT('',(1.44846549771,2.08581739289));
#1677 = CARTESIAN_POINT('',(1.397125158777,2.08581739289));
#1678 = CARTESIAN_POINT('',(1.345931798495,2.08581739289));
#1679 = CARTESIAN_POINT('',(1.294860310284,2.08581739289));
#1680 = CARTESIAN_POINT('',(1.243885851471,2.08581739289));
#1681 = CARTESIAN_POINT('',(1.192983843309,2.08581739289));
#1682 = CARTESIAN_POINT('',(1.142129970961,2.08581739289));
#1683 = CARTESIAN_POINT('',(1.091300183512,2.08581739289));
#1684 = CARTESIAN_POINT('',(0.938811714866,2.08581739289));
#1685 = CARTESIAN_POINT('',(0.83715291383,2.085817392891));
#1686 = CARTESIAN_POINT('',(0.73530022584,2.085817392889));
#1687 = CARTESIAN_POINT('',(0.633060230249,2.085817392892));
#1688 = CARTESIAN_POINT('',(0.530237228428,2.085817392889));
#1689 = CARTESIAN_POINT('',(0.426630321431,2.085817392892));
#1690 = CARTESIAN_POINT('',(0.322030487637,2.085817392889));
#1691 = CARTESIAN_POINT('',(0.216217660414,2.085817392891));
#1692 = CARTESIAN_POINT('',(0.108957805768,2.08581739289));
#1693 = CARTESIAN_POINT('',(1.702968037096E-16,2.08581739289));
#1694 = ( GEOMETRIC_REPRESENTATION_CONTEXT(2) 
PARAMETRIC_REPRESENTATION_CONTEXT() REPRESENTATION_CONTEXT('2D SPACE',''
  ) );
#1695 = PCURVE('',#1696,#1701);
#1696 = SPHERICAL_SURFACE('',#1697,0.8);
#1697 = AXIS2_PLACEMENT_3D('',#1698,#1699,#1700);
#1698 = CARTESIAN_POINT('',(-11.95,-0.543629150102,-1.168629150128));
#1699 = DIRECTION('',(0.707106781187,6.790807516588E-06,0.707106781154)
  );
#1700 = DIRECTION('',(-0.408245637112,-0.81649531358,0.408253478468));
#1701 = DEFINITIONAL_REPRESENTATION('',(#1702),#1706);
#1702 = LINE('',#1703,#1704);
#1703 = CARTESIAN_POINT('',(-0.,-6.28318530718));
#1704 = VECTOR('',#1705,1.);
#1705 = DIRECTION('',(-0.,1.));
#1706 = ( GEOMETRIC_REPRESENTATION_CONTEXT(2) 
PARAMETRIC_REPRESENTATION_CONTEXT() REPRESENTATION_CONTEXT('2D SPACE',''
  ) );
#1707 = ADVANCED_FACE('',(#1708),#1005,.T.);
#1708 = FACE_BOUND('',#1709,.T.);
#1709 = EDGE_LOOP('',(#1710,#1711,#1712,#1754));
#1710 = ORIENTED_EDGE('',*,*,#1472,.F.);
#1711 = ORIENTED_EDGE('',*,*,#979,.T.);
#1712 = ORIENTED_EDGE('',*,*,#1713,.T.);
#1713 = EDGE_CURVE('',#980,#1714,#1716,.T.);
#1714 = VERTEX_POINT('',#1715);
#1715 = CARTESIAN_POINT('',(-12.51568542494,-0.543629150102,
    2.484314575051));
#1716 = SURFACE_CURVE('',#1717,(#1732,#1739),.PCURVE_S1.);
#1717 = B_SPLINE_CURVE_WITH_KNOTS('',7,(#1718,#1719,#1720,#1721,#1722,
    #1723,#1724,#1725,#1726,#1727,#1728,#1729,#1730,#1731),
  .UNSPECIFIED.,.F.,.F.,(8,6,8),(0.247097500304,0.326598632371,
    2.407550622521),.UNSPECIFIED.);
#1718 = CARTESIAN_POINT('',(-11.4541,-1.605214575051,3.5459));
#1719 = CARTESIAN_POINT('',(-11.46065714285,-1.598657432194,
    3.539342857143));
#1720 = CARTESIAN_POINT('',(-11.46721428571,-1.592100289336,
    3.532785714286));
#1721 = CARTESIAN_POINT('',(-11.47377142857,-1.585543146479,
    3.526228571429));
#1722 = CARTESIAN_POINT('',(-11.48032857142,-1.578986003622,
    3.519671428571));
#1723 = CARTESIAN_POINT('',(-11.48688571428,-1.572428860765,
    3.513114285714));
#1724 = CARTESIAN_POINT('',(-11.49344285714,-1.565871717908,
    3.506557142857));
#1725 = CARTESIAN_POINT('',(-11.67163402738,-1.387680547667,
    3.328365972617));
#1726 = CARTESIAN_POINT('',(-11.84326805476,-1.216046520284,
    3.156731945233));
#1727 = CARTESIAN_POINT('',(-12.01490208215,-1.044412492901,
    2.98509791785));
#1728 = CARTESIAN_POINT('',(-12.18653610953,-0.872778465517,
    2.813463890466));
#1729 = CARTESIAN_POINT('',(-12.35817013691,-0.701144438134,
    2.641829863083));
#1730 = CARTESIAN_POINT('',(-12.5298041643,-0.529510410751,2.4701958357)
  );
#1731 = CARTESIAN_POINT('',(-12.70143819168,-0.357876383367,
    2.298561808316));
#1732 = PCURVE('',#1005,#1733);
#1733 = DEFINITIONAL_REPRESENTATION('',(#1734),#1738);
#1734 = LINE('',#1735,#1736);
#1735 = CARTESIAN_POINT('',(2.08095199015,0.));
#1736 = VECTOR('',#1737,1.);
#1737 = DIRECTION('',(0.,1.));
#1738 = ( GEOMETRIC_REPRESENTATION_CONTEXT(2) 
PARAMETRIC_REPRESENTATION_CONTEXT() REPRESENTATION_CONTEXT('2D SPACE',''
  ) );
#1739 = PCURVE('',#1163,#1740);
#1740 = DEFINITIONAL_REPRESENTATION('',(#1741),#1753);
#1741 = B_SPLINE_CURVE_WITH_KNOTS('',10,(#1742,#1743,#1744,#1745,#1746,
    #1747,#1748,#1749,#1750,#1751,#1752),.UNSPECIFIED.,.F.,.F.,(11,11),(
    0.732443381313,2.08581739289),.PIECEWISE_BEZIER_KNOTS.);
#1742 = CARTESIAN_POINT('',(0.635788791559,0.187451660041));
#1743 = CARTESIAN_POINT('',(0.662075936176,0.249958255896));
#1744 = CARTESIAN_POINT('',(0.690783719666,0.312475852003));
#1745 = CARTESIAN_POINT('',(0.72221860696,0.374941351709));
#1746 = CARTESIAN_POINT('',(0.757004160672,0.437567544929));
#1747 = CARTESIAN_POINT('',(0.795381958698,0.499912519151));
#1748 = CARTESIAN_POINT('',(0.838712742676,0.562598216621));
#1749 = CARTESIAN_POINT('',(0.887301280832,0.624963087295));
#1750 = CARTESIAN_POINT('',(0.94296354434,0.687541894419));
#1751 = CARTESIAN_POINT('',(1.007301575222,0.750036425767));
#1752 = CARTESIAN_POINT('',(1.083615063463,0.812548339959));
#1753 = ( GEOMETRIC_REPRESENTATION_CONTEXT(2) 
PARAMETRIC_REPRESENTATION_CONTEXT() REPRESENTATION_CONTEXT('2D SPACE',''
  ) );
#1754 = ORIENTED_EDGE('',*,*,#1755,.F.);
#1755 = EDGE_CURVE('',#1473,#1714,#1756,.T.);
#1756 = SURFACE_CURVE('',#1757,(#1762,#1784),.PCURVE_S1.);
#1757 = CIRCLE('',#1758,0.8);
#1758 = AXIS2_PLACEMENT_3D('',#1759,#1760,#1761);
#1759 = CARTESIAN_POINT('',(-11.95,-0.543629150102,1.918629150102));
#1760 = DIRECTION('',(-0.57735026919,0.57735026919,-0.57735026919));
#1761 = DIRECTION('',(-0.707106781187,-0.707106781187,5.110255447294E-15
    ));
#1762 = PCURVE('',#1005,#1763);
#1763 = DEFINITIONAL_REPRESENTATION('',(#1764),#1783);
#1764 = B_SPLINE_CURVE_WITH_KNOTS('',5,(#1765,#1766,#1767,#1768,#1769,
    #1770,#1771,#1772,#1773,#1774,#1775,#1776,#1777,#1778,#1779,#1780,
    #1781,#1782),.UNSPECIFIED.,.F.,.F.,(6,4,4,4,6),(0.,0.261799387799,
    0.523598775598,0.785398163397,1.047197551197),.UNSPECIFIED.);
#1765 = CARTESIAN_POINT('',(5.551115123126E-17,2.08581739289));
#1766 = CARTESIAN_POINT('',(0.108958391412,2.08581739289));
#1767 = CARTESIAN_POINT('',(0.216006015112,2.08581739289));
#1768 = CARTESIAN_POINT('',(0.321520652807,2.08581739289));
#1769 = CARTESIAN_POINT('',(0.425833502217,2.08581739289));
#1770 = CARTESIAN_POINT('',(0.632676261436,2.08581739289));
#1771 = CARTESIAN_POINT('',(0.735207324538,2.08581739289));
#1772 = CARTESIAN_POINT('',(0.83715671565,2.08581739289));
#1773 = CARTESIAN_POINT('',(0.938816430541,2.08581739289));
#1774 = CARTESIAN_POINT('',(1.142135559609,2.08581739289));
#1775 = CARTESIAN_POINT('',(1.2437952745,2.08581739289));
#1776 = CARTESIAN_POINT('',(1.345744665611,2.08581739289));
#1777 = CARTESIAN_POINT('',(1.448275728714,2.08581739289));
#1778 = CARTESIAN_POINT('',(1.655118487932,2.08581739289));
#1779 = CARTESIAN_POINT('',(1.759431337343,2.08581739289));
#1780 = CARTESIAN_POINT('',(1.864945975037,2.08581739289));
#1781 = CARTESIAN_POINT('',(1.971993598738,2.08581739289));
#1782 = CARTESIAN_POINT('',(2.08095199015,2.08581739289));
#1783 = ( GEOMETRIC_REPRESENTATION_CONTEXT(2) 
PARAMETRIC_REPRESENTATION_CONTEXT() REPRESENTATION_CONTEXT('2D SPACE',''
  ) );
#1784 = PCURVE('',#1785,#1790);
#1785 = SPHERICAL_SURFACE('',#1786,0.8);
#1786 = AXIS2_PLACEMENT_3D('',#1787,#1788,#1789);
#1787 = CARTESIAN_POINT('',(-11.95,-0.543629150102,1.918629150102));
#1788 = DIRECTION('',(1.,5.412337245048E-15,-1.028346534038E-07));
#1789 = DIRECTION('',(-5.16262795764E-15,-1.,-1.028346462273E-07));
#1790 = DEFINITIONAL_REPRESENTATION('',(#1791),#1808);
#1791 = B_SPLINE_CURVE_WITH_KNOTS('',8,(#1792,#1793,#1794,#1795,#1796,
    #1797,#1798,#1799,#1800,#1801,#1802,#1803,#1804,#1805,#1806,#1807),
  .UNSPECIFIED.,.F.,.F.,(9,7,9),(0.,0.523598775598,1.047197551197),
  .UNSPECIFIED.);
#1792 = CARTESIAN_POINT('',(0.,-0.785398163397));
#1793 = CARTESIAN_POINT('',(-7.557496573803E-02,-0.823185657924));
#1794 = CARTESIAN_POINT('',(-0.157675442091,-0.85770938468));
#1795 = CARTESIAN_POINT('',(-0.246976612197,-0.888311846259));
#1796 = CARTESIAN_POINT('',(-0.343827878537,-0.914213842959));
#1797 = CARTESIAN_POINT('',(-0.44825657468,-0.93454741924));
#1798 = CARTESIAN_POINT('',(-0.558675558037,-0.948393043413));
#1799 = CARTESIAN_POINT('',(-0.672035691475,-0.955316682596));
#1800 = CARTESIAN_POINT('',(-0.89876063532,-0.955316699083));
#1801 = CARTESIAN_POINT('',(-1.012120774797,-0.948393076384));
#1802 = CARTESIAN_POINT('',(-1.122539770241,-0.934547467953));
#1803 = CARTESIAN_POINT('',(-1.226968482967,-0.914213905873));
#1804 = CARTESIAN_POINT('',(-1.323819767168,-0.888311921546));
#1805 = CARTESIAN_POINT('',(-1.41312095511,-0.857709470629));
#1806 = CARTESIAN_POINT('',(-1.495221448348,-0.823185752987));
#1807 = CARTESIAN_POINT('',(-1.57079642963,-0.785398266232));
#1808 = ( GEOMETRIC_REPRESENTATION_CONTEXT(2) 
PARAMETRIC_REPRESENTATION_CONTEXT() REPRESENTATION_CONTEXT('2D SPACE',''
  ) );
#1809 = ADVANCED_FACE('',(#1810),#1131,.T.);
#1810 = FACE_BOUND('',#1811,.T.);
#1811 = EDGE_LOOP('',(#1812,#1813,#1814,#1842));
#1812 = ORIENTED_EDGE('',*,*,#1118,.T.);
#1813 = ORIENTED_EDGE('',*,*,#1613,.T.);
#1814 = ORIENTED_EDGE('',*,*,#1815,.F.);
#1815 = EDGE_CURVE('',#1816,#1614,#1818,.T.);
#1816 = VERTEX_POINT('',#1817);
#1817 = CARTESIAN_POINT('',(-12.51568542494,0.543629150102,
    -1.734314575051));
#1818 = SURFACE_CURVE('',#1819,(#1822,#1828),.PCURVE_S1.);
#1819 = B_SPLINE_CURVE_WITH_KNOTS('',1,(#1820,#1821),.UNSPECIFIED.,.F.,
  .F.,(2,2),(-0.196,1.946),.PIECEWISE_BEZIER_KNOTS.);
#1820 = CARTESIAN_POINT('',(-12.51568542494,1.071,-1.734314575051));
#1821 = CARTESIAN_POINT('',(-12.51568542494,-1.071,-1.734314575051));
#1822 = PCURVE('',#1131,#1823);
#1823 = DEFINITIONAL_REPRESENTATION('',(#1824),#1827);
#1824 = B_SPLINE_CURVE_WITH_KNOTS('',1,(#1825,#1826),.UNSPECIFIED.,.F.,
  .F.,(2,2),(-0.196,1.946),.PIECEWISE_BEZIER_KNOTS.);
#1825 = CARTESIAN_POINT('',(7.339529635148E-02,0.812548339959));
#1826 = CARTESIAN_POINT('',(4.176604703649,0.812548339959));
#1827 = ( GEOMETRIC_REPRESENTATION_CONTEXT(2) 
PARAMETRIC_REPRESENTATION_CONTEXT() REPRESENTATION_CONTEXT('2D SPACE',''
  ) );
#1828 = PCURVE('',#1829,#1836);
#1829 = ( BOUNDED_SURFACE() B_SPLINE_SURFACE(2,1,(
    (#1830,#1831)
    ,(#1832,#1833)
    ,(#1834,#1835
)),.UNSPECIFIED.,.F.,.F.,.F.) B_SPLINE_SURFACE_WITH_KNOTS((3,3),(2,2),(
    0.,2.142),(-0.196,1.946),.PIECEWISE_BEZIER_KNOTS.) 
GEOMETRIC_REPRESENTATION_ITEM() RATIONAL_B_SPLINE_SURFACE((
    (1.,1.)
    ,(0.923879532511,0.923879532511)
,(1.,1.))) REPRESENTATION_ITEM('') SURFACE() );
#1830 = CARTESIAN_POINT('',(-12.51568542494,1.071,-1.734314575051));
#1831 = CARTESIAN_POINT('',(-12.51568542494,-1.071,-1.734314575051));
#1832 = CARTESIAN_POINT('',(-12.75,1.071,-1.5));
#1833 = CARTESIAN_POINT('',(-12.75,-1.071,-1.5));
#1834 = CARTESIAN_POINT('',(-12.75,1.071,-1.168629150102));
#1835 = CARTESIAN_POINT('',(-12.75,-1.071,-1.168629150102));
#1836 = DEFINITIONAL_REPRESENTATION('',(#1837),#1841);
#1837 = LINE('',#1838,#1839);
#1838 = CARTESIAN_POINT('',(0.,0.));
#1839 = VECTOR('',#1840,1.);
#1840 = DIRECTION('',(0.,1.));
#1841 = ( GEOMETRIC_REPRESENTATION_CONTEXT(2) 
PARAMETRIC_REPRESENTATION_CONTEXT() REPRESENTATION_CONTEXT('2D SPACE',''
  ) );
#1842 = ORIENTED_EDGE('',*,*,#1843,.F.);
#1843 = EDGE_CURVE('',#1097,#1816,#1844,.T.);
#1844 = SURFACE_CURVE('',#1845,(#1860,#1875),.PCURVE_S1.);
#1845 = B_SPLINE_CURVE_WITH_KNOTS('',7,(#1846,#1847,#1848,#1849,#1850,
    #1851,#1852,#1853,#1854,#1855,#1856,#1857,#1858,#1859),
  .UNSPECIFIED.,.F.,.F.,(8,6,8),(0.247097500304,0.326598632371,
    2.407550622521),.UNSPECIFIED.);
#1846 = CARTESIAN_POINT('',(-11.4541,1.605214575051,-2.7959));
#1847 = CARTESIAN_POINT('',(-11.46065714285,1.598657432194,
    -2.789342857143));
#1848 = CARTESIAN_POINT('',(-11.46721428571,1.592100289336,
    -2.782785714286));
#1849 = CARTESIAN_POINT('',(-11.47377142857,1.585543146479,
    -2.776228571429));
#1850 = CARTESIAN_POINT('',(-11.48032857142,1.578986003622,
    -2.769671428571));
#1851 = CARTESIAN_POINT('',(-11.48688571428,1.572428860765,
    -2.763114285714));
#1852 = CARTESIAN_POINT('',(-11.49344285714,1.565871717908,
    -2.756557142857));
#1853 = CARTESIAN_POINT('',(-11.67163402738,1.387680547667,
    -2.578365972617));
#1854 = CARTESIAN_POINT('',(-11.84326805476,1.216046520284,
    -2.406731945233));
#1855 = CARTESIAN_POINT('',(-12.01490208215,1.044412492901,
    -2.23509791785));
#1856 = CARTESIAN_POINT('',(-12.18653610953,0.872778465517,
    -2.063463890466));
#1857 = CARTESIAN_POINT('',(-12.35817013691,0.701144438134,
    -1.891829863083));
#1858 = CARTESIAN_POINT('',(-12.5298041643,0.529510410751,-1.7201958357)
  );
#1859 = CARTESIAN_POINT('',(-12.70143819168,0.357876383367,
    -1.548561808316));
#1860 = PCURVE('',#1131,#1861);
#1861 = DEFINITIONAL_REPRESENTATION('',(#1862),#1874);
#1862 = B_SPLINE_CURVE_WITH_KNOTS('',10,(#1863,#1864,#1865,#1866,#1867,
    #1868,#1869,#1870,#1871,#1872,#1873),.UNSPECIFIED.,.F.,.F.,(11,11),(
    0.732443381313,2.08581739289),.PIECEWISE_BEZIER_KNOTS.);
#1863 = CARTESIAN_POINT('',(0.635788791559,0.187451660041));
#1864 = CARTESIAN_POINT('',(0.662075936176,0.249958255896));
#1865 = CARTESIAN_POINT('',(0.690783719666,0.312475852003));
#1866 = CARTESIAN_POINT('',(0.72221860696,0.374941351709));
#1867 = CARTESIAN_POINT('',(0.757004160672,0.437567544929));
#1868 = CARTESIAN_POINT('',(0.795381958698,0.499912519151));
#1869 = CARTESIAN_POINT('',(0.838712742676,0.562598216621));
#1870 = CARTESIAN_POINT('',(0.887301280832,0.624963087295));
#1871 = CARTESIAN_POINT('',(0.94296354434,0.687541894419));
#1872 = CARTESIAN_POINT('',(1.007301575222,0.750036425767));
#1873 = CARTESIAN_POINT('',(1.083615063463,0.812548339959));
#1874 = ( GEOMETRIC_REPRESENTATION_CONTEXT(2) 
PARAMETRIC_REPRESENTATION_CONTEXT() REPRESENTATION_CONTEXT('2D SPACE',''
  ) );
#1875 = PCURVE('',#1244,#1876);
#1876 = DEFINITIONAL_REPRESENTATION('',(#1877),#1881);
#1877 = LINE('',#1878,#1879);
#1878 = CARTESIAN_POINT('',(2.08095199015,0.));
#1879 = VECTOR('',#1880,1.);
#1880 = DIRECTION('',(0.,1.));
#1881 = ( GEOMETRIC_REPRESENTATION_CONTEXT(2) 
PARAMETRIC_REPRESENTATION_CONTEXT() REPRESENTATION_CONTEXT('2D SPACE',''
  ) );
#1882 = ADVANCED_FACE('',(#1883),#1163,.T.);
#1883 = FACE_BOUND('',#1884,.T.);
#1884 = EDGE_LOOP('',(#1885,#1886,#1928,#1954));
#1885 = ORIENTED_EDGE('',*,*,#1148,.T.);
#1886 = ORIENTED_EDGE('',*,*,#1887,.T.);
#1887 = EDGE_CURVE('',#1149,#1888,#1890,.T.);
#1888 = VERTEX_POINT('',#1889);
#1889 = CARTESIAN_POINT('',(-12.51568542494,0.543629150102,
    2.484314575051));
#1890 = SURFACE_CURVE('',#1891,(#1906,#1921),.PCURVE_S1.);
#1891 = B_SPLINE_CURVE_WITH_KNOTS('',7,(#1892,#1893,#1894,#1895,#1896,
    #1897,#1898,#1899,#1900,#1901,#1902,#1903,#1904,#1905),
  .UNSPECIFIED.,.F.,.F.,(8,6,8),(0.247097500304,0.326598632371,
    2.407550622521),.UNSPECIFIED.);
#1892 = CARTESIAN_POINT('',(-11.4541,1.605214575051,3.5459));
#1893 = CARTESIAN_POINT('',(-11.46065714285,1.598657432194,
    3.539342857143));
#1894 = CARTESIAN_POINT('',(-11.46721428571,1.592100289336,
    3.532785714286));
#1895 = CARTESIAN_POINT('',(-11.47377142857,1.585543146479,
    3.526228571429));
#1896 = CARTESIAN_POINT('',(-11.48032857142,1.578986003622,
    3.519671428571));
#1897 = CARTESIAN_POINT('',(-11.48688571428,1.572428860765,
    3.513114285714));
#1898 = CARTESIAN_POINT('',(-11.49344285714,1.565871717908,
    3.506557142857));
#1899 = CARTESIAN_POINT('',(-11.67163402738,1.387680547667,
    3.328365972617));
#1900 = CARTESIAN_POINT('',(-11.84326805476,1.216046520284,
    3.156731945233));
#1901 = CARTESIAN_POINT('',(-12.01490208215,1.044412492901,2.98509791785
    ));
#1902 = CARTESIAN_POINT('',(-12.18653610953,0.872778465517,
    2.813463890467));
#1903 = CARTESIAN_POINT('',(-12.35817013691,0.701144438134,
    2.641829863083));
#1904 = CARTESIAN_POINT('',(-12.5298041643,0.529510410751,2.4701958357)
  );
#1905 = CARTESIAN_POINT('',(-12.70143819168,0.357876383367,
    2.298561808316));
#1906 = PCURVE('',#1163,#1907);
#1907 = DEFINITIONAL_REPRESENTATION('',(#1908),#1920);
#1908 = B_SPLINE_CURVE_WITH_KNOTS('',10,(#1909,#1910,#1911,#1912,#1913,
    #1914,#1915,#1916,#1917,#1918,#1919),.UNSPECIFIED.,.F.,.F.,(11,11),(
    0.732443381313,2.08581739289),.PIECEWISE_BEZIER_KNOTS.);
#1909 = CARTESIAN_POINT('',(3.614211208441,0.187451660041));
#1910 = CARTESIAN_POINT('',(3.587924063824,0.249958255896));
#1911 = CARTESIAN_POINT('',(3.559216280333,0.312475852002));
#1912 = CARTESIAN_POINT('',(3.527781393042,0.374941351709));
#1913 = CARTESIAN_POINT('',(3.492995839326,0.437567544928));
#1914 = CARTESIAN_POINT('',(3.454618041304,0.499912519152));
#1915 = CARTESIAN_POINT('',(3.411287257322,0.562598216621));
#1916 = CARTESIAN_POINT('',(3.36269871917,0.624963087295));
#1917 = CARTESIAN_POINT('',(3.30703645566,0.687541894419));
#1918 = CARTESIAN_POINT('',(3.242698424778,0.750036425767));
#1919 = CARTESIAN_POINT('',(3.166384936537,0.812548339959));
#1920 = ( GEOMETRIC_REPRESENTATION_CONTEXT(2) 
PARAMETRIC_REPRESENTATION_CONTEXT() REPRESENTATION_CONTEXT('2D SPACE',''
  ) );
#1921 = PCURVE('',#1343,#1922);
#1922 = DEFINITIONAL_REPRESENTATION('',(#1923),#1927);
#1923 = LINE('',#1924,#1925);
#1924 = CARTESIAN_POINT('',(0.,0.));
#1925 = VECTOR('',#1926,1.);
#1926 = DIRECTION('',(0.,1.));
#1927 = ( GEOMETRIC_REPRESENTATION_CONTEXT(2) 
PARAMETRIC_REPRESENTATION_CONTEXT() REPRESENTATION_CONTEXT('2D SPACE',''
  ) );
#1928 = ORIENTED_EDGE('',*,*,#1929,.F.);
#1929 = EDGE_CURVE('',#1714,#1888,#1930,.T.);
#1930 = SURFACE_CURVE('',#1931,(#1934,#1940),.PCURVE_S1.);
#1931 = B_SPLINE_CURVE_WITH_KNOTS('',1,(#1932,#1933),.UNSPECIFIED.,.F.,
  .F.,(2,2),(-0.196,1.946),.PIECEWISE_BEZIER_KNOTS.);
#1932 = CARTESIAN_POINT('',(-12.51568542494,-1.071,2.484314575051));
#1933 = CARTESIAN_POINT('',(-12.51568542494,1.071,2.484314575051));
#1934 = PCURVE('',#1163,#1935);
#1935 = DEFINITIONAL_REPRESENTATION('',(#1936),#1939);
#1936 = B_SPLINE_CURVE_WITH_KNOTS('',1,(#1937,#1938),.UNSPECIFIED.,.F.,
  .F.,(2,2),(-0.196,1.946),.PIECEWISE_BEZIER_KNOTS.);
#1937 = CARTESIAN_POINT('',(7.339529635148E-02,0.812548339959));
#1938 = CARTESIAN_POINT('',(4.176604703649,0.812548339959));
#1939 = ( GEOMETRIC_REPRESENTATION_CONTEXT(2) 
PARAMETRIC_REPRESENTATION_CONTEXT() REPRESENTATION_CONTEXT('2D SPACE',''
  ) );
#1940 = PCURVE('',#1941,#1948);
#1941 = ( BOUNDED_SURFACE() B_SPLINE_SURFACE(2,1,(
    (#1942,#1943)
    ,(#1944,#1945)
    ,(#1946,#1947
)),.UNSPECIFIED.,.F.,.F.,.F.) B_SPLINE_SURFACE_WITH_KNOTS((3,3),(2,2),(
    0.,2.142),(-0.196,1.946),.PIECEWISE_BEZIER_KNOTS.) 
GEOMETRIC_REPRESENTATION_ITEM() RATIONAL_B_SPLINE_SURFACE((
    (1.,1.)
    ,(0.923879532511,0.923879532511)
,(1.,1.))) REPRESENTATION_ITEM('') SURFACE() );
#1942 = CARTESIAN_POINT('',(-12.51568542494,-1.071,2.484314575051));
#1943 = CARTESIAN_POINT('',(-12.51568542494,1.071,2.484314575051));
#1944 = CARTESIAN_POINT('',(-12.75,-1.071,2.25));
#1945 = CARTESIAN_POINT('',(-12.75,1.071,2.25));
#1946 = CARTESIAN_POINT('',(-12.75,-1.071,1.918629150102));
#1947 = CARTESIAN_POINT('',(-12.75,1.071,1.918629150102));
#1948 = DEFINITIONAL_REPRESENTATION('',(#1949),#1953);
#1949 = LINE('',#1950,#1951);
#1950 = CARTESIAN_POINT('',(0.,0.));
#1951 = VECTOR('',#1952,1.);
#1952 = DIRECTION('',(0.,1.));
#1953 = ( GEOMETRIC_REPRESENTATION_CONTEXT(2) 
PARAMETRIC_REPRESENTATION_CONTEXT() REPRESENTATION_CONTEXT('2D SPACE',''
  ) );
#1954 = ORIENTED_EDGE('',*,*,#1713,.F.);
#1955 = ADVANCED_FACE('',(#1956),#1244,.T.);
#1956 = FACE_BOUND('',#1957,.T.);
#1957 = EDGE_LOOP('',(#1958,#2007,#2008,#2009));
#1958 = ORIENTED_EDGE('',*,*,#1959,.F.);
#1959 = EDGE_CURVE('',#1199,#1960,#1962,.T.);
#1960 = VERTEX_POINT('',#1961);
#1961 = CARTESIAN_POINT('',(-12.51568542494,1.109314575051,
    -1.168629150102));
#1962 = SURFACE_CURVE('',#1963,(#1978,#1985),.PCURVE_S1.);
#1963 = B_SPLINE_CURVE_WITH_KNOTS('',7,(#1964,#1965,#1966,#1967,#1968,
    #1969,#1970,#1971,#1972,#1973,#1974,#1975,#1976,#1977),
  .UNSPECIFIED.,.F.,.F.,(8,6,8),(0.247097500304,0.326598632371,
    2.407550622521),.UNSPECIFIED.);
#1964 = CARTESIAN_POINT('',(-11.4541,2.1709,-2.230214575051));
#1965 = CARTESIAN_POINT('',(-11.46065714285,2.164342857143,
    -2.223657432194));
#1966 = CARTESIAN_POINT('',(-11.46721428571,2.157785714286,
    -2.217100289336));
#1967 = CARTESIAN_POINT('',(-11.47377142857,2.151228571429,
    -2.210543146479));
#1968 = CARTESIAN_POINT('',(-11.48032857142,2.144671428571,
    -2.203986003622));
#1969 = CARTESIAN_POINT('',(-11.48688571428,2.138114285714,
    -2.197428860765));
#1970 = CARTESIAN_POINT('',(-11.49344285714,2.131557142857,
    -2.190871717908));
#1971 = CARTESIAN_POINT('',(-11.67163402738,1.953365972617,
    -2.012680547667));
#1972 = CARTESIAN_POINT('',(-11.84326805476,1.781731945233,
    -1.841046520284));
#1973 = CARTESIAN_POINT('',(-12.01490208215,1.61009791785,
    -1.669412492901));
#1974 = CARTESIAN_POINT('',(-12.18653610953,1.438463890466,
    -1.497778465517));
#1975 = CARTESIAN_POINT('',(-12.35817013691,1.266829863083,
    -1.326144438134));
#1976 = CARTESIAN_POINT('',(-12.5298041643,1.0951958357,-1.154510410751)
  );
#1977 = CARTESIAN_POINT('',(-12.70143819168,0.923561808316,
    -0.982876383367));
#1978 = PCURVE('',#1244,#1979);
#1979 = DEFINITIONAL_REPRESENTATION('',(#1980),#1984);
#1980 = LINE('',#1981,#1982);
#1981 = CARTESIAN_POINT('',(0.,0.));
#1982 = VECTOR('',#1983,1.);
#1983 = DIRECTION('',(0.,1.));
#1984 = ( GEOMETRIC_REPRESENTATION_CONTEXT(2) 
PARAMETRIC_REPRESENTATION_CONTEXT() REPRESENTATION_CONTEXT('2D SPACE',''
  ) );
#1985 = PCURVE('',#1448,#1986);
#1986 = DEFINITIONAL_REPRESENTATION('',(#1987),#2006);
#1987 = B_SPLINE_CURVE_WITH_KNOTS('',9,(#1988,#1989,#1990,#1991,#1992,
    #1993,#1994,#1995,#1996,#1997,#1998,#1999,#2000,#2001,#2002,#2003,
    #2004,#2005),.UNSPECIFIED.,.F.,.F.,(10,8,10),(0.732443381313,
    1.409130387102,2.08581739289),.UNSPECIFIED.);
#1988 = CARTESIAN_POINT('',(5.638460998328,0.187451660041));
#1989 = CARTESIAN_POINT('',(5.629277419782,0.22217923151));
#1990 = CARTESIAN_POINT('',(5.619783487054,0.256907022586));
#1991 = CARTESIAN_POINT('',(5.609961543806,0.29163406003));
#1992 = CARTESIAN_POINT('',(5.59979152819,0.326362116658));
#1993 = CARTESIAN_POINT('',(5.589252355758,0.361089881861));
#1994 = CARTESIAN_POINT('',(5.578320554077,0.395817013657));
#1995 = CARTESIAN_POINT('',(5.566969766553,0.430544811006));
#1996 = CARTESIAN_POINT('',(5.555171398744,0.465272460526));
#1997 = CARTESIAN_POINT('',(5.530615275009,0.534727593957));
#1998 = CARTESIAN_POINT('',(5.517857479138,0.569455163201));
#1999 = CARTESIAN_POINT('',(5.504587914396,0.604182613466));
#2000 = CARTESIAN_POINT('',(5.490770600063,0.638910970512));
#2001 = CARTESIAN_POINT('',(5.476367660363,0.673637209404));
#2002 = CARTESIAN_POINT('',(5.461333230328,0.708365884987));
#2003 = CARTESIAN_POINT('',(5.445619835837,0.743093128393));
#2004 = CARTESIAN_POINT('',(5.429171078435,0.777820729663));
#2005 = CARTESIAN_POINT('',(5.411923633018,0.812548339959));
#2006 = ( GEOMETRIC_REPRESENTATION_CONTEXT(2) 
PARAMETRIC_REPRESENTATION_CONTEXT() REPRESENTATION_CONTEXT('2D SPACE',''
  ) );
#2007 = ORIENTED_EDGE('',*,*,#1220,.T.);
#2008 = ORIENTED_EDGE('',*,*,#1843,.T.);
#2009 = ORIENTED_EDGE('',*,*,#2010,.F.);
#2010 = EDGE_CURVE('',#1960,#1816,#2011,.T.);
#2011 = SURFACE_CURVE('',#2012,(#2017,#2039),.PCURVE_S1.);
#2012 = CIRCLE('',#2013,0.8);
#2013 = AXIS2_PLACEMENT_3D('',#2014,#2015,#2016);
#2014 = CARTESIAN_POINT('',(-11.95,0.543629150102,-1.168629150102));
#2015 = DIRECTION('',(-0.57735026919,-0.57735026919,0.57735026919));
#2016 = DIRECTION('',(-0.707106781187,0.707106781187,-5.169004243188E-15
    ));
#2017 = PCURVE('',#1244,#2018);
#2018 = DEFINITIONAL_REPRESENTATION('',(#2019),#2038);
#2019 = B_SPLINE_CURVE_WITH_KNOTS('',5,(#2020,#2021,#2022,#2023,#2024,
    #2025,#2026,#2027,#2028,#2029,#2030,#2031,#2032,#2033,#2034,#2035,
    #2036,#2037),.UNSPECIFIED.,.F.,.F.,(6,4,4,4,6),(0.,0.261799387799,
    0.523598775598,0.785398163397,1.047197551197),.UNSPECIFIED.);
#2020 = CARTESIAN_POINT('',(-2.22044604925E-16,2.08581739289));
#2021 = CARTESIAN_POINT('',(0.108958391412,2.08581739289));
#2022 = CARTESIAN_POINT('',(0.216006015112,2.08581739289));
#2023 = CARTESIAN_POINT('',(0.321520652807,2.08581739289));
#2024 = CARTESIAN_POINT('',(0.425833502217,2.08581739289));
#2025 = CARTESIAN_POINT('',(0.632676261436,2.08581739289));
#2026 = CARTESIAN_POINT('',(0.735207324538,2.08581739289));
#2027 = CARTESIAN_POINT('',(0.83715671565,2.08581739289));
#2028 = CARTESIAN_POINT('',(0.938816430541,2.08581739289));
#2029 = CARTESIAN_POINT('',(1.142135559609,2.08581739289));
#2030 = CARTESIAN_POINT('',(1.2437952745,2.08581739289));
#2031 = CARTESIAN_POINT('',(1.345744665611,2.08581739289));
#2032 = CARTESIAN_POINT('',(1.448275728714,2.08581739289));
#2033 = CARTESIAN_POINT('',(1.655118487932,2.08581739289));
#2034 = CARTESIAN_POINT('',(1.759431337343,2.08581739289));
#2035 = CARTESIAN_POINT('',(1.864945975037,2.08581739289));
#2036 = CARTESIAN_POINT('',(1.971993598738,2.08581739289));
#2037 = CARTESIAN_POINT('',(2.08095199015,2.08581739289));
#2038 = ( GEOMETRIC_REPRESENTATION_CONTEXT(2) 
PARAMETRIC_REPRESENTATION_CONTEXT() REPRESENTATION_CONTEXT('2D SPACE',''
  ) );
#2039 = PCURVE('',#2040,#2045);
#2040 = SPHERICAL_SURFACE('',#2041,0.8);
#2041 = AXIS2_PLACEMENT_3D('',#2042,#2043,#2044);
#2042 = CARTESIAN_POINT('',(-11.95,0.543629150102,-1.168629150102));
#2043 = DIRECTION('',(1.,-5.412337245048E-15,1.028346523491E-07));
#2044 = DIRECTION('',(-5.162627723187E-15,1.,1.028346450021E-07));
#2045 = DEFINITIONAL_REPRESENTATION('',(#2046),#2063);
#2046 = B_SPLINE_CURVE_WITH_KNOTS('',8,(#2047,#2048,#2049,#2050,#2051,
    #2052,#2053,#2054,#2055,#2056,#2057,#2058,#2059,#2060,#2061,#2062),
  .UNSPECIFIED.,.F.,.F.,(9,7,9),(0.,0.523598775598,1.047197551197),
  .UNSPECIFIED.);
#2047 = CARTESIAN_POINT('',(0.,-0.785398163397));
#2048 = CARTESIAN_POINT('',(-7.557496573803E-02,-0.823185657924));
#2049 = CARTESIAN_POINT('',(-0.157675442091,-0.857709384679));
#2050 = CARTESIAN_POINT('',(-0.246976612198,-0.888311846262));
#2051 = CARTESIAN_POINT('',(-0.343827878535,-0.914213842956));
#2052 = CARTESIAN_POINT('',(-0.448256574681,-0.934547419241));
#2053 = CARTESIAN_POINT('',(-0.558675558037,-0.948393043412));
#2054 = CARTESIAN_POINT('',(-0.672035691475,-0.955316682596));
#2055 = CARTESIAN_POINT('',(-0.89876063532,-0.955316699083));
#2056 = CARTESIAN_POINT('',(-1.012120774798,-0.948393076384));
#2057 = CARTESIAN_POINT('',(-1.122539770238,-0.934547467957));
#2058 = CARTESIAN_POINT('',(-1.226968482974,-0.914213905869));
#2059 = CARTESIAN_POINT('',(-1.323819767164,-0.888311921549));
#2060 = CARTESIAN_POINT('',(-1.41312095511,-0.857709470628));
#2061 = CARTESIAN_POINT('',(-1.495221448348,-0.823185752987));
#2062 = CARTESIAN_POINT('',(-1.57079642963,-0.785398266232));
#2063 = ( GEOMETRIC_REPRESENTATION_CONTEXT(2) 
PARAMETRIC_REPRESENTATION_CONTEXT() REPRESENTATION_CONTEXT('2D SPACE',''
  ) );
#2064 = ADVANCED_FACE('',(#2065),#1343,.T.);
#2065 = FACE_BOUND('',#2066,.T.);
#2066 = EDGE_LOOP('',(#2067,#2068,#2069,#2118));
#2067 = ORIENTED_EDGE('',*,*,#1887,.F.);
#2068 = ORIENTED_EDGE('',*,*,#1317,.T.);
#2069 = ORIENTED_EDGE('',*,*,#2070,.T.);
#2070 = EDGE_CURVE('',#1318,#2071,#2073,.T.);
#2071 = VERTEX_POINT('',#2072);
#2072 = CARTESIAN_POINT('',(-12.51568542494,1.109314575051,
    1.918629150102));
#2073 = SURFACE_CURVE('',#2074,(#2089,#2096),.PCURVE_S1.);
#2074 = B_SPLINE_CURVE_WITH_KNOTS('',7,(#2075,#2076,#2077,#2078,#2079,
    #2080,#2081,#2082,#2083,#2084,#2085,#2086,#2087,#2088),
  .UNSPECIFIED.,.F.,.F.,(8,6,8),(0.247097500304,0.326598632371,
    2.407550622521),.UNSPECIFIED.);
#2075 = CARTESIAN_POINT('',(-11.4541,2.1709,2.980214575051));
#2076 = CARTESIAN_POINT('',(-11.46065714285,2.164342857143,
    2.973657432194));
#2077 = CARTESIAN_POINT('',(-11.46721428571,2.157785714286,
    2.967100289336));
#2078 = CARTESIAN_POINT('',(-11.47377142857,2.151228571429,
    2.960543146479));
#2079 = CARTESIAN_POINT('',(-11.48032857142,2.144671428571,
    2.953986003622));
#2080 = CARTESIAN_POINT('',(-11.48688571428,2.138114285714,
    2.947428860765));
#2081 = CARTESIAN_POINT('',(-11.49344285714,2.131557142857,
    2.940871717908));
#2082 = CARTESIAN_POINT('',(-11.67163402738,1.953365972617,
    2.762680547667));
#2083 = CARTESIAN_POINT('',(-11.84326805476,1.781731945233,
    2.591046520284));
#2084 = CARTESIAN_POINT('',(-12.01490208215,1.61009791785,2.419412492901
    ));
#2085 = CARTESIAN_POINT('',(-12.18653610953,1.438463890467,
    2.247778465517));
#2086 = CARTESIAN_POINT('',(-12.35817013691,1.266829863083,
    2.076144438134));
#2087 = CARTESIAN_POINT('',(-12.5298041643,1.0951958357,1.904510410751)
  );
#2088 = CARTESIAN_POINT('',(-12.70143819168,0.923561808316,
    1.732876383367));
#2089 = PCURVE('',#1343,#2090);
#2090 = DEFINITIONAL_REPRESENTATION('',(#2091),#2095);
#2091 = LINE('',#2092,#2093);
#2092 = CARTESIAN_POINT('',(2.08095199015,0.));
#2093 = VECTOR('',#2094,1.);
#2094 = DIRECTION('',(0.,1.));
#2095 = ( GEOMETRIC_REPRESENTATION_CONTEXT(2) 
PARAMETRIC_REPRESENTATION_CONTEXT() REPRESENTATION_CONTEXT('2D SPACE',''
  ) );
#2096 = PCURVE('',#1448,#2097);
#2097 = DEFINITIONAL_REPRESENTATION('',(#2098),#2117);
#2098 = B_SPLINE_CURVE_WITH_KNOTS('',9,(#2099,#2100,#2101,#2102,#2103,
    #2104,#2105,#2106,#2107,#2108,#2109,#2110,#2111,#2112,#2113,#2114,
    #2115,#2116),.UNSPECIFIED.,.F.,.F.,(10,8,10),(0.732443381313,
    1.409130387102,2.08581739289),.UNSPECIFIED.);
#2099 = CARTESIAN_POINT('',(0.611539001672,0.187451660041));
#2100 = CARTESIAN_POINT('',(0.620722580218,0.22217923151));
#2101 = CARTESIAN_POINT('',(0.630216512946,0.256907022586));
#2102 = CARTESIAN_POINT('',(0.640038456196,0.29163406003));
#2103 = CARTESIAN_POINT('',(0.650208471809,0.326362116658));
#2104 = CARTESIAN_POINT('',(0.660747644244,0.361089881861));
#2105 = CARTESIAN_POINT('',(0.671679445922,0.395817013657));
#2106 = CARTESIAN_POINT('',(0.683030233447,0.430544811006));
#2107 = CARTESIAN_POINT('',(0.694828601256,0.465272460526));
#2108 = CARTESIAN_POINT('',(0.719384724991,0.534727593957));
#2109 = CARTESIAN_POINT('',(0.732142520861,0.569455163201));
#2110 = CARTESIAN_POINT('',(0.745412085604,0.604182613465));
#2111 = CARTESIAN_POINT('',(0.759229399936,0.638910970512));
#2112 = CARTESIAN_POINT('',(0.773632339637,0.673637209404));
#2113 = CARTESIAN_POINT('',(0.788666769671,0.708365884987));
#2114 = CARTESIAN_POINT('',(0.804380164163,0.743093128393));
#2115 = CARTESIAN_POINT('',(0.820828921565,0.777820729663));
#2116 = CARTESIAN_POINT('',(0.838076366982,0.812548339959));
#2117 = ( GEOMETRIC_REPRESENTATION_CONTEXT(2) 
PARAMETRIC_REPRESENTATION_CONTEXT() REPRESENTATION_CONTEXT('2D SPACE',''
  ) );
#2118 = ORIENTED_EDGE('',*,*,#2119,.F.);
#2119 = EDGE_CURVE('',#1888,#2071,#2120,.T.);
#2120 = SURFACE_CURVE('',#2121,(#2126,#2148),.PCURVE_S1.);
#2121 = CIRCLE('',#2122,0.8);
#2122 = AXIS2_PLACEMENT_3D('',#2123,#2124,#2125);
#2123 = CARTESIAN_POINT('',(-11.95000000001,0.543629150083,
    1.918629150083));
#2124 = DIRECTION('',(-0.577350269227,-0.577350269171,-0.577350269171));
#2125 = DIRECTION('',(-0.707106781163,2.305767865353E-11,0.70710678121)
  );
#2126 = PCURVE('',#1343,#2127);
#2127 = DEFINITIONAL_REPRESENTATION('',(#2128),#2147);
#2128 = B_SPLINE_CURVE_WITH_KNOTS('',5,(#2129,#2130,#2131,#2132,#2133,
    #2134,#2135,#2136,#2137,#2138,#2139,#2140,#2141,#2142,#2143,#2144,
    #2145,#2146),.UNSPECIFIED.,.F.,.F.,(6,4,4,4,6),(0.,0.261799387799,
    0.523598775598,0.785398163397,1.047197551197),.UNSPECIFIED.);
#2129 = CARTESIAN_POINT('',(0.,2.08581739289));
#2130 = CARTESIAN_POINT('',(0.108958391412,2.08581739289));
#2131 = CARTESIAN_POINT('',(0.216006015112,2.08581739289));
#2132 = CARTESIAN_POINT('',(0.321520652807,2.08581739289));
#2133 = CARTESIAN_POINT('',(0.425833502217,2.08581739289));
#2134 = CARTESIAN_POINT('',(0.632676261436,2.08581739289));
#2135 = CARTESIAN_POINT('',(0.735207324538,2.08581739289));
#2136 = CARTESIAN_POINT('',(0.83715671565,2.08581739289));
#2137 = CARTESIAN_POINT('',(0.938816430541,2.08581739289));
#2138 = CARTESIAN_POINT('',(1.142135559609,2.08581739289));
#2139 = CARTESIAN_POINT('',(1.2437952745,2.08581739289));
#2140 = CARTESIAN_POINT('',(1.345744665611,2.08581739289));
#2141 = CARTESIAN_POINT('',(1.448275728714,2.08581739289));
#2142 = CARTESIAN_POINT('',(1.655118487932,2.08581739289));
#2143 = CARTESIAN_POINT('',(1.759431337343,2.08581739289));
#2144 = CARTESIAN_POINT('',(1.864945975037,2.08581739289));
#2145 = CARTESIAN_POINT('',(1.971993598738,2.08581739289));
#2146 = CARTESIAN_POINT('',(2.08095199015,2.08581739289));
#2147 = ( GEOMETRIC_REPRESENTATION_CONTEXT(2) 
PARAMETRIC_REPRESENTATION_CONTEXT() REPRESENTATION_CONTEXT('2D SPACE',''
  ) );
#2148 = PCURVE('',#2149,#2154);
#2149 = SPHERICAL_SURFACE('',#2150,0.8);
#2150 = AXIS2_PLACEMENT_3D('',#2151,#2152,#2153);
#2151 = CARTESIAN_POINT('',(-11.95000000001,0.543629150083,
    1.918629150083));
#2152 = DIRECTION('',(0.999999999977,-6.790830580222E-06,
    -2.305777790923E-11));
#2153 = DIRECTION('',(-2.305738061954E-11,-6.790797971314E-06,
    0.999999999977));
#2154 = DEFINITIONAL_REPRESENTATION('',(#2155),#2172);
#2155 = B_SPLINE_CURVE_WITH_KNOTS('',8,(#2156,#2157,#2158,#2159,#2160,
    #2161,#2162,#2163,#2164,#2165,#2166,#2167,#2168,#2169,#2170,#2171),
  .UNSPECIFIED.,.F.,.F.,(9,7,9),(0.,0.523598775598,1.047197551197),
  .UNSPECIFIED.);
#2156 = CARTESIAN_POINT('',(-1.962615573291E-16,-0.785398163365));
#2157 = CARTESIAN_POINT('',(-7.557446028943E-02,-0.823186163332));
#2158 = CARTESIAN_POINT('',(-0.157674474805,-0.85771043915));
#2159 = CARTESIAN_POINT('',(-0.246975266558,-0.888313493721));
#2160 = CARTESIAN_POINT('',(-0.343826294633,-0.914216121276));
#2161 = CARTESIAN_POINT('',(-0.448254967674,-0.934550355975));
#2162 = CARTESIAN_POINT('',(-0.558674238243,-0.948396630851));
#2163 = CARTESIAN_POINT('',(-0.672034933245,-0.95532087557));
#2164 = CARTESIAN_POINT('',(-0.898761393415,-0.955321964271));
#2165 = CARTESIAN_POINT('',(-1.012122487327,-0.948398808193));
#2166 = CARTESIAN_POINT('',(-1.122542555889,-0.934553572698));
#2167 = CARTESIAN_POINT('',(-1.226972324799,-0.91422027602));
#2168 = CARTESIAN_POINT('',(-1.32382453153,-0.888318465275));
#2169 = CARTESIAN_POINT('',(-1.413126501392,-0.857716114948));
#2170 = CARTESIAN_POINT('',(-1.495227630853,-0.82319244095));
#2171 = CARTESIAN_POINT('',(-1.570803117583,-0.785404954195));
#2172 = ( GEOMETRIC_REPRESENTATION_CONTEXT(2) 
PARAMETRIC_REPRESENTATION_CONTEXT() REPRESENTATION_CONTEXT('2D SPACE',''
  ) );
#2173 = ADVANCED_FACE('',(#2174),#1448,.T.);
#2174 = FACE_BOUND('',#2175,.T.);
#2175 = EDGE_LOOP('',(#2176,#2177,#2178,#2216));
#2176 = ORIENTED_EDGE('',*,*,#1435,.T.);
#2177 = ORIENTED_EDGE('',*,*,#1959,.T.);
#2178 = ORIENTED_EDGE('',*,*,#2179,.F.);
#2179 = EDGE_CURVE('',#2071,#1960,#2180,.T.);
#2180 = SURFACE_CURVE('',#2181,(#2187,#2193),.PCURVE_S1.);
#2181 = B_SPLINE_CURVE_WITH_KNOTS('',2,(#2182,#2183,#2184,#2185,#2186),
  .UNSPECIFIED.,.F.,.F.,(3,1,1,3),(-0.372014575051,-0.234314575051,
    3.984314575051,4.122014575051),.UNSPECIFIED.);
#2182 = CARTESIAN_POINT('',(-12.51568542494,1.109314575051,
    2.622014575051));
#2183 = CARTESIAN_POINT('',(-12.51568542494,1.109314575051,
    2.553164575051));
#2184 = CARTESIAN_POINT('',(-12.51568542494,1.109314575051,0.375));
#2185 = CARTESIAN_POINT('',(-12.51568542494,1.109314575051,
    -1.803164575051));
#2186 = CARTESIAN_POINT('',(-12.51568542494,1.109314575051,
    -1.872014575051));
#2187 = PCURVE('',#1448,#2188);
#2188 = DEFINITIONAL_REPRESENTATION('',(#2189),#2192);
#2189 = B_SPLINE_CURVE_WITH_KNOTS('',1,(#2190,#2191),.UNSPECIFIED.,.F.,
  .F.,(2,2),(-0.234314575051,3.984314575051),.PIECEWISE_BEZIER_KNOTS.);
#2190 = CARTESIAN_POINT('',(-8.326672684689E-16,0.812548339959));
#2191 = CARTESIAN_POINT('',(6.25,0.812548339959));
#2192 = ( GEOMETRIC_REPRESENTATION_CONTEXT(2) 
PARAMETRIC_REPRESENTATION_CONTEXT() REPRESENTATION_CONTEXT('2D SPACE',''
  ) );
#2193 = PCURVE('',#2194,#2210);
#2194 = ( BOUNDED_SURFACE() B_SPLINE_SURFACE(2,2,(
    (#2195,#2196,#2197,#2198,#2199)
    ,(#2200,#2201,#2202,#2203,#2204)
    ,(#2205,#2206,#2207,#2208,#2209
)),.UNSPECIFIED.,.F.,.F.,.F.) B_SPLINE_SURFACE_WITH_KNOTS((3,3),(3,1,1,3
    ),(0.,4.218629150102),(-0.372014575051,-0.234314575051,
    3.984314575051,4.122014575051),.UNSPECIFIED.) 
GEOMETRIC_REPRESENTATION_ITEM() RATIONAL_B_SPLINE_SURFACE((
    (1.,1.,1.,1.,1.)
    ,(0.923879532511,0.923879532511,0.923879532511,0.923879532511
      ,0.923879532511)
,(1.,1.,1.,1.,1.))) REPRESENTATION_ITEM('') SURFACE() );
#2195 = CARTESIAN_POINT('',(-12.51568542494,1.109314575051,
    2.622014575051));
#2196 = CARTESIAN_POINT('',(-12.51568542494,1.109314575051,
    2.553164575051));
#2197 = CARTESIAN_POINT('',(-12.51568542494,1.109314575051,0.375));
#2198 = CARTESIAN_POINT('',(-12.51568542494,1.109314575051,
    -1.803164575051));
#2199 = CARTESIAN_POINT('',(-12.51568542494,1.109314575051,
    -1.872014575051));
#2200 = CARTESIAN_POINT('',(-12.75,0.875,2.622014575051));
#2201 = CARTESIAN_POINT('',(-12.75,0.875,2.553164575051));
#2202 = CARTESIAN_POINT('',(-12.75,0.875,0.375));
#2203 = CARTESIAN_POINT('',(-12.75,0.875,-1.803164575051));
#2204 = CARTESIAN_POINT('',(-12.75,0.875,-1.872014575051));
#2205 = CARTESIAN_POINT('',(-12.75,0.543629150102,2.622014575051));
#2206 = CARTESIAN_POINT('',(-12.75,0.543629150102,2.553164575051));
#2207 = CARTESIAN_POINT('',(-12.75,0.543629150102,0.375));
#2208 = CARTESIAN_POINT('',(-12.75,0.543629150102,-1.803164575051));
#2209 = CARTESIAN_POINT('',(-12.75,0.543629150102,-1.872014575051));
#2210 = DEFINITIONAL_REPRESENTATION('',(#2211),#2215);
#2211 = LINE('',#2212,#2213);
#2212 = CARTESIAN_POINT('',(0.,0.));
#2213 = VECTOR('',#2214,1.);
#2214 = DIRECTION('',(0.,1.));
#2215 = ( GEOMETRIC_REPRESENTATION_CONTEXT(2) 
PARAMETRIC_REPRESENTATION_CONTEXT() REPRESENTATION_CONTEXT('2D SPACE',''
  ) );
#2216 = ORIENTED_EDGE('',*,*,#2070,.F.);
#2217 = ADVANCED_FACE('',(#2218),#1538,.F.);
#2218 = FACE_BOUND('',#2219,.F.);
#2219 = EDGE_LOOP('',(#2220,#2221,#2259,#2291));
#2220 = ORIENTED_EDGE('',*,*,#1521,.F.);
#2221 = ORIENTED_EDGE('',*,*,#2222,.T.);
#2222 = EDGE_CURVE('',#1522,#2223,#2225,.T.);
#2223 = VERTEX_POINT('',#2224);
#2224 = CARTESIAN_POINT('',(-12.75,-0.543629150102,-1.168629150102));
#2225 = SURFACE_CURVE('',#2226,(#2231,#2243),.PCURVE_S1.);
#2226 = CIRCLE('',#2227,0.8);
#2227 = AXIS2_PLACEMENT_3D('',#2228,#2229,#2230);
#2228 = CARTESIAN_POINT('',(-11.95,-0.543629150102,-1.168629150128));
#2229 = DIRECTION('',(-3.260791636598E-11,1.454166465303E-07,-1.));
#2230 = DIRECTION('',(-0.707106781187,-0.707106781187,
    -1.028020395802E-07));
#2231 = PCURVE('',#1538,#2232);
#2232 = DEFINITIONAL_REPRESENTATION('',(#2233),#2242);
#2233 = B_SPLINE_CURVE_WITH_KNOTS('',7,(#2234,#2235,#2236,#2237,#2238,
    #2239,#2240,#2241),.UNSPECIFIED.,.F.,.F.,(8,8),(0.,0.785398163397),
  .PIECEWISE_BEZIER_KNOTS.);
#2234 = CARTESIAN_POINT('',(0.,0.331370767631));
#2235 = CARTESIAN_POINT('',(0.618434251082,0.331370779691));
#2236 = CARTESIAN_POINT('',(1.22076605233,0.331370791437));
#2237 = CARTESIAN_POINT('',(1.814107562042,0.331370803008));
#2238 = CARTESIAN_POINT('',(2.404521588059,0.331370814521));
#2239 = CARTESIAN_POINT('',(2.997863097772,0.331370826092));
#2240 = CARTESIAN_POINT('',(3.60019489902,0.331370837838));
#2241 = CARTESIAN_POINT('',(4.218629150102,0.331370849898));
#2242 = ( GEOMETRIC_REPRESENTATION_CONTEXT(2) 
PARAMETRIC_REPRESENTATION_CONTEXT() REPRESENTATION_CONTEXT('2D SPACE',''
  ) );
#2243 = PCURVE('',#1696,#2244);
#2244 = DEFINITIONAL_REPRESENTATION('',(#2245),#2258);
#2245 = B_SPLINE_CURVE_WITH_KNOTS('',6,(#2246,#2247,#2248,#2249,#2250,
    #2251,#2252,#2253,#2254,#2255,#2256,#2257),.UNSPECIFIED.,.F.,.F.,(7,
    5,7),(0.,0.392699081699,0.785398163397),.UNSPECIFIED.);
#2246 = CARTESIAN_POINT('',(-1.922968935455E-15,-0.523604404216));
#2247 = CARTESIAN_POINT('',(-6.170710853201E-02,-0.561391645374));
#2248 = CARTESIAN_POINT('',(-0.126645600199,-0.597200433478));
#2249 = CARTESIAN_POINT('',(-0.195235813556,-0.630641285075));
#2250 = CARTESIAN_POINT('',(-0.267853169712,-0.661261553695));
#2251 = CARTESIAN_POINT('',(-0.344679699703,-0.68852231595));
#2252 = CARTESIAN_POINT('',(-0.506153626213,-0.735305788901));
#2253 = CARTESIAN_POINT('',(-0.590801699169,-0.754828021823));
#2254 = CARTESIAN_POINT('',(-0.67906498127,-0.769976295439));
#2255 = CARTESIAN_POINT('',(-0.770201433343,-0.780259614919));
#2256 = CARTESIAN_POINT('',(-0.862761152653,-0.78539880144));
#2257 = CARTESIAN_POINT('',(-0.955321213857,-0.785398163365));
#2258 = ( GEOMETRIC_REPRESENTATION_CONTEXT(2) 
PARAMETRIC_REPRESENTATION_CONTEXT() REPRESENTATION_CONTEXT('2D SPACE',''
  ) );
#2259 = ORIENTED_EDGE('',*,*,#2260,.T.);
#2260 = EDGE_CURVE('',#2223,#2261,#2263,.T.);
#2261 = VERTEX_POINT('',#2262);
#2262 = CARTESIAN_POINT('',(-12.75,-0.543629150102,1.918629232369));
#2263 = SURFACE_CURVE('',#2264,(#2270,#2277),.PCURVE_S1.);
#2264 = B_SPLINE_CURVE_WITH_KNOTS('',2,(#2265,#2266,#2267,#2268,#2269),
  .UNSPECIFIED.,.F.,.F.,(3,1,1,3),(-0.372014575051,-0.234314575051,
    3.984314575051,4.122014575051),.UNSPECIFIED.);
#2265 = CARTESIAN_POINT('',(-12.75,-0.543629150102,-1.872014575051));
#2266 = CARTESIAN_POINT('',(-12.75,-0.543629150102,-1.803164575051));
#2267 = CARTESIAN_POINT('',(-12.75,-0.543629150102,0.375));
#2268 = CARTESIAN_POINT('',(-12.75,-0.543629150102,2.553164575051));
#2269 = CARTESIAN_POINT('',(-12.75,-0.543629150102,2.622014575051));
#2270 = PCURVE('',#1538,#2271);
#2271 = DEFINITIONAL_REPRESENTATION('',(#2272),#2276);
#2272 = LINE('',#2273,#2274);
#2273 = CARTESIAN_POINT('',(4.218629150102,0.));
#2274 = VECTOR('',#2275,1.);
#2275 = DIRECTION('',(0.,1.));
#2276 = ( GEOMETRIC_REPRESENTATION_CONTEXT(2) 
PARAMETRIC_REPRESENTATION_CONTEXT() REPRESENTATION_CONTEXT('2D SPACE',''
  ) );
#2277 = PCURVE('',#2278,#2283);
#2278 = PLANE('',#2279);
#2279 = AXIS2_PLACEMENT_3D('',#2280,#2281,#2282);
#2280 = CARTESIAN_POINT('',(-12.75,-0.875,-1.5));
#2281 = DIRECTION('',(1.,0.,-1.110223024625E-16));
#2282 = DIRECTION('',(1.00606538655E-16,0.422885465331,0.906183139995));
#2283 = DEFINITIONAL_REPRESENTATION('',(#2284),#2290);
#2284 = B_SPLINE_CURVE_WITH_KNOTS('',2,(#2285,#2286,#2287,#2288,#2289),
  .UNSPECIFIED.,.F.,.F.,(3,1,1,3),(-0.372014575051,-0.234314575051,
    3.984314575051,4.122014575051),.UNSPECIFIED.);
#2285 = CARTESIAN_POINT('',(-0.196981419687,-0.457602233944));
#2286 = CARTESIAN_POINT('',(-0.134590710498,-0.428486569656));
#2287 = CARTESIAN_POINT('',(1.839225303548,0.492627570232));
#2288 = CARTESIAN_POINT('',(3.813041317594,1.41374171012));
#2289 = CARTESIAN_POINT('',(3.875432026782,1.442857374408));
#2290 = ( GEOMETRIC_REPRESENTATION_CONTEXT(2) 
PARAMETRIC_REPRESENTATION_CONTEXT() REPRESENTATION_CONTEXT('2D SPACE',''
  ) );
#2291 = ORIENTED_EDGE('',*,*,#2292,.T.);
#2292 = EDGE_CURVE('',#2261,#1473,#2293,.T.);
#2293 = SURFACE_CURVE('',#2294,(#2299,#2311),.PCURVE_S1.);
#2294 = CIRCLE('',#2295,0.8);
#2295 = AXIS2_PLACEMENT_3D('',#2296,#2297,#2298);
#2296 = CARTESIAN_POINT('',(-11.95,-0.543629150102,1.918629150102));
#2297 = DIRECTION('',(1.028346534038E-07,-1.028346462273E-07,1.));
#2298 = DIRECTION('',(-5.16262795764E-15,-1.,-1.028346462273E-07));
#2299 = PCURVE('',#1538,#2300);
#2300 = DEFINITIONAL_REPRESENTATION('',(#2301),#2310);
#2301 = B_SPLINE_CURVE_WITH_KNOTS('',7,(#2302,#2303,#2304,#2305,#2306,
    #2307,#2308,#2309),.UNSPECIFIED.,.F.,.F.,(8,8),(4.712388980385,
    5.497787143782),.PIECEWISE_BEZIER_KNOTS.);
#2302 = CARTESIAN_POINT('',(4.218629150102,3.418629150102));
#2303 = CARTESIAN_POINT('',(3.60019489902,3.418629162162));
#2304 = CARTESIAN_POINT('',(2.997863097772,3.418629173908));
#2305 = CARTESIAN_POINT('',(2.404521588058,3.418629185479));
#2306 = CARTESIAN_POINT('',(1.814107562043,3.418629196992));
#2307 = CARTESIAN_POINT('',(1.220766052329,3.418629208563));
#2308 = CARTESIAN_POINT('',(0.618434251082,3.418629220309));
#2309 = CARTESIAN_POINT('',(5.666696084256E-16,3.418629232369));
#2310 = ( GEOMETRIC_REPRESENTATION_CONTEXT(2) 
PARAMETRIC_REPRESENTATION_CONTEXT() REPRESENTATION_CONTEXT('2D SPACE',''
  ) );
#2311 = PCURVE('',#1785,#2312);
#2312 = DEFINITIONAL_REPRESENTATION('',(#2313),#2317);
#2313 = LINE('',#2314,#2315);
#2314 = CARTESIAN_POINT('',(-0.,-6.28318530718));
#2315 = VECTOR('',#2316,1.);
#2316 = DIRECTION('',(-0.,1.));
#2317 = ( GEOMETRIC_REPRESENTATION_CONTEXT(2) 
PARAMETRIC_REPRESENTATION_CONTEXT() REPRESENTATION_CONTEXT('2D SPACE',''
  ) );
#2318 = ADVANCED_FACE('',(#2319),#1696,.T.);
#2319 = FACE_BOUND('',#2320,.F.);
#2320 = EDGE_LOOP('',(#2321,#2322,#2347));
#2321 = ORIENTED_EDGE('',*,*,#1655,.F.);
#2322 = ORIENTED_EDGE('',*,*,#2323,.T.);
#2323 = EDGE_CURVE('',#1614,#2223,#2324,.T.);
#2324 = SURFACE_CURVE('',#2325,(#2330,#2337),.PCURVE_S1.);
#2325 = CIRCLE('',#2326,0.8);
#2326 = AXIS2_PLACEMENT_3D('',#2327,#2328,#2329);
#2327 = CARTESIAN_POINT('',(-11.95,-0.543629150102,-1.168629150128));
#2328 = DIRECTION('',(7.104675323864E-15,0.999999999954,
    -9.603652096528E-06));
#2329 = DIRECTION('',(-0.707106781187,6.790807526635E-06,0.707106781154)
  );
#2330 = PCURVE('',#1696,#2331);
#2331 = DEFINITIONAL_REPRESENTATION('',(#2332),#2336);
#2332 = LINE('',#2333,#2334);
#2333 = CARTESIAN_POINT('',(-0.955321213857,-6.28318530718));
#2334 = VECTOR('',#2335,1.);
#2335 = DIRECTION('',(-0.,1.));
#2336 = ( GEOMETRIC_REPRESENTATION_CONTEXT(2) 
PARAMETRIC_REPRESENTATION_CONTEXT() REPRESENTATION_CONTEXT('2D SPACE',''
  ) );
#2337 = PCURVE('',#1829,#2338);
#2338 = DEFINITIONAL_REPRESENTATION('',(#2339),#2346);
#2339 = B_SPLINE_CURVE_WITH_KNOTS('',5,(#2340,#2341,#2342,#2343,#2344,
    #2345),.UNSPECIFIED.,.F.,.F.,(6,6),(4.712388980385,5.497787143815),
  .PIECEWISE_BEZIER_KNOTS.);
#2340 = CARTESIAN_POINT('',(2.22044604925E-16,1.418634582748));
#2341 = CARTESIAN_POINT('',(0.439612150336,1.418633467782));
#2342 = CARTESIAN_POINT('',(0.862058920243,1.418632396351));
#2343 = CARTESIAN_POINT('',(1.279941070733,1.418631336498));
#2344 = CARTESIAN_POINT('',(1.702387849664,1.418630265068));
#2345 = CARTESIAN_POINT('',(2.142,1.418629150102));
#2346 = ( GEOMETRIC_REPRESENTATION_CONTEXT(2) 
PARAMETRIC_REPRESENTATION_CONTEXT() REPRESENTATION_CONTEXT('2D SPACE',''
  ) );
#2347 = ORIENTED_EDGE('',*,*,#2222,.F.);
#2348 = ADVANCED_FACE('',(#2349),#1785,.T.);
#2349 = FACE_BOUND('',#2350,.F.);
#2350 = EDGE_LOOP('',(#2351,#2352,#2377));
#2351 = ORIENTED_EDGE('',*,*,#2292,.F.);
#2352 = ORIENTED_EDGE('',*,*,#2353,.T.);
#2353 = EDGE_CURVE('',#2261,#1714,#2354,.T.);
#2354 = SURFACE_CURVE('',#2355,(#2360,#2367),.PCURVE_S1.);
#2355 = CIRCLE('',#2356,0.8);
#2356 = AXIS2_PLACEMENT_3D('',#2357,#2358,#2359);
#2357 = CARTESIAN_POINT('',(-11.95,-0.543629150102,1.918629150102));
#2358 = DIRECTION('',(-5.412337091925E-15,1.,1.489021506243E-15));
#2359 = DIRECTION('',(1.028346534038E-07,-1.489020949667E-15,1.));
#2360 = PCURVE('',#1785,#2361);
#2361 = DEFINITIONAL_REPRESENTATION('',(#2362),#2366);
#2362 = LINE('',#2363,#2364);
#2363 = CARTESIAN_POINT('',(-1.57079642963,-6.28318530718));
#2364 = VECTOR('',#2365,1.);
#2365 = DIRECTION('',(-0.,1.));
#2366 = ( GEOMETRIC_REPRESENTATION_CONTEXT(2) 
PARAMETRIC_REPRESENTATION_CONTEXT() REPRESENTATION_CONTEXT('2D SPACE',''
  ) );
#2367 = PCURVE('',#1941,#2368);
#2368 = DEFINITIONAL_REPRESENTATION('',(#2369),#2376);
#2369 = B_SPLINE_CURVE_WITH_KNOTS('',5,(#2370,#2371,#2372,#2373,#2374,
    #2375),.UNSPECIFIED.,.F.,.F.,(6,6),(4.712388980385,5.497787040947),
  .PIECEWISE_BEZIER_KNOTS.);
#2370 = CARTESIAN_POINT('',(2.142,0.331370849898));
#2371 = CARTESIAN_POINT('',(1.702387907242,0.331369734933));
#2372 = CARTESIAN_POINT('',(1.279940229791,0.3313686635));
#2373 = CARTESIAN_POINT('',(0.862059185602,0.331367603649));
#2374 = CARTESIAN_POINT('',(0.439612092758,0.331366532218));
#2375 = CARTESIAN_POINT('',(-1.598045815998E-16,0.331365417252));
#2376 = ( GEOMETRIC_REPRESENTATION_CONTEXT(2) 
PARAMETRIC_REPRESENTATION_CONTEXT() REPRESENTATION_CONTEXT('2D SPACE',''
  ) );
#2377 = ORIENTED_EDGE('',*,*,#1755,.F.);
#2378 = ADVANCED_FACE('',(#2379),#1829,.F.);
#2379 = FACE_BOUND('',#2380,.F.);
#2380 = EDGE_LOOP('',(#2381,#2408,#2427,#2428));
#2381 = ORIENTED_EDGE('',*,*,#2382,.F.);
#2382 = EDGE_CURVE('',#2383,#1816,#2385,.T.);
#2383 = VERTEX_POINT('',#2384);
#2384 = CARTESIAN_POINT('',(-12.75,0.543629150102,-1.168629232369));
#2385 = SURFACE_CURVE('',#2386,(#2391,#2401),.PCURVE_S1.);
#2386 = CIRCLE('',#2387,0.8);
#2387 = AXIS2_PLACEMENT_3D('',#2388,#2389,#2390);
#2388 = CARTESIAN_POINT('',(-11.95,0.543629150102,-1.168629150102));
#2389 = DIRECTION('',(-5.412337080913E-15,-1.,-1.596098752754E-15));
#2390 = DIRECTION('',(1.028346523491E-07,1.596098196178E-15,-1.));
#2391 = PCURVE('',#1829,#2392);
#2392 = DEFINITIONAL_REPRESENTATION('',(#2393),#2400);
#2393 = B_SPLINE_CURVE_WITH_KNOTS('',5,(#2394,#2395,#2396,#2397,#2398,
    #2399),.UNSPECIFIED.,.F.,.F.,(6,6),(4.712388980385,5.497787040947),
  .PIECEWISE_BEZIER_KNOTS.);
#2394 = CARTESIAN_POINT('',(2.142,0.331370849898));
#2395 = CARTESIAN_POINT('',(1.702387907242,0.331369734933));
#2396 = CARTESIAN_POINT('',(1.279940229791,0.3313686635));
#2397 = CARTESIAN_POINT('',(0.862059185602,0.331367603649));
#2398 = CARTESIAN_POINT('',(0.439612092758,0.331366532218));
#2399 = CARTESIAN_POINT('',(2.22044604925E-16,0.331365417252));
#2400 = ( GEOMETRIC_REPRESENTATION_CONTEXT(2) 
PARAMETRIC_REPRESENTATION_CONTEXT() REPRESENTATION_CONTEXT('2D SPACE',''
  ) );
#2401 = PCURVE('',#2040,#2402);
#2402 = DEFINITIONAL_REPRESENTATION('',(#2403),#2407);
#2403 = LINE('',#2404,#2405);
#2404 = CARTESIAN_POINT('',(-1.57079642963,-6.28318530718));
#2405 = VECTOR('',#2406,1.);
#2406 = DIRECTION('',(-0.,1.));
#2407 = ( GEOMETRIC_REPRESENTATION_CONTEXT(2) 
PARAMETRIC_REPRESENTATION_CONTEXT() REPRESENTATION_CONTEXT('2D SPACE',''
  ) );
#2408 = ORIENTED_EDGE('',*,*,#2409,.T.);
#2409 = EDGE_CURVE('',#2383,#2223,#2410,.T.);
#2410 = SURFACE_CURVE('',#2411,(#2414,#2421),.PCURVE_S1.);
#2411 = B_SPLINE_CURVE_WITH_KNOTS('',1,(#2412,#2413),.UNSPECIFIED.,.F.,
  .F.,(2,2),(-0.196,1.946),.PIECEWISE_BEZIER_KNOTS.);
#2412 = CARTESIAN_POINT('',(-12.75,1.071,-1.168629150102));
#2413 = CARTESIAN_POINT('',(-12.75,-1.071,-1.168629150102));
#2414 = PCURVE('',#1829,#2415);
#2415 = DEFINITIONAL_REPRESENTATION('',(#2416),#2420);
#2416 = LINE('',#2417,#2418);
#2417 = CARTESIAN_POINT('',(2.142,0.));
#2418 = VECTOR('',#2419,1.);
#2419 = DIRECTION('',(0.,1.));
#2420 = ( GEOMETRIC_REPRESENTATION_CONTEXT(2) 
PARAMETRIC_REPRESENTATION_CONTEXT() REPRESENTATION_CONTEXT('2D SPACE',''
  ) );
#2421 = PCURVE('',#2278,#2422);
#2422 = DEFINITIONAL_REPRESENTATION('',(#2423),#2426);
#2423 = B_SPLINE_CURVE_WITH_KNOTS('',1,(#2424,#2425),.UNSPECIFIED.,.F.,
  .F.,(2,2),(-0.196,1.946),.PIECEWISE_BEZIER_KNOTS.);
#2424 = CARTESIAN_POINT('',(1.123217792798,-1.623300474374));
#2425 = CARTESIAN_POINT('',(0.217397126059,0.317743811496));
#2426 = ( GEOMETRIC_REPRESENTATION_CONTEXT(2) 
PARAMETRIC_REPRESENTATION_CONTEXT() REPRESENTATION_CONTEXT('2D SPACE',''
  ) );
#2427 = ORIENTED_EDGE('',*,*,#2323,.F.);
#2428 = ORIENTED_EDGE('',*,*,#1815,.F.);
#2429 = ADVANCED_FACE('',(#2430),#1941,.F.);
#2430 = FACE_BOUND('',#2431,.F.);
#2431 = EDGE_LOOP('',(#2432,#2433,#2454,#2479));
#2432 = ORIENTED_EDGE('',*,*,#2353,.F.);
#2433 = ORIENTED_EDGE('',*,*,#2434,.T.);
#2434 = EDGE_CURVE('',#2261,#2435,#2437,.T.);
#2435 = VERTEX_POINT('',#2436);
#2436 = CARTESIAN_POINT('',(-12.75,0.543634582748,1.918629150102));
#2437 = SURFACE_CURVE('',#2438,(#2441,#2448),.PCURVE_S1.);
#2438 = B_SPLINE_CURVE_WITH_KNOTS('',1,(#2439,#2440),.UNSPECIFIED.,.F.,
  .F.,(2,2),(-0.196,1.946),.PIECEWISE_BEZIER_KNOTS.);
#2439 = CARTESIAN_POINT('',(-12.75,-1.071,1.918629150102));
#2440 = CARTESIAN_POINT('',(-12.75,1.071,1.918629150102));
#2441 = PCURVE('',#1941,#2442);
#2442 = DEFINITIONAL_REPRESENTATION('',(#2443),#2447);
#2443 = LINE('',#2444,#2445);
#2444 = CARTESIAN_POINT('',(2.142,0.));
#2445 = VECTOR('',#2446,1.);
#2446 = DIRECTION('',(0.,1.));
#2447 = ( GEOMETRIC_REPRESENTATION_CONTEXT(2) 
PARAMETRIC_REPRESENTATION_CONTEXT() REPRESENTATION_CONTEXT('2D SPACE',''
  ) );
#2448 = PCURVE('',#2278,#2449);
#2449 = DEFINITIONAL_REPRESENTATION('',(#2450),#2453);
#2450 = B_SPLINE_CURVE_WITH_KNOTS('',1,(#2451,#2452),.UNSPECIFIED.,.F.,
  .F.,(2,2),(-0.196,1.946),.PIECEWISE_BEZIER_KNOTS.);
#2451 = CARTESIAN_POINT('',(3.015018546513,1.623300474374));
#2452 = CARTESIAN_POINT('',(3.920839213253,-0.317743811496));
#2453 = ( GEOMETRIC_REPRESENTATION_CONTEXT(2) 
PARAMETRIC_REPRESENTATION_CONTEXT() REPRESENTATION_CONTEXT('2D SPACE',''
  ) );
#2454 = ORIENTED_EDGE('',*,*,#2455,.T.);
#2455 = EDGE_CURVE('',#2435,#1888,#2456,.T.);
#2456 = SURFACE_CURVE('',#2457,(#2462,#2472),.PCURVE_S1.);
#2457 = CIRCLE('',#2458,0.8);
#2458 = AXIS2_PLACEMENT_3D('',#2459,#2460,#2461);
#2459 = CARTESIAN_POINT('',(-11.95000000001,0.543629150083,
    1.918629150083));
#2460 = DIRECTION('',(6.790830580222E-06,0.999999999954,
    6.790797971314E-06));
#2461 = DIRECTION('',(-2.305738061954E-11,-6.790797971314E-06,
    0.999999999977));
#2462 = PCURVE('',#1941,#2463);
#2463 = DEFINITIONAL_REPRESENTATION('',(#2464),#2471);
#2464 = B_SPLINE_CURVE_WITH_KNOTS('',5,(#2465,#2466,#2467,#2468,#2469,
    #2470),.UNSPECIFIED.,.F.,.F.,(6,6),(4.712388980385,5.497787143815),
  .PIECEWISE_BEZIER_KNOTS.);
#2465 = CARTESIAN_POINT('',(2.142,1.418629150102));
#2466 = CARTESIAN_POINT('',(1.702387849664,1.418630265068));
#2467 = CARTESIAN_POINT('',(1.279941114899,1.418631336498));
#2468 = CARTESIAN_POINT('',(0.862058885085,1.418632396351));
#2469 = CARTESIAN_POINT('',(0.439612150336,1.418633467782));
#2470 = CARTESIAN_POINT('',(-1.598046676194E-16,1.418634582748));
#2471 = ( GEOMETRIC_REPRESENTATION_CONTEXT(2) 
PARAMETRIC_REPRESENTATION_CONTEXT() REPRESENTATION_CONTEXT('2D SPACE',''
  ) );
#2472 = PCURVE('',#2149,#2473);
#2473 = DEFINITIONAL_REPRESENTATION('',(#2474),#2478);
#2474 = LINE('',#2475,#2476);
#2475 = CARTESIAN_POINT('',(-0.,-6.28318530718));
#2476 = VECTOR('',#2477,1.);
#2477 = DIRECTION('',(-0.,1.));
#2478 = ( GEOMETRIC_REPRESENTATION_CONTEXT(2) 
PARAMETRIC_REPRESENTATION_CONTEXT() REPRESENTATION_CONTEXT('2D SPACE',''
  ) );
#2479 = ORIENTED_EDGE('',*,*,#1929,.F.);
#2480 = ADVANCED_FACE('',(#2481),#2040,.T.);
#2481 = FACE_BOUND('',#2482,.F.);
#2482 = EDGE_LOOP('',(#2483,#2510,#2511));
#2483 = ORIENTED_EDGE('',*,*,#2484,.F.);
#2484 = EDGE_CURVE('',#2383,#1960,#2485,.T.);
#2485 = SURFACE_CURVE('',#2486,(#2491,#2498),.PCURVE_S1.);
#2486 = CIRCLE('',#2487,0.8);
#2487 = AXIS2_PLACEMENT_3D('',#2488,#2489,#2490);
#2488 = CARTESIAN_POINT('',(-11.95,0.543629150102,-1.168629150102));
#2489 = DIRECTION('',(1.028346523491E-07,1.028346450021E-07,-1.));
#2490 = DIRECTION('',(-5.162627723187E-15,1.,1.028346450021E-07));
#2491 = PCURVE('',#2040,#2492);
#2492 = DEFINITIONAL_REPRESENTATION('',(#2493),#2497);
#2493 = LINE('',#2494,#2495);
#2494 = CARTESIAN_POINT('',(-0.,-6.28318530718));
#2495 = VECTOR('',#2496,1.);
#2496 = DIRECTION('',(-0.,1.));
#2497 = ( GEOMETRIC_REPRESENTATION_CONTEXT(2) 
PARAMETRIC_REPRESENTATION_CONTEXT() REPRESENTATION_CONTEXT('2D SPACE',''
  ) );
#2498 = PCURVE('',#2194,#2499);
#2499 = DEFINITIONAL_REPRESENTATION('',(#2500),#2509);
#2500 = B_SPLINE_CURVE_WITH_KNOTS('',7,(#2501,#2502,#2503,#2504,#2505,
    #2506,#2507,#2508),.UNSPECIFIED.,.F.,.F.,(8,8),(4.712388980385,
    5.497787143782),.PIECEWISE_BEZIER_KNOTS.);
#2501 = CARTESIAN_POINT('',(4.218629150102,3.418629150102));
#2502 = CARTESIAN_POINT('',(3.60019489902,3.418629162162));
#2503 = CARTESIAN_POINT('',(2.997863097772,3.418629173908));
#2504 = CARTESIAN_POINT('',(2.404521588058,3.418629185479));
#2505 = CARTESIAN_POINT('',(1.814107562043,3.418629196992));
#2506 = CARTESIAN_POINT('',(1.220766052329,3.418629208563));
#2507 = CARTESIAN_POINT('',(0.618434251082,3.418629220309));
#2508 = CARTESIAN_POINT('',(-3.215088112745E-16,3.418629232369));
#2509 = ( GEOMETRIC_REPRESENTATION_CONTEXT(2) 
PARAMETRIC_REPRESENTATION_CONTEXT() REPRESENTATION_CONTEXT('2D SPACE',''
  ) );
#2510 = ORIENTED_EDGE('',*,*,#2382,.T.);
#2511 = ORIENTED_EDGE('',*,*,#2010,.F.);
#2512 = ADVANCED_FACE('',(#2513),#2149,.T.);
#2513 = FACE_BOUND('',#2514,.F.);
#2514 = EDGE_LOOP('',(#2515,#2516,#2577));
#2515 = ORIENTED_EDGE('',*,*,#2455,.F.);
#2516 = ORIENTED_EDGE('',*,*,#2517,.T.);
#2517 = EDGE_CURVE('',#2435,#2071,#2518,.T.);
#2518 = SURFACE_CURVE('',#2519,(#2524,#2531),.PCURVE_S1.);
#2519 = CIRCLE('',#2520,0.8);
#2520 = AXIS2_PLACEMENT_3D('',#2521,#2522,#2523);
#2521 = CARTESIAN_POINT('',(-11.95000000001,0.543629150083,
    1.918629150083));
#2522 = DIRECTION('',(-2.305771304979E-11,9.551109813706E-12,-1.));
#2523 = DIRECTION('',(6.790830580222E-06,0.999999999977,
    9.550953232463E-12));
#2524 = PCURVE('',#2149,#2525);
#2525 = DEFINITIONAL_REPRESENTATION('',(#2526),#2530);
#2526 = LINE('',#2527,#2528);
#2527 = CARTESIAN_POINT('',(-1.570803117583,-6.28318530718));
#2528 = VECTOR('',#2529,1.);
#2529 = DIRECTION('',(-0.,1.));
#2530 = ( GEOMETRIC_REPRESENTATION_CONTEXT(2) 
PARAMETRIC_REPRESENTATION_CONTEXT() REPRESENTATION_CONTEXT('2D SPACE',''
  ) );
#2531 = PCURVE('',#2194,#2532);
#2532 = DEFINITIONAL_REPRESENTATION('',(#2533),#2576);
#2533 = B_SPLINE_CURVE_WITH_KNOTS('',9,(#2534,#2535,#2536,#2537,#2538,
    #2539,#2540,#2541,#2542,#2543,#2544,#2545,#2546,#2547,#2548,#2549,
    #2550,#2551,#2552,#2553,#2554,#2555,#2556,#2557,#2558,#2559,#2560,
    #2561,#2562,#2563,#2564,#2565,#2566,#2567,#2568,#2569,#2570,#2571,
    #2572,#2573,#2574,#2575),.UNSPECIFIED.,.F.,.F.,(10,8,8,8,8,10),(
    4.712388980385,4.761475941172,4.81056290196,4.908736823535,
    5.105084666684,5.497780352984),.UNSPECIFIED.);
#2534 = CARTESIAN_POINT('',(4.218629150102,0.331370849898));
#2535 = CARTESIAN_POINT('',(4.188566633939,0.331370849312));
#2536 = CARTESIAN_POINT('',(4.158523592971,0.331370848726));
#2537 = CARTESIAN_POINT('',(4.128513575697,0.331370848141));
#2538 = CARTESIAN_POINT('',(4.098518881173,0.331370847556));
#2539 = CARTESIAN_POINT('',(4.0686508492,0.331370846974));
#2540 = CARTESIAN_POINT('',(4.038748985572,0.331370846391));
#2541 = CARTESIAN_POINT('',(4.00890318183,0.331370845809));
#2542 = CARTESIAN_POINT('',(3.979080601751,0.331370845227));
#2543 = CARTESIAN_POINT('',(3.919500891439,0.331370844065));
#2544 = CARTESIAN_POINT('',(3.889743418145,0.331370843485));
#2545 = CARTESIAN_POINT('',(3.860017307155,0.331370842905));
#2546 = CARTESIAN_POINT('',(3.830321623673,0.331370842326));
#2547 = CARTESIAN_POINT('',(3.800655517648,0.331370841748));
#2548 = CARTESIAN_POINT('',(3.771018223795,0.33137084117));
#2549 = CARTESIAN_POINT('',(3.741409061573,0.331370840592));
#2550 = CARTESIAN_POINT('',(3.711827435204,0.331370840015));
#2551 = CARTESIAN_POINT('',(3.623163630572,0.331370838286));
#2552 = CARTESIAN_POINT('',(3.564162008917,0.331370837136));
#2553 = CARTESIAN_POINT('',(3.505262560633,0.331370835987));
#2554 = CARTESIAN_POINT('',(3.446459918717,0.33137083484));
#2555 = CARTESIAN_POINT('',(3.387748757225,0.331370833695));
#2556 = CARTESIAN_POINT('',(3.329123791275,0.331370832552));
#2557 = CARTESIAN_POINT('',(3.270579777042,0.331370831411));
#2558 = CARTESIAN_POINT('',(3.212111511763,0.33137083027));
#2559 = CARTESIAN_POINT('',(3.036918477677,0.331370826854));
#2560 = CARTESIAN_POINT('',(2.920405261733,0.331370824582));
#2561 = CARTESIAN_POINT('',(2.804133130552,0.331370822314));
#2562 = CARTESIAN_POINT('',(2.688061287099,0.331370820051));
#2563 = CARTESIAN_POINT('',(2.57214919267,0.33137081779));
#2564 = CARTESIAN_POINT('',(2.456356566871,0.331370815532));
#2565 = CARTESIAN_POINT('',(2.340643387641,0.331370813276));
#2566 = CARTESIAN_POINT('',(2.224969891232,0.33137081102));
#2567 = CARTESIAN_POINT('',(1.877949934207,0.331370804253));
#2568 = CARTESIAN_POINT('',(1.646603408167,0.331370799741));
#2569 = CARTESIAN_POINT('',(1.414938121284,0.331370795224));
#2570 = CARTESIAN_POINT('',(1.182635643685,0.331370790693));
#2571 = CARTESIAN_POINT('',(0.949374406257,0.331370786145));
#2572 = CARTESIAN_POINT('',(0.714826118458,0.331370781571));
#2573 = CARTESIAN_POINT('',(0.478652186128,0.331370776965));
#2574 = CARTESIAN_POINT('',(0.240500129297,0.331370772321));
#2575 = CARTESIAN_POINT('',(3.66943568152E-16,0.331370767631));
#2576 = ( GEOMETRIC_REPRESENTATION_CONTEXT(2) 
PARAMETRIC_REPRESENTATION_CONTEXT() REPRESENTATION_CONTEXT('2D SPACE',''
  ) );
#2577 = ORIENTED_EDGE('',*,*,#2119,.F.);
#2578 = ADVANCED_FACE('',(#2579),#2194,.F.);
#2579 = FACE_BOUND('',#2580,.F.);
#2580 = EDGE_LOOP('',(#2581,#2582,#2607,#2608));
#2581 = ORIENTED_EDGE('',*,*,#2517,.F.);
#2582 = ORIENTED_EDGE('',*,*,#2583,.T.);
#2583 = EDGE_CURVE('',#2435,#2383,#2584,.T.);
#2584 = SURFACE_CURVE('',#2585,(#2591,#2598),.PCURVE_S1.);
#2585 = B_SPLINE_CURVE_WITH_KNOTS('',2,(#2586,#2587,#2588,#2589,#2590),
  .UNSPECIFIED.,.F.,.F.,(3,1,1,3),(-0.372014575051,-0.234314575051,
    3.984314575051,4.122014575051),.UNSPECIFIED.);
#2586 = CARTESIAN_POINT('',(-12.75,0.543629150102,2.622014575051));
#2587 = CARTESIAN_POINT('',(-12.75,0.543629150102,2.553164575051));
#2588 = CARTESIAN_POINT('',(-12.75,0.543629150102,0.375));
#2589 = CARTESIAN_POINT('',(-12.75,0.543629150102,-1.803164575051));
#2590 = CARTESIAN_POINT('',(-12.75,0.543629150102,-1.872014575051));
#2591 = PCURVE('',#2194,#2592);
#2592 = DEFINITIONAL_REPRESENTATION('',(#2593),#2597);
#2593 = LINE('',#2594,#2595);
#2594 = CARTESIAN_POINT('',(4.218629150102,0.));
#2595 = VECTOR('',#2596,1.);
#2596 = DIRECTION('',(0.,1.));
#2597 = ( GEOMETRIC_REPRESENTATION_CONTEXT(2) 
PARAMETRIC_REPRESENTATION_CONTEXT() REPRESENTATION_CONTEXT('2D SPACE',''
  ) );
#2598 = PCURVE('',#2278,#2599);
#2599 = DEFINITIONAL_REPRESENTATION('',(#2600),#2606);
#2600 = B_SPLINE_CURVE_WITH_KNOTS('',2,(#2601,#2602,#2603,#2604,#2605),
  .UNSPECIFIED.,.F.,.F.,(3,1,1,3),(-0.372014575051,-0.234314575051,
    3.984314575051,4.122014575051),.UNSPECIFIED.);
#2601 = CARTESIAN_POINT('',(4.335217758999,0.457602233944));
#2602 = CARTESIAN_POINT('',(4.27282704981,0.428486569656));
#2603 = CARTESIAN_POINT('',(2.299011035764,-0.492627570232));
#2604 = CARTESIAN_POINT('',(0.325195021718,-1.41374171012));
#2605 = CARTESIAN_POINT('',(0.262804312529,-1.442857374408));
#2606 = ( GEOMETRIC_REPRESENTATION_CONTEXT(2) 
PARAMETRIC_REPRESENTATION_CONTEXT() REPRESENTATION_CONTEXT('2D SPACE',''
  ) );
#2607 = ORIENTED_EDGE('',*,*,#2484,.T.);
#2608 = ORIENTED_EDGE('',*,*,#2179,.F.);
#2609 = ADVANCED_FACE('',(#2610),#2278,.F.);
#2610 = FACE_BOUND('',#2611,.F.);
#2611 = EDGE_LOOP('',(#2612,#2613,#2614,#2615));
#2612 = ORIENTED_EDGE('',*,*,#2260,.F.);
#2613 = ORIENTED_EDGE('',*,*,#2409,.F.);
#2614 = ORIENTED_EDGE('',*,*,#2583,.F.);
#2615 = ORIENTED_EDGE('',*,*,#2434,.F.);
#2616 = ( GEOMETRIC_REPRESENTATION_CONTEXT(3) 
GLOBAL_UNCERTAINTY_ASSIGNED_CONTEXT((#2620)) 
GLOBAL_UNIT_ASSIGNED_CONTEXT((#2617,#2618,#2619)) REPRESENTATION_CONTEXT
('Context #1','3D Context with UNIT and UNCERTAINTY') );
#2617 = ( LENGTH_UNIT() NAMED_UNIT(*) SI_UNIT(.MILLI.,.METRE.) );
#2618 = ( NAMED_UNIT(*) PLANE_ANGLE_UNIT() SI_UNIT($,.RADIAN.) );
#2619 = ( NAMED_UNIT(*) SI_UNIT($,.STERADIAN.) SOLID_ANGLE_UNIT() );
#2620 = UNCERTAINTY_MEASURE_WITH_UNIT(LENGTH_MEASURE(2.E-05),#2617,
  'distance_accuracy_value','confusion accuracy');
#2621 = PRODUCT_RELATED_PRODUCT_CATEGORY('part',$,(#7));
ENDSEC;
END-ISO-10303-21;
