ISO-10303-21;
HEADER;
FILE_DESCRIPTION(('Open CASCADE Model'),'2;1');
FILE_NAME('Open CASCADE Shape Model','2026-10-02T13:50:38',('Author'),(
    'Open CASCADE'),'Open CASCADE STEP processor 7.9','Open CASCADE 7.9'
  ,'Unknown');
FILE_SCHEMA(('AUTOMOTIVE_DESIGN { 1 0 10303 214 1 1 1 1 }'));
ENDSEC;
DATA;
#1 = APPLICATION_PROTOCOL_DEFINITION('international standard',
  'automotive_design',2000,#2);
#2 = APPLICATION_CONTEXT(
  'core data for automotive mechanical design processes');
#3 = SHAPE_DEFINITION_REPRESENTATION(#4,#10);
#4 = PRODUCT_DEFINITION_SHAPE('','',#5);
#5 = PRODUCT_DEFINITION('design','',#6,#9);
#6 = PRODUCT_DEFINITION_FORMATION('','',#7);
#7 = PRODUCT('Open CASCADE STEP translator 7.9 1',
  'Open CASCADE STEP translator 7.9 1','',(#8));
#8 = PRODUCT_CONTEXT('',#2,'mechanical');
#9 = PRODUCT_DEFINITION_CONTEXT('part definition',#2,'design');
#10 = ADVANCED_BREP_SHAPE_REPRESENTATION('',(#11,#15),#2427);
#11 = AXIS2_PLACEMENT_3D('',#12,#13,#14);
#12 = CARTESIAN_POINT('',(0.,0.,0.));
#13 = DIRECTION('',(0.,0.,1.));
#14 = DIRECTION('',(1.,0.,-0.));
#15 = MANIFOLD_SOLID_BREP('',#16);
#16 = CLOSED_SHELL('',(#17,#503,#579,#628,#677,#704,#776,#882,#988,#1039
    ,#1090,#1196,#1302,#1332,#1339,#1455,#1554,#1642,#1725,#1808,#1893,
    #1978,#2022,#2119,#2151,#2181,#2238,#2295,#2327,#2389,#2420));
#17 = ADVANCED_FACE('',(#18,#137),#32,.T.);
#18 = FACE_BOUND('',#19,.T.);
#19 = EDGE_LOOP('',(#20,#55,#83,#111));
#20 = ORIENTED_EDGE('',*,*,#21,.F.);
#21 = EDGE_CURVE('',#22,#24,#26,.T.);
#22 = VERTEX_POINT('',#23);
#23 = CARTESIAN_POINT('',(-11.5,-2.2,-2.825));
#24 = VERTEX_POINT('',#25);
#25 = CARTESIAN_POINT('',(-11.5,2.2,-2.825));
#26 = SURFACE_CURVE('',#27,(#31,#43),.PCURVE_S1.);
#27 = LINE('',#28,#29);
#28 = CARTESIAN_POINT('',(-11.5,-3.1,-2.825));
#29 = VECTOR('',#30,1.);
#30 = DIRECTION('',(0.,1.,0.));
#31 = PCURVE('',#32,#37);
#32 = PLANE('',#33);
#33 = AXIS2_PLACEMENT_3D('',#34,#35,#36);
#34 = CARTESIAN_POINT('',(-11.5,-4.,-4.625));
#35 = DIRECTION('',(-1.,0.,1.110223024625E-16));
#36 = DIRECTION('',(1.110223024625E-16,0.,1.));
#37 = DEFINITIONAL_REPRESENTATION('',(#38),#42);
#38 = LINE('',#39,#40);
#39 = CARTESIAN_POINT('',(1.8,0.9));
#40 = VECTOR('',#41,1.);
#41 = DIRECTION('',(0.,1.));
#42 = ( GEOMETRIC_REPRESENTATION_CONTEXT(2) 
PARAMETRIC_REPRESENTATION_CONTEXT() REPRESENTATION_CONTEXT('2D SPACE',''
  ) );
#43 = PCURVE('',#44,#49);
#44 = PLANE('',#45);
#45 = AXIS2_PLACEMENT_3D('',#46,#47,#48);
#46 = CARTESIAN_POINT('',(-11.49,-2.2,-2.825));
#47 = DIRECTION('',(1.110223024625E-16,0.,1.));
#48 = DIRECTION('',(-1.,0.,1.110223024625E-16));
#49 = DEFINITIONAL_REPRESENTATION('',(#50),#54);
#50 = LINE('',#51,#52);
#51 = CARTESIAN_POINT('',(1.E-02,0.9));
#52 = VECTOR('',#53,1.);
#53 = DIRECTION('',(0.,-1.));
#54 = ( GEOMETRIC_REPRESENTATION_CONTEXT(2) 
PARAMETRIC_REPRESENTATION_CONTEXT() REPRESENTATION_CONTEXT('2D SPACE',''
  ) );
#55 = ORIENTED_EDGE('',*,*,#56,.F.);
#56 = EDGE_CURVE('',#57,#22,#59,.T.);
#57 = VERTEX_POINT('',#58);
#58 = CARTESIAN_POINT('',(-11.5,-2.2,3.575));
#59 = SURFACE_CURVE('',#60,(#64,#71),.PCURVE_S1.);
#60 = LINE('',#61,#62);
#61 = CARTESIAN_POINT('',(-11.5,-2.2,-3.725));
#62 = VECTOR('',#63,1.);
#63 = DIRECTION('',(-1.110223024625E-16,0.,-1.));
#64 = PCURVE('',#32,#65);
#65 = DEFINITIONAL_REPRESENTATION('',(#66),#70);
#66 = LINE('',#67,#68);
#67 = CARTESIAN_POINT('',(0.9,1.8));
#68 = VECTOR('',#69,1.);
#69 = DIRECTION('',(-1.,0.));
#70 = ( GEOMETRIC_REPRESENTATION_CONTEXT(2) 
PARAMETRIC_REPRESENTATION_CONTEXT() REPRESENTATION_CONTEXT('2D SPACE',''
  ) );
#71 = PCURVE('',#72,#77);
#72 = PLANE('',#73);
#73 = AXIS2_PLACEMENT_3D('',#74,#75,#76);
#74 = CARTESIAN_POINT('',(-11.49,-2.2,-2.825));
#75 = DIRECTION('',(0.,1.,0.));
#76 = DIRECTION('',(-1.,0.,1.110223024625E-16));
#77 = DEFINITIONAL_REPRESENTATION('',(#78),#82);
#78 = LINE('',#79,#80);
#79 = CARTESIAN_POINT('',(1.E-02,-0.9));
#80 = VECTOR('',#81,1.);
#81 = DIRECTION('',(0.,-1.));
#82 = ( GEOMETRIC_REPRESENTATION_CONTEXT(2) 
PARAMETRIC_REPRESENTATION_CONTEXT() REPRESENTATION_CONTEXT('2D SPACE',''
  ) );
#83 = ORIENTED_EDGE('',*,*,#84,.T.);
#84 = EDGE_CURVE('',#57,#85,#87,.T.);
#85 = VERTEX_POINT('',#86);
#86 = CARTESIAN_POINT('',(-11.5,2.2,3.575));
#87 = SURFACE_CURVE('',#88,(#92,#99),.PCURVE_S1.);
#88 = LINE('',#89,#90);
#89 = CARTESIAN_POINT('',(-11.5,-3.1,3.575));
#90 = VECTOR('',#91,1.);
#91 = DIRECTION('',(0.,1.,0.));
#92 = PCURVE('',#32,#93);
#93 = DEFINITIONAL_REPRESENTATION('',(#94),#98);
#94 = LINE('',#95,#96);
#95 = CARTESIAN_POINT('',(8.2,0.9));
#96 = VECTOR('',#97,1.);
#97 = DIRECTION('',(0.,1.));
#98 = ( GEOMETRIC_REPRESENTATION_CONTEXT(2) 
PARAMETRIC_REPRESENTATION_CONTEXT() REPRESENTATION_CONTEXT('2D SPACE',''
  ) );
#99 = PCURVE('',#100,#105);
#100 = PLANE('',#101);
#101 = AXIS2_PLACEMENT_3D('',#102,#103,#104);
#102 = CARTESIAN_POINT('',(-11.49,-2.2,3.575));
#103 = DIRECTION('',(1.110223024625E-16,0.,1.));
#104 = DIRECTION('',(-1.,0.,1.110223024625E-16));
#105 = DEFINITIONAL_REPRESENTATION('',(#106),#110);
#106 = LINE('',#107,#108);
#107 = CARTESIAN_POINT('',(1.E-02,0.9));
#108 = VECTOR('',#109,1.);
#109 = DIRECTION('',(0.,-1.));
#110 = ( GEOMETRIC_REPRESENTATION_CONTEXT(2) 
PARAMETRIC_REPRESENTATION_CONTEXT() REPRESENTATION_CONTEXT('2D SPACE',''
  ) );
#111 = ORIENTED_EDGE('',*,*,#112,.T.);
#112 = EDGE_CURVE('',#85,#24,#113,.T.);
#113 = SURFACE_CURVE('',#114,(#118,#125),.PCURVE_S1.);
#114 = LINE('',#115,#116);
#115 = CARTESIAN_POINT('',(-11.5,2.2,-3.725));
#116 = VECTOR('',#117,1.);
#117 = DIRECTION('',(-1.110223024625E-16,0.,-1.));
#118 = PCURVE('',#32,#119);
#119 = DEFINITIONAL_REPRESENTATION('',(#120),#124);
#120 = LINE('',#121,#122);
#121 = CARTESIAN_POINT('',(0.9,6.2));
#122 = VECTOR('',#123,1.);
#123 = DIRECTION('',(-1.,0.));
#124 = ( GEOMETRIC_REPRESENTATION_CONTEXT(2) 
PARAMETRIC_REPRESENTATION_CONTEXT() REPRESENTATION_CONTEXT('2D SPACE',''
  ) );
#125 = PCURVE('',#126,#131);
#126 = PLANE('',#127);
#127 = AXIS2_PLACEMENT_3D('',#128,#129,#130);
#128 = CARTESIAN_POINT('',(-11.49,2.2,-2.825));
#129 = DIRECTION('',(0.,1.,0.));
#130 = DIRECTION('',(-1.,0.,1.110223024625E-16));
#131 = DEFINITIONAL_REPRESENTATION('',(#132),#136);
#132 = LINE('',#133,#134);
#133 = CARTESIAN_POINT('',(1.E-02,-0.9));
#134 = VECTOR('',#135,1.);
#135 = DIRECTION('',(0.,-1.));
#136 = ( GEOMETRIC_REPRESENTATION_CONTEXT(2) 
PARAMETRIC_REPRESENTATION_CONTEXT() REPRESENTATION_CONTEXT('2D SPACE',''
  ) );
#137 = FACE_BOUND('',#138,.T.);
#138 = EDGE_LOOP('',(#139,#169,#232,#260,#323,#351,#414,#442));
#139 = ORIENTED_EDGE('',*,*,#140,.F.);
#140 = EDGE_CURVE('',#141,#143,#145,.T.);
#141 = VERTEX_POINT('',#142);
#142 = CARTESIAN_POINT('',(-11.5,-1.578109888428,-1.646023792239));
#143 = VERTEX_POINT('',#144);
#144 = CARTESIAN_POINT('',(-11.5,-1.578109888428,2.396023792239));
#145 = SURFACE_CURVE('',#146,(#149,#155),.PCURVE_S1.);
#146 = B_SPLINE_CURVE_WITH_KNOTS('',1,(#147,#148),.UNSPECIFIED.,.F.,.F.,
  (2,2),(-0.532,5.282),.PIECEWISE_BEZIER_KNOTS.);
#147 = CARTESIAN_POINT('',(-11.5,-1.578109888428,-2.532));
#148 = CARTESIAN_POINT('',(-11.5,-1.578109888428,3.282));
#149 = PCURVE('',#32,#150);
#150 = DEFINITIONAL_REPRESENTATION('',(#151),#154);
#151 = B_SPLINE_CURVE_WITH_KNOTS('',1,(#152,#153),.UNSPECIFIED.,.F.,.F.,
  (2,2),(-0.532,5.282),.PIECEWISE_BEZIER_KNOTS.);
#152 = CARTESIAN_POINT('',(2.093,2.421890111572));
#153 = CARTESIAN_POINT('',(7.907,2.421890111572));
#154 = ( GEOMETRIC_REPRESENTATION_CONTEXT(2) 
PARAMETRIC_REPRESENTATION_CONTEXT() REPRESENTATION_CONTEXT('2D SPACE',''
  ) );
#155 = PCURVE('',#156,#163);
#156 = ( BOUNDED_SURFACE() B_SPLINE_SURFACE(2,1,(
    (#157,#158)
    ,(#159,#160)
,(#161,#162
    )),.UNSPECIFIED.,.F.,.F.,.F.) B_SPLINE_SURFACE_WITH_KNOTS((3,3),(2,2
    ),(0.,5.814),(-0.532,5.282),.PIECEWISE_BEZIER_KNOTS.) 
GEOMETRIC_REPRESENTATION_ITEM() RATIONAL_B_SPLINE_SURFACE((
    (1.,1.)
    ,(0.828067230469,0.828067230469)
,(1.,1.))) REPRESENTATION_ITEM('') SURFACE() );
#157 = CARTESIAN_POINT('',(-11.5,-1.578109888428,-2.532));
#158 = CARTESIAN_POINT('',(-11.5,-1.578109888428,3.282));
#159 = CARTESIAN_POINT('',(-11.5,-1.375,-2.532));
#160 = CARTESIAN_POINT('',(-11.5,-1.375,3.282));
#161 = CARTESIAN_POINT('',(-11.68858279709,-1.299566881162,-2.532));
#162 = CARTESIAN_POINT('',(-11.68858279709,-1.299566881162,3.282));
#163 = DEFINITIONAL_REPRESENTATION('',(#164),#168);
#164 = LINE('',#165,#166);
#165 = CARTESIAN_POINT('',(0.,0.));
#166 = VECTOR('',#167,1.);
#167 = DIRECTION('',(0.,1.));
#168 = ( GEOMETRIC_REPRESENTATION_CONTEXT(2) 
PARAMETRIC_REPRESENTATION_CONTEXT() REPRESENTATION_CONTEXT('2D SPACE',''
  ) );
#169 = ORIENTED_EDGE('',*,*,#170,.T.);
#170 = EDGE_CURVE('',#141,#171,#173,.T.);
#171 = VERTEX_POINT('',#172);
#172 = CARTESIAN_POINT('',(-11.5,-1.021019747057,-2.203109888397));
#173 = SURFACE_CURVE('',#174,(#184,#197),.PCURVE_S1.);
#174 = ( BOUNDED_CURVE() B_SPLINE_CURVE(8,(#175,#176,#177,#178,#179,#180
,#181,#182,#183),.UNSPECIFIED.,.F.,.F.) B_SPLINE_CURVE_WITH_KNOTS((9,9),
(-2.931591378715E-07,1.570811142618),.PIECEWISE_BEZIER_KNOTS.) CURVE() 
GEOMETRIC_REPRESENTATION_ITEM() RATIONAL_B_SPLINE_CURVE((1.,1.,1.,1.,1.,
1.,1.,1.,1.)) REPRESENTATION_ITEM('') );
#175 = CARTESIAN_POINT('',(-11.5,-1.578109888428,-1.646023792239));
#176 = CARTESIAN_POINT('',(-11.5,-1.578109904462,-1.755407617219));
#177 = CARTESIAN_POINT('',(-11.5,-1.556169846463,-1.864950934052));
#178 = CARTESIAN_POINT('',(-11.5,-1.511122083692,-1.969033445044));
#179 = CARTESIAN_POINT('',(-11.5,-1.441448997635,-2.066450563871));
#180 = CARTESIAN_POINT('',(-11.5,-1.344031564228,-2.136123648874));
#181 = CARTESIAN_POINT('',(-11.5,-1.239948436499,-2.181171143203));
#182 = CARTESIAN_POINT('',(-11.5,-1.130404366322,-2.203110698709));
#183 = CARTESIAN_POINT('',(-11.5,-1.021019747057,-2.203109888397));
#184 = PCURVE('',#32,#185);
#185 = DEFINITIONAL_REPRESENTATION('',(#186),#196);
#186 = ( BOUNDED_CURVE() B_SPLINE_CURVE(8,(#187,#188,#189,#190,#191,#192
,#193,#194,#195),.UNSPECIFIED.,.F.,.F.) B_SPLINE_CURVE_WITH_KNOTS((9,9),
(-2.931591378715E-07,1.570811142618),.PIECEWISE_BEZIER_KNOTS.) CURVE() 
GEOMETRIC_REPRESENTATION_ITEM() RATIONAL_B_SPLINE_CURVE((1.,1.,1.,1.,1.,
1.,1.,1.,1.)) REPRESENTATION_ITEM('') );
#187 = CARTESIAN_POINT('',(2.978976207761,2.421890111572));
#188 = CARTESIAN_POINT('',(2.869592382781,2.421890095538));
#189 = CARTESIAN_POINT('',(2.760049065948,2.443830153537));
#190 = CARTESIAN_POINT('',(2.655966554956,2.488877916308));
#191 = CARTESIAN_POINT('',(2.558549436129,2.558551002365));
#192 = CARTESIAN_POINT('',(2.488876351126,2.655968435772));
#193 = CARTESIAN_POINT('',(2.443828856797,2.760051563501));
#194 = CARTESIAN_POINT('',(2.421889301291,2.869595633678));
#195 = CARTESIAN_POINT('',(2.421890111603,2.978980252943));
#196 = ( GEOMETRIC_REPRESENTATION_CONTEXT(2) 
PARAMETRIC_REPRESENTATION_CONTEXT() REPRESENTATION_CONTEXT('2D SPACE',''
  ) );
#197 = PCURVE('',#198,#226);
#198 = ( BOUNDED_SURFACE() B_SPLINE_SURFACE(2,8,(
    (#199,#200,#201,#202,#203,#204,#205,#206,#207)
    ,(#208,#209,#210,#211,#212,#213,#214,#215,#216)
    ,(#217,#218,#219,#220,#221,#222,#223,#224,#225
)),.UNSPECIFIED.,.F.,.F.,.F.) B_SPLINE_SURFACE_WITH_KNOTS((3,3),(9,9),(
    0.,1.570811435777),(-2.931591378715E-07,1.570811142618),
.PIECEWISE_BEZIER_KNOTS.) GEOMETRIC_REPRESENTATION_ITEM() 
RATIONAL_B_SPLINE_SURFACE((
    (1.,1.,1.,1.,1.,1.,1.,1.,1.)
    ,(0.828067230469,0.842942720436,0.856091167314,0.866318046152
      ,0.871794667527,0.866318100625,0.856091328136,0.842942859977
      ,0.82806723048)
,(1.,1.,1.,1.,1.,1.,1.,1.,1.))) REPRESENTATION_ITEM('') SURFACE() );
#199 = CARTESIAN_POINT('',(-11.5,-1.578109888428,-1.646023792239));
#200 = CARTESIAN_POINT('',(-11.5,-1.578109904462,-1.755407617219));
#201 = CARTESIAN_POINT('',(-11.5,-1.556169846463,-1.864950934052));
#202 = CARTESIAN_POINT('',(-11.5,-1.511122083692,-1.969033445044));
#203 = CARTESIAN_POINT('',(-11.5,-1.441448997635,-2.066450563871));
#204 = CARTESIAN_POINT('',(-11.5,-1.344031564228,-2.136123648874));
#205 = CARTESIAN_POINT('',(-11.5,-1.239948436499,-2.181171143203));
#206 = CARTESIAN_POINT('',(-11.5,-1.130404366322,-2.203110698709));
#207 = CARTESIAN_POINT('',(-11.5,-1.021019747057,-2.203109888397));
#208 = CARTESIAN_POINT('',(-11.5,-1.375,-1.646023851783));
#209 = CARTESIAN_POINT('',(-11.5,-1.386403905828,-1.714300232091));
#210 = CARTESIAN_POINT('',(-11.5,-1.383992045971,-1.788659793891));
#211 = CARTESIAN_POINT('',(-11.5,-1.364016829625,-1.863454676563));
#212 = CARTESIAN_POINT('',(-11.5,-1.31918829338,-1.944188045084));
#213 = CARTESIAN_POINT('',(-11.5,-1.238455037689,-1.989016924055));
#214 = CARTESIAN_POINT('',(-11.5,-1.16365983639,-2.008992393108));
#215 = CARTESIAN_POINT('',(-11.5,-1.089299739961,-2.011404222212));
#216 = CARTESIAN_POINT('',(-11.5,-1.021022756297,-2.));
#217 = CARTESIAN_POINT('',(-11.68858279709,-1.299566881162,
    -1.646023873897));
#218 = CARTESIAN_POINT('',(-11.67380131016,-1.305479475936,
    -1.700715379497));
#219 = CARTESIAN_POINT('',(-11.66042633573,-1.302136428049,
    -1.758409747573));
#220 = CARTESIAN_POINT('',(-11.64982730181,-1.286886892832,
    -1.815546036281));
#221 = CARTESIAN_POINT('',(-11.64376935363,-1.253995232921,
    -1.878994055472));
#222 = CARTESIAN_POINT('',(-11.64982724185,-1.19054746399,
    -1.911886269283));
#223 = CARTESIAN_POINT('',(-11.66042616987,-1.133410965169,
    -1.927136264143));
#224 = CARTESIAN_POINT('',(-11.6738011715,-1.075716087926,-1.9304795314)
  );
#225 = CARTESIAN_POINT('',(-11.68858279708,-1.021023873901,
    -1.924566881167));
#226 = DEFINITIONAL_REPRESENTATION('',(#227),#231);
#227 = LINE('',#228,#229);
#228 = CARTESIAN_POINT('',(0.,0.));
#229 = VECTOR('',#230,1.);
#230 = DIRECTION('',(0.,1.));
#231 = ( GEOMETRIC_REPRESENTATION_CONTEXT(2) 
PARAMETRIC_REPRESENTATION_CONTEXT() REPRESENTATION_CONTEXT('2D SPACE',''
  ) );
#232 = ORIENTED_EDGE('',*,*,#233,.F.);
#233 = EDGE_CURVE('',#234,#171,#236,.T.);
#234 = VERTEX_POINT('',#235);
#235 = CARTESIAN_POINT('',(-11.5,1.021019747057,-2.203109888397));
#236 = SURFACE_CURVE('',#237,(#240,#246),.PCURVE_S1.);
#237 = B_SPLINE_CURVE_WITH_KNOTS('',1,(#238,#239),.UNSPECIFIED.,.F.,.F.,
  (2,2),(-0.308,3.058),.PIECEWISE_BEZIER_KNOTS.);
#238 = CARTESIAN_POINT('',(-11.5,1.683,-2.203109888428));
#239 = CARTESIAN_POINT('',(-11.5,-1.683,-2.203109888428));
#240 = PCURVE('',#32,#241);
#241 = DEFINITIONAL_REPRESENTATION('',(#242),#245);
#242 = B_SPLINE_CURVE_WITH_KNOTS('',1,(#243,#244),.UNSPECIFIED.,.F.,.F.,
  (2,2),(-0.308,3.058),.PIECEWISE_BEZIER_KNOTS.);
#243 = CARTESIAN_POINT('',(2.421890111572,5.683));
#244 = CARTESIAN_POINT('',(2.421890111572,2.317));
#245 = ( GEOMETRIC_REPRESENTATION_CONTEXT(2) 
PARAMETRIC_REPRESENTATION_CONTEXT() REPRESENTATION_CONTEXT('2D SPACE',''
  ) );
#246 = PCURVE('',#247,#254);
#247 = ( BOUNDED_SURFACE() B_SPLINE_SURFACE(2,1,(
    (#248,#249)
    ,(#250,#251)
,(#252,#253
    )),.UNSPECIFIED.,.F.,.F.,.F.) B_SPLINE_SURFACE_WITH_KNOTS((3,3),(2,2
    ),(0.,3.366),(-0.308,3.058),.PIECEWISE_BEZIER_KNOTS.) 
GEOMETRIC_REPRESENTATION_ITEM() RATIONAL_B_SPLINE_SURFACE((
    (1.,1.)
    ,(0.828067230469,0.828067230469)
,(1.,1.))) REPRESENTATION_ITEM('') SURFACE() );
#248 = CARTESIAN_POINT('',(-11.5,1.683,-2.203109888428));
#249 = CARTESIAN_POINT('',(-11.5,-1.683,-2.203109888428));
#250 = CARTESIAN_POINT('',(-11.5,1.683,-2.));
#251 = CARTESIAN_POINT('',(-11.5,-1.683,-2.));
#252 = CARTESIAN_POINT('',(-11.68858279709,1.683,-1.924566881162));
#253 = CARTESIAN_POINT('',(-11.68858279709,-1.683,-1.924566881162));
#254 = DEFINITIONAL_REPRESENTATION('',(#255),#259);
#255 = LINE('',#256,#257);
#256 = CARTESIAN_POINT('',(0.,0.));
#257 = VECTOR('',#258,1.);
#258 = DIRECTION('',(0.,1.));
#259 = ( GEOMETRIC_REPRESENTATION_CONTEXT(2) 
PARAMETRIC_REPRESENTATION_CONTEXT() REPRESENTATION_CONTEXT('2D SPACE',''
  ) );
#260 = ORIENTED_EDGE('',*,*,#261,.F.);
#261 = EDGE_CURVE('',#262,#234,#264,.T.);
#262 = VERTEX_POINT('',#263);
#263 = CARTESIAN_POINT('',(-11.5,1.578109888428,-1.646023792239));
#264 = SURFACE_CURVE('',#265,(#275,#288),.PCURVE_S1.);
#265 = ( BOUNDED_CURVE() B_SPLINE_CURVE(8,(#266,#267,#268,#269,#270,#271
,#272,#273,#274),.UNSPECIFIED.,.F.,.F.) B_SPLINE_CURVE_WITH_KNOTS((9,9),
(-2.931591269302E-07,1.570811142618),.PIECEWISE_BEZIER_KNOTS.) CURVE() 
GEOMETRIC_REPRESENTATION_ITEM() RATIONAL_B_SPLINE_CURVE((1.,1.,1.,1.,1.,
1.,1.,1.,1.)) REPRESENTATION_ITEM('') );
#266 = CARTESIAN_POINT('',(-11.5,1.578109888428,-1.646023792239));
#267 = CARTESIAN_POINT('',(-11.5,1.578109904462,-1.755407617219));
#268 = CARTESIAN_POINT('',(-11.5,1.556169846463,-1.864950934052));
#269 = CARTESIAN_POINT('',(-11.5,1.511122083692,-1.969033445044));
#270 = CARTESIAN_POINT('',(-11.5,1.441448997635,-2.066450563871));
#271 = CARTESIAN_POINT('',(-11.5,1.344031564228,-2.136123648874));
#272 = CARTESIAN_POINT('',(-11.5,1.239948436499,-2.181171143203));
#273 = CARTESIAN_POINT('',(-11.5,1.130404366322,-2.203110698709));
#274 = CARTESIAN_POINT('',(-11.5,1.021019747057,-2.203109888397));
#275 = PCURVE('',#32,#276);
#276 = DEFINITIONAL_REPRESENTATION('',(#277),#287);
#277 = ( BOUNDED_CURVE() B_SPLINE_CURVE(8,(#278,#279,#280,#281,#282,#283
,#284,#285,#286),.UNSPECIFIED.,.F.,.F.) B_SPLINE_CURVE_WITH_KNOTS((9,9),
(-2.931591269302E-07,1.570811142618),.PIECEWISE_BEZIER_KNOTS.) CURVE() 
GEOMETRIC_REPRESENTATION_ITEM() RATIONAL_B_SPLINE_CURVE((1.,1.,1.,1.,1.,
1.,1.,1.,1.)) REPRESENTATION_ITEM('') );
#278 = CARTESIAN_POINT('',(2.978976207761,5.578109888428));
#279 = CARTESIAN_POINT('',(2.869592382781,5.578109904462));
#280 = CARTESIAN_POINT('',(2.760049065948,5.556169846463));
#281 = CARTESIAN_POINT('',(2.655966554956,5.511122083692));
#282 = CARTESIAN_POINT('',(2.558549436129,5.441448997635));
#283 = CARTESIAN_POINT('',(2.488876351126,5.344031564228));
#284 = CARTESIAN_POINT('',(2.443828856797,5.239948436499));
#285 = CARTESIAN_POINT('',(2.421889301291,5.130404366322));
#286 = CARTESIAN_POINT('',(2.421890111603,5.021019747057));
#287 = ( GEOMETRIC_REPRESENTATION_CONTEXT(2) 
PARAMETRIC_REPRESENTATION_CONTEXT() REPRESENTATION_CONTEXT('2D SPACE',''
  ) );
#288 = PCURVE('',#289,#317);
#289 = ( BOUNDED_SURFACE() B_SPLINE_SURFACE(2,8,(
    (#290,#291,#292,#293,#294,#295,#296,#297,#298)
    ,(#299,#300,#301,#302,#303,#304,#305,#306,#307)
    ,(#308,#309,#310,#311,#312,#313,#314,#315,#316
)),.UNSPECIFIED.,.F.,.F.,.F.) B_SPLINE_SURFACE_WITH_KNOTS((3,3),(9,9),(
    0.,1.570811435777),(-2.931591269302E-07,1.570811142618),
.PIECEWISE_BEZIER_KNOTS.) GEOMETRIC_REPRESENTATION_ITEM() 
RATIONAL_B_SPLINE_SURFACE((
    (1.,1.,1.,1.,1.,1.,1.,1.,1.)
    ,(0.828067230469,0.842942720436,0.856091167314,0.866318046152
      ,0.871794667527,0.866318100625,0.856091328136,0.842942859977
      ,0.82806723048)
,(1.,1.,1.,1.,1.,1.,1.,1.,1.))) REPRESENTATION_ITEM('') SURFACE() );
#290 = CARTESIAN_POINT('',(-11.5,1.578109888428,-1.646023792239));
#291 = CARTESIAN_POINT('',(-11.5,1.578109904462,-1.755407617219));
#292 = CARTESIAN_POINT('',(-11.5,1.556169846463,-1.864950934052));
#293 = CARTESIAN_POINT('',(-11.5,1.511122083692,-1.969033445044));
#294 = CARTESIAN_POINT('',(-11.5,1.441448997635,-2.066450563871));
#295 = CARTESIAN_POINT('',(-11.5,1.344031564228,-2.136123648874));
#296 = CARTESIAN_POINT('',(-11.5,1.239948436499,-2.181171143203));
#297 = CARTESIAN_POINT('',(-11.5,1.130404366322,-2.203110698709));
#298 = CARTESIAN_POINT('',(-11.5,1.021019747057,-2.203109888397));
#299 = CARTESIAN_POINT('',(-11.5,1.375,-1.646023851783));
#300 = CARTESIAN_POINT('',(-11.5,1.386403905828,-1.714300232091));
#301 = CARTESIAN_POINT('',(-11.5,1.383992045971,-1.788659793891));
#302 = CARTESIAN_POINT('',(-11.5,1.364016829625,-1.863454676562));
#303 = CARTESIAN_POINT('',(-11.5,1.31918829338,-1.944188045084));
#304 = CARTESIAN_POINT('',(-11.5,1.238455037689,-1.989016924055));
#305 = CARTESIAN_POINT('',(-11.5,1.16365983639,-2.008992393108));
#306 = CARTESIAN_POINT('',(-11.5,1.089299739961,-2.011404222212));
#307 = CARTESIAN_POINT('',(-11.5,1.021022756297,-2.));
#308 = CARTESIAN_POINT('',(-11.68858279709,1.299566881162,
    -1.646023873897));
#309 = CARTESIAN_POINT('',(-11.67380131016,1.305479475936,
    -1.700715379497));
#310 = CARTESIAN_POINT('',(-11.66042633573,1.302136428049,
    -1.758409747573));
#311 = CARTESIAN_POINT('',(-11.64982730181,1.286886892832,
    -1.815546036281));
#312 = CARTESIAN_POINT('',(-11.64376935363,1.253995232921,
    -1.878994055472));
#313 = CARTESIAN_POINT('',(-11.64982724185,1.19054746399,-1.911886269283
    ));
#314 = CARTESIAN_POINT('',(-11.66042616987,1.133410965169,
    -1.927136264143));
#315 = CARTESIAN_POINT('',(-11.6738011715,1.075716087926,-1.9304795314)
  );
#316 = CARTESIAN_POINT('',(-11.68858279708,1.021023873901,
    -1.924566881167));
#317 = DEFINITIONAL_REPRESENTATION('',(#318),#322);
#318 = LINE('',#319,#320);
#319 = CARTESIAN_POINT('',(0.,0.));
#320 = VECTOR('',#321,1.);
#321 = DIRECTION('',(0.,1.));
#322 = ( GEOMETRIC_REPRESENTATION_CONTEXT(2) 
PARAMETRIC_REPRESENTATION_CONTEXT() REPRESENTATION_CONTEXT('2D SPACE',''
  ) );
#323 = ORIENTED_EDGE('',*,*,#324,.F.);
#324 = EDGE_CURVE('',#325,#262,#327,.T.);
#325 = VERTEX_POINT('',#326);
#326 = CARTESIAN_POINT('',(-11.5,1.578109888428,2.396023792239));
#327 = SURFACE_CURVE('',#328,(#331,#337),.PCURVE_S1.);
#328 = B_SPLINE_CURVE_WITH_KNOTS('',1,(#329,#330),.UNSPECIFIED.,.F.,.F.,
  (2,2),(-0.532,5.282),.PIECEWISE_BEZIER_KNOTS.);
#329 = CARTESIAN_POINT('',(-11.5,1.578109888428,3.282));
#330 = CARTESIAN_POINT('',(-11.5,1.578109888428,-2.532));
#331 = PCURVE('',#32,#332);
#332 = DEFINITIONAL_REPRESENTATION('',(#333),#336);
#333 = B_SPLINE_CURVE_WITH_KNOTS('',1,(#334,#335),.UNSPECIFIED.,.F.,.F.,
  (2,2),(-0.532,5.282),.PIECEWISE_BEZIER_KNOTS.);
#334 = CARTESIAN_POINT('',(7.907,5.578109888428));
#335 = CARTESIAN_POINT('',(2.093,5.578109888428));
#336 = ( GEOMETRIC_REPRESENTATION_CONTEXT(2) 
PARAMETRIC_REPRESENTATION_CONTEXT() REPRESENTATION_CONTEXT('2D SPACE',''
  ) );
#337 = PCURVE('',#338,#345);
#338 = ( BOUNDED_SURFACE() B_SPLINE_SURFACE(2,1,(
    (#339,#340)
    ,(#341,#342)
,(#343,#344
    )),.UNSPECIFIED.,.F.,.F.,.F.) B_SPLINE_SURFACE_WITH_KNOTS((3,3),(2,2
    ),(0.,5.814),(-0.532,5.282),.PIECEWISE_BEZIER_KNOTS.) 
GEOMETRIC_REPRESENTATION_ITEM() RATIONAL_B_SPLINE_SURFACE((
    (1.,1.)
    ,(0.828067230469,0.828067230469)
,(1.,1.))) REPRESENTATION_ITEM('') SURFACE() );
#339 = CARTESIAN_POINT('',(-11.5,1.578109888428,3.282));
#340 = CARTESIAN_POINT('',(-11.5,1.578109888428,-2.532));
#341 = CARTESIAN_POINT('',(-11.5,1.375,3.282));
#342 = CARTESIAN_POINT('',(-11.5,1.375,-2.532));
#343 = CARTESIAN_POINT('',(-11.68858279709,1.299566881162,3.282));
#344 = CARTESIAN_POINT('',(-11.68858279709,1.299566881162,-2.532));
#345 = DEFINITIONAL_REPRESENTATION('',(#346),#350);
#346 = LINE('',#347,#348);
#347 = CARTESIAN_POINT('',(0.,0.));
#348 = VECTOR('',#349,1.);
#349 = DIRECTION('',(0.,1.));
#350 = ( GEOMETRIC_REPRESENTATION_CONTEXT(2) 
PARAMETRIC_REPRESENTATION_CONTEXT() REPRESENTATION_CONTEXT('2D SPACE',''
  ) );
#351 = ORIENTED_EDGE('',*,*,#352,.F.);
#352 = EDGE_CURVE('',#353,#325,#355,.T.);
#353 = VERTEX_POINT('',#354);
#354 = CARTESIAN_POINT('',(-11.5,1.021019747055,2.953109888428));
#355 = SURFACE_CURVE('',#356,(#366,#379),.PCURVE_S1.);
#356 = ( BOUNDED_CURVE() B_SPLINE_CURVE(8,(#357,#358,#359,#360,#361,#362
,#363,#364,#365),.UNSPECIFIED.,.F.,.F.) B_SPLINE_CURVE_WITH_KNOTS((9,9),
(-1.481581421956E-05,1.570796619954),.PIECEWISE_BEZIER_KNOTS.) CURVE() 
GEOMETRIC_REPRESENTATION_ITEM() RATIONAL_B_SPLINE_CURVE((1.,1.,1.,1.,1.,
1.,1.,1.,1.)) REPRESENTATION_ITEM('') );
#357 = CARTESIAN_POINT('',(-11.5,1.021019747055,2.953109888428));
#358 = CARTESIAN_POINT('',(-11.5,1.130404366326,2.953110698708));
#359 = CARTESIAN_POINT('',(-11.5,1.239948436502,2.931171143201));
#360 = CARTESIAN_POINT('',(-11.5,1.34403156423,2.886123648873));
#361 = CARTESIAN_POINT('',(-11.5,1.441448997636,2.816450563869));
#362 = CARTESIAN_POINT('',(-11.5,1.511122083693,2.719033445043));
#363 = CARTESIAN_POINT('',(-11.5,1.556169846464,2.614950934051));
#364 = CARTESIAN_POINT('',(-11.5,1.578109904462,2.505407617219));
#365 = CARTESIAN_POINT('',(-11.5,1.578109888428,2.396023792239));
#366 = PCURVE('',#32,#367);
#367 = DEFINITIONAL_REPRESENTATION('',(#368),#378);
#368 = ( BOUNDED_CURVE() B_SPLINE_CURVE(8,(#369,#370,#371,#372,#373,#374
,#375,#376,#377),.UNSPECIFIED.,.F.,.F.) B_SPLINE_CURVE_WITH_KNOTS((9,9),
(-1.481581421956E-05,1.570796619954),.PIECEWISE_BEZIER_KNOTS.) CURVE() 
GEOMETRIC_REPRESENTATION_ITEM() RATIONAL_B_SPLINE_CURVE((1.,1.,1.,1.,1.,
1.,1.,1.,1.)) REPRESENTATION_ITEM('') );
#369 = CARTESIAN_POINT('',(7.578109888428,5.021019747055));
#370 = CARTESIAN_POINT('',(7.578110698708,5.130404366326));
#371 = CARTESIAN_POINT('',(7.556171143201,5.239948436502));
#372 = CARTESIAN_POINT('',(7.511123648873,5.34403156423));
#373 = CARTESIAN_POINT('',(7.441450563869,5.441448997636));
#374 = CARTESIAN_POINT('',(7.344033445043,5.511122083693));
#375 = CARTESIAN_POINT('',(7.239950934051,5.556169846464));
#376 = CARTESIAN_POINT('',(7.130407617219,5.578109904462));
#377 = CARTESIAN_POINT('',(7.021023792239,5.578109888428));
#378 = ( GEOMETRIC_REPRESENTATION_CONTEXT(2) 
PARAMETRIC_REPRESENTATION_CONTEXT() REPRESENTATION_CONTEXT('2D SPACE',''
  ) );
#379 = PCURVE('',#380,#408);
#380 = ( BOUNDED_SURFACE() B_SPLINE_SURFACE(2,8,(
    (#381,#382,#383,#384,#385,#386,#387,#388,#389)
    ,(#390,#391,#392,#393,#394,#395,#396,#397,#398)
    ,(#399,#400,#401,#402,#403,#404,#405,#406,#407
)),.UNSPECIFIED.,.F.,.F.,.F.) B_SPLINE_SURFACE_WITH_KNOTS((3,3),(9,9),(
    0.,1.570811435768),(-1.481581421956E-05,1.570796619954),
.PIECEWISE_BEZIER_KNOTS.) GEOMETRIC_REPRESENTATION_ITEM() 
RATIONAL_B_SPLINE_SURFACE((
    (1.,1.,1.,1.,1.,1.,1.,1.,1.)
    ,(0.828067230481,0.842942859978,0.856091328136,0.866318100625
      ,0.871794667527,0.866318046152,0.856091167314,0.842942720435
      ,0.828067230469)
,(1.,1.,1.,1.,1.,1.,1.,1.,1.))) REPRESENTATION_ITEM('') SURFACE() );
#381 = CARTESIAN_POINT('',(-11.5,1.021019747055,2.953109888428));
#382 = CARTESIAN_POINT('',(-11.5,1.130404366326,2.953110698708));
#383 = CARTESIAN_POINT('',(-11.5,1.239948436502,2.931171143201));
#384 = CARTESIAN_POINT('',(-11.5,1.34403156423,2.886123648873));
#385 = CARTESIAN_POINT('',(-11.5,1.441448997636,2.816450563869));
#386 = CARTESIAN_POINT('',(-11.5,1.511122083693,2.719033445043));
#387 = CARTESIAN_POINT('',(-11.5,1.556169846464,2.614950934051));
#388 = CARTESIAN_POINT('',(-11.5,1.578109904462,2.505407617219));
#389 = CARTESIAN_POINT('',(-11.5,1.578109888428,2.396023792239));
#390 = CARTESIAN_POINT('',(-11.5,1.0210227563,2.750000000001));
#391 = CARTESIAN_POINT('',(-11.5,1.089299739964,2.761404222212));
#392 = CARTESIAN_POINT('',(-11.5,1.163659836393,2.758992393107));
#393 = CARTESIAN_POINT('',(-11.5,1.238455037691,2.739016924054));
#394 = CARTESIAN_POINT('',(-11.5,1.319188293381,2.694188045082));
#395 = CARTESIAN_POINT('',(-11.5,1.364016829626,2.613454676561));
#396 = CARTESIAN_POINT('',(-11.5,1.383992045971,2.538659793891));
#397 = CARTESIAN_POINT('',(-11.5,1.386403905828,2.46430023209));
#398 = CARTESIAN_POINT('',(-11.5,1.375,2.396023851783));
#399 = CARTESIAN_POINT('',(-11.68858279709,1.021023873897,2.674566881162
    ));
#400 = CARTESIAN_POINT('',(-11.67380117149,1.075716087928,2.6804795314)
  );
#401 = CARTESIAN_POINT('',(-11.66042616987,1.133410965171,2.677136264143
    ));
#402 = CARTESIAN_POINT('',(-11.64982724185,1.190547463992,2.661886269282
    ));
#403 = CARTESIAN_POINT('',(-11.64376935363,1.253995232922,2.62899405547)
  );
#404 = CARTESIAN_POINT('',(-11.64982730181,1.286886892832,2.565546036281
    ));
#405 = CARTESIAN_POINT('',(-11.66042633573,1.302136428049,2.508409747573
    ));
#406 = CARTESIAN_POINT('',(-11.67380131016,1.305479475936,2.450715379497
    ));
#407 = CARTESIAN_POINT('',(-11.68858279709,1.299566881162,2.396023873897
    ));
#408 = DEFINITIONAL_REPRESENTATION('',(#409),#413);
#409 = LINE('',#410,#411);
#410 = CARTESIAN_POINT('',(0.,0.));
#411 = VECTOR('',#412,1.);
#412 = DIRECTION('',(0.,1.));
#413 = ( GEOMETRIC_REPRESENTATION_CONTEXT(2) 
PARAMETRIC_REPRESENTATION_CONTEXT() REPRESENTATION_CONTEXT('2D SPACE',''
  ) );
#414 = ORIENTED_EDGE('',*,*,#415,.F.);
#415 = EDGE_CURVE('',#416,#353,#418,.T.);
#416 = VERTEX_POINT('',#417);
#417 = CARTESIAN_POINT('',(-11.5,-1.021019747057,2.953109888397));
#418 = SURFACE_CURVE('',#419,(#422,#428),.PCURVE_S1.);
#419 = B_SPLINE_CURVE_WITH_KNOTS('',1,(#420,#421),.UNSPECIFIED.,.F.,.F.,
  (2,2),(-0.308,3.058),.PIECEWISE_BEZIER_KNOTS.);
#420 = CARTESIAN_POINT('',(-11.5,-1.683,2.953109888428));
#421 = CARTESIAN_POINT('',(-11.5,1.683,2.953109888428));
#422 = PCURVE('',#32,#423);
#423 = DEFINITIONAL_REPRESENTATION('',(#424),#427);
#424 = B_SPLINE_CURVE_WITH_KNOTS('',1,(#425,#426),.UNSPECIFIED.,.F.,.F.,
  (2,2),(-0.308,3.058),.PIECEWISE_BEZIER_KNOTS.);
#425 = CARTESIAN_POINT('',(7.578109888428,2.317));
#426 = CARTESIAN_POINT('',(7.578109888428,5.683));
#427 = ( GEOMETRIC_REPRESENTATION_CONTEXT(2) 
PARAMETRIC_REPRESENTATION_CONTEXT() REPRESENTATION_CONTEXT('2D SPACE',''
  ) );
#428 = PCURVE('',#429,#436);
#429 = ( BOUNDED_SURFACE() B_SPLINE_SURFACE(2,1,(
    (#430,#431)
    ,(#432,#433)
,(#434,#435
    )),.UNSPECIFIED.,.F.,.F.,.F.) B_SPLINE_SURFACE_WITH_KNOTS((3,3),(2,2
    ),(0.,3.366),(-0.308,3.058),.PIECEWISE_BEZIER_KNOTS.) 
GEOMETRIC_REPRESENTATION_ITEM() RATIONAL_B_SPLINE_SURFACE((
    (1.,1.)
    ,(0.828067230469,0.828067230469)
,(1.,1.))) REPRESENTATION_ITEM('') SURFACE() );
#430 = CARTESIAN_POINT('',(-11.5,-1.683,2.953109888428));
#431 = CARTESIAN_POINT('',(-11.5,1.683,2.953109888428));
#432 = CARTESIAN_POINT('',(-11.5,-1.683,2.75));
#433 = CARTESIAN_POINT('',(-11.5,1.683,2.75));
#434 = CARTESIAN_POINT('',(-11.68858279709,-1.683,2.674566881162));
#435 = CARTESIAN_POINT('',(-11.68858279709,1.683,2.674566881162));
#436 = DEFINITIONAL_REPRESENTATION('',(#437),#441);
#437 = LINE('',#438,#439);
#438 = CARTESIAN_POINT('',(0.,0.));
#439 = VECTOR('',#440,1.);
#440 = DIRECTION('',(0.,1.));
#441 = ( GEOMETRIC_REPRESENTATION_CONTEXT(2) 
PARAMETRIC_REPRESENTATION_CONTEXT() REPRESENTATION_CONTEXT('2D SPACE',''
  ) );
#442 = ORIENTED_EDGE('',*,*,#443,.F.);
#443 = EDGE_CURVE('',#143,#416,#444,.T.);
#444 = SURFACE_CURVE('',#445,(#455,#468),.PCURVE_S1.);
#445 = ( BOUNDED_CURVE() B_SPLINE_CURVE(8,(#446,#447,#448,#449,#450,#451
,#452,#453,#454),.UNSPECIFIED.,.F.,.F.) B_SPLINE_CURVE_WITH_KNOTS((9,9),
(-2.931591265715E-07,1.570811142618),.PIECEWISE_BEZIER_KNOTS.) CURVE() 
GEOMETRIC_REPRESENTATION_ITEM() RATIONAL_B_SPLINE_CURVE((1.,1.,1.,1.,1.,
1.,1.,1.,1.)) REPRESENTATION_ITEM('') );
#446 = CARTESIAN_POINT('',(-11.5,-1.578109888428,2.396023792239));
#447 = CARTESIAN_POINT('',(-11.5,-1.578109904462,2.505407617219));
#448 = CARTESIAN_POINT('',(-11.5,-1.556169846463,2.614950934052));
#449 = CARTESIAN_POINT('',(-11.5,-1.511122083692,2.719033445044));
#450 = CARTESIAN_POINT('',(-11.5,-1.441448997635,2.816450563871));
#451 = CARTESIAN_POINT('',(-11.5,-1.344031564228,2.886123648874));
#452 = CARTESIAN_POINT('',(-11.5,-1.239948436499,2.931171143203));
#453 = CARTESIAN_POINT('',(-11.5,-1.130404366322,2.953110698709));
#454 = CARTESIAN_POINT('',(-11.5,-1.021019747057,2.953109888397));
#455 = PCURVE('',#32,#456);
#456 = DEFINITIONAL_REPRESENTATION('',(#457),#467);
#457 = ( BOUNDED_CURVE() B_SPLINE_CURVE(8,(#458,#459,#460,#461,#462,#463
,#464,#465,#466),.UNSPECIFIED.,.F.,.F.) B_SPLINE_CURVE_WITH_KNOTS((9,9),
(-2.931591265715E-07,1.570811142618),.PIECEWISE_BEZIER_KNOTS.) CURVE() 
GEOMETRIC_REPRESENTATION_ITEM() RATIONAL_B_SPLINE_CURVE((1.,1.,1.,1.,1.,
1.,1.,1.,1.)) REPRESENTATION_ITEM('') );
#458 = CARTESIAN_POINT('',(7.021023792239,2.421890111572));
#459 = CARTESIAN_POINT('',(7.130407617219,2.421890095538));
#460 = CARTESIAN_POINT('',(7.239950934052,2.443830153537));
#461 = CARTESIAN_POINT('',(7.344033445044,2.488877916308));
#462 = CARTESIAN_POINT('',(7.441450563871,2.558551002365));
#463 = CARTESIAN_POINT('',(7.511123648874,2.655968435772));
#464 = CARTESIAN_POINT('',(7.556171143203,2.760051563501));
#465 = CARTESIAN_POINT('',(7.578110698709,2.869595633678));
#466 = CARTESIAN_POINT('',(7.578109888397,2.978980252943));
#467 = ( GEOMETRIC_REPRESENTATION_CONTEXT(2) 
PARAMETRIC_REPRESENTATION_CONTEXT() REPRESENTATION_CONTEXT('2D SPACE',''
  ) );
#468 = PCURVE('',#469,#497);
#469 = ( BOUNDED_SURFACE() B_SPLINE_SURFACE(2,8,(
    (#470,#471,#472,#473,#474,#475,#476,#477,#478)
    ,(#479,#480,#481,#482,#483,#484,#485,#486,#487)
    ,(#488,#489,#490,#491,#492,#493,#494,#495,#496
)),.UNSPECIFIED.,.F.,.F.,.F.) B_SPLINE_SURFACE_WITH_KNOTS((3,3),(9,9),(
    0.,1.570811435777),(-2.931591265715E-07,1.570811142618),
.PIECEWISE_BEZIER_KNOTS.) GEOMETRIC_REPRESENTATION_ITEM() 
RATIONAL_B_SPLINE_SURFACE((
    (1.,1.,1.,1.,1.,1.,1.,1.,1.)
    ,(0.828067230469,0.842942720436,0.856091167314,0.866318046152
      ,0.871794667527,0.866318100625,0.856091328136,0.842942859977
      ,0.82806723048)
,(1.,1.,1.,1.,1.,1.,1.,1.,1.))) REPRESENTATION_ITEM('') SURFACE() );
#470 = CARTESIAN_POINT('',(-11.5,-1.578109888428,2.396023792239));
#471 = CARTESIAN_POINT('',(-11.5,-1.578109904462,2.505407617219));
#472 = CARTESIAN_POINT('',(-11.5,-1.556169846463,2.614950934052));
#473 = CARTESIAN_POINT('',(-11.5,-1.511122083692,2.719033445044));
#474 = CARTESIAN_POINT('',(-11.5,-1.441448997635,2.816450563871));
#475 = CARTESIAN_POINT('',(-11.5,-1.344031564228,2.886123648874));
#476 = CARTESIAN_POINT('',(-11.5,-1.239948436499,2.931171143203));
#477 = CARTESIAN_POINT('',(-11.5,-1.130404366322,2.953110698709));
#478 = CARTESIAN_POINT('',(-11.5,-1.021019747057,2.953109888397));
#479 = CARTESIAN_POINT('',(-11.5,-1.375,2.396023851783));
#480 = CARTESIAN_POINT('',(-11.5,-1.386403905828,2.464300232091));
#481 = CARTESIAN_POINT('',(-11.5,-1.383992045971,2.538659793891));
#482 = CARTESIAN_POINT('',(-11.5,-1.364016829625,2.613454676562));
#483 = CARTESIAN_POINT('',(-11.5,-1.31918829338,2.694188045084));
#484 = CARTESIAN_POINT('',(-11.5,-1.238455037689,2.739016924055));
#485 = CARTESIAN_POINT('',(-11.5,-1.16365983639,2.758992393108));
#486 = CARTESIAN_POINT('',(-11.5,-1.089299739961,2.761404222212));
#487 = CARTESIAN_POINT('',(-11.5,-1.021022756297,2.75));
#488 = CARTESIAN_POINT('',(-11.68858279709,-1.299566881162,
    2.396023873897));
#489 = CARTESIAN_POINT('',(-11.67380131016,-1.305479475936,
    2.450715379497));
#490 = CARTESIAN_POINT('',(-11.66042633573,-1.302136428049,
    2.508409747573));
#491 = CARTESIAN_POINT('',(-11.64982730181,-1.286886892832,
    2.565546036281));
#492 = CARTESIAN_POINT('',(-11.64376935363,-1.253995232921,
    2.628994055472));
#493 = CARTESIAN_POINT('',(-11.64982724185,-1.19054746399,2.661886269283
    ));
#494 = CARTESIAN_POINT('',(-11.66042616987,-1.133410965169,
    2.677136264143));
#495 = CARTESIAN_POINT('',(-11.6738011715,-1.075716087926,2.6804795314)
  );
#496 = CARTESIAN_POINT('',(-11.68858279708,-1.021023873901,
    2.674566881167));
#497 = DEFINITIONAL_REPRESENTATION('',(#498),#502);
#498 = LINE('',#499,#500);
#499 = CARTESIAN_POINT('',(0.,0.));
#500 = VECTOR('',#501,1.);
#501 = DIRECTION('',(0.,1.));
#502 = ( GEOMETRIC_REPRESENTATION_CONTEXT(2) 
PARAMETRIC_REPRESENTATION_CONTEXT() REPRESENTATION_CONTEXT('2D SPACE',''
  ) );
#503 = ADVANCED_FACE('',(#504),#44,.F.);
#504 = FACE_BOUND('',#505,.F.);
#505 = EDGE_LOOP('',(#506,#529,#557,#578));
#506 = ORIENTED_EDGE('',*,*,#507,.F.);
#507 = EDGE_CURVE('',#508,#22,#510,.T.);
#508 = VERTEX_POINT('',#509);
#509 = CARTESIAN_POINT('',(-11.49,-2.2,-2.825));
#510 = SURFACE_CURVE('',#511,(#515,#522),.PCURVE_S1.);
#511 = LINE('',#512,#513);
#512 = CARTESIAN_POINT('',(-11.49,-2.2,-2.825));
#513 = VECTOR('',#514,1.);
#514 = DIRECTION('',(-1.,0.,1.110223024625E-16));
#515 = PCURVE('',#44,#516);
#516 = DEFINITIONAL_REPRESENTATION('',(#517),#521);
#517 = LINE('',#518,#519);
#518 = CARTESIAN_POINT('',(0.,0.));
#519 = VECTOR('',#520,1.);
#520 = DIRECTION('',(1.,0.));
#521 = ( GEOMETRIC_REPRESENTATION_CONTEXT(2) 
PARAMETRIC_REPRESENTATION_CONTEXT() REPRESENTATION_CONTEXT('2D SPACE',''
  ) );
#522 = PCURVE('',#72,#523);
#523 = DEFINITIONAL_REPRESENTATION('',(#524),#528);
#524 = LINE('',#525,#526);
#525 = CARTESIAN_POINT('',(0.,0.));
#526 = VECTOR('',#527,1.);
#527 = DIRECTION('',(1.,0.));
#528 = ( GEOMETRIC_REPRESENTATION_CONTEXT(2) 
PARAMETRIC_REPRESENTATION_CONTEXT() REPRESENTATION_CONTEXT('2D SPACE',''
  ) );
#529 = ORIENTED_EDGE('',*,*,#530,.T.);
#530 = EDGE_CURVE('',#508,#531,#533,.T.);
#531 = VERTEX_POINT('',#532);
#532 = CARTESIAN_POINT('',(-11.49,2.2,-2.825));
#533 = SURFACE_CURVE('',#534,(#538,#545),.PCURVE_S1.);
#534 = LINE('',#535,#536);
#535 = CARTESIAN_POINT('',(-11.49,-2.2,-2.825));
#536 = VECTOR('',#537,1.);
#537 = DIRECTION('',(0.,1.,0.));
#538 = PCURVE('',#44,#539);
#539 = DEFINITIONAL_REPRESENTATION('',(#540),#544);
#540 = LINE('',#541,#542);
#541 = CARTESIAN_POINT('',(0.,0.));
#542 = VECTOR('',#543,1.);
#543 = DIRECTION('',(0.,-1.));
#544 = ( GEOMETRIC_REPRESENTATION_CONTEXT(2) 
PARAMETRIC_REPRESENTATION_CONTEXT() REPRESENTATION_CONTEXT('2D SPACE',''
  ) );
#545 = PCURVE('',#546,#551);
#546 = PLANE('',#547);
#547 = AXIS2_PLACEMENT_3D('',#548,#549,#550);
#548 = CARTESIAN_POINT('',(-11.49,-2.2,-2.825));
#549 = DIRECTION('',(-1.,0.,1.110223024625E-16));
#550 = DIRECTION('',(1.110223024625E-16,0.,1.));
#551 = DEFINITIONAL_REPRESENTATION('',(#552),#556);
#552 = LINE('',#553,#554);
#553 = CARTESIAN_POINT('',(0.,0.));
#554 = VECTOR('',#555,1.);
#555 = DIRECTION('',(0.,1.));
#556 = ( GEOMETRIC_REPRESENTATION_CONTEXT(2) 
PARAMETRIC_REPRESENTATION_CONTEXT() REPRESENTATION_CONTEXT('2D SPACE',''
  ) );
#557 = ORIENTED_EDGE('',*,*,#558,.T.);
#558 = EDGE_CURVE('',#531,#24,#559,.T.);
#559 = SURFACE_CURVE('',#560,(#564,#571),.PCURVE_S1.);
#560 = LINE('',#561,#562);
#561 = CARTESIAN_POINT('',(-11.49,2.2,-2.825));
#562 = VECTOR('',#563,1.);
#563 = DIRECTION('',(-1.,0.,1.110223024625E-16));
#564 = PCURVE('',#44,#565);
#565 = DEFINITIONAL_REPRESENTATION('',(#566),#570);
#566 = LINE('',#567,#568);
#567 = CARTESIAN_POINT('',(0.,-4.4));
#568 = VECTOR('',#569,1.);
#569 = DIRECTION('',(1.,0.));
#570 = ( GEOMETRIC_REPRESENTATION_CONTEXT(2) 
PARAMETRIC_REPRESENTATION_CONTEXT() REPRESENTATION_CONTEXT('2D SPACE',''
  ) );
#571 = PCURVE('',#126,#572);
#572 = DEFINITIONAL_REPRESENTATION('',(#573),#577);
#573 = LINE('',#574,#575);
#574 = CARTESIAN_POINT('',(0.,0.));
#575 = VECTOR('',#576,1.);
#576 = DIRECTION('',(1.,0.));
#577 = ( GEOMETRIC_REPRESENTATION_CONTEXT(2) 
PARAMETRIC_REPRESENTATION_CONTEXT() REPRESENTATION_CONTEXT('2D SPACE',''
  ) );
#578 = ORIENTED_EDGE('',*,*,#21,.F.);
#579 = ADVANCED_FACE('',(#580),#126,.T.);
#580 = FACE_BOUND('',#581,.T.);
#581 = EDGE_LOOP('',(#582,#605,#626,#627));
#582 = ORIENTED_EDGE('',*,*,#583,.F.);
#583 = EDGE_CURVE('',#584,#85,#586,.T.);
#584 = VERTEX_POINT('',#585);
#585 = CARTESIAN_POINT('',(-11.49,2.2,3.575));
#586 = SURFACE_CURVE('',#587,(#591,#598),.PCURVE_S1.);
#587 = LINE('',#588,#589);
#588 = CARTESIAN_POINT('',(-11.49,2.2,3.575));
#589 = VECTOR('',#590,1.);
#590 = DIRECTION('',(-1.,0.,1.110223024625E-16));
#591 = PCURVE('',#126,#592);
#592 = DEFINITIONAL_REPRESENTATION('',(#593),#597);
#593 = LINE('',#594,#595);
#594 = CARTESIAN_POINT('',(7.105427357601E-16,6.4));
#595 = VECTOR('',#596,1.);
#596 = DIRECTION('',(1.,0.));
#597 = ( GEOMETRIC_REPRESENTATION_CONTEXT(2) 
PARAMETRIC_REPRESENTATION_CONTEXT() REPRESENTATION_CONTEXT('2D SPACE',''
  ) );
#598 = PCURVE('',#100,#599);
#599 = DEFINITIONAL_REPRESENTATION('',(#600),#604);
#600 = LINE('',#601,#602);
#601 = CARTESIAN_POINT('',(0.,-4.4));
#602 = VECTOR('',#603,1.);
#603 = DIRECTION('',(1.,0.));
#604 = ( GEOMETRIC_REPRESENTATION_CONTEXT(2) 
PARAMETRIC_REPRESENTATION_CONTEXT() REPRESENTATION_CONTEXT('2D SPACE',''
  ) );
#605 = ORIENTED_EDGE('',*,*,#606,.F.);
#606 = EDGE_CURVE('',#531,#584,#607,.T.);
#607 = SURFACE_CURVE('',#608,(#612,#619),.PCURVE_S1.);
#608 = LINE('',#609,#610);
#609 = CARTESIAN_POINT('',(-11.49,2.2,-2.825));
#610 = VECTOR('',#611,1.);
#611 = DIRECTION('',(1.110223024625E-16,0.,1.));
#612 = PCURVE('',#126,#613);
#613 = DEFINITIONAL_REPRESENTATION('',(#614),#618);
#614 = LINE('',#615,#616);
#615 = CARTESIAN_POINT('',(0.,0.));
#616 = VECTOR('',#617,1.);
#617 = DIRECTION('',(0.,1.));
#618 = ( GEOMETRIC_REPRESENTATION_CONTEXT(2) 
PARAMETRIC_REPRESENTATION_CONTEXT() REPRESENTATION_CONTEXT('2D SPACE',''
  ) );
#619 = PCURVE('',#546,#620);
#620 = DEFINITIONAL_REPRESENTATION('',(#621),#625);
#621 = LINE('',#622,#623);
#622 = CARTESIAN_POINT('',(0.,4.4));
#623 = VECTOR('',#624,1.);
#624 = DIRECTION('',(1.,0.));
#625 = ( GEOMETRIC_REPRESENTATION_CONTEXT(2) 
PARAMETRIC_REPRESENTATION_CONTEXT() REPRESENTATION_CONTEXT('2D SPACE',''
  ) );
#626 = ORIENTED_EDGE('',*,*,#558,.T.);
#627 = ORIENTED_EDGE('',*,*,#112,.F.);
#628 = ADVANCED_FACE('',(#629),#100,.T.);
#629 = FACE_BOUND('',#630,.T.);
#630 = EDGE_LOOP('',(#631,#654,#675,#676));
#631 = ORIENTED_EDGE('',*,*,#632,.F.);
#632 = EDGE_CURVE('',#633,#57,#635,.T.);
#633 = VERTEX_POINT('',#634);
#634 = CARTESIAN_POINT('',(-11.49,-2.2,3.575));
#635 = SURFACE_CURVE('',#636,(#640,#647),.PCURVE_S1.);
#636 = LINE('',#637,#638);
#637 = CARTESIAN_POINT('',(-11.49,-2.2,3.575));
#638 = VECTOR('',#639,1.);
#639 = DIRECTION('',(-1.,0.,1.110223024625E-16));
#640 = PCURVE('',#100,#641);
#641 = DEFINITIONAL_REPRESENTATION('',(#642),#646);
#642 = LINE('',#643,#644);
#643 = CARTESIAN_POINT('',(0.,0.));
#644 = VECTOR('',#645,1.);
#645 = DIRECTION('',(1.,0.));
#646 = ( GEOMETRIC_REPRESENTATION_CONTEXT(2) 
PARAMETRIC_REPRESENTATION_CONTEXT() REPRESENTATION_CONTEXT('2D SPACE',''
  ) );
#647 = PCURVE('',#72,#648);
#648 = DEFINITIONAL_REPRESENTATION('',(#649),#653);
#649 = LINE('',#650,#651);
#650 = CARTESIAN_POINT('',(7.105427357601E-16,6.4));
#651 = VECTOR('',#652,1.);
#652 = DIRECTION('',(1.,0.));
#653 = ( GEOMETRIC_REPRESENTATION_CONTEXT(2) 
PARAMETRIC_REPRESENTATION_CONTEXT() REPRESENTATION_CONTEXT('2D SPACE',''
  ) );
#654 = ORIENTED_EDGE('',*,*,#655,.T.);
#655 = EDGE_CURVE('',#633,#584,#656,.T.);
#656 = SURFACE_CURVE('',#657,(#661,#668),.PCURVE_S1.);
#657 = LINE('',#658,#659);
#658 = CARTESIAN_POINT('',(-11.49,-2.2,3.575));
#659 = VECTOR('',#660,1.);
#660 = DIRECTION('',(0.,1.,0.));
#661 = PCURVE('',#100,#662);
#662 = DEFINITIONAL_REPRESENTATION('',(#663),#667);
#663 = LINE('',#664,#665);
#664 = CARTESIAN_POINT('',(0.,0.));
#665 = VECTOR('',#666,1.);
#666 = DIRECTION('',(0.,-1.));
#667 = ( GEOMETRIC_REPRESENTATION_CONTEXT(2) 
PARAMETRIC_REPRESENTATION_CONTEXT() REPRESENTATION_CONTEXT('2D SPACE',''
  ) );
#668 = PCURVE('',#546,#669);
#669 = DEFINITIONAL_REPRESENTATION('',(#670),#674);
#670 = LINE('',#671,#672);
#671 = CARTESIAN_POINT('',(6.4,0.));
#672 = VECTOR('',#673,1.);
#673 = DIRECTION('',(0.,1.));
#674 = ( GEOMETRIC_REPRESENTATION_CONTEXT(2) 
PARAMETRIC_REPRESENTATION_CONTEXT() REPRESENTATION_CONTEXT('2D SPACE',''
  ) );
#675 = ORIENTED_EDGE('',*,*,#583,.T.);
#676 = ORIENTED_EDGE('',*,*,#84,.F.);
#677 = ADVANCED_FACE('',(#678),#72,.F.);
#678 = FACE_BOUND('',#679,.F.);
#679 = EDGE_LOOP('',(#680,#681,#702,#703));
#680 = ORIENTED_EDGE('',*,*,#632,.F.);
#681 = ORIENTED_EDGE('',*,*,#682,.F.);
#682 = EDGE_CURVE('',#508,#633,#683,.T.);
#683 = SURFACE_CURVE('',#684,(#688,#695),.PCURVE_S1.);
#684 = LINE('',#685,#686);
#685 = CARTESIAN_POINT('',(-11.49,-2.2,-2.825));
#686 = VECTOR('',#687,1.);
#687 = DIRECTION('',(1.110223024625E-16,0.,1.));
#688 = PCURVE('',#72,#689);
#689 = DEFINITIONAL_REPRESENTATION('',(#690),#694);
#690 = LINE('',#691,#692);
#691 = CARTESIAN_POINT('',(0.,0.));
#692 = VECTOR('',#693,1.);
#693 = DIRECTION('',(0.,1.));
#694 = ( GEOMETRIC_REPRESENTATION_CONTEXT(2) 
PARAMETRIC_REPRESENTATION_CONTEXT() REPRESENTATION_CONTEXT('2D SPACE',''
  ) );
#695 = PCURVE('',#546,#696);
#696 = DEFINITIONAL_REPRESENTATION('',(#697),#701);
#697 = LINE('',#698,#699);
#698 = CARTESIAN_POINT('',(0.,0.));
#699 = VECTOR('',#700,1.);
#700 = DIRECTION('',(1.,0.));
#701 = ( GEOMETRIC_REPRESENTATION_CONTEXT(2) 
PARAMETRIC_REPRESENTATION_CONTEXT() REPRESENTATION_CONTEXT('2D SPACE',''
  ) );
#702 = ORIENTED_EDGE('',*,*,#507,.T.);
#703 = ORIENTED_EDGE('',*,*,#56,.F.);
#704 = ADVANCED_FACE('',(#705),#156,.F.);
#705 = FACE_BOUND('',#706,.F.);
#706 = EDGE_LOOP('',(#707,#729,#755,#775));
#707 = ORIENTED_EDGE('',*,*,#708,.T.);
#708 = EDGE_CURVE('',#141,#709,#711,.T.);
#709 = VERTEX_POINT('',#710);
#710 = CARTESIAN_POINT('',(-11.68858279709,-1.299566881162,
    -1.646023873897));
#711 = SURFACE_CURVE('',#712,(#716,#722),.PCURVE_S1.);
#712 = ( BOUNDED_CURVE() B_SPLINE_CURVE(2,(#713,#714,#715),
.UNSPECIFIED.,.F.,.F.) B_SPLINE_CURVE_WITH_KNOTS((3,3),(0.,
1.570811435777),.PIECEWISE_BEZIER_KNOTS.) CURVE() 
GEOMETRIC_REPRESENTATION_ITEM() RATIONAL_B_SPLINE_CURVE((1.,
0.828067230469,1.)) REPRESENTATION_ITEM('') );
#713 = CARTESIAN_POINT('',(-11.5,-1.578109888428,-1.646023792239));
#714 = CARTESIAN_POINT('',(-11.5,-1.375,-1.646023851783));
#715 = CARTESIAN_POINT('',(-11.68858279709,-1.299566881162,
    -1.646023873897));
#716 = PCURVE('',#156,#717);
#717 = DEFINITIONAL_REPRESENTATION('',(#718),#721);
#718 = B_SPLINE_CURVE_WITH_KNOTS('',1,(#719,#720),.UNSPECIFIED.,.F.,.F.,
  (2,2),(0.,1.570811435777),.PIECEWISE_BEZIER_KNOTS.);
#719 = CARTESIAN_POINT('',(1.789679515696E-13,0.353976044447));
#720 = CARTESIAN_POINT('',(5.814,0.353976044447));
#721 = ( GEOMETRIC_REPRESENTATION_CONTEXT(2) 
PARAMETRIC_REPRESENTATION_CONTEXT() REPRESENTATION_CONTEXT('2D SPACE',''
  ) );
#722 = PCURVE('',#198,#723);
#723 = DEFINITIONAL_REPRESENTATION('',(#724),#728);
#724 = LINE('',#725,#726);
#725 = CARTESIAN_POINT('',(0.,-2.931591378715E-07));
#726 = VECTOR('',#727,1.);
#727 = DIRECTION('',(1.,0.));
#728 = ( GEOMETRIC_REPRESENTATION_CONTEXT(2) 
PARAMETRIC_REPRESENTATION_CONTEXT() REPRESENTATION_CONTEXT('2D SPACE',''
  ) );
#729 = ORIENTED_EDGE('',*,*,#730,.T.);
#730 = EDGE_CURVE('',#709,#731,#733,.T.);
#731 = VERTEX_POINT('',#732);
#732 = CARTESIAN_POINT('',(-11.68858279709,-1.299566881162,
    2.396023873897));
#733 = SURFACE_CURVE('',#734,(#737,#744),.PCURVE_S1.);
#734 = B_SPLINE_CURVE_WITH_KNOTS('',1,(#735,#736),.UNSPECIFIED.,.F.,.F.,
  (2,2),(-0.532,5.282),.PIECEWISE_BEZIER_KNOTS.);
#735 = CARTESIAN_POINT('',(-11.68858279709,-1.299566881162,-2.532));
#736 = CARTESIAN_POINT('',(-11.68858279709,-1.299566881162,3.282));
#737 = PCURVE('',#156,#738);
#738 = DEFINITIONAL_REPRESENTATION('',(#739),#743);
#739 = LINE('',#740,#741);
#740 = CARTESIAN_POINT('',(5.814,0.));
#741 = VECTOR('',#742,1.);
#742 = DIRECTION('',(0.,1.));
#743 = ( GEOMETRIC_REPRESENTATION_CONTEXT(2) 
PARAMETRIC_REPRESENTATION_CONTEXT() REPRESENTATION_CONTEXT('2D SPACE',''
  ) );
#744 = PCURVE('',#745,#750);
#745 = B_SPLINE_SURFACE_WITH_KNOTS('',1,1,(
    (#746,#747)
    ,(#748,#749
    )),.UNSPECIFIED.,.F.,.F.,.F.,(2,2),(2,2),(0.,4.75),(0.,1.),
  .PIECEWISE_BEZIER_KNOTS.);
#746 = CARTESIAN_POINT('',(-11.5,-1.375,-2.));
#747 = CARTESIAN_POINT('',(-12.75,-0.875,-1.5));
#748 = CARTESIAN_POINT('',(-11.5,-1.375,2.75));
#749 = CARTESIAN_POINT('',(-12.75,-0.875,2.25));
#750 = DEFINITIONAL_REPRESENTATION('',(#751),#754);
#751 = B_SPLINE_CURVE_WITH_KNOTS('',1,(#752,#753),.UNSPECIFIED.,.F.,.F.,
  (2,2),(-0.532,5.282),.PIECEWISE_BEZIER_KNOTS.);
#752 = CARTESIAN_POINT('',(-0.627358860078,0.150866237675));
#753 = CARTESIAN_POINT('',(5.377358860078,0.150866237675));
#754 = ( GEOMETRIC_REPRESENTATION_CONTEXT(2) 
PARAMETRIC_REPRESENTATION_CONTEXT() REPRESENTATION_CONTEXT('2D SPACE',''
  ) );
#755 = ORIENTED_EDGE('',*,*,#756,.F.);
#756 = EDGE_CURVE('',#143,#731,#757,.T.);
#757 = SURFACE_CURVE('',#758,(#762,#768),.PCURVE_S1.);
#758 = ( BOUNDED_CURVE() B_SPLINE_CURVE(2,(#759,#760,#761),
.UNSPECIFIED.,.F.,.F.) B_SPLINE_CURVE_WITH_KNOTS((3,3),(0.,
1.570811435777),.PIECEWISE_BEZIER_KNOTS.) CURVE() 
GEOMETRIC_REPRESENTATION_ITEM() RATIONAL_B_SPLINE_CURVE((1.,
0.828067230469,1.)) REPRESENTATION_ITEM('') );
#759 = CARTESIAN_POINT('',(-11.5,-1.578109888428,2.396023792239));
#760 = CARTESIAN_POINT('',(-11.5,-1.375,2.396023851783));
#761 = CARTESIAN_POINT('',(-11.68858279709,-1.299566881162,
    2.396023873897));
#762 = PCURVE('',#156,#763);
#763 = DEFINITIONAL_REPRESENTATION('',(#764),#767);
#764 = B_SPLINE_CURVE_WITH_KNOTS('',1,(#765,#766),.UNSPECIFIED.,.F.,.F.,
  (2,2),(0.,1.570811435777),.PIECEWISE_BEZIER_KNOTS.);
#765 = CARTESIAN_POINT('',(1.727507026317E-13,4.396023955553));
#766 = CARTESIAN_POINT('',(5.814,4.396023955553));
#767 = ( GEOMETRIC_REPRESENTATION_CONTEXT(2) 
PARAMETRIC_REPRESENTATION_CONTEXT() REPRESENTATION_CONTEXT('2D SPACE',''
  ) );
#768 = PCURVE('',#469,#769);
#769 = DEFINITIONAL_REPRESENTATION('',(#770),#774);
#770 = LINE('',#771,#772);
#771 = CARTESIAN_POINT('',(0.,-2.931591265715E-07));
#772 = VECTOR('',#773,1.);
#773 = DIRECTION('',(1.,0.));
#774 = ( GEOMETRIC_REPRESENTATION_CONTEXT(2) 
PARAMETRIC_REPRESENTATION_CONTEXT() REPRESENTATION_CONTEXT('2D SPACE',''
  ) );
#775 = ORIENTED_EDGE('',*,*,#140,.F.);
#776 = ADVANCED_FACE('',(#777),#198,.T.);
#777 = FACE_BOUND('',#778,.T.);
#778 = EDGE_LOOP('',(#779,#780,#861,#881));
#779 = ORIENTED_EDGE('',*,*,#708,.T.);
#780 = ORIENTED_EDGE('',*,*,#781,.T.);
#781 = EDGE_CURVE('',#709,#782,#784,.T.);
#782 = VERTEX_POINT('',#783);
#783 = CARTESIAN_POINT('',(-11.68858279708,-1.021023873901,
    -1.924566881167));
#784 = SURFACE_CURVE('',#785,(#795,#802),.PCURVE_S1.);
#785 = ( BOUNDED_CURVE() B_SPLINE_CURVE(8,(#786,#787,#788,#789,#790,#791
,#792,#793,#794),.UNSPECIFIED.,.F.,.F.) B_SPLINE_CURVE_WITH_KNOTS((9,9),
(-2.931591378715E-07,1.570811142618),.PIECEWISE_BEZIER_KNOTS.) CURVE() 
GEOMETRIC_REPRESENTATION_ITEM() RATIONAL_B_SPLINE_CURVE((1.,1.,1.,1.,1.,
1.,1.,1.,1.)) REPRESENTATION_ITEM('') );
#786 = CARTESIAN_POINT('',(-11.68858279709,-1.299566881162,
    -1.646023873897));
#787 = CARTESIAN_POINT('',(-11.67380131016,-1.305479475936,
    -1.700715379497));
#788 = CARTESIAN_POINT('',(-11.66042633573,-1.302136428049,
    -1.758409747573));
#789 = CARTESIAN_POINT('',(-11.64982730181,-1.286886892832,
    -1.815546036281));
#790 = CARTESIAN_POINT('',(-11.64376935363,-1.253995232921,
    -1.878994055472));
#791 = CARTESIAN_POINT('',(-11.64982724185,-1.19054746399,
    -1.911886269283));
#792 = CARTESIAN_POINT('',(-11.66042616987,-1.133410965169,
    -1.927136264143));
#793 = CARTESIAN_POINT('',(-11.6738011715,-1.075716087926,-1.9304795314)
  );
#794 = CARTESIAN_POINT('',(-11.68858279708,-1.021023873901,
    -1.924566881167));
#795 = PCURVE('',#198,#796);
#796 = DEFINITIONAL_REPRESENTATION('',(#797),#801);
#797 = LINE('',#798,#799);
#798 = CARTESIAN_POINT('',(1.570811435777,0.));
#799 = VECTOR('',#800,1.);
#800 = DIRECTION('',(0.,1.));
#801 = ( GEOMETRIC_REPRESENTATION_CONTEXT(2) 
PARAMETRIC_REPRESENTATION_CONTEXT() REPRESENTATION_CONTEXT('2D SPACE',''
  ) );
#802 = PCURVE('',#803,#846);
#803 = ( BOUNDED_SURFACE() B_SPLINE_SURFACE(2,5,(
    (#804,#805,#806,#807,#808,#809,#810,#811,#812,#813,#814,#815,#816
      ,#817)
    ,(#818,#819,#820,#821,#822,#823,#824,#825,#826,#827,#828,#829,#830
      ,#831)
    ,(#832,#833,#834,#835,#836,#837,#838,#839,#840,#841,#842,#843,#844
,#845
    )),.UNSPECIFIED.,.F.,.F.,.F.) B_SPLINE_SURFACE_WITH_KNOTS((3,3),(6,4
    ,4,6),(0.,1.436140661635),(4.424114248007E-02,9.697622757529E-02,
    1.53311688921,1.585851974305),.UNSPECIFIED.) 
GEOMETRIC_REPRESENTATION_ITEM() RATIONAL_B_SPLINE_SURFACE((
    (1.,1.,1.,1.,1.,1.,1.,1.,1.,1.,1.,1.,1.,1.)
    ,(0.754298029456,0.754298029456,0.754298029456,0.754298029456
      ,0.754298029456,0.754298029456,0.754298029456,0.754298029456
      ,0.754298029456,0.754298029456,0.754298029456,0.754298029456
      ,0.754298029456,0.754298029456)
,(1.,1.,1.,1.,1.,1.,1.,1.,1.,1.,1.,1.,1.,1.
))) REPRESENTATION_ITEM('') SURFACE() );
#804 = CARTESIAN_POINT('',(-11.4541,-1.39336,-1.739816992734));
#805 = CARTESIAN_POINT('',(-11.46328,-1.389688,-1.736144992734));
#806 = CARTESIAN_POINT('',(-11.47246,-1.386016,-1.732472992734));
#807 = CARTESIAN_POINT('',(-11.48164,-1.382344,-1.728800992734));
#808 = CARTESIAN_POINT('',(-11.49082,-1.378672,-1.725128992734));
#809 = CARTESIAN_POINT('',(-11.75,-1.275,-1.621456992734));
#810 = CARTESIAN_POINT('',(-12.,-1.175,-1.521456992734));
#811 = CARTESIAN_POINT('',(-12.25,-1.075,-1.421456992734));
#812 = CARTESIAN_POINT('',(-12.5,-0.975,-1.321456992734));
#813 = CARTESIAN_POINT('',(-12.75918,-0.871328,-1.217784992734));
#814 = CARTESIAN_POINT('',(-12.76836,-0.867656,-1.214112992734));
#815 = CARTESIAN_POINT('',(-12.77754,-0.863984,-1.210440992734));
#816 = CARTESIAN_POINT('',(-12.78672,-0.860312,-1.206768992734));
#817 = CARTESIAN_POINT('',(-12.7959,-0.85664,-1.203096992734));
#818 = CARTESIAN_POINT('',(-11.53850697189,-1.359597211241,
    -1.984597211241));
#819 = CARTESIAN_POINT('',(-11.54768697189,-1.355925211241,
    -1.980925211241));
#820 = CARTESIAN_POINT('',(-11.55686697189,-1.352253211241,
    -1.977253211241));
#821 = CARTESIAN_POINT('',(-11.56604697189,-1.348581211241,
    -1.973581211241));
#822 = CARTESIAN_POINT('',(-11.57522697189,-1.344909211241,
    -1.969909211241));
#823 = CARTESIAN_POINT('',(-11.83440697189,-1.241237211241,
    -1.866237211241));
#824 = CARTESIAN_POINT('',(-12.08440697189,-1.141237211241,
    -1.766237211241));
#825 = CARTESIAN_POINT('',(-12.33440697189,-1.041237211241,
    -1.666237211241));
#826 = CARTESIAN_POINT('',(-12.58440697189,-0.941237211241,
    -1.566237211241));
#827 = CARTESIAN_POINT('',(-12.84358697189,-0.837565211241,
    -1.462565211241));
#828 = CARTESIAN_POINT('',(-12.85276697189,-0.833893211241,
    -1.458893211241));
#829 = CARTESIAN_POINT('',(-12.86194697189,-0.830221211241,
    -1.455221211241));
#830 = CARTESIAN_POINT('',(-12.87112697189,-0.826549211241,
    -1.451549211241));
#831 = CARTESIAN_POINT('',(-12.88030697189,-0.822877211241,
    -1.447877211241));
#832 = CARTESIAN_POINT('',(-11.4541,-1.114816992734,-2.01836));
#833 = CARTESIAN_POINT('',(-11.46328,-1.111144992734,-2.014688));
#834 = CARTESIAN_POINT('',(-11.47246,-1.107472992734,-2.011016));
#835 = CARTESIAN_POINT('',(-11.48164,-1.103800992734,-2.007344));
#836 = CARTESIAN_POINT('',(-11.49082,-1.100128992734,-2.003672));
#837 = CARTESIAN_POINT('',(-11.75,-0.996456992734,-1.9));
#838 = CARTESIAN_POINT('',(-12.,-0.896456992734,-1.8));
#839 = CARTESIAN_POINT('',(-12.25,-0.796456992734,-1.7));
#840 = CARTESIAN_POINT('',(-12.5,-0.696456992734,-1.6));
#841 = CARTESIAN_POINT('',(-12.75918,-0.592784992734,-1.496328));
#842 = CARTESIAN_POINT('',(-12.76836,-0.589112992734,-1.492656));
#843 = CARTESIAN_POINT('',(-12.77754,-0.585440992734,-1.488984));
#844 = CARTESIAN_POINT('',(-12.78672,-0.581768992734,-1.485312));
#845 = CARTESIAN_POINT('',(-12.7959,-0.578096992734,-1.48164));
#846 = DEFINITIONAL_REPRESENTATION('',(#847),#860);
#847 = B_SPLINE_CURVE_WITH_KNOTS('',11,(#848,#849,#850,#851,#852,#853,
    #854,#855,#856,#857,#858,#859),.UNSPECIFIED.,.F.,.F.,(12,12),(
    -2.931591378715E-07,1.570811142618),.PIECEWISE_BEZIER_KNOTS.);
#848 = CARTESIAN_POINT('',(4.44089254798E-16,0.313641365968));
#849 = CARTESIAN_POINT('',(0.121244249711,0.288939349638));
#850 = CARTESIAN_POINT('',(0.245020395059,0.265886228285));
#851 = CARTESIAN_POINT('',(0.371923185028,0.246120126705));
#852 = CARTESIAN_POINT('',(0.50524369768,0.228986376912));
#853 = CARTESIAN_POINT('',(0.649890116645,0.219662059588));
#854 = CARTESIAN_POINT('',(0.786245972453,0.219661956005));
#855 = CARTESIAN_POINT('',(0.93089258943,0.228986063759));
#856 = CARTESIAN_POINT('',(1.064213654277,0.246119698863));
#857 = CARTESIAN_POINT('',(1.191117381574,0.265885799148));
#858 = CARTESIAN_POINT('',(1.314894788923,0.288939068441));
#859 = CARTESIAN_POINT('',(1.436140661635,0.313641365956));
#860 = ( GEOMETRIC_REPRESENTATION_CONTEXT(2) 
PARAMETRIC_REPRESENTATION_CONTEXT() REPRESENTATION_CONTEXT('2D SPACE',''
  ) );
#861 = ORIENTED_EDGE('',*,*,#862,.F.);
#862 = EDGE_CURVE('',#171,#782,#863,.T.);
#863 = SURFACE_CURVE('',#864,(#868,#875),.PCURVE_S1.);
#864 = ( BOUNDED_CURVE() B_SPLINE_CURVE(2,(#865,#866,#867),
.UNSPECIFIED.,.F.,.F.) B_SPLINE_CURVE_WITH_KNOTS((3,3),(0.,
1.570811435777),.PIECEWISE_BEZIER_KNOTS.) CURVE() 
GEOMETRIC_REPRESENTATION_ITEM() RATIONAL_B_SPLINE_CURVE((1.,
0.82806723048,1.)) REPRESENTATION_ITEM('') );
#865 = CARTESIAN_POINT('',(-11.5,-1.021019747057,-2.203109888397));
#866 = CARTESIAN_POINT('',(-11.5,-1.021022756297,-2.));
#867 = CARTESIAN_POINT('',(-11.68858279708,-1.021023873901,
    -1.924566881167));
#868 = PCURVE('',#198,#869);
#869 = DEFINITIONAL_REPRESENTATION('',(#870),#874);
#870 = LINE('',#871,#872);
#871 = CARTESIAN_POINT('',(0.,1.570811142618));
#872 = VECTOR('',#873,1.);
#873 = DIRECTION('',(1.,0.));
#874 = ( GEOMETRIC_REPRESENTATION_CONTEXT(2) 
PARAMETRIC_REPRESENTATION_CONTEXT() REPRESENTATION_CONTEXT('2D SPACE',''
  ) );
#875 = PCURVE('',#247,#876);
#876 = DEFINITIONAL_REPRESENTATION('',(#877),#880);
#877 = B_SPLINE_CURVE_WITH_KNOTS('',1,(#878,#879),.UNSPECIFIED.,.F.,.F.,
  (2,2),(0.,1.570811435777),.PIECEWISE_BEZIER_KNOTS.);
#878 = CARTESIAN_POINT('',(-5.879607911652E-11,2.396028000744));
#879 = CARTESIAN_POINT('',(3.366000000059,2.396028000744));
#880 = ( GEOMETRIC_REPRESENTATION_CONTEXT(2) 
PARAMETRIC_REPRESENTATION_CONTEXT() REPRESENTATION_CONTEXT('2D SPACE',''
  ) );
#881 = ORIENTED_EDGE('',*,*,#170,.F.);
#882 = ADVANCED_FACE('',(#883),#469,.F.);
#883 = FACE_BOUND('',#884,.F.);
#884 = EDGE_LOOP('',(#885,#886,#967,#987));
#885 = ORIENTED_EDGE('',*,*,#756,.T.);
#886 = ORIENTED_EDGE('',*,*,#887,.T.);
#887 = EDGE_CURVE('',#731,#888,#890,.T.);
#888 = VERTEX_POINT('',#889);
#889 = CARTESIAN_POINT('',(-11.68858279708,-1.021023873901,
    2.674566881167));
#890 = SURFACE_CURVE('',#891,(#901,#908),.PCURVE_S1.);
#891 = ( BOUNDED_CURVE() B_SPLINE_CURVE(8,(#892,#893,#894,#895,#896,#897
,#898,#899,#900),.UNSPECIFIED.,.F.,.F.) B_SPLINE_CURVE_WITH_KNOTS((9,9),
(-2.931591265715E-07,1.570811142618),.PIECEWISE_BEZIER_KNOTS.) CURVE() 
GEOMETRIC_REPRESENTATION_ITEM() RATIONAL_B_SPLINE_CURVE((1.,1.,1.,1.,1.,
1.,1.,1.,1.)) REPRESENTATION_ITEM('') );
#892 = CARTESIAN_POINT('',(-11.68858279709,-1.299566881162,
    2.396023873897));
#893 = CARTESIAN_POINT('',(-11.67380131016,-1.305479475936,
    2.450715379497));
#894 = CARTESIAN_POINT('',(-11.66042633573,-1.302136428049,
    2.508409747573));
#895 = CARTESIAN_POINT('',(-11.64982730181,-1.286886892832,
    2.565546036281));
#896 = CARTESIAN_POINT('',(-11.64376935363,-1.253995232921,
    2.628994055472));
#897 = CARTESIAN_POINT('',(-11.64982724185,-1.19054746399,2.661886269283
    ));
#898 = CARTESIAN_POINT('',(-11.66042616987,-1.133410965169,
    2.677136264143));
#899 = CARTESIAN_POINT('',(-11.6738011715,-1.075716087926,2.6804795314)
  );
#900 = CARTESIAN_POINT('',(-11.68858279708,-1.021023873901,
    2.674566881167));
#901 = PCURVE('',#469,#902);
#902 = DEFINITIONAL_REPRESENTATION('',(#903),#907);
#903 = LINE('',#904,#905);
#904 = CARTESIAN_POINT('',(1.570811435777,0.));
#905 = VECTOR('',#906,1.);
#906 = DIRECTION('',(0.,1.));
#907 = ( GEOMETRIC_REPRESENTATION_CONTEXT(2) 
PARAMETRIC_REPRESENTATION_CONTEXT() REPRESENTATION_CONTEXT('2D SPACE',''
  ) );
#908 = PCURVE('',#909,#952);
#909 = ( BOUNDED_SURFACE() B_SPLINE_SURFACE(2,5,(
    (#910,#911,#912,#913,#914,#915,#916,#917,#918,#919,#920,#921,#922
      ,#923)
    ,(#924,#925,#926,#927,#928,#929,#930,#931,#932,#933,#934,#935,#936
      ,#937)
    ,(#938,#939,#940,#941,#942,#943,#944,#945,#946,#947,#948,#949,#950
,#951
    )),.UNSPECIFIED.,.F.,.F.,.F.) B_SPLINE_SURFACE_WITH_KNOTS((3,3),(6,4
    ,4,6),(0.,1.436140661635),(4.424114248007E-02,9.697622757529E-02,
    1.53311688921,1.585851974305),.UNSPECIFIED.) 
GEOMETRIC_REPRESENTATION_ITEM() RATIONAL_B_SPLINE_SURFACE((
    (1.,1.,1.,1.,1.,1.,1.,1.,1.,1.,1.,1.,1.,1.)
    ,(0.754298029456,0.754298029456,0.754298029456,0.754298029456
      ,0.754298029456,0.754298029456,0.754298029456,0.754298029456
      ,0.754298029456,0.754298029456,0.754298029456,0.754298029456
      ,0.754298029456,0.754298029456)
,(1.,1.,1.,1.,1.,1.,1.,1.,1.,1.,1.,1.,1.,1.
))) REPRESENTATION_ITEM('') SURFACE() );
#910 = CARTESIAN_POINT('',(-11.4541,-1.39336,2.489816992734));
#911 = CARTESIAN_POINT('',(-11.46328,-1.389688,2.486144992734));
#912 = CARTESIAN_POINT('',(-11.47246,-1.386016,2.482472992734));
#913 = CARTESIAN_POINT('',(-11.48164,-1.382344,2.478800992734));
#914 = CARTESIAN_POINT('',(-11.49082,-1.378672,2.475128992734));
#915 = CARTESIAN_POINT('',(-11.75,-1.275,2.371456992734));
#916 = CARTESIAN_POINT('',(-12.,-1.175,2.271456992734));
#917 = CARTESIAN_POINT('',(-12.25,-1.075,2.171456992734));
#918 = CARTESIAN_POINT('',(-12.5,-0.975,2.071456992734));
#919 = CARTESIAN_POINT('',(-12.75918,-0.871328,1.967784992734));
#920 = CARTESIAN_POINT('',(-12.76836,-0.867656,1.964112992734));
#921 = CARTESIAN_POINT('',(-12.77754,-0.863984,1.960440992734));
#922 = CARTESIAN_POINT('',(-12.78672,-0.860312,1.956768992734));
#923 = CARTESIAN_POINT('',(-12.7959,-0.85664,1.953096992734));
#924 = CARTESIAN_POINT('',(-11.53850697189,-1.359597211241,
    2.734597211241));
#925 = CARTESIAN_POINT('',(-11.54768697189,-1.355925211241,
    2.730925211241));
#926 = CARTESIAN_POINT('',(-11.55686697189,-1.352253211241,
    2.727253211241));
#927 = CARTESIAN_POINT('',(-11.56604697189,-1.348581211241,
    2.723581211241));
#928 = CARTESIAN_POINT('',(-11.57522697189,-1.344909211241,
    2.719909211241));
#929 = CARTESIAN_POINT('',(-11.83440697189,-1.241237211241,
    2.616237211241));
#930 = CARTESIAN_POINT('',(-12.08440697189,-1.141237211241,
    2.516237211241));
#931 = CARTESIAN_POINT('',(-12.33440697189,-1.041237211241,
    2.416237211241));
#932 = CARTESIAN_POINT('',(-12.58440697189,-0.941237211241,
    2.316237211241));
#933 = CARTESIAN_POINT('',(-12.84358697189,-0.837565211241,
    2.212565211241));
#934 = CARTESIAN_POINT('',(-12.85276697189,-0.833893211241,
    2.208893211241));
#935 = CARTESIAN_POINT('',(-12.86194697189,-0.830221211241,
    2.205221211241));
#936 = CARTESIAN_POINT('',(-12.87112697189,-0.826549211241,
    2.201549211241));
#937 = CARTESIAN_POINT('',(-12.88030697189,-0.822877211241,
    2.197877211241));
#938 = CARTESIAN_POINT('',(-11.4541,-1.114816992734,2.76836));
#939 = CARTESIAN_POINT('',(-11.46328,-1.111144992734,2.764688));
#940 = CARTESIAN_POINT('',(-11.47246,-1.107472992734,2.761016));
#941 = CARTESIAN_POINT('',(-11.48164,-1.103800992734,2.757344));
#942 = CARTESIAN_POINT('',(-11.49082,-1.100128992734,2.753672));
#943 = CARTESIAN_POINT('',(-11.75,-0.996456992734,2.65));
#944 = CARTESIAN_POINT('',(-12.,-0.896456992734,2.55));
#945 = CARTESIAN_POINT('',(-12.25,-0.796456992734,2.45));
#946 = CARTESIAN_POINT('',(-12.5,-0.696456992734,2.35));
#947 = CARTESIAN_POINT('',(-12.75918,-0.592784992734,2.246328));
#948 = CARTESIAN_POINT('',(-12.76836,-0.589112992734,2.242656));
#949 = CARTESIAN_POINT('',(-12.77754,-0.585440992734,2.238984));
#950 = CARTESIAN_POINT('',(-12.78672,-0.581768992734,2.235312));
#951 = CARTESIAN_POINT('',(-12.7959,-0.578096992734,2.23164));
#952 = DEFINITIONAL_REPRESENTATION('',(#953),#966);
#953 = B_SPLINE_CURVE_WITH_KNOTS('',11,(#954,#955,#956,#957,#958,#959,
    #960,#961,#962,#963,#964,#965),.UNSPECIFIED.,.F.,.F.,(12,12),(
    -2.931591265715E-07,1.570811142618),.PIECEWISE_BEZIER_KNOTS.);
#954 = CARTESIAN_POINT('',(3.330669073875E-16,0.313641365968));
#955 = CARTESIAN_POINT('',(0.121244249711,0.288939349638));
#956 = CARTESIAN_POINT('',(0.245020395058,0.265886228284));
#957 = CARTESIAN_POINT('',(0.37192318503,0.246120126705));
#958 = CARTESIAN_POINT('',(0.505243697677,0.22898637691));
#959 = CARTESIAN_POINT('',(0.649890116649,0.21966205959));
#960 = CARTESIAN_POINT('',(0.78624597245,0.219661956004));
#961 = CARTESIAN_POINT('',(0.930892589432,0.22898606376));
#962 = CARTESIAN_POINT('',(1.064213654276,0.246119698863));
#963 = CARTESIAN_POINT('',(1.191117381574,0.265885799148));
#964 = CARTESIAN_POINT('',(1.314894788923,0.288939068441));
#965 = CARTESIAN_POINT('',(1.436140661635,0.313641365956));
#966 = ( GEOMETRIC_REPRESENTATION_CONTEXT(2) 
PARAMETRIC_REPRESENTATION_CONTEXT() REPRESENTATION_CONTEXT('2D SPACE',''
  ) );
#967 = ORIENTED_EDGE('',*,*,#968,.F.);
#968 = EDGE_CURVE('',#416,#888,#969,.T.);
#969 = SURFACE_CURVE('',#970,(#974,#981),.PCURVE_S1.);
#970 = ( BOUNDED_CURVE() B_SPLINE_CURVE(2,(#971,#972,#973),
.UNSPECIFIED.,.F.,.F.) B_SPLINE_CURVE_WITH_KNOTS((3,3),(0.,
1.570811435777),.PIECEWISE_BEZIER_KNOTS.) CURVE() 
GEOMETRIC_REPRESENTATION_ITEM() RATIONAL_B_SPLINE_CURVE((1.,
0.82806723048,1.)) REPRESENTATION_ITEM('') );
#971 = CARTESIAN_POINT('',(-11.5,-1.021019747057,2.953109888397));
#972 = CARTESIAN_POINT('',(-11.5,-1.021022756297,2.75));
#973 = CARTESIAN_POINT('',(-11.68858279708,-1.021023873901,
    2.674566881167));
#974 = PCURVE('',#469,#975);
#975 = DEFINITIONAL_REPRESENTATION('',(#976),#980);
#976 = LINE('',#977,#978);
#977 = CARTESIAN_POINT('',(0.,1.570811142618));
#978 = VECTOR('',#979,1.);
#979 = DIRECTION('',(1.,0.));
#980 = ( GEOMETRIC_REPRESENTATION_CONTEXT(2) 
PARAMETRIC_REPRESENTATION_CONTEXT() REPRESENTATION_CONTEXT('2D SPACE',''
  ) );
#981 = PCURVE('',#429,#982);
#982 = DEFINITIONAL_REPRESENTATION('',(#983),#986);
#983 = B_SPLINE_CURVE_WITH_KNOTS('',1,(#984,#985),.UNSPECIFIED.,.F.,.F.,
  (2,2),(0.,1.570811435777),.PIECEWISE_BEZIER_KNOTS.);
#984 = CARTESIAN_POINT('',(-5.878519893088E-11,0.353971999256));
#985 = CARTESIAN_POINT('',(3.366000000059,0.353971999256));
#986 = ( GEOMETRIC_REPRESENTATION_CONTEXT(2) 
PARAMETRIC_REPRESENTATION_CONTEXT() REPRESENTATION_CONTEXT('2D SPACE',''
  ) );
#987 = ORIENTED_EDGE('',*,*,#443,.F.);
#988 = ADVANCED_FACE('',(#989),#247,.F.);
#989 = FACE_BOUND('',#990,.F.);
#990 = EDGE_LOOP('',(#991,#1013,#1037,#1038));
#991 = ORIENTED_EDGE('',*,*,#992,.T.);
#992 = EDGE_CURVE('',#234,#993,#995,.T.);
#993 = VERTEX_POINT('',#994);
#994 = CARTESIAN_POINT('',(-11.68858279708,1.021023873901,
    -1.924566881167));
#995 = SURFACE_CURVE('',#996,(#1000,#1006),.PCURVE_S1.);
#996 = ( BOUNDED_CURVE() B_SPLINE_CURVE(2,(#997,#998,#999),
.UNSPECIFIED.,.F.,.F.) B_SPLINE_CURVE_WITH_KNOTS((3,3),(0.,
1.570811435777),.PIECEWISE_BEZIER_KNOTS.) CURVE() 
GEOMETRIC_REPRESENTATION_ITEM() RATIONAL_B_SPLINE_CURVE((1.,
0.82806723048,1.)) REPRESENTATION_ITEM('') );
#997 = CARTESIAN_POINT('',(-11.5,1.021019747057,-2.203109888397));
#998 = CARTESIAN_POINT('',(-11.5,1.021022756297,-2.));
#999 = CARTESIAN_POINT('',(-11.68858279708,1.021023873901,
    -1.924566881167));
#1000 = PCURVE('',#247,#1001);
#1001 = DEFINITIONAL_REPRESENTATION('',(#1002),#1005);
#1002 = B_SPLINE_CURVE_WITH_KNOTS('',1,(#1003,#1004),.UNSPECIFIED.,.F.,
  .F.,(2,2),(0.,1.570811435777),.PIECEWISE_BEZIER_KNOTS.);
#1003 = CARTESIAN_POINT('',(-5.879474684889E-11,0.353971999256));
#1004 = CARTESIAN_POINT('',(3.366000000059,0.353971999256));
#1005 = ( GEOMETRIC_REPRESENTATION_CONTEXT(2) 
PARAMETRIC_REPRESENTATION_CONTEXT() REPRESENTATION_CONTEXT('2D SPACE',''
  ) );
#1006 = PCURVE('',#289,#1007);
#1007 = DEFINITIONAL_REPRESENTATION('',(#1008),#1012);
#1008 = LINE('',#1009,#1010);
#1009 = CARTESIAN_POINT('',(0.,1.570811142618));
#1010 = VECTOR('',#1011,1.);
#1011 = DIRECTION('',(1.,0.));
#1012 = ( GEOMETRIC_REPRESENTATION_CONTEXT(2) 
PARAMETRIC_REPRESENTATION_CONTEXT() REPRESENTATION_CONTEXT('2D SPACE',''
  ) );
#1013 = ORIENTED_EDGE('',*,*,#1014,.T.);
#1014 = EDGE_CURVE('',#993,#782,#1015,.T.);
#1015 = SURFACE_CURVE('',#1016,(#1019,#1026),.PCURVE_S1.);
#1016 = B_SPLINE_CURVE_WITH_KNOTS('',1,(#1017,#1018),.UNSPECIFIED.,.F.,
  .F.,(2,2),(-0.308,3.058),.PIECEWISE_BEZIER_KNOTS.);
#1017 = CARTESIAN_POINT('',(-11.68858279709,1.683,-1.924566881162));
#1018 = CARTESIAN_POINT('',(-11.68858279709,-1.683,-1.924566881162));
#1019 = PCURVE('',#247,#1020);
#1020 = DEFINITIONAL_REPRESENTATION('',(#1021),#1025);
#1021 = LINE('',#1022,#1023);
#1022 = CARTESIAN_POINT('',(3.366,0.));
#1023 = VECTOR('',#1024,1.);
#1024 = DIRECTION('',(0.,1.));
#1025 = ( GEOMETRIC_REPRESENTATION_CONTEXT(2) 
PARAMETRIC_REPRESENTATION_CONTEXT() REPRESENTATION_CONTEXT('2D SPACE',''
  ) );
#1026 = PCURVE('',#1027,#1032);
#1027 = B_SPLINE_SURFACE_WITH_KNOTS('',1,1,(
    (#1028,#1029)
    ,(#1030,#1031
    )),.UNSPECIFIED.,.F.,.F.,.F.,(2,2),(2,2),(0.,2.75),(0.,1.),
  .PIECEWISE_BEZIER_KNOTS.);
#1028 = CARTESIAN_POINT('',(-11.5,1.375,-2.));
#1029 = CARTESIAN_POINT('',(-12.75,0.875,-1.5));
#1030 = CARTESIAN_POINT('',(-11.5,-1.375,-2.));
#1031 = CARTESIAN_POINT('',(-12.75,-0.875,-1.5));
#1032 = DEFINITIONAL_REPRESENTATION('',(#1033),#1036);
#1033 = B_SPLINE_CURVE_WITH_KNOTS('',1,(#1034,#1035),.UNSPECIFIED.,.F.,
  .F.,(2,2),(-0.308,3.058),.PIECEWISE_BEZIER_KNOTS.);
#1034 = CARTESIAN_POINT('',(-0.405689423179,0.150866237675));
#1035 = CARTESIAN_POINT('',(3.155689423179,0.150866237675));
#1036 = ( GEOMETRIC_REPRESENTATION_CONTEXT(2) 
PARAMETRIC_REPRESENTATION_CONTEXT() REPRESENTATION_CONTEXT('2D SPACE',''
  ) );
#1037 = ORIENTED_EDGE('',*,*,#862,.F.);
#1038 = ORIENTED_EDGE('',*,*,#233,.F.);
#1039 = ADVANCED_FACE('',(#1040),#429,.F.);
#1040 = FACE_BOUND('',#1041,.F.);
#1041 = EDGE_LOOP('',(#1042,#1043,#1069,#1089));
#1042 = ORIENTED_EDGE('',*,*,#968,.T.);
#1043 = ORIENTED_EDGE('',*,*,#1044,.T.);
#1044 = EDGE_CURVE('',#888,#1045,#1047,.T.);
#1045 = VERTEX_POINT('',#1046);
#1046 = CARTESIAN_POINT('',(-11.68858279709,1.021023873897,
    2.674566881162));
#1047 = SURFACE_CURVE('',#1048,(#1051,#1058),.PCURVE_S1.);
#1048 = B_SPLINE_CURVE_WITH_KNOTS('',1,(#1049,#1050),.UNSPECIFIED.,.F.,
  .F.,(2,2),(-0.308,3.058),.PIECEWISE_BEZIER_KNOTS.);
#1049 = CARTESIAN_POINT('',(-11.68858279709,-1.683,2.674566881162));
#1050 = CARTESIAN_POINT('',(-11.68858279709,1.683,2.674566881162));
#1051 = PCURVE('',#429,#1052);
#1052 = DEFINITIONAL_REPRESENTATION('',(#1053),#1057);
#1053 = LINE('',#1054,#1055);
#1054 = CARTESIAN_POINT('',(3.366,0.));
#1055 = VECTOR('',#1056,1.);
#1056 = DIRECTION('',(0.,1.));
#1057 = ( GEOMETRIC_REPRESENTATION_CONTEXT(2) 
PARAMETRIC_REPRESENTATION_CONTEXT() REPRESENTATION_CONTEXT('2D SPACE',''
  ) );
#1058 = PCURVE('',#1059,#1064);
#1059 = B_SPLINE_SURFACE_WITH_KNOTS('',1,1,(
    (#1060,#1061)
    ,(#1062,#1063
    )),.UNSPECIFIED.,.F.,.F.,.F.,(2,2),(2,2),(0.,2.75),(0.,1.),
  .PIECEWISE_BEZIER_KNOTS.);
#1060 = CARTESIAN_POINT('',(-11.5,-1.375,2.75));
#1061 = CARTESIAN_POINT('',(-12.75,-0.875,2.25));
#1062 = CARTESIAN_POINT('',(-11.5,1.375,2.75));
#1063 = CARTESIAN_POINT('',(-12.75,0.875,2.25));
#1064 = DEFINITIONAL_REPRESENTATION('',(#1065),#1068);
#1065 = B_SPLINE_CURVE_WITH_KNOTS('',1,(#1066,#1067),.UNSPECIFIED.,.F.,
  .F.,(2,2),(-0.308,3.058),.PIECEWISE_BEZIER_KNOTS.);
#1066 = CARTESIAN_POINT('',(-0.405689423179,0.150866237675));
#1067 = CARTESIAN_POINT('',(3.155689423179,0.150866237675));
#1068 = ( GEOMETRIC_REPRESENTATION_CONTEXT(2) 
PARAMETRIC_REPRESENTATION_CONTEXT() REPRESENTATION_CONTEXT('2D SPACE',''
  ) );
#1069 = ORIENTED_EDGE('',*,*,#1070,.F.);
#1070 = EDGE_CURVE('',#353,#1045,#1071,.T.);
#1071 = SURFACE_CURVE('',#1072,(#1076,#1082),.PCURVE_S1.);
#1072 = ( BOUNDED_CURVE() B_SPLINE_CURVE(2,(#1073,#1074,#1075),
.UNSPECIFIED.,.F.,.F.) B_SPLINE_CURVE_WITH_KNOTS((3,3),(0.,
1.570811435768),.PIECEWISE_BEZIER_KNOTS.) CURVE() 
GEOMETRIC_REPRESENTATION_ITEM() RATIONAL_B_SPLINE_CURVE((1.,
0.828067230481,1.)) REPRESENTATION_ITEM('') );
#1073 = CARTESIAN_POINT('',(-11.5,1.021019747055,2.953109888428));
#1074 = CARTESIAN_POINT('',(-11.5,1.0210227563,2.750000000001));
#1075 = CARTESIAN_POINT('',(-11.68858279709,1.021023873897,
    2.674566881162));
#1076 = PCURVE('',#429,#1077);
#1077 = DEFINITIONAL_REPRESENTATION('',(#1078),#1081);
#1078 = B_SPLINE_CURVE_WITH_KNOTS('',1,(#1079,#1080),.UNSPECIFIED.,.F.,
  .F.,(2,2),(0.,1.570811435768),.PIECEWISE_BEZIER_KNOTS.);
#1079 = CARTESIAN_POINT('',(2.263180753914E-10,2.396028000744));
#1080 = CARTESIAN_POINT('',(3.365999999918,2.396028000744));
#1081 = ( GEOMETRIC_REPRESENTATION_CONTEXT(2) 
PARAMETRIC_REPRESENTATION_CONTEXT() REPRESENTATION_CONTEXT('2D SPACE',''
  ) );
#1082 = PCURVE('',#380,#1083);
#1083 = DEFINITIONAL_REPRESENTATION('',(#1084),#1088);
#1084 = LINE('',#1085,#1086);
#1085 = CARTESIAN_POINT('',(0.,-1.481581421956E-05));
#1086 = VECTOR('',#1087,1.);
#1087 = DIRECTION('',(1.,0.));
#1088 = ( GEOMETRIC_REPRESENTATION_CONTEXT(2) 
PARAMETRIC_REPRESENTATION_CONTEXT() REPRESENTATION_CONTEXT('2D SPACE',''
  ) );
#1089 = ORIENTED_EDGE('',*,*,#415,.F.);
#1090 = ADVANCED_FACE('',(#1091),#289,.F.);
#1091 = FACE_BOUND('',#1092,.F.);
#1092 = EDGE_LOOP('',(#1093,#1115,#1194,#1195));
#1093 = ORIENTED_EDGE('',*,*,#1094,.T.);
#1094 = EDGE_CURVE('',#262,#1095,#1097,.T.);
#1095 = VERTEX_POINT('',#1096);
#1096 = CARTESIAN_POINT('',(-11.68858279709,1.299566881162,
    -1.646023873897));
#1097 = SURFACE_CURVE('',#1098,(#1102,#1109),.PCURVE_S1.);
#1098 = ( BOUNDED_CURVE() B_SPLINE_CURVE(2,(#1099,#1100,#1101),
.UNSPECIFIED.,.F.,.F.) B_SPLINE_CURVE_WITH_KNOTS((3,3),(0.,
1.570811435777),.PIECEWISE_BEZIER_KNOTS.) CURVE() 
GEOMETRIC_REPRESENTATION_ITEM() RATIONAL_B_SPLINE_CURVE((1.,
0.828067230469,1.)) REPRESENTATION_ITEM('') );
#1099 = CARTESIAN_POINT('',(-11.5,1.578109888428,-1.646023792239));
#1100 = CARTESIAN_POINT('',(-11.5,1.375,-1.646023851783));
#1101 = CARTESIAN_POINT('',(-11.68858279709,1.299566881162,
    -1.646023873897));
#1102 = PCURVE('',#289,#1103);
#1103 = DEFINITIONAL_REPRESENTATION('',(#1104),#1108);
#1104 = LINE('',#1105,#1106);
#1105 = CARTESIAN_POINT('',(0.,-2.931591269302E-07));
#1106 = VECTOR('',#1107,1.);
#1107 = DIRECTION('',(1.,0.));
#1108 = ( GEOMETRIC_REPRESENTATION_CONTEXT(2) 
PARAMETRIC_REPRESENTATION_CONTEXT() REPRESENTATION_CONTEXT('2D SPACE',''
  ) );
#1109 = PCURVE('',#338,#1110);
#1110 = DEFINITIONAL_REPRESENTATION('',(#1111),#1114);
#1111 = B_SPLINE_CURVE_WITH_KNOTS('',1,(#1112,#1113),.UNSPECIFIED.,.F.,
  .F.,(2,2),(0.,1.570811435777),.PIECEWISE_BEZIER_KNOTS.);
#1112 = CARTESIAN_POINT('',(1.723066134218E-13,4.396023955553));
#1113 = CARTESIAN_POINT('',(5.814,4.396023955553));
#1114 = ( GEOMETRIC_REPRESENTATION_CONTEXT(2) 
PARAMETRIC_REPRESENTATION_CONTEXT() REPRESENTATION_CONTEXT('2D SPACE',''
  ) );
#1115 = ORIENTED_EDGE('',*,*,#1116,.T.);
#1116 = EDGE_CURVE('',#1095,#993,#1117,.T.);
#1117 = SURFACE_CURVE('',#1118,(#1128,#1135),.PCURVE_S1.);
#1118 = ( BOUNDED_CURVE() B_SPLINE_CURVE(8,(#1119,#1120,#1121,#1122,
    #1123,#1124,#1125,#1126,#1127),.UNSPECIFIED.,.F.,.F.) 
B_SPLINE_CURVE_WITH_KNOTS((9,9),(-2.931591269302E-07,1.570811142618),
.PIECEWISE_BEZIER_KNOTS.) CURVE() GEOMETRIC_REPRESENTATION_ITEM() 
RATIONAL_B_SPLINE_CURVE((1.,1.,1.,1.,1.,1.,1.,1.,1.)) 
REPRESENTATION_ITEM('') );
#1119 = CARTESIAN_POINT('',(-11.68858279709,1.299566881162,
    -1.646023873897));
#1120 = CARTESIAN_POINT('',(-11.67380131016,1.305479475936,
    -1.700715379497));
#1121 = CARTESIAN_POINT('',(-11.66042633573,1.302136428049,
    -1.758409747573));
#1122 = CARTESIAN_POINT('',(-11.64982730181,1.286886892832,
    -1.815546036281));
#1123 = CARTESIAN_POINT('',(-11.64376935363,1.253995232921,
    -1.878994055472));
#1124 = CARTESIAN_POINT('',(-11.64982724185,1.19054746399,
    -1.911886269283));
#1125 = CARTESIAN_POINT('',(-11.66042616987,1.133410965169,
    -1.927136264143));
#1126 = CARTESIAN_POINT('',(-11.6738011715,1.075716087926,-1.9304795314)
  );
#1127 = CARTESIAN_POINT('',(-11.68858279708,1.021023873901,
    -1.924566881167));
#1128 = PCURVE('',#289,#1129);
#1129 = DEFINITIONAL_REPRESENTATION('',(#1130),#1134);
#1130 = LINE('',#1131,#1132);
#1131 = CARTESIAN_POINT('',(1.570811435777,0.));
#1132 = VECTOR('',#1133,1.);
#1133 = DIRECTION('',(0.,1.));
#1134 = ( GEOMETRIC_REPRESENTATION_CONTEXT(2) 
PARAMETRIC_REPRESENTATION_CONTEXT() REPRESENTATION_CONTEXT('2D SPACE',''
  ) );
#1135 = PCURVE('',#1136,#1179);
#1136 = ( BOUNDED_SURFACE() B_SPLINE_SURFACE(2,5,(
    (#1137,#1138,#1139,#1140,#1141,#1142,#1143,#1144,#1145,#1146,#1147
      ,#1148,#1149,#1150)
    ,(#1151,#1152,#1153,#1154,#1155,#1156,#1157,#1158,#1159,#1160,#1161
      ,#1162,#1163,#1164)
    ,(#1165,#1166,#1167,#1168,#1169,#1170,#1171,#1172,#1173,#1174,#1175
      ,#1176,#1177,#1178
)),.UNSPECIFIED.,.F.,.F.,.F.) B_SPLINE_SURFACE_WITH_KNOTS((3,3),(6,4,4,6
    ),(0.,1.436140661635),(4.424114248007E-02,9.697622757529E-02,
    1.53311688921,1.585851974305),.UNSPECIFIED.) 
GEOMETRIC_REPRESENTATION_ITEM() RATIONAL_B_SPLINE_SURFACE((
    (1.,1.,1.,1.,1.,1.,1.,1.,1.,1.,1.,1.,1.,1.)
    ,(0.754298029456,0.754298029456,0.754298029456,0.754298029456
      ,0.754298029456,0.754298029456,0.754298029456,0.754298029456
      ,0.754298029456,0.754298029456,0.754298029456,0.754298029456
      ,0.754298029456,0.754298029456)
,(1.,1.,1.,1.,1.,1.,1.,1.,1.,1.,1.,1.,1.,1.
))) REPRESENTATION_ITEM('') SURFACE() );
#1137 = CARTESIAN_POINT('',(-11.4541,1.39336,-1.739816992734));
#1138 = CARTESIAN_POINT('',(-11.46328,1.389688,-1.736144992734));
#1139 = CARTESIAN_POINT('',(-11.47246,1.386016,-1.732472992734));
#1140 = CARTESIAN_POINT('',(-11.48164,1.382344,-1.728800992734));
#1141 = CARTESIAN_POINT('',(-11.49082,1.378672,-1.725128992734));
#1142 = CARTESIAN_POINT('',(-11.75,1.275,-1.621456992734));
#1143 = CARTESIAN_POINT('',(-12.,1.175,-1.521456992734));
#1144 = CARTESIAN_POINT('',(-12.25,1.075,-1.421456992734));
#1145 = CARTESIAN_POINT('',(-12.5,0.975,-1.321456992734));
#1146 = CARTESIAN_POINT('',(-12.75918,0.871328,-1.217784992734));
#1147 = CARTESIAN_POINT('',(-12.76836,0.867656,-1.214112992734));
#1148 = CARTESIAN_POINT('',(-12.77754,0.863984,-1.210440992734));
#1149 = CARTESIAN_POINT('',(-12.78672,0.860312,-1.206768992734));
#1150 = CARTESIAN_POINT('',(-12.7959,0.85664,-1.203096992734));
#1151 = CARTESIAN_POINT('',(-11.53850697189,1.359597211241,
    -1.984597211241));
#1152 = CARTESIAN_POINT('',(-11.54768697189,1.355925211241,
    -1.980925211241));
#1153 = CARTESIAN_POINT('',(-11.55686697189,1.352253211241,
    -1.977253211241));
#1154 = CARTESIAN_POINT('',(-11.56604697189,1.348581211241,
    -1.973581211241));
#1155 = CARTESIAN_POINT('',(-11.57522697189,1.344909211241,
    -1.969909211241));
#1156 = CARTESIAN_POINT('',(-11.83440697189,1.241237211241,
    -1.866237211241));
#1157 = CARTESIAN_POINT('',(-12.08440697189,1.141237211241,
    -1.766237211241));
#1158 = CARTESIAN_POINT('',(-12.33440697189,1.041237211241,
    -1.666237211241));
#1159 = CARTESIAN_POINT('',(-12.58440697189,0.941237211241,
    -1.566237211241));
#1160 = CARTESIAN_POINT('',(-12.84358697189,0.837565211241,
    -1.462565211241));
#1161 = CARTESIAN_POINT('',(-12.85276697189,0.833893211241,
    -1.458893211241));
#1162 = CARTESIAN_POINT('',(-12.86194697189,0.830221211241,
    -1.455221211241));
#1163 = CARTESIAN_POINT('',(-12.87112697189,0.826549211241,
    -1.451549211241));
#1164 = CARTESIAN_POINT('',(-12.88030697189,0.822877211241,
    -1.447877211241));
#1165 = CARTESIAN_POINT('',(-11.4541,1.114816992734,-2.01836));
#1166 = CARTESIAN_POINT('',(-11.46328,1.111144992734,-2.014688));
#1167 = CARTESIAN_POINT('',(-11.47246,1.107472992734,-2.011016));
#1168 = CARTESIAN_POINT('',(-11.48164,1.103800992734,-2.007344));
#1169 = CARTESIAN_POINT('',(-11.49082,1.100128992734,-2.003672));
#1170 = CARTESIAN_POINT('',(-11.75,0.996456992734,-1.9));
#1171 = CARTESIAN_POINT('',(-12.,0.896456992734,-1.8));
#1172 = CARTESIAN_POINT('',(-12.25,0.796456992734,-1.7));
#1173 = CARTESIAN_POINT('',(-12.5,0.696456992734,-1.6));
#1174 = CARTESIAN_POINT('',(-12.75918,0.592784992734,-1.496328));
#1175 = CARTESIAN_POINT('',(-12.76836,0.589112992734,-1.492656));
#1176 = CARTESIAN_POINT('',(-12.77754,0.585440992734,-1.488984));
#1177 = CARTESIAN_POINT('',(-12.78672,0.581768992734,-1.485312));
#1178 = CARTESIAN_POINT('',(-12.7959,0.578096992734,-1.48164));
#1179 = DEFINITIONAL_REPRESENTATION('',(#1180),#1193);
#1180 = B_SPLINE_CURVE_WITH_KNOTS('',11,(#1181,#1182,#1183,#1184,#1185,
    #1186,#1187,#1188,#1189,#1190,#1191,#1192),.UNSPECIFIED.,.F.,.F.,(12
    ,12),(-2.931591269302E-07,1.570811142618),.PIECEWISE_BEZIER_KNOTS.);
#1181 = CARTESIAN_POINT('',(9.992007671106E-16,0.313641365968));
#1182 = CARTESIAN_POINT('',(0.121244249711,0.288939349638));
#1183 = CARTESIAN_POINT('',(0.245020395059,0.265886228285));
#1184 = CARTESIAN_POINT('',(0.371923185028,0.246120126705));
#1185 = CARTESIAN_POINT('',(0.505243697679,0.228986376911));
#1186 = CARTESIAN_POINT('',(0.649890116646,0.219662059589));
#1187 = CARTESIAN_POINT('',(0.786245972452,0.219661956005));
#1188 = CARTESIAN_POINT('',(0.930892589431,0.228986063759));
#1189 = CARTESIAN_POINT('',(1.064213654276,0.246119698863));
#1190 = CARTESIAN_POINT('',(1.191117381574,0.265885799148));
#1191 = CARTESIAN_POINT('',(1.314894788923,0.288939068441));
#1192 = CARTESIAN_POINT('',(1.436140661635,0.313641365956));
#1193 = ( GEOMETRIC_REPRESENTATION_CONTEXT(2) 
PARAMETRIC_REPRESENTATION_CONTEXT() REPRESENTATION_CONTEXT('2D SPACE',''
  ) );
#1194 = ORIENTED_EDGE('',*,*,#992,.F.);
#1195 = ORIENTED_EDGE('',*,*,#261,.F.);
#1196 = ADVANCED_FACE('',(#1197),#380,.F.);
#1197 = FACE_BOUND('',#1198,.F.);
#1198 = EDGE_LOOP('',(#1199,#1200,#1281,#1301));
#1199 = ORIENTED_EDGE('',*,*,#1070,.T.);
#1200 = ORIENTED_EDGE('',*,*,#1201,.T.);
#1201 = EDGE_CURVE('',#1045,#1202,#1204,.T.);
#1202 = VERTEX_POINT('',#1203);
#1203 = CARTESIAN_POINT('',(-11.68858279709,1.299566881162,
    2.396023873897));
#1204 = SURFACE_CURVE('',#1205,(#1215,#1222),.PCURVE_S1.);
#1205 = ( BOUNDED_CURVE() B_SPLINE_CURVE(8,(#1206,#1207,#1208,#1209,
    #1210,#1211,#1212,#1213,#1214),.UNSPECIFIED.,.F.,.F.) 
B_SPLINE_CURVE_WITH_KNOTS((9,9),(-1.481581421956E-05,1.570796619954),
.PIECEWISE_BEZIER_KNOTS.) CURVE() GEOMETRIC_REPRESENTATION_ITEM() 
RATIONAL_B_SPLINE_CURVE((1.,1.,1.,1.,1.,1.,1.,1.,1.)) 
REPRESENTATION_ITEM('') );
#1206 = CARTESIAN_POINT('',(-11.68858279709,1.021023873897,
    2.674566881162));
#1207 = CARTESIAN_POINT('',(-11.67380117149,1.075716087928,2.6804795314)
  );
#1208 = CARTESIAN_POINT('',(-11.66042616987,1.133410965171,
    2.677136264143));
#1209 = CARTESIAN_POINT('',(-11.64982724185,1.190547463992,
    2.661886269282));
#1210 = CARTESIAN_POINT('',(-11.64376935363,1.253995232922,2.62899405547
    ));
#1211 = CARTESIAN_POINT('',(-11.64982730181,1.286886892832,
    2.565546036281));
#1212 = CARTESIAN_POINT('',(-11.66042633573,1.302136428049,
    2.508409747573));
#1213 = CARTESIAN_POINT('',(-11.67380131016,1.305479475936,
    2.450715379497));
#1214 = CARTESIAN_POINT('',(-11.68858279709,1.299566881162,
    2.396023873897));
#1215 = PCURVE('',#380,#1216);
#1216 = DEFINITIONAL_REPRESENTATION('',(#1217),#1221);
#1217 = LINE('',#1218,#1219);
#1218 = CARTESIAN_POINT('',(1.570811435768,0.));
#1219 = VECTOR('',#1220,1.);
#1220 = DIRECTION('',(0.,1.));
#1221 = ( GEOMETRIC_REPRESENTATION_CONTEXT(2) 
PARAMETRIC_REPRESENTATION_CONTEXT() REPRESENTATION_CONTEXT('2D SPACE',''
  ) );
#1222 = PCURVE('',#1223,#1266);
#1223 = ( BOUNDED_SURFACE() B_SPLINE_SURFACE(2,5,(
    (#1224,#1225,#1226,#1227,#1228,#1229,#1230,#1231,#1232,#1233,#1234
      ,#1235,#1236,#1237)
    ,(#1238,#1239,#1240,#1241,#1242,#1243,#1244,#1245,#1246,#1247,#1248
      ,#1249,#1250,#1251)
    ,(#1252,#1253,#1254,#1255,#1256,#1257,#1258,#1259,#1260,#1261,#1262
      ,#1263,#1264,#1265
)),.UNSPECIFIED.,.F.,.F.,.F.) B_SPLINE_SURFACE_WITH_KNOTS((3,3),(6,4,4,6
    ),(0.,1.436140661635),(4.424114248007E-02,9.697622757529E-02,
    1.53311688921,1.585851974305),.UNSPECIFIED.) 
GEOMETRIC_REPRESENTATION_ITEM() RATIONAL_B_SPLINE_SURFACE((
    (1.,1.,1.,1.,1.,1.,1.,1.,1.,1.,1.,1.,1.,1.)
    ,(0.754298029456,0.754298029456,0.754298029456,0.754298029456
      ,0.754298029456,0.754298029456,0.754298029456,0.754298029456
      ,0.754298029456,0.754298029456,0.754298029456,0.754298029456
      ,0.754298029456,0.754298029456)
,(1.,1.,1.,1.,1.,1.,1.,1.,1.,1.,1.,1.,1.,1.
))) REPRESENTATION_ITEM('') SURFACE() );
#1224 = CARTESIAN_POINT('',(-11.4541,1.114816992734,2.76836));
#1225 = CARTESIAN_POINT('',(-11.46328,1.111144992734,2.764688));
#1226 = CARTESIAN_POINT('',(-11.47246,1.107472992734,2.761016));
#1227 = CARTESIAN_POINT('',(-11.48164,1.103800992734,2.757344));
#1228 = CARTESIAN_POINT('',(-11.49082,1.100128992734,2.753672));
#1229 = CARTESIAN_POINT('',(-11.75,0.996456992734,2.65));
#1230 = CARTESIAN_POINT('',(-12.,0.896456992734,2.55));
#1231 = CARTESIAN_POINT('',(-12.25,0.796456992734,2.45));
#1232 = CARTESIAN_POINT('',(-12.5,0.696456992734,2.35));
#1233 = CARTESIAN_POINT('',(-12.75918,0.592784992734,2.246328));
#1234 = CARTESIAN_POINT('',(-12.76836,0.589112992734,2.242656));
#1235 = CARTESIAN_POINT('',(-12.77754,0.585440992734,2.238984));
#1236 = CARTESIAN_POINT('',(-12.78672,0.581768992734,2.235312));
#1237 = CARTESIAN_POINT('',(-12.7959,0.578096992734,2.23164));
#1238 = CARTESIAN_POINT('',(-11.53850697189,1.359597211241,
    2.734597211241));
#1239 = CARTESIAN_POINT('',(-11.54768697189,1.355925211241,
    2.730925211241));
#1240 = CARTESIAN_POINT('',(-11.55686697189,1.352253211241,
    2.727253211241));
#1241 = CARTESIAN_POINT('',(-11.56604697189,1.348581211241,
    2.723581211241));
#1242 = CARTESIAN_POINT('',(-11.57522697189,1.344909211241,
    2.719909211241));
#1243 = CARTESIAN_POINT('',(-11.83440697189,1.241237211241,
    2.616237211241));
#1244 = CARTESIAN_POINT('',(-12.08440697189,1.141237211241,
    2.516237211241));
#1245 = CARTESIAN_POINT('',(-12.33440697189,1.041237211241,
    2.416237211241));
#1246 = CARTESIAN_POINT('',(-12.58440697189,0.941237211241,
    2.316237211241));
#1247 = CARTESIAN_POINT('',(-12.84358697189,0.837565211241,
    2.212565211241));
#1248 = CARTESIAN_POINT('',(-12.85276697189,0.833893211241,
    2.208893211241));
#1249 = CARTESIAN_POINT('',(-12.86194697189,0.830221211241,
    2.205221211241));
#1250 = CARTESIAN_POINT('',(-12.87112697189,0.826549211241,
    2.201549211241));
#1251 = CARTESIAN_POINT('',(-12.88030697189,0.822877211241,
    2.197877211241));
#1252 = CARTESIAN_POINT('',(-11.4541,1.39336,2.489816992734));
#1253 = CARTESIAN_POINT('',(-11.46328,1.389688,2.486144992734));
#1254 = CARTESIAN_POINT('',(-11.47246,1.386016,2.482472992734));
#1255 = CARTESIAN_POINT('',(-11.48164,1.382344,2.478800992734));
#1256 = CARTESIAN_POINT('',(-11.49082,1.378672,2.475128992734));
#1257 = CARTESIAN_POINT('',(-11.75,1.275,2.371456992734));
#1258 = CARTESIAN_POINT('',(-12.,1.175,2.271456992734));
#1259 = CARTESIAN_POINT('',(-12.25,1.075,2.171456992734));
#1260 = CARTESIAN_POINT('',(-12.5,0.975,2.071456992734));
#1261 = CARTESIAN_POINT('',(-12.75918,0.871328,1.967784992734));
#1262 = CARTESIAN_POINT('',(-12.76836,0.867656,1.964112992734));
#1263 = CARTESIAN_POINT('',(-12.77754,0.863984,1.960440992734));
#1264 = CARTESIAN_POINT('',(-12.78672,0.860312,1.956768992734));
#1265 = CARTESIAN_POINT('',(-12.7959,0.85664,1.953096992734));
#1266 = DEFINITIONAL_REPRESENTATION('',(#1267),#1280);
#1267 = B_SPLINE_CURVE_WITH_KNOTS('',11,(#1268,#1269,#1270,#1271,#1272,
    #1273,#1274,#1275,#1276,#1277,#1278,#1279),.UNSPECIFIED.,.F.,.F.,(12
    ,12),(-1.481581421956E-05,1.570796619954),.PIECEWISE_BEZIER_KNOTS.);
#1268 = CARTESIAN_POINT('',(7.294720386176E-12,0.313641365955));
#1269 = CARTESIAN_POINT('',(0.121245872739,0.288939068436));
#1270 = CARTESIAN_POINT('',(0.24502327969,0.265885799228));
#1271 = CARTESIAN_POINT('',(0.371927008557,0.246119698589));
#1272 = CARTESIAN_POINT('',(0.505248069998,0.228986064287));
#1273 = CARTESIAN_POINT('',(0.64989469192,0.219661955332));
#1274 = CARTESIAN_POINT('',(0.786250542667,0.219662060172));
#1275 = CARTESIAN_POINT('',(0.930896965297,0.228986376573));
#1276 = CARTESIAN_POINT('',(1.064217476125,0.246120126827));
#1277 = CARTESIAN_POINT('',(1.191120266664,0.265886228263));
#1278 = CARTESIAN_POINT('',(1.314896411924,0.288939349638));
#1279 = CARTESIAN_POINT('',(1.436140661635,0.313641365968));
#1280 = ( GEOMETRIC_REPRESENTATION_CONTEXT(2) 
PARAMETRIC_REPRESENTATION_CONTEXT() REPRESENTATION_CONTEXT('2D SPACE',''
  ) );
#1281 = ORIENTED_EDGE('',*,*,#1282,.F.);
#1282 = EDGE_CURVE('',#325,#1202,#1283,.T.);
#1283 = SURFACE_CURVE('',#1284,(#1288,#1295),.PCURVE_S1.);
#1284 = ( BOUNDED_CURVE() B_SPLINE_CURVE(2,(#1285,#1286,#1287),
.UNSPECIFIED.,.F.,.F.) B_SPLINE_CURVE_WITH_KNOTS((3,3),(0.,
1.570811435768),.PIECEWISE_BEZIER_KNOTS.) CURVE() 
GEOMETRIC_REPRESENTATION_ITEM() RATIONAL_B_SPLINE_CURVE((1.,
0.828067230469,1.)) REPRESENTATION_ITEM('') );
#1285 = CARTESIAN_POINT('',(-11.5,1.578109888428,2.396023792239));
#1286 = CARTESIAN_POINT('',(-11.5,1.375,2.396023851783));
#1287 = CARTESIAN_POINT('',(-11.68858279709,1.299566881162,
    2.396023873897));
#1288 = PCURVE('',#380,#1289);
#1289 = DEFINITIONAL_REPRESENTATION('',(#1290),#1294);
#1290 = LINE('',#1291,#1292);
#1291 = CARTESIAN_POINT('',(0.,1.570796619954));
#1292 = VECTOR('',#1293,1.);
#1293 = DIRECTION('',(1.,0.));
#1294 = ( GEOMETRIC_REPRESENTATION_CONTEXT(2) 
PARAMETRIC_REPRESENTATION_CONTEXT() REPRESENTATION_CONTEXT('2D SPACE',''
  ) );
#1295 = PCURVE('',#338,#1296);
#1296 = DEFINITIONAL_REPRESENTATION('',(#1297),#1300);
#1297 = B_SPLINE_CURVE_WITH_KNOTS('',1,(#1298,#1299),.UNSPECIFIED.,.F.,
  .F.,(2,2),(0.,1.570811435768),.PIECEWISE_BEZIER_KNOTS.);
#1298 = CARTESIAN_POINT('',(-4.618527782441E-14,0.353976044447));
#1299 = CARTESIAN_POINT('',(5.814,0.353976044447));
#1300 = ( GEOMETRIC_REPRESENTATION_CONTEXT(2) 
PARAMETRIC_REPRESENTATION_CONTEXT() REPRESENTATION_CONTEXT('2D SPACE',''
  ) );
#1301 = ORIENTED_EDGE('',*,*,#352,.F.);
#1302 = ADVANCED_FACE('',(#1303),#338,.F.);
#1303 = FACE_BOUND('',#1304,.F.);
#1304 = EDGE_LOOP('',(#1305,#1306,#1330,#1331));
#1305 = ORIENTED_EDGE('',*,*,#1282,.T.);
#1306 = ORIENTED_EDGE('',*,*,#1307,.T.);
#1307 = EDGE_CURVE('',#1202,#1095,#1308,.T.);
#1308 = SURFACE_CURVE('',#1309,(#1312,#1319),.PCURVE_S1.);
#1309 = B_SPLINE_CURVE_WITH_KNOTS('',1,(#1310,#1311),.UNSPECIFIED.,.F.,
  .F.,(2,2),(-0.532,5.282),.PIECEWISE_BEZIER_KNOTS.);
#1310 = CARTESIAN_POINT('',(-11.68858279709,1.299566881162,3.282));
#1311 = CARTESIAN_POINT('',(-11.68858279709,1.299566881162,-2.532));
#1312 = PCURVE('',#338,#1313);
#1313 = DEFINITIONAL_REPRESENTATION('',(#1314),#1318);
#1314 = LINE('',#1315,#1316);
#1315 = CARTESIAN_POINT('',(5.814,0.));
#1316 = VECTOR('',#1317,1.);
#1317 = DIRECTION('',(0.,1.));
#1318 = ( GEOMETRIC_REPRESENTATION_CONTEXT(2) 
PARAMETRIC_REPRESENTATION_CONTEXT() REPRESENTATION_CONTEXT('2D SPACE',''
  ) );
#1319 = PCURVE('',#1320,#1325);
#1320 = B_SPLINE_SURFACE_WITH_KNOTS('',1,1,(
    (#1321,#1322)
    ,(#1323,#1324
    )),.UNSPECIFIED.,.F.,.F.,.F.,(2,2),(2,2),(0.,4.75),(0.,1.),
  .PIECEWISE_BEZIER_KNOTS.);
#1321 = CARTESIAN_POINT('',(-11.5,1.375,2.75));
#1322 = CARTESIAN_POINT('',(-12.75,0.875,2.25));
#1323 = CARTESIAN_POINT('',(-11.5,1.375,-2.));
#1324 = CARTESIAN_POINT('',(-12.75,0.875,-1.5));
#1325 = DEFINITIONAL_REPRESENTATION('',(#1326),#1329);
#1326 = B_SPLINE_CURVE_WITH_KNOTS('',1,(#1327,#1328),.UNSPECIFIED.,.F.,
  .F.,(2,2),(-0.532,5.282),.PIECEWISE_BEZIER_KNOTS.);
#1327 = CARTESIAN_POINT('',(-0.627358860078,0.150866237675));
#1328 = CARTESIAN_POINT('',(5.377358860078,0.150866237675));
#1329 = ( GEOMETRIC_REPRESENTATION_CONTEXT(2) 
PARAMETRIC_REPRESENTATION_CONTEXT() REPRESENTATION_CONTEXT('2D SPACE',''
  ) );
#1330 = ORIENTED_EDGE('',*,*,#1094,.F.);
#1331 = ORIENTED_EDGE('',*,*,#324,.F.);
#1332 = ADVANCED_FACE('',(#1333),#546,.F.);
#1333 = FACE_BOUND('',#1334,.F.);
#1334 = EDGE_LOOP('',(#1335,#1336,#1337,#1338));
#1335 = ORIENTED_EDGE('',*,*,#530,.F.);
#1336 = ORIENTED_EDGE('',*,*,#682,.T.);
#1337 = ORIENTED_EDGE('',*,*,#655,.T.);
#1338 = ORIENTED_EDGE('',*,*,#606,.F.);
#1339 = ADVANCED_FACE('',(#1340),#745,.T.);
#1340 = FACE_BOUND('',#1341,.T.);
#1341 = EDGE_LOOP('',(#1342,#1343,#1380,#1420));
#1342 = ORIENTED_EDGE('',*,*,#730,.T.);
#1343 = ORIENTED_EDGE('',*,*,#1344,.T.);
#1344 = EDGE_CURVE('',#731,#1345,#1347,.T.);
#1345 = VERTEX_POINT('',#1346);
#1346 = CARTESIAN_POINT('',(-12.5614172029,-0.950433118838,
    2.046890111572));
#1347 = SURFACE_CURVE('',#1348,(#1363,#1373),.PCURVE_S1.);
#1348 = B_SPLINE_CURVE_WITH_KNOTS('',5,(#1349,#1350,#1351,#1352,#1353,
    #1354,#1355,#1356,#1357,#1358,#1359,#1360,#1361,#1362),
  .UNSPECIFIED.,.F.,.F.,(6,4,4,6),(4.424114248007E-02,9.697622757529E-02
    ,1.53311688921,1.585851974305),.UNSPECIFIED.);
#1349 = CARTESIAN_POINT('',(-11.4541,-1.39336,2.489816992734));
#1350 = CARTESIAN_POINT('',(-11.46328,-1.389688,2.486144992734));
#1351 = CARTESIAN_POINT('',(-11.47246,-1.386016,2.482472992734));
#1352 = CARTESIAN_POINT('',(-11.48164,-1.382344,2.478800992734));
#1353 = CARTESIAN_POINT('',(-11.49082,-1.378672,2.475128992734));
#1354 = CARTESIAN_POINT('',(-11.75,-1.275,2.371456992734));
#1355 = CARTESIAN_POINT('',(-12.,-1.175,2.271456992734));
#1356 = CARTESIAN_POINT('',(-12.25,-1.075,2.171456992734));
#1357 = CARTESIAN_POINT('',(-12.5,-0.975,2.071456992734));
#1358 = CARTESIAN_POINT('',(-12.75918,-0.871328,1.967784992734));
#1359 = CARTESIAN_POINT('',(-12.76836,-0.867656,1.964112992734));
#1360 = CARTESIAN_POINT('',(-12.77754,-0.863984,1.960440992734));
#1361 = CARTESIAN_POINT('',(-12.78672,-0.860312,1.956768992734));
#1362 = CARTESIAN_POINT('',(-12.7959,-0.85664,1.953096992734));
#1363 = PCURVE('',#745,#1364);
#1364 = DEFINITIONAL_REPRESENTATION('',(#1365),#1372);
#1365 = B_SPLINE_CURVE_WITH_KNOTS('',5,(#1366,#1367,#1368,#1369,#1370,
    #1371),.UNSPECIFIED.,.F.,.F.,(6,6),(9.697622757529E-02,1.53311688921
    ),.PIECEWISE_BEZIER_KNOTS.);
#1366 = CARTESIAN_POINT('',(4.471456992734,4.584790014552E-17));
#1367 = CARTESIAN_POINT('',(4.459728866113,0.2));
#1368 = CARTESIAN_POINT('',(4.446767328113,0.4));
#1369 = CARTESIAN_POINT('',(4.432305540527,0.6));
#1370 = CARTESIAN_POINT('',(4.415995985066,0.8));
#1371 = CARTESIAN_POINT('',(4.397178857464,1.));
#1372 = ( GEOMETRIC_REPRESENTATION_CONTEXT(2) 
PARAMETRIC_REPRESENTATION_CONTEXT() REPRESENTATION_CONTEXT('2D SPACE',''
  ) );
#1373 = PCURVE('',#909,#1374);
#1374 = DEFINITIONAL_REPRESENTATION('',(#1375),#1379);
#1375 = LINE('',#1376,#1377);
#1376 = CARTESIAN_POINT('',(0.,0.));
#1377 = VECTOR('',#1378,1.);
#1378 = DIRECTION('',(0.,1.));
#1379 = ( GEOMETRIC_REPRESENTATION_CONTEXT(2) 
PARAMETRIC_REPRESENTATION_CONTEXT() REPRESENTATION_CONTEXT('2D SPACE',''
  ) );
#1380 = ORIENTED_EDGE('',*,*,#1381,.F.);
#1381 = EDGE_CURVE('',#1382,#1345,#1384,.T.);
#1382 = VERTEX_POINT('',#1383);
#1383 = CARTESIAN_POINT('',(-12.5614172029,-0.950433118838,
    -1.29689018862));
#1384 = SURFACE_CURVE('',#1385,(#1391,#1397),.PCURVE_S1.);
#1385 = B_SPLINE_CURVE_WITH_KNOTS('',2,(#1386,#1387,#1388,#1389,#1390),
  .UNSPECIFIED.,.F.,.F.,(3,1,1,3),(-0.213133118838,-7.543311883751E-02,
    3.825433118838,3.963133118838),.UNSPECIFIED.);
#1386 = CARTESIAN_POINT('',(-12.5614172029,-0.950433118838,
    -1.713133118838));
#1387 = CARTESIAN_POINT('',(-12.5614172029,-0.950433118838,
    -1.644283118838));
#1388 = CARTESIAN_POINT('',(-12.5614172029,-0.950433118838,0.375));
#1389 = CARTESIAN_POINT('',(-12.5614172029,-0.950433118838,
    2.394283118838));
#1390 = CARTESIAN_POINT('',(-12.5614172029,-0.950433118838,
    2.463133118838));
#1391 = PCURVE('',#745,#1392);
#1392 = DEFINITIONAL_REPRESENTATION('',(#1393),#1396);
#1393 = B_SPLINE_CURVE_WITH_KNOTS('',1,(#1394,#1395),.UNSPECIFIED.,.F.,
  .F.,(2,2),(-7.543311883751E-02,3.825433118838),
  .PIECEWISE_BEZIER_KNOTS.);
#1394 = CARTESIAN_POINT('',(-9.992007221626E-16,0.849133762325));
#1395 = CARTESIAN_POINT('',(4.75,0.849133762325));
#1396 = ( GEOMETRIC_REPRESENTATION_CONTEXT(2) 
PARAMETRIC_REPRESENTATION_CONTEXT() REPRESENTATION_CONTEXT('2D SPACE',''
  ) );
#1397 = PCURVE('',#1398,#1414);
#1398 = ( BOUNDED_SURFACE() B_SPLINE_SURFACE(2,2,(
    (#1399,#1400,#1401,#1402,#1403)
    ,(#1404,#1405,#1406,#1407,#1408)
    ,(#1409,#1410,#1411,#1412,#1413
)),.UNSPECIFIED.,.F.,.F.,.F.) B_SPLINE_SURFACE_WITH_KNOTS((3,3),(3,1,1,3
    ),(0.,3.900866237675),(-0.213133118838,-7.543311883751E-02,
    3.825433118838,3.963133118838),.UNSPECIFIED.) 
GEOMETRIC_REPRESENTATION_ITEM() RATIONAL_B_SPLINE_SURFACE((
    (1.,1.,1.,1.,1.)
    ,(0.828067230469,0.828067230469,0.828067230469,0.828067230469
      ,0.828067230469)
,(1.,1.,1.,1.,1.))) REPRESENTATION_ITEM('') SURFACE() );
#1399 = CARTESIAN_POINT('',(-12.5614172029,-0.950433118838,
    -1.713133118838));
#1400 = CARTESIAN_POINT('',(-12.5614172029,-0.950433118838,
    -1.644283118838));
#1401 = CARTESIAN_POINT('',(-12.5614172029,-0.950433118838,0.375));
#1402 = CARTESIAN_POINT('',(-12.5614172029,-0.950433118838,
    2.394283118838));
#1403 = CARTESIAN_POINT('',(-12.5614172029,-0.950433118838,
    2.463133118838));
#1404 = CARTESIAN_POINT('',(-12.75,-0.875,-1.713133118838));
#1405 = CARTESIAN_POINT('',(-12.75,-0.875,-1.644283118838));
#1406 = CARTESIAN_POINT('',(-12.75,-0.875,0.375));
#1407 = CARTESIAN_POINT('',(-12.75,-0.875,2.394283118838));
#1408 = CARTESIAN_POINT('',(-12.75,-0.875,2.463133118838));
#1409 = CARTESIAN_POINT('',(-12.75,-0.671890111572,-1.713133118838));
#1410 = CARTESIAN_POINT('',(-12.75,-0.671890111572,-1.644283118838));
#1411 = CARTESIAN_POINT('',(-12.75,-0.671890111572,0.375));
#1412 = CARTESIAN_POINT('',(-12.75,-0.671890111572,2.394283118838));
#1413 = CARTESIAN_POINT('',(-12.75,-0.671890111572,2.463133118838));
#1414 = DEFINITIONAL_REPRESENTATION('',(#1415),#1419);
#1415 = LINE('',#1416,#1417);
#1416 = CARTESIAN_POINT('',(0.,0.));
#1417 = VECTOR('',#1418,1.);
#1418 = DIRECTION('',(0.,1.));
#1419 = ( GEOMETRIC_REPRESENTATION_CONTEXT(2) 
PARAMETRIC_REPRESENTATION_CONTEXT() REPRESENTATION_CONTEXT('2D SPACE',''
  ) );
#1420 = ORIENTED_EDGE('',*,*,#1421,.F.);
#1421 = EDGE_CURVE('',#709,#1382,#1422,.T.);
#1422 = SURFACE_CURVE('',#1423,(#1438,#1448),.PCURVE_S1.);
#1423 = B_SPLINE_CURVE_WITH_KNOTS('',5,(#1424,#1425,#1426,#1427,#1428,
    #1429,#1430,#1431,#1432,#1433,#1434,#1435,#1436,#1437),
  .UNSPECIFIED.,.F.,.F.,(6,4,4,6),(4.424114248007E-02,9.697622757529E-02
    ,1.53311688921,1.585851974305),.UNSPECIFIED.);
#1424 = CARTESIAN_POINT('',(-11.4541,-1.39336,-1.739816992734));
#1425 = CARTESIAN_POINT('',(-11.46328,-1.389688,-1.736144992734));
#1426 = CARTESIAN_POINT('',(-11.47246,-1.386016,-1.732472992734));
#1427 = CARTESIAN_POINT('',(-11.48164,-1.382344,-1.728800992734));
#1428 = CARTESIAN_POINT('',(-11.49082,-1.378672,-1.725128992734));
#1429 = CARTESIAN_POINT('',(-11.75,-1.275,-1.621456992734));
#1430 = CARTESIAN_POINT('',(-12.,-1.175,-1.521456992734));
#1431 = CARTESIAN_POINT('',(-12.25,-1.075,-1.421456992734));
#1432 = CARTESIAN_POINT('',(-12.5,-0.975,-1.321456992734));
#1433 = CARTESIAN_POINT('',(-12.75918,-0.871328,-1.217784992734));
#1434 = CARTESIAN_POINT('',(-12.76836,-0.867656,-1.214112992734));
#1435 = CARTESIAN_POINT('',(-12.77754,-0.863984,-1.210440992734));
#1436 = CARTESIAN_POINT('',(-12.78672,-0.860312,-1.206768992734));
#1437 = CARTESIAN_POINT('',(-12.7959,-0.85664,-1.203096992734));
#1438 = PCURVE('',#745,#1439);
#1439 = DEFINITIONAL_REPRESENTATION('',(#1440),#1447);
#1440 = B_SPLINE_CURVE_WITH_KNOTS('',5,(#1441,#1442,#1443,#1444,#1445,
    #1446),.UNSPECIFIED.,.F.,.F.,(6,6),(9.697622757529E-02,1.53311688921
    ),.PIECEWISE_BEZIER_KNOTS.);
#1441 = CARTESIAN_POINT('',(0.278543007266,1.013590513768E-16));
#1442 = CARTESIAN_POINT('',(0.290271133887,0.2));
#1443 = CARTESIAN_POINT('',(0.303232671887,0.4));
#1444 = CARTESIAN_POINT('',(0.317694459473,0.6));
#1445 = CARTESIAN_POINT('',(0.334004014934,0.8));
#1446 = CARTESIAN_POINT('',(0.352821142536,1.));
#1447 = ( GEOMETRIC_REPRESENTATION_CONTEXT(2) 
PARAMETRIC_REPRESENTATION_CONTEXT() REPRESENTATION_CONTEXT('2D SPACE',''
  ) );
#1448 = PCURVE('',#803,#1449);
#1449 = DEFINITIONAL_REPRESENTATION('',(#1450),#1454);
#1450 = LINE('',#1451,#1452);
#1451 = CARTESIAN_POINT('',(0.,0.));
#1452 = VECTOR('',#1453,1.);
#1453 = DIRECTION('',(0.,1.));
#1454 = ( GEOMETRIC_REPRESENTATION_CONTEXT(2) 
PARAMETRIC_REPRESENTATION_CONTEXT() REPRESENTATION_CONTEXT('2D SPACE',''
  ) );
#1455 = ADVANCED_FACE('',(#1456),#803,.F.);
#1456 = FACE_BOUND('',#1457,.F.);
#1457 = EDGE_LOOP('',(#1458,#1459,#1460,#1500));
#1458 = ORIENTED_EDGE('',*,*,#1421,.F.);
#1459 = ORIENTED_EDGE('',*,*,#781,.T.);
#1460 = ORIENTED_EDGE('',*,*,#1461,.T.);
#1461 = EDGE_CURVE('',#782,#1462,#1464,.T.);
#1462 = VERTEX_POINT('',#1463);
#1463 = CARTESIAN_POINT('',(-12.5614172029,-0.671893806822,
    -1.575433118838));
#1464 = SURFACE_CURVE('',#1465,(#1480,#1487),.PCURVE_S1.);
#1465 = B_SPLINE_CURVE_WITH_KNOTS('',5,(#1466,#1467,#1468,#1469,#1470,
    #1471,#1472,#1473,#1474,#1475,#1476,#1477,#1478,#1479),
  .UNSPECIFIED.,.F.,.F.,(6,4,4,6),(4.424114248007E-02,9.697622757529E-02
    ,1.53311688921,1.585851974305),.UNSPECIFIED.);
#1466 = CARTESIAN_POINT('',(-11.4541,-1.114816992734,-2.01836));
#1467 = CARTESIAN_POINT('',(-11.46328,-1.111144992734,-2.014688));
#1468 = CARTESIAN_POINT('',(-11.47246,-1.107472992734,-2.011016));
#1469 = CARTESIAN_POINT('',(-11.48164,-1.103800992734,-2.007344));
#1470 = CARTESIAN_POINT('',(-11.49082,-1.100128992734,-2.003672));
#1471 = CARTESIAN_POINT('',(-11.75,-0.996456992734,-1.9));
#1472 = CARTESIAN_POINT('',(-12.,-0.896456992734,-1.8));
#1473 = CARTESIAN_POINT('',(-12.25,-0.796456992734,-1.7));
#1474 = CARTESIAN_POINT('',(-12.5,-0.696456992734,-1.6));
#1475 = CARTESIAN_POINT('',(-12.75918,-0.592784992734,-1.496328));
#1476 = CARTESIAN_POINT('',(-12.76836,-0.589112992734,-1.492656));
#1477 = CARTESIAN_POINT('',(-12.77754,-0.585440992734,-1.488984));
#1478 = CARTESIAN_POINT('',(-12.78672,-0.581768992734,-1.485312));
#1479 = CARTESIAN_POINT('',(-12.7959,-0.578096992734,-1.48164));
#1480 = PCURVE('',#803,#1481);
#1481 = DEFINITIONAL_REPRESENTATION('',(#1482),#1486);
#1482 = LINE('',#1483,#1484);
#1483 = CARTESIAN_POINT('',(1.436140661635,0.));
#1484 = VECTOR('',#1485,1.);
#1485 = DIRECTION('',(0.,1.));
#1486 = ( GEOMETRIC_REPRESENTATION_CONTEXT(2) 
PARAMETRIC_REPRESENTATION_CONTEXT() REPRESENTATION_CONTEXT('2D SPACE',''
  ) );
#1487 = PCURVE('',#1027,#1488);
#1488 = DEFINITIONAL_REPRESENTATION('',(#1489),#1499);
#1489 = B_SPLINE_CURVE_WITH_KNOTS('',8,(#1490,#1491,#1492,#1493,#1494,
    #1495,#1496,#1497,#1498),.UNSPECIFIED.,.F.,.F.,(9,9),(0.313641365968
    ,1.316451750817),.PIECEWISE_BEZIER_KNOTS.);
#1490 = CARTESIAN_POINT('',(2.455293381874,0.150866237675));
#1491 = CARTESIAN_POINT('',(2.445398134138,0.238150034401));
#1492 = CARTESIAN_POINT('',(2.43473824497,0.32544295441));
#1493 = CARTESIAN_POINT('',(2.423216096886,0.412694892087));
#1494 = CARTESIAN_POINT('',(2.410699002815,0.500024031534));
#1495 = CARTESIAN_POINT('',(2.397066713256,0.587262250427));
#1496 = CARTESIAN_POINT('',(2.382095682916,0.674575947238));
#1497 = CARTESIAN_POINT('',(2.365539587462,0.761850604495));
#1498 = CARTESIAN_POINT('',(2.347034713511,0.849133762325));
#1499 = ( GEOMETRIC_REPRESENTATION_CONTEXT(2) 
PARAMETRIC_REPRESENTATION_CONTEXT() REPRESENTATION_CONTEXT('2D SPACE',''
  ) );
#1500 = ORIENTED_EDGE('',*,*,#1501,.T.);
#1501 = EDGE_CURVE('',#1462,#1382,#1502,.T.);
#1502 = SURFACE_CURVE('',#1503,(#1508,#1542),.PCURVE_S1.);
#1503 = CIRCLE('',#1504,0.3);
#1504 = AXIS2_PLACEMENT_3D('',#1505,#1506,#1507);
#1505 = CARTESIAN_POINT('',(-12.45,-0.671890111572,-1.296890111596));
#1506 = DIRECTION('',(-0.870389708558,0.348155787151,0.348151264696));
#1507 = DIRECTION('',(-0.323250244785,-0.937436689981,0.129312534292));
#1508 = PCURVE('',#803,#1509);
#1509 = DEFINITIONAL_REPRESENTATION('',(#1510),#1541);
#1510 = B_SPLINE_CURVE_WITH_KNOTS('',8,(#1511,#1512,#1513,#1514,#1515,
    #1516,#1517,#1518,#1519,#1520,#1521,#1522,#1523,#1524,#1525,#1526,
    #1527,#1528,#1529,#1530,#1531,#1532,#1533,#1534,#1535,#1536,#1537,
    #1538,#1539,#1540),.UNSPECIFIED.,.F.,.F.,(9,7,7,7,9),(4.712388980385
    ,4.891440525614,5.070492070844,5.428595161303,6.144801342222),
  .UNSPECIFIED.);
#1511 = CARTESIAN_POINT('',(1.436140661635,1.316451750817));
#1512 = CARTESIAN_POINT('',(1.411661357857,1.316451750817));
#1513 = CARTESIAN_POINT('',(1.387367251822,1.316451750817));
#1514 = CARTESIAN_POINT('',(1.363408658681,1.316451750817));
#1515 = CARTESIAN_POINT('',(1.339562815657,1.316451750817));
#1516 = CARTESIAN_POINT('',(1.315935912758,1.316451750817));
#1517 = CARTESIAN_POINT('',(1.292515422318,1.316451750817));
#1518 = CARTESIAN_POINT('',(1.269250361697,1.316451750817));
#1519 = CARTESIAN_POINT('',(1.223053022181,1.316451750817));
#1520 = CARTESIAN_POINT('',(1.200117121612,1.316451750817));
#1521 = CARTESIAN_POINT('',(1.177333125277,1.316451750817));
#1522 = CARTESIAN_POINT('',(1.154690515561,1.316451750817));
#1523 = CARTESIAN_POINT('',(1.13217912219,1.316451750817));
#1524 = CARTESIAN_POINT('',(1.10978912223,1.316451750817));
#1525 = CARTESIAN_POINT('',(1.087511040084,1.316451750817));
#1526 = CARTESIAN_POINT('',(1.020985162323,1.316451750817));
#1527 = CARTESIAN_POINT('',(0.977044202125,1.316451750817));
#1528 = CARTESIAN_POINT('',(0.933440420164,1.316451750817));
#1529 = CARTESIAN_POINT('',(0.890103103409,1.316451750817));
#1530 = CARTESIAN_POINT('',(0.846963272533,1.316451750817));
#1531 = CARTESIAN_POINT('',(0.803953681915,1.316451750817));
#1532 = CARTESIAN_POINT('',(0.761008819635,1.316451750817));
#1533 = CARTESIAN_POINT('',(0.632177083178,1.316451750817));
#1534 = CARTESIAN_POINT('',(0.546288580279,1.316451750817));
#1535 = CARTESIAN_POINT('',(0.459876752425,1.316451750817));
#1536 = CARTESIAN_POINT('',(0.372414787762,1.316451750817));
#1537 = CARTESIAN_POINT('',(0.283352512664,1.316451750817));
#1538 = CARTESIAN_POINT('',(0.192086176167,1.316451750817));
#1539 = CARTESIAN_POINT('',(9.791721510992E-02,1.316451750817));
#1540 = CARTESIAN_POINT('',(5.562260870626E-17,1.316451750817));
#1541 = ( GEOMETRIC_REPRESENTATION_CONTEXT(2) 
PARAMETRIC_REPRESENTATION_CONTEXT() REPRESENTATION_CONTEXT('2D SPACE',''
  ) );
#1542 = PCURVE('',#1543,#1548);
#1543 = SPHERICAL_SURFACE('',#1544,0.3);
#1544 = AXIS2_PLACEMENT_3D('',#1545,#1546,#1547);
#1545 = CARTESIAN_POINT('',(-12.45,-0.671890111572,-1.296890111596));
#1546 = DIRECTION('',(0.371390676354,1.231750016317E-05,0.928476690804)
  );
#1547 = DIRECTION('',(-0.323250244785,-0.937436689981,0.129312534292));
#1548 = DEFINITIONAL_REPRESENTATION('',(#1549),#1553);
#1549 = LINE('',#1550,#1551);
#1550 = CARTESIAN_POINT('',(-0.,-6.28318530718));
#1551 = VECTOR('',#1552,1.);
#1552 = DIRECTION('',(-0.,1.));
#1553 = ( GEOMETRIC_REPRESENTATION_CONTEXT(2) 
PARAMETRIC_REPRESENTATION_CONTEXT() REPRESENTATION_CONTEXT('2D SPACE',''
  ) );
#1554 = ADVANCED_FACE('',(#1555),#909,.T.);
#1555 = FACE_BOUND('',#1556,.T.);
#1556 = EDGE_LOOP('',(#1557,#1558,#1559,#1599));
#1557 = ORIENTED_EDGE('',*,*,#1344,.F.);
#1558 = ORIENTED_EDGE('',*,*,#887,.T.);
#1559 = ORIENTED_EDGE('',*,*,#1560,.T.);
#1560 = EDGE_CURVE('',#888,#1561,#1563,.T.);
#1561 = VERTEX_POINT('',#1562);
#1562 = CARTESIAN_POINT('',(-12.5614172029,-0.671890111572,
    2.325433118838));
#1563 = SURFACE_CURVE('',#1564,(#1579,#1586),.PCURVE_S1.);
#1564 = B_SPLINE_CURVE_WITH_KNOTS('',5,(#1565,#1566,#1567,#1568,#1569,
    #1570,#1571,#1572,#1573,#1574,#1575,#1576,#1577,#1578),
  .UNSPECIFIED.,.F.,.F.,(6,4,4,6),(4.424114248007E-02,9.697622757529E-02
    ,1.53311688921,1.585851974305),.UNSPECIFIED.);
#1565 = CARTESIAN_POINT('',(-11.4541,-1.114816992734,2.76836));
#1566 = CARTESIAN_POINT('',(-11.46328,-1.111144992734,2.764688));
#1567 = CARTESIAN_POINT('',(-11.47246,-1.107472992734,2.761016));
#1568 = CARTESIAN_POINT('',(-11.48164,-1.103800992734,2.757344));
#1569 = CARTESIAN_POINT('',(-11.49082,-1.100128992734,2.753672));
#1570 = CARTESIAN_POINT('',(-11.75,-0.996456992734,2.65));
#1571 = CARTESIAN_POINT('',(-12.,-0.896456992734,2.55));
#1572 = CARTESIAN_POINT('',(-12.25,-0.796456992734,2.45));
#1573 = CARTESIAN_POINT('',(-12.5,-0.696456992734,2.35));
#1574 = CARTESIAN_POINT('',(-12.75918,-0.592784992734,2.246328));
#1575 = CARTESIAN_POINT('',(-12.76836,-0.589112992734,2.242656));
#1576 = CARTESIAN_POINT('',(-12.77754,-0.585440992734,2.238984));
#1577 = CARTESIAN_POINT('',(-12.78672,-0.581768992734,2.235312));
#1578 = CARTESIAN_POINT('',(-12.7959,-0.578096992734,2.23164));
#1579 = PCURVE('',#909,#1580);
#1580 = DEFINITIONAL_REPRESENTATION('',(#1581),#1585);
#1581 = LINE('',#1582,#1583);
#1582 = CARTESIAN_POINT('',(1.436140661635,0.));
#1583 = VECTOR('',#1584,1.);
#1584 = DIRECTION('',(0.,1.));
#1585 = ( GEOMETRIC_REPRESENTATION_CONTEXT(2) 
PARAMETRIC_REPRESENTATION_CONTEXT() REPRESENTATION_CONTEXT('2D SPACE',''
  ) );
#1586 = PCURVE('',#1059,#1587);
#1587 = DEFINITIONAL_REPRESENTATION('',(#1588),#1598);
#1588 = B_SPLINE_CURVE_WITH_KNOTS('',8,(#1589,#1590,#1591,#1592,#1593,
    #1594,#1595,#1596,#1597),.UNSPECIFIED.,.F.,.F.,(9,9),(0.313641365968
    ,1.316451750817),.PIECEWISE_BEZIER_KNOTS.);
#1589 = CARTESIAN_POINT('',(0.294706618126,0.150866237675));
#1590 = CARTESIAN_POINT('',(0.304601865862,0.238150034401));
#1591 = CARTESIAN_POINT('',(0.31526175503,0.32544295441));
#1592 = CARTESIAN_POINT('',(0.326783903114,0.412694892087));
#1593 = CARTESIAN_POINT('',(0.339300997185,0.500024031534));
#1594 = CARTESIAN_POINT('',(0.352933286744,0.587262250427));
#1595 = CARTESIAN_POINT('',(0.367904317084,0.674575947238));
#1596 = CARTESIAN_POINT('',(0.384460412538,0.761850604495));
#1597 = CARTESIAN_POINT('',(0.402965286489,0.849133762325));
#1598 = ( GEOMETRIC_REPRESENTATION_CONTEXT(2) 
PARAMETRIC_REPRESENTATION_CONTEXT() REPRESENTATION_CONTEXT('2D SPACE',''
  ) );
#1599 = ORIENTED_EDGE('',*,*,#1600,.F.);
#1600 = EDGE_CURVE('',#1345,#1561,#1601,.T.);
#1601 = SURFACE_CURVE('',#1602,(#1607,#1621),.PCURVE_S1.);
#1602 = CIRCLE('',#1603,0.3);
#1603 = AXIS2_PLACEMENT_3D('',#1604,#1605,#1606);
#1604 = CARTESIAN_POINT('',(-12.45,-0.671890111572,2.046890111572));
#1605 = DIRECTION('',(-0.870388279779,0.348155311911,-0.348155311911));
#1606 = DIRECTION('',(-0.371390676354,-0.928476690885,1.262141243524E-14
    ));
#1607 = PCURVE('',#909,#1608);
#1608 = DEFINITIONAL_REPRESENTATION('',(#1609),#1620);
#1609 = B_SPLINE_CURVE_WITH_KNOTS('',9,(#1610,#1611,#1612,#1613,#1614,
    #1615,#1616,#1617,#1618,#1619),.UNSPECIFIED.,.F.,.F.,(10,10),(0.,
    1.43242414941),.PIECEWISE_BEZIER_KNOTS.);
#1610 = CARTESIAN_POINT('',(-1.110223024625E-16,1.316451750817));
#1611 = CARTESIAN_POINT('',(0.174076481578,1.316451750817));
#1612 = CARTESIAN_POINT('',(0.336488306666,1.316451750817));
#1613 = CARTESIAN_POINT('',(0.491763988926,1.316451750817));
#1614 = CARTESIAN_POINT('',(0.64305572071,1.316451750817));
#1615 = CARTESIAN_POINT('',(0.793084940924,1.316451750817));
#1616 = CARTESIAN_POINT('',(0.944376672709,1.316451750817));
#1617 = CARTESIAN_POINT('',(1.099652354968,1.316451750817));
#1618 = CARTESIAN_POINT('',(1.262064180056,1.316451750817));
#1619 = CARTESIAN_POINT('',(1.436140661635,1.316451750817));
#1620 = ( GEOMETRIC_REPRESENTATION_CONTEXT(2) 
PARAMETRIC_REPRESENTATION_CONTEXT() REPRESENTATION_CONTEXT('2D SPACE',''
  ) );
#1621 = PCURVE('',#1622,#1627);
#1622 = SPHERICAL_SURFACE('',#1623,0.3);
#1623 = AXIS2_PLACEMENT_3D('',#1624,#1625,#1626);
#1624 = CARTESIAN_POINT('',(-12.45,-0.671890111572,2.046890111572));
#1625 = DIRECTION('',(1.,1.184237892934E-14,-2.568285422481E-07));
#1626 = DIRECTION('',(-1.454197762408E-14,-1.,-1.02731403303E-07));
#1627 = DEFINITIONAL_REPRESENTATION('',(#1628),#1641);
#1628 = B_SPLINE_CURVE_WITH_KNOTS('',6,(#1629,#1630,#1631,#1632,#1633,
    #1634,#1635,#1636,#1637,#1638,#1639,#1640),.UNSPECIFIED.,.F.,.F.,(7,
    5,7),(0.,0.716212074705,1.43242414941),.UNSPECIFIED.);
#1629 = CARTESIAN_POINT('',(0.,-0.380506377112));
#1630 = CARTESIAN_POINT('',(-0.120520622779,-0.422065247776));
#1631 = CARTESIAN_POINT('',(-0.2458519761,-0.457611028221));
#1632 = CARTESIAN_POINT('',(-0.37621418095,-0.485776171211));
#1633 = CARTESIAN_POINT('',(-0.511109540369,-0.505136520015));
#1634 = CARTESIAN_POINT('',(-0.648253978263,-0.514806111819));
#1635 = CARTESIAN_POINT('',(-0.922542348531,-0.514806161631));
#1636 = CARTESIAN_POINT('',(-1.059686795674,-0.50513661964));
#1637 = CARTESIAN_POINT('',(-1.194582173789,-0.485776318143));
#1638 = CARTESIAN_POINT('',(-1.324944402934,-0.457611217428));
#1639 = CARTESIAN_POINT('',(-1.450275781984,-0.422065473651));
#1640 = CARTESIAN_POINT('',(-1.570796429526,-0.380506633941));
#1641 = ( GEOMETRIC_REPRESENTATION_CONTEXT(2) 
PARAMETRIC_REPRESENTATION_CONTEXT() REPRESENTATION_CONTEXT('2D SPACE',''
  ) );
#1642 = ADVANCED_FACE('',(#1643),#1027,.T.);
#1643 = FACE_BOUND('',#1644,.T.);
#1644 = EDGE_LOOP('',(#1645,#1646,#1647,#1687));
#1645 = ORIENTED_EDGE('',*,*,#1014,.T.);
#1646 = ORIENTED_EDGE('',*,*,#1461,.T.);
#1647 = ORIENTED_EDGE('',*,*,#1648,.F.);
#1648 = EDGE_CURVE('',#1649,#1462,#1651,.T.);
#1649 = VERTEX_POINT('',#1650);
#1650 = CARTESIAN_POINT('',(-12.5614172029,0.671890111572,
    -1.575433118838));
#1651 = SURFACE_CURVE('',#1652,(#1658,#1664),.PCURVE_S1.);
#1652 = B_SPLINE_CURVE_WITH_KNOTS('',2,(#1653,#1654,#1655,#1656,#1657),
  .UNSPECIFIED.,.F.,.F.,(3,1,1,3),(-0.139693118838,-7.543311883751E-02,
    1.825433118838,1.889693118838),.UNSPECIFIED.);
#1653 = CARTESIAN_POINT('',(-12.5614172029,1.014693118838,
    -1.575433118838));
#1654 = CARTESIAN_POINT('',(-12.5614172029,0.982563118838,
    -1.575433118838));
#1655 = CARTESIAN_POINT('',(-12.5614172029,0.,-1.575433118838));
#1656 = CARTESIAN_POINT('',(-12.5614172029,-0.982563118838,
    -1.575433118838));
#1657 = CARTESIAN_POINT('',(-12.5614172029,-1.014693118838,
    -1.575433118838));
#1658 = PCURVE('',#1027,#1659);
#1659 = DEFINITIONAL_REPRESENTATION('',(#1660),#1663);
#1660 = B_SPLINE_CURVE_WITH_KNOTS('',1,(#1661,#1662),.UNSPECIFIED.,.F.,
  .F.,(2,2),(-7.543311883751E-02,1.825433118838),
  .PIECEWISE_BEZIER_KNOTS.);
#1661 = CARTESIAN_POINT('',(0.,0.849133762325));
#1662 = CARTESIAN_POINT('',(2.75,0.849133762325));
#1663 = ( GEOMETRIC_REPRESENTATION_CONTEXT(2) 
PARAMETRIC_REPRESENTATION_CONTEXT() REPRESENTATION_CONTEXT('2D SPACE',''
  ) );
#1664 = PCURVE('',#1665,#1681);
#1665 = ( BOUNDED_SURFACE() B_SPLINE_SURFACE(2,2,(
    (#1666,#1667,#1668,#1669,#1670)
    ,(#1671,#1672,#1673,#1674,#1675)
    ,(#1676,#1677,#1678,#1679,#1680
)),.UNSPECIFIED.,.F.,.F.,.F.) B_SPLINE_SURFACE_WITH_KNOTS((3,3),(3,1,1,3
    ),(0.,1.900866237675),(-0.139693118838,-7.543311883751E-02,
    1.825433118838,1.889693118838),.UNSPECIFIED.) 
GEOMETRIC_REPRESENTATION_ITEM() RATIONAL_B_SPLINE_SURFACE((
    (1.,1.,1.,1.,1.)
    ,(0.828067230469,0.828067230469,0.828067230469,0.828067230469
      ,0.828067230469)
,(1.,1.,1.,1.,1.))) REPRESENTATION_ITEM('') SURFACE() );
#1666 = CARTESIAN_POINT('',(-12.5614172029,1.014693118838,
    -1.575433118838));
#1667 = CARTESIAN_POINT('',(-12.5614172029,0.982563118838,
    -1.575433118838));
#1668 = CARTESIAN_POINT('',(-12.5614172029,0.,-1.575433118838));
#1669 = CARTESIAN_POINT('',(-12.5614172029,-0.982563118838,
    -1.575433118838));
#1670 = CARTESIAN_POINT('',(-12.5614172029,-1.014693118838,
    -1.575433118838));
#1671 = CARTESIAN_POINT('',(-12.75,1.014693118838,-1.5));
#1672 = CARTESIAN_POINT('',(-12.75,0.982563118838,-1.5));
#1673 = CARTESIAN_POINT('',(-12.75,0.,-1.5));
#1674 = CARTESIAN_POINT('',(-12.75,-0.982563118838,-1.5));
#1675 = CARTESIAN_POINT('',(-12.75,-1.014693118838,-1.5));
#1676 = CARTESIAN_POINT('',(-12.75,1.014693118838,-1.296890111572));
#1677 = CARTESIAN_POINT('',(-12.75,0.982563118838,-1.296890111572));
#1678 = CARTESIAN_POINT('',(-12.75,0.,-1.296890111572));
#1679 = CARTESIAN_POINT('',(-12.75,-0.982563118838,-1.296890111572));
#1680 = CARTESIAN_POINT('',(-12.75,-1.014693118838,-1.296890111572));
#1681 = DEFINITIONAL_REPRESENTATION('',(#1682),#1686);
#1682 = LINE('',#1683,#1684);
#1683 = CARTESIAN_POINT('',(0.,0.));
#1684 = VECTOR('',#1685,1.);
#1685 = DIRECTION('',(0.,1.));
#1686 = ( GEOMETRIC_REPRESENTATION_CONTEXT(2) 
PARAMETRIC_REPRESENTATION_CONTEXT() REPRESENTATION_CONTEXT('2D SPACE',''
  ) );
#1687 = ORIENTED_EDGE('',*,*,#1688,.F.);
#1688 = EDGE_CURVE('',#993,#1649,#1689,.T.);
#1689 = SURFACE_CURVE('',#1690,(#1705,#1718),.PCURVE_S1.);
#1690 = B_SPLINE_CURVE_WITH_KNOTS('',5,(#1691,#1692,#1693,#1694,#1695,
    #1696,#1697,#1698,#1699,#1700,#1701,#1702,#1703,#1704),
  .UNSPECIFIED.,.F.,.F.,(6,4,4,6),(4.424114248007E-02,9.697622757529E-02
    ,1.53311688921,1.585851974305),.UNSPECIFIED.);
#1691 = CARTESIAN_POINT('',(-11.4541,1.114816992734,-2.01836));
#1692 = CARTESIAN_POINT('',(-11.46328,1.111144992734,-2.014688));
#1693 = CARTESIAN_POINT('',(-11.47246,1.107472992734,-2.011016));
#1694 = CARTESIAN_POINT('',(-11.48164,1.103800992734,-2.007344));
#1695 = CARTESIAN_POINT('',(-11.49082,1.100128992734,-2.003672));
#1696 = CARTESIAN_POINT('',(-11.75,0.996456992734,-1.9));
#1697 = CARTESIAN_POINT('',(-12.,0.896456992734,-1.8));
#1698 = CARTESIAN_POINT('',(-12.25,0.796456992734,-1.7));
#1699 = CARTESIAN_POINT('',(-12.5,0.696456992734,-1.6));
#1700 = CARTESIAN_POINT('',(-12.75918,0.592784992734,-1.496328));
#1701 = CARTESIAN_POINT('',(-12.76836,0.589112992734,-1.492656));
#1702 = CARTESIAN_POINT('',(-12.77754,0.585440992734,-1.488984));
#1703 = CARTESIAN_POINT('',(-12.78672,0.581768992734,-1.485312));
#1704 = CARTESIAN_POINT('',(-12.7959,0.578096992734,-1.48164));
#1705 = PCURVE('',#1027,#1706);
#1706 = DEFINITIONAL_REPRESENTATION('',(#1707),#1717);
#1707 = B_SPLINE_CURVE_WITH_KNOTS('',8,(#1708,#1709,#1710,#1711,#1712,
    #1713,#1714,#1715,#1716),.UNSPECIFIED.,.F.,.F.,(9,9),(0.313641365968
    ,1.316451750817),.PIECEWISE_BEZIER_KNOTS.);
#1708 = CARTESIAN_POINT('',(0.294706618126,0.150866237675));
#1709 = CARTESIAN_POINT('',(0.304601865862,0.238150034401));
#1710 = CARTESIAN_POINT('',(0.31526175503,0.32544295441));
#1711 = CARTESIAN_POINT('',(0.326783903114,0.412694892087));
#1712 = CARTESIAN_POINT('',(0.339300997185,0.500024031534));
#1713 = CARTESIAN_POINT('',(0.352933286744,0.587262250427));
#1714 = CARTESIAN_POINT('',(0.367904317084,0.674575947238));
#1715 = CARTESIAN_POINT('',(0.384460412538,0.761850604495));
#1716 = CARTESIAN_POINT('',(0.402965286489,0.849133762325));
#1717 = ( GEOMETRIC_REPRESENTATION_CONTEXT(2) 
PARAMETRIC_REPRESENTATION_CONTEXT() REPRESENTATION_CONTEXT('2D SPACE',''
  ) );
#1718 = PCURVE('',#1136,#1719);
#1719 = DEFINITIONAL_REPRESENTATION('',(#1720),#1724);
#1720 = LINE('',#1721,#1722);
#1721 = CARTESIAN_POINT('',(1.436140661635,0.));
#1722 = VECTOR('',#1723,1.);
#1723 = DIRECTION('',(0.,1.));
#1724 = ( GEOMETRIC_REPRESENTATION_CONTEXT(2) 
PARAMETRIC_REPRESENTATION_CONTEXT() REPRESENTATION_CONTEXT('2D SPACE',''
  ) );
#1725 = ADVANCED_FACE('',(#1726),#1059,.T.);
#1726 = FACE_BOUND('',#1727,.T.);
#1727 = EDGE_LOOP('',(#1728,#1729,#1769,#1807));
#1728 = ORIENTED_EDGE('',*,*,#1044,.T.);
#1729 = ORIENTED_EDGE('',*,*,#1730,.T.);
#1730 = EDGE_CURVE('',#1045,#1731,#1733,.T.);
#1731 = VERTEX_POINT('',#1732);
#1732 = CARTESIAN_POINT('',(-12.5614172029,0.671890111572,2.325433118838
    ));
#1733 = SURFACE_CURVE('',#1734,(#1749,#1762),.PCURVE_S1.);
#1734 = B_SPLINE_CURVE_WITH_KNOTS('',5,(#1735,#1736,#1737,#1738,#1739,
    #1740,#1741,#1742,#1743,#1744,#1745,#1746,#1747,#1748),
  .UNSPECIFIED.,.F.,.F.,(6,4,4,6),(4.424114248007E-02,9.697622757529E-02
    ,1.53311688921,1.585851974305),.UNSPECIFIED.);
#1735 = CARTESIAN_POINT('',(-11.4541,1.114816992734,2.76836));
#1736 = CARTESIAN_POINT('',(-11.46328,1.111144992734,2.764688));
#1737 = CARTESIAN_POINT('',(-11.47246,1.107472992734,2.761016));
#1738 = CARTESIAN_POINT('',(-11.48164,1.103800992734,2.757344));
#1739 = CARTESIAN_POINT('',(-11.49082,1.100128992734,2.753672));
#1740 = CARTESIAN_POINT('',(-11.75,0.996456992734,2.65));
#1741 = CARTESIAN_POINT('',(-12.,0.896456992734,2.55));
#1742 = CARTESIAN_POINT('',(-12.25,0.796456992734,2.45));
#1743 = CARTESIAN_POINT('',(-12.5,0.696456992734,2.35));
#1744 = CARTESIAN_POINT('',(-12.75918,0.592784992734,2.246328));
#1745 = CARTESIAN_POINT('',(-12.76836,0.589112992734,2.242656));
#1746 = CARTESIAN_POINT('',(-12.77754,0.585440992734,2.238984));
#1747 = CARTESIAN_POINT('',(-12.78672,0.581768992734,2.235312));
#1748 = CARTESIAN_POINT('',(-12.7959,0.578096992734,2.23164));
#1749 = PCURVE('',#1059,#1750);
#1750 = DEFINITIONAL_REPRESENTATION('',(#1751),#1761);
#1751 = B_SPLINE_CURVE_WITH_KNOTS('',8,(#1752,#1753,#1754,#1755,#1756,
    #1757,#1758,#1759,#1760),.UNSPECIFIED.,.F.,.F.,(9,9),(0.313641365968
    ,1.316451750817),.PIECEWISE_BEZIER_KNOTS.);
#1752 = CARTESIAN_POINT('',(2.455293381874,0.150866237675));
#1753 = CARTESIAN_POINT('',(2.445398134139,0.238150034401));
#1754 = CARTESIAN_POINT('',(2.43473824497,0.32544295441));
#1755 = CARTESIAN_POINT('',(2.423216096886,0.412694892087));
#1756 = CARTESIAN_POINT('',(2.410699002815,0.500024031534));
#1757 = CARTESIAN_POINT('',(2.397066713256,0.587262250427));
#1758 = CARTESIAN_POINT('',(2.382095682916,0.674575947238));
#1759 = CARTESIAN_POINT('',(2.365539587462,0.761850604495));
#1760 = CARTESIAN_POINT('',(2.347034713511,0.849133762325));
#1761 = ( GEOMETRIC_REPRESENTATION_CONTEXT(2) 
PARAMETRIC_REPRESENTATION_CONTEXT() REPRESENTATION_CONTEXT('2D SPACE',''
  ) );
#1762 = PCURVE('',#1223,#1763);
#1763 = DEFINITIONAL_REPRESENTATION('',(#1764),#1768);
#1764 = LINE('',#1765,#1766);
#1765 = CARTESIAN_POINT('',(0.,0.));
#1766 = VECTOR('',#1767,1.);
#1767 = DIRECTION('',(0.,1.));
#1768 = ( GEOMETRIC_REPRESENTATION_CONTEXT(2) 
PARAMETRIC_REPRESENTATION_CONTEXT() REPRESENTATION_CONTEXT('2D SPACE',''
  ) );
#1769 = ORIENTED_EDGE('',*,*,#1770,.F.);
#1770 = EDGE_CURVE('',#1561,#1731,#1771,.T.);
#1771 = SURFACE_CURVE('',#1772,(#1778,#1784),.PCURVE_S1.);
#1772 = B_SPLINE_CURVE_WITH_KNOTS('',2,(#1773,#1774,#1775,#1776,#1777),
  .UNSPECIFIED.,.F.,.F.,(3,1,1,3),(-0.139693118838,-7.543311883751E-02,
    1.825433118838,1.889693118838),.UNSPECIFIED.);
#1773 = CARTESIAN_POINT('',(-12.5614172029,-1.014693118838,
    2.325433118838));
#1774 = CARTESIAN_POINT('',(-12.5614172029,-0.982563118838,
    2.325433118838));
#1775 = CARTESIAN_POINT('',(-12.5614172029,0.,2.325433118838));
#1776 = CARTESIAN_POINT('',(-12.5614172029,0.982563118838,2.325433118838
    ));
#1777 = CARTESIAN_POINT('',(-12.5614172029,1.014693118838,2.325433118838
    ));
#1778 = PCURVE('',#1059,#1779);
#1779 = DEFINITIONAL_REPRESENTATION('',(#1780),#1783);
#1780 = B_SPLINE_CURVE_WITH_KNOTS('',1,(#1781,#1782),.UNSPECIFIED.,.F.,
  .F.,(2,2),(-7.543311883751E-02,1.825433118838),
  .PIECEWISE_BEZIER_KNOTS.);
#1781 = CARTESIAN_POINT('',(4.996003610813E-16,0.849133762325));
#1782 = CARTESIAN_POINT('',(2.75,0.849133762325));
#1783 = ( GEOMETRIC_REPRESENTATION_CONTEXT(2) 
PARAMETRIC_REPRESENTATION_CONTEXT() REPRESENTATION_CONTEXT('2D SPACE',''
  ) );
#1784 = PCURVE('',#1785,#1801);
#1785 = ( BOUNDED_SURFACE() B_SPLINE_SURFACE(2,2,(
    (#1786,#1787,#1788,#1789,#1790)
    ,(#1791,#1792,#1793,#1794,#1795)
    ,(#1796,#1797,#1798,#1799,#1800
)),.UNSPECIFIED.,.F.,.F.,.F.) B_SPLINE_SURFACE_WITH_KNOTS((3,3),(3,1,1,3
    ),(0.,1.900866237675),(-0.139693118838,-7.543311883751E-02,
    1.825433118838,1.889693118838),.UNSPECIFIED.) 
GEOMETRIC_REPRESENTATION_ITEM() RATIONAL_B_SPLINE_SURFACE((
    (1.,1.,1.,1.,1.)
    ,(0.828067230469,0.828067230469,0.828067230469,0.828067230469
      ,0.828067230469)
,(1.,1.,1.,1.,1.))) REPRESENTATION_ITEM('') SURFACE() );
#1786 = CARTESIAN_POINT('',(-12.5614172029,-1.014693118838,
    2.325433118838));
#1787 = CARTESIAN_POINT('',(-12.5614172029,-0.982563118838,
    2.325433118838));
#1788 = CARTESIAN_POINT('',(-12.5614172029,0.,2.325433118838));
#1789 = CARTESIAN_POINT('',(-12.5614172029,0.982563118838,2.325433118838
    ));
#1790 = CARTESIAN_POINT('',(-12.5614172029,1.014693118838,2.325433118838
    ));
#1791 = CARTESIAN_POINT('',(-12.75,-1.014693118838,2.25));
#1792 = CARTESIAN_POINT('',(-12.75,-0.982563118838,2.25));
#1793 = CARTESIAN_POINT('',(-12.75,0.,2.25));
#1794 = CARTESIAN_POINT('',(-12.75,0.982563118838,2.25));
#1795 = CARTESIAN_POINT('',(-12.75,1.014693118838,2.25));
#1796 = CARTESIAN_POINT('',(-12.75,-1.014693118838,2.046890111572));
#1797 = CARTESIAN_POINT('',(-12.75,-0.982563118838,2.046890111572));
#1798 = CARTESIAN_POINT('',(-12.75,2.22044604925E-16,2.046890111572));
#1799 = CARTESIAN_POINT('',(-12.75,0.982563118838,2.046890111572));
#1800 = CARTESIAN_POINT('',(-12.75,1.014693118838,2.046890111572));
#1801 = DEFINITIONAL_REPRESENTATION('',(#1802),#1806);
#1802 = LINE('',#1803,#1804);
#1803 = CARTESIAN_POINT('',(0.,0.));
#1804 = VECTOR('',#1805,1.);
#1805 = DIRECTION('',(0.,1.));
#1806 = ( GEOMETRIC_REPRESENTATION_CONTEXT(2) 
PARAMETRIC_REPRESENTATION_CONTEXT() REPRESENTATION_CONTEXT('2D SPACE',''
  ) );
#1807 = ORIENTED_EDGE('',*,*,#1560,.F.);
#1808 = ADVANCED_FACE('',(#1809),#1136,.T.);
#1809 = FACE_BOUND('',#1810,.T.);
#1810 = EDGE_LOOP('',(#1811,#1848,#1849,#1850));
#1811 = ORIENTED_EDGE('',*,*,#1812,.F.);
#1812 = EDGE_CURVE('',#1095,#1813,#1815,.T.);
#1813 = VERTEX_POINT('',#1814);
#1814 = CARTESIAN_POINT('',(-12.5614172029,0.950433118838,
    -1.296890111572));
#1815 = SURFACE_CURVE('',#1816,(#1831,#1838),.PCURVE_S1.);
#1816 = B_SPLINE_CURVE_WITH_KNOTS('',5,(#1817,#1818,#1819,#1820,#1821,
    #1822,#1823,#1824,#1825,#1826,#1827,#1828,#1829,#1830),
  .UNSPECIFIED.,.F.,.F.,(6,4,4,6),(4.424114248007E-02,9.697622757529E-02
    ,1.53311688921,1.585851974305),.UNSPECIFIED.);
#1817 = CARTESIAN_POINT('',(-11.4541,1.39336,-1.739816992734));
#1818 = CARTESIAN_POINT('',(-11.46328,1.389688,-1.736144992734));
#1819 = CARTESIAN_POINT('',(-11.47246,1.386016,-1.732472992734));
#1820 = CARTESIAN_POINT('',(-11.48164,1.382344,-1.728800992734));
#1821 = CARTESIAN_POINT('',(-11.49082,1.378672,-1.725128992734));
#1822 = CARTESIAN_POINT('',(-11.75,1.275,-1.621456992734));
#1823 = CARTESIAN_POINT('',(-12.,1.175,-1.521456992734));
#1824 = CARTESIAN_POINT('',(-12.25,1.075,-1.421456992734));
#1825 = CARTESIAN_POINT('',(-12.5,0.975,-1.321456992734));
#1826 = CARTESIAN_POINT('',(-12.75918,0.871328,-1.217784992734));
#1827 = CARTESIAN_POINT('',(-12.76836,0.867656,-1.214112992734));
#1828 = CARTESIAN_POINT('',(-12.77754,0.863984,-1.210440992734));
#1829 = CARTESIAN_POINT('',(-12.78672,0.860312,-1.206768992734));
#1830 = CARTESIAN_POINT('',(-12.7959,0.85664,-1.203096992734));
#1831 = PCURVE('',#1136,#1832);
#1832 = DEFINITIONAL_REPRESENTATION('',(#1833),#1837);
#1833 = LINE('',#1834,#1835);
#1834 = CARTESIAN_POINT('',(0.,0.));
#1835 = VECTOR('',#1836,1.);
#1836 = DIRECTION('',(0.,1.));
#1837 = ( GEOMETRIC_REPRESENTATION_CONTEXT(2) 
PARAMETRIC_REPRESENTATION_CONTEXT() REPRESENTATION_CONTEXT('2D SPACE',''
  ) );
#1838 = PCURVE('',#1320,#1839);
#1839 = DEFINITIONAL_REPRESENTATION('',(#1840),#1847);
#1840 = B_SPLINE_CURVE_WITH_KNOTS('',5,(#1841,#1842,#1843,#1844,#1845,
    #1846),.UNSPECIFIED.,.F.,.F.,(6,6),(9.697622757529E-02,1.53311688921
    ),.PIECEWISE_BEZIER_KNOTS.);
#1841 = CARTESIAN_POINT('',(4.471456992734,4.584790014552E-17));
#1842 = CARTESIAN_POINT('',(4.459728866113,0.2));
#1843 = CARTESIAN_POINT('',(4.446767328113,0.4));
#1844 = CARTESIAN_POINT('',(4.432305540527,0.6));
#1845 = CARTESIAN_POINT('',(4.415995985066,0.8));
#1846 = CARTESIAN_POINT('',(4.397178857464,1.));
#1847 = ( GEOMETRIC_REPRESENTATION_CONTEXT(2) 
PARAMETRIC_REPRESENTATION_CONTEXT() REPRESENTATION_CONTEXT('2D SPACE',''
  ) );
#1848 = ORIENTED_EDGE('',*,*,#1116,.T.);
#1849 = ORIENTED_EDGE('',*,*,#1688,.T.);
#1850 = ORIENTED_EDGE('',*,*,#1851,.F.);
#1851 = EDGE_CURVE('',#1813,#1649,#1852,.T.);
#1852 = SURFACE_CURVE('',#1853,(#1858,#1872),.PCURVE_S1.);
#1853 = CIRCLE('',#1854,0.3);
#1854 = AXIS2_PLACEMENT_3D('',#1855,#1856,#1857);
#1855 = CARTESIAN_POINT('',(-12.45,0.671890111572,-1.296890111572));
#1856 = DIRECTION('',(-0.870388279779,-0.348155311911,0.348155311911));
#1857 = DIRECTION('',(-0.371390676354,0.928476690885,-1.252179275685E-14
    ));
#1858 = PCURVE('',#1136,#1859);
#1859 = DEFINITIONAL_REPRESENTATION('',(#1860),#1871);
#1860 = B_SPLINE_CURVE_WITH_KNOTS('',9,(#1861,#1862,#1863,#1864,#1865,
    #1866,#1867,#1868,#1869,#1870),.UNSPECIFIED.,.F.,.F.,(10,10),(0.,
    1.43242414941),.PIECEWISE_BEZIER_KNOTS.);
#1861 = CARTESIAN_POINT('',(-1.110223024625E-16,1.316451750817));
#1862 = CARTESIAN_POINT('',(0.174076481578,1.316451750817));
#1863 = CARTESIAN_POINT('',(0.336488306666,1.316451750817));
#1864 = CARTESIAN_POINT('',(0.491763988926,1.316451750817));
#1865 = CARTESIAN_POINT('',(0.64305572071,1.316451750817));
#1866 = CARTESIAN_POINT('',(0.793084940924,1.316451750817));
#1867 = CARTESIAN_POINT('',(0.944376672709,1.316451750817));
#1868 = CARTESIAN_POINT('',(1.099652354968,1.316451750817));
#1869 = CARTESIAN_POINT('',(1.262064180056,1.316451750817));
#1870 = CARTESIAN_POINT('',(1.436140661635,1.316451750817));
#1871 = ( GEOMETRIC_REPRESENTATION_CONTEXT(2) 
PARAMETRIC_REPRESENTATION_CONTEXT() REPRESENTATION_CONTEXT('2D SPACE',''
  ) );
#1872 = PCURVE('',#1873,#1878);
#1873 = SPHERICAL_SURFACE('',#1874,0.3);
#1874 = AXIS2_PLACEMENT_3D('',#1875,#1876,#1877);
#1875 = CARTESIAN_POINT('',(-12.45,0.671890111572,-1.296890111572));
#1876 = DIRECTION('',(1.,-1.221245327088E-14,2.568285457268E-07));
#1877 = DIRECTION('',(-1.41719040201E-14,1.,1.027314047833E-07));
#1878 = DEFINITIONAL_REPRESENTATION('',(#1879),#1892);
#1879 = B_SPLINE_CURVE_WITH_KNOTS('',6,(#1880,#1881,#1882,#1883,#1884,
    #1885,#1886,#1887,#1888,#1889,#1890,#1891),.UNSPECIFIED.,.F.,.F.,(7,
    5,7),(0.,0.716212074705,1.43242414941),.UNSPECIFIED.);
#1880 = CARTESIAN_POINT('',(0.,-0.380506377112));
#1881 = CARTESIAN_POINT('',(-0.120520622779,-0.422065247776));
#1882 = CARTESIAN_POINT('',(-0.2458519761,-0.457611028221));
#1883 = CARTESIAN_POINT('',(-0.37621418095,-0.485776171211));
#1884 = CARTESIAN_POINT('',(-0.511109540369,-0.505136520015));
#1885 = CARTESIAN_POINT('',(-0.648253978263,-0.514806111819));
#1886 = CARTESIAN_POINT('',(-0.922542348531,-0.514806161631));
#1887 = CARTESIAN_POINT('',(-1.059686795674,-0.50513661964));
#1888 = CARTESIAN_POINT('',(-1.194582173788,-0.485776318143));
#1889 = CARTESIAN_POINT('',(-1.324944402934,-0.457611217428));
#1890 = CARTESIAN_POINT('',(-1.450275781984,-0.422065473651));
#1891 = CARTESIAN_POINT('',(-1.570796429526,-0.380506633941));
#1892 = ( GEOMETRIC_REPRESENTATION_CONTEXT(2) 
PARAMETRIC_REPRESENTATION_CONTEXT() REPRESENTATION_CONTEXT('2D SPACE',''
  ) );
#1893 = ADVANCED_FACE('',(#1894),#1223,.T.);
#1894 = FACE_BOUND('',#1895,.T.);
#1895 = EDGE_LOOP('',(#1896,#1897,#1898,#1935));
#1896 = ORIENTED_EDGE('',*,*,#1730,.F.);
#1897 = ORIENTED_EDGE('',*,*,#1201,.T.);
#1898 = ORIENTED_EDGE('',*,*,#1899,.T.);
#1899 = EDGE_CURVE('',#1202,#1900,#1902,.T.);
#1900 = VERTEX_POINT('',#1901);
#1901 = CARTESIAN_POINT('',(-12.5614172029,0.950433118838,2.046890111572
    ));
#1902 = SURFACE_CURVE('',#1903,(#1918,#1925),.PCURVE_S1.);
#1903 = B_SPLINE_CURVE_WITH_KNOTS('',5,(#1904,#1905,#1906,#1907,#1908,
    #1909,#1910,#1911,#1912,#1913,#1914,#1915,#1916,#1917),
  .UNSPECIFIED.,.F.,.F.,(6,4,4,6),(4.424114248007E-02,9.697622757529E-02
    ,1.53311688921,1.585851974305),.UNSPECIFIED.);
#1904 = CARTESIAN_POINT('',(-11.4541,1.39336,2.489816992734));
#1905 = CARTESIAN_POINT('',(-11.46328,1.389688,2.486144992734));
#1906 = CARTESIAN_POINT('',(-11.47246,1.386016,2.482472992734));
#1907 = CARTESIAN_POINT('',(-11.48164,1.382344,2.478800992734));
#1908 = CARTESIAN_POINT('',(-11.49082,1.378672,2.475128992734));
#1909 = CARTESIAN_POINT('',(-11.75,1.275,2.371456992734));
#1910 = CARTESIAN_POINT('',(-12.,1.175,2.271456992734));
#1911 = CARTESIAN_POINT('',(-12.25,1.075,2.171456992734));
#1912 = CARTESIAN_POINT('',(-12.5,0.975,2.071456992734));
#1913 = CARTESIAN_POINT('',(-12.75918,0.871328,1.967784992734));
#1914 = CARTESIAN_POINT('',(-12.76836,0.867656,1.964112992734));
#1915 = CARTESIAN_POINT('',(-12.77754,0.863984,1.960440992734));
#1916 = CARTESIAN_POINT('',(-12.78672,0.860312,1.956768992734));
#1917 = CARTESIAN_POINT('',(-12.7959,0.85664,1.953096992734));
#1918 = PCURVE('',#1223,#1919);
#1919 = DEFINITIONAL_REPRESENTATION('',(#1920),#1924);
#1920 = LINE('',#1921,#1922);
#1921 = CARTESIAN_POINT('',(1.436140661635,0.));
#1922 = VECTOR('',#1923,1.);
#1923 = DIRECTION('',(0.,1.));
#1924 = ( GEOMETRIC_REPRESENTATION_CONTEXT(2) 
PARAMETRIC_REPRESENTATION_CONTEXT() REPRESENTATION_CONTEXT('2D SPACE',''
  ) );
#1925 = PCURVE('',#1320,#1926);
#1926 = DEFINITIONAL_REPRESENTATION('',(#1927),#1934);
#1927 = B_SPLINE_CURVE_WITH_KNOTS('',5,(#1928,#1929,#1930,#1931,#1932,
    #1933),.UNSPECIFIED.,.F.,.F.,(6,6),(9.697622757529E-02,1.53311688921
    ),.PIECEWISE_BEZIER_KNOTS.);
#1928 = CARTESIAN_POINT('',(0.278543007266,1.013590513768E-16));
#1929 = CARTESIAN_POINT('',(0.290271133887,0.2));
#1930 = CARTESIAN_POINT('',(0.303232671887,0.4));
#1931 = CARTESIAN_POINT('',(0.317694459473,0.6));
#1932 = CARTESIAN_POINT('',(0.334004014934,0.8));
#1933 = CARTESIAN_POINT('',(0.352821142536,1.));
#1934 = ( GEOMETRIC_REPRESENTATION_CONTEXT(2) 
PARAMETRIC_REPRESENTATION_CONTEXT() REPRESENTATION_CONTEXT('2D SPACE',''
  ) );
#1935 = ORIENTED_EDGE('',*,*,#1936,.F.);
#1936 = EDGE_CURVE('',#1731,#1900,#1937,.T.);
#1937 = SURFACE_CURVE('',#1938,(#1943,#1957),.PCURVE_S1.);
#1938 = CIRCLE('',#1939,0.3);
#1939 = AXIS2_PLACEMENT_3D('',#1940,#1941,#1942);
#1940 = CARTESIAN_POINT('',(-12.45000000002,0.671890111563,
    2.046890111563));
#1941 = DIRECTION('',(-0.870388279835,-0.34815531184,-0.34815531184));
#1942 = DIRECTION('',(-0.371390676278,3.034463569256E-11,0.928476690916)
  );
#1943 = PCURVE('',#1223,#1944);
#1944 = DEFINITIONAL_REPRESENTATION('',(#1945),#1956);
#1945 = B_SPLINE_CURVE_WITH_KNOTS('',9,(#1946,#1947,#1948,#1949,#1950,
    #1951,#1952,#1953,#1954,#1955),.UNSPECIFIED.,.F.,.F.,(10,10),(0.,
    1.43242414941),.PIECEWISE_BEZIER_KNOTS.);
#1946 = CARTESIAN_POINT('',(-1.110223024625E-16,1.316451750817));
#1947 = CARTESIAN_POINT('',(0.174076481578,1.316451750817));
#1948 = CARTESIAN_POINT('',(0.336488306666,1.316451750817));
#1949 = CARTESIAN_POINT('',(0.491763988926,1.316451750817));
#1950 = CARTESIAN_POINT('',(0.64305572071,1.316451750817));
#1951 = CARTESIAN_POINT('',(0.793084940924,1.316451750817));
#1952 = CARTESIAN_POINT('',(0.944376672709,1.316451750817));
#1953 = CARTESIAN_POINT('',(1.099652354968,1.316451750817));
#1954 = CARTESIAN_POINT('',(1.262064180056,1.316451750817));
#1955 = CARTESIAN_POINT('',(1.436140661635,1.316451750817));
#1956 = ( GEOMETRIC_REPRESENTATION_CONTEXT(2) 
PARAMETRIC_REPRESENTATION_CONTEXT() REPRESENTATION_CONTEXT('2D SPACE',''
  ) );
#1957 = PCURVE('',#1958,#1963);
#1958 = SPHERICAL_SURFACE('',#1959,0.3);
#1959 = AXIS2_PLACEMENT_3D('',#1960,#1961,#1962);
#1960 = CARTESIAN_POINT('',(-12.45000000002,0.671890111563,
    2.046890111563));
#1961 = DIRECTION('',(0.999999999924,-1.231753054517E-05,
    -3.034472673136E-11));
#1962 = DIRECTION('',(-3.034349418597E-11,-4.926979534748E-06,
    0.999999999988));
#1963 = DEFINITIONAL_REPRESENTATION('',(#1964),#1977);
#1964 = B_SPLINE_CURVE_WITH_KNOTS('',6,(#1965,#1966,#1967,#1968,#1969,
    #1970,#1971,#1972,#1973,#1974,#1975,#1976),.UNSPECIFIED.,.F.,.F.,(7,
    5,7),(0.,0.716212074705,1.43242414941),.UNSPECIFIED.);
#1965 = CARTESIAN_POINT('',(0.,-0.380506377031));
#1966 = CARTESIAN_POINT('',(-0.120520041343,-0.422066701244));
#1967 = CARTESIAN_POINT('',(-0.245850959023,-0.457613993144));
#1968 = CARTESIAN_POINT('',(-0.376212952959,-0.485780670898));
#1969 = CARTESIAN_POINT('',(-0.511108434048,-0.505142516621));
#1970 = CARTESIAN_POINT('',(-0.648253316566,-0.514813470311));
#1971 = CARTESIAN_POINT('',(-0.922543010063,-0.514815859316));
#1972 = CARTESIAN_POINT('',(-1.059688336135,-0.50514729469));
#1973 = CARTESIAN_POINT('',(-1.194584713873,-0.485787717801));
#1974 = CARTESIAN_POINT('',(-1.324947873059,-0.45762306754));
#1975 = CARTESIAN_POINT('',(-1.450280024776,-0.422077534266));
#1976 = CARTESIAN_POINT('',(-1.570801253754,-0.380518694561));
#1977 = ( GEOMETRIC_REPRESENTATION_CONTEXT(2) 
PARAMETRIC_REPRESENTATION_CONTEXT() REPRESENTATION_CONTEXT('2D SPACE',''
  ) );
#1978 = ADVANCED_FACE('',(#1979),#1320,.T.);
#1979 = FACE_BOUND('',#1980,.T.);
#1980 = EDGE_LOOP('',(#1981,#1982,#1983,#2021));
#1981 = ORIENTED_EDGE('',*,*,#1307,.T.);
#1982 = ORIENTED_EDGE('',*,*,#1812,.T.);
#1983 = ORIENTED_EDGE('',*,*,#1984,.F.);
#1984 = EDGE_CURVE('',#1900,#1813,#1985,.T.);
#1985 = SURFACE_CURVE('',#1986,(#1992,#1998),.PCURVE_S1.);
#1986 = B_SPLINE_CURVE_WITH_KNOTS('',2,(#1987,#1988,#1989,#1990,#1991),
  .UNSPECIFIED.,.F.,.F.,(3,1,1,3),(-0.213133118838,-7.543311883751E-02,
    3.825433118838,3.963133118838),.UNSPECIFIED.);
#1987 = CARTESIAN_POINT('',(-12.5614172029,0.950433118838,2.463133118838
    ));
#1988 = CARTESIAN_POINT('',(-12.5614172029,0.950433118838,2.394283118838
    ));
#1989 = CARTESIAN_POINT('',(-12.5614172029,0.950433118838,0.375));
#1990 = CARTESIAN_POINT('',(-12.5614172029,0.950433118838,
    -1.644283118838));
#1991 = CARTESIAN_POINT('',(-12.5614172029,0.950433118838,
    -1.713133118838));
#1992 = PCURVE('',#1320,#1993);
#1993 = DEFINITIONAL_REPRESENTATION('',(#1994),#1997);
#1994 = B_SPLINE_CURVE_WITH_KNOTS('',1,(#1995,#1996),.UNSPECIFIED.,.F.,
  .F.,(2,2),(-7.543311883751E-02,3.825433118838),
  .PIECEWISE_BEZIER_KNOTS.);
#1995 = CARTESIAN_POINT('',(-9.992007221626E-16,0.849133762325));
#1996 = CARTESIAN_POINT('',(4.75,0.849133762325));
#1997 = ( GEOMETRIC_REPRESENTATION_CONTEXT(2) 
PARAMETRIC_REPRESENTATION_CONTEXT() REPRESENTATION_CONTEXT('2D SPACE',''
  ) );
#1998 = PCURVE('',#1999,#2015);
#1999 = ( BOUNDED_SURFACE() B_SPLINE_SURFACE(2,2,(
    (#2000,#2001,#2002,#2003,#2004)
    ,(#2005,#2006,#2007,#2008,#2009)
    ,(#2010,#2011,#2012,#2013,#2014
)),.UNSPECIFIED.,.F.,.F.,.F.) B_SPLINE_SURFACE_WITH_KNOTS((3,3),(3,1,1,3
    ),(0.,3.900866237675),(-0.213133118838,-7.543311883751E-02,
    3.825433118838,3.963133118838),.UNSPECIFIED.) 
GEOMETRIC_REPRESENTATION_ITEM() RATIONAL_B_SPLINE_SURFACE((
    (1.,1.,1.,1.,1.)
    ,(0.828067230469,0.828067230469,0.828067230469,0.828067230469
      ,0.828067230469)
,(1.,1.,1.,1.,1.))) REPRESENTATION_ITEM('') SURFACE() );
#2000 = CARTESIAN_POINT('',(-12.5614172029,0.950433118838,2.463133118838
    ));
#2001 = CARTESIAN_POINT('',(-12.5614172029,0.950433118838,2.394283118838
    ));
#2002 = CARTESIAN_POINT('',(-12.5614172029,0.950433118838,0.375));
#2003 = CARTESIAN_POINT('',(-12.5614172029,0.950433118838,
    -1.644283118838));
#2004 = CARTESIAN_POINT('',(-12.5614172029,0.950433118838,
    -1.713133118838));
#2005 = CARTESIAN_POINT('',(-12.75,0.875,2.463133118838));
#2006 = CARTESIAN_POINT('',(-12.75,0.875,2.394283118838));
#2007 = CARTESIAN_POINT('',(-12.75,0.875,0.375));
#2008 = CARTESIAN_POINT('',(-12.75,0.875,-1.644283118838));
#2009 = CARTESIAN_POINT('',(-12.75,0.875,-1.713133118838));
#2010 = CARTESIAN_POINT('',(-12.75,0.671890111572,2.463133118838));
#2011 = CARTESIAN_POINT('',(-12.75,0.671890111572,2.394283118838));
#2012 = CARTESIAN_POINT('',(-12.75,0.671890111572,0.375));
#2013 = CARTESIAN_POINT('',(-12.75,0.671890111572,-1.644283118838));
#2014 = CARTESIAN_POINT('',(-12.75,0.671890111572,-1.713133118838));
#2015 = DEFINITIONAL_REPRESENTATION('',(#2016),#2020);
#2016 = LINE('',#2017,#2018);
#2017 = CARTESIAN_POINT('',(0.,0.));
#2018 = VECTOR('',#2019,1.);
#2019 = DIRECTION('',(0.,1.));
#2020 = ( GEOMETRIC_REPRESENTATION_CONTEXT(2) 
PARAMETRIC_REPRESENTATION_CONTEXT() REPRESENTATION_CONTEXT('2D SPACE',''
  ) );
#2021 = ORIENTED_EDGE('',*,*,#1899,.F.);
#2022 = ADVANCED_FACE('',(#2023),#1398,.F.);
#2023 = FACE_BOUND('',#2024,.F.);
#2024 = EDGE_LOOP('',(#2025,#2026,#2060,#2092));
#2025 = ORIENTED_EDGE('',*,*,#1381,.F.);
#2026 = ORIENTED_EDGE('',*,*,#2027,.T.);
#2027 = EDGE_CURVE('',#1382,#2028,#2030,.T.);
#2028 = VERTEX_POINT('',#2029);
#2029 = CARTESIAN_POINT('',(-12.75,-0.671890111572,-1.296890111572));
#2030 = SURFACE_CURVE('',#2031,(#2036,#2048),.PCURVE_S1.);
#2031 = CIRCLE('',#2032,0.3);
#2032 = AXIS2_PLACEMENT_3D('',#2033,#2034,#2035);
#2033 = CARTESIAN_POINT('',(-12.45,-0.671890111572,-1.296890111596));
#2034 = DIRECTION('',(-8.170586428673E-11,2.765574750741E-07,-1.));
#2035 = DIRECTION('',(-0.371390676354,-0.928476690885,
    -2.567468245002E-07));
#2036 = PCURVE('',#1398,#2037);
#2037 = DEFINITIONAL_REPRESENTATION('',(#2038),#2047);
#2038 = B_SPLINE_CURVE_WITH_KNOTS('',7,(#2039,#2040,#2041,#2042,#2043,
    #2044,#2045,#2046),.UNSPECIFIED.,.F.,.F.,(8,8),(0.,1.190289949683),
  .PIECEWISE_BEZIER_KNOTS.);
#2039 = CARTESIAN_POINT('',(-4.440892098501E-16,0.20310981138));
#2040 = CARTESIAN_POINT('',(0.591575770519,0.203109823064));
#2041 = CARTESIAN_POINT('',(1.147161426891,0.203109834038));
#2042 = CARTESIAN_POINT('',(1.684656675411,0.203109844654));
#2043 = CARTESIAN_POINT('',(2.216209562264,0.203109855153));
#2044 = CARTESIAN_POINT('',(2.753704810784,0.20310986577));
#2045 = CARTESIAN_POINT('',(3.309290467156,0.203109876743));
#2046 = CARTESIAN_POINT('',(3.900866237675,0.203109888428));
#2047 = ( GEOMETRIC_REPRESENTATION_CONTEXT(2) 
PARAMETRIC_REPRESENTATION_CONTEXT() REPRESENTATION_CONTEXT('2D SPACE',''
  ) );
#2048 = PCURVE('',#1543,#2049);
#2049 = DEFINITIONAL_REPRESENTATION('',(#2050),#2059);
#2050 = B_SPLINE_CURVE_WITH_KNOTS('',7,(#2051,#2052,#2053,#2054,#2055,
    #2056,#2057,#2058),.UNSPECIFIED.,.F.,.F.,(8,8),(0.,1.190289949683),
  .PIECEWISE_BEZIER_KNOTS.);
#2051 = CARTESIAN_POINT('',(0.,-0.138383964957));
#2052 = CARTESIAN_POINT('',(-0.160941930026,-0.197584084478));
#2053 = CARTESIAN_POINT('',(-0.324982264848,-0.252657885877));
#2054 = CARTESIAN_POINT('',(-0.493797632782,-0.300986071775));
#2055 = CARTESIAN_POINT('',(-0.668515398318,-0.340024595559));
#2056 = CARTESIAN_POINT('',(-0.848922191545,-0.367019685685));
#2057 = CARTESIAN_POINT('',(-1.032057948215,-0.380508679887));
#2058 = CARTESIAN_POINT('',(-1.21519816383,-0.380506377031));
#2059 = ( GEOMETRIC_REPRESENTATION_CONTEXT(2) 
PARAMETRIC_REPRESENTATION_CONTEXT() REPRESENTATION_CONTEXT('2D SPACE',''
  ) );
#2060 = ORIENTED_EDGE('',*,*,#2061,.T.);
#2061 = EDGE_CURVE('',#2028,#2062,#2064,.T.);
#2062 = VERTEX_POINT('',#2063);
#2063 = CARTESIAN_POINT('',(-12.75,-0.671890111572,2.04689018862));
#2064 = SURFACE_CURVE('',#2065,(#2071,#2078),.PCURVE_S1.);
#2065 = B_SPLINE_CURVE_WITH_KNOTS('',2,(#2066,#2067,#2068,#2069,#2070),
  .UNSPECIFIED.,.F.,.F.,(3,1,1,3),(-0.213133118838,-7.543311883751E-02,
    3.825433118838,3.963133118838),.UNSPECIFIED.);
#2066 = CARTESIAN_POINT('',(-12.75,-0.671890111572,-1.713133118838));
#2067 = CARTESIAN_POINT('',(-12.75,-0.671890111572,-1.644283118838));
#2068 = CARTESIAN_POINT('',(-12.75,-0.671890111572,0.375));
#2069 = CARTESIAN_POINT('',(-12.75,-0.671890111572,2.394283118838));
#2070 = CARTESIAN_POINT('',(-12.75,-0.671890111572,2.463133118838));
#2071 = PCURVE('',#1398,#2072);
#2072 = DEFINITIONAL_REPRESENTATION('',(#2073),#2077);
#2073 = LINE('',#2074,#2075);
#2074 = CARTESIAN_POINT('',(3.900866237675,0.));
#2075 = VECTOR('',#2076,1.);
#2076 = DIRECTION('',(0.,1.));
#2077 = ( GEOMETRIC_REPRESENTATION_CONTEXT(2) 
PARAMETRIC_REPRESENTATION_CONTEXT() REPRESENTATION_CONTEXT('2D SPACE',''
  ) );
#2078 = PCURVE('',#2079,#2084);
#2079 = PLANE('',#2080);
#2080 = AXIS2_PLACEMENT_3D('',#2081,#2082,#2083);
#2081 = CARTESIAN_POINT('',(-12.75,-0.875,-1.5));
#2082 = DIRECTION('',(1.,0.,-1.110223024625E-16));
#2083 = DIRECTION('',(1.00606538655E-16,0.422885465331,0.906183139995));
#2084 = DEFINITIONAL_REPRESENTATION('',(#2085),#2091);
#2085 = B_SPLINE_CURVE_WITH_KNOTS('',2,(#2086,#2087,#2088,#2089,#2090),
  .UNSPECIFIED.,.F.,.F.,(3,1,1,3),(-0.213133118838,-7.543311883751E-02,
    3.825433118838,3.963133118838),.UNSPECIFIED.);
#2086 = CARTESIAN_POINT('',(-0.107245419184,-0.274185654597));
#2087 = CARTESIAN_POINT('',(-4.485470999523E-02,-0.245069990309));
#2088 = CARTESIAN_POINT('',(1.784985607172,0.608855491036));
#2089 = CARTESIAN_POINT('',(3.61482592434,1.462780972381));
#2090 = CARTESIAN_POINT('',(3.677216633529,1.491896636669));
#2091 = ( GEOMETRIC_REPRESENTATION_CONTEXT(2) 
PARAMETRIC_REPRESENTATION_CONTEXT() REPRESENTATION_CONTEXT('2D SPACE',''
  ) );
#2092 = ORIENTED_EDGE('',*,*,#2093,.T.);
#2093 = EDGE_CURVE('',#2062,#1345,#2094,.T.);
#2094 = SURFACE_CURVE('',#2095,(#2100,#2112),.PCURVE_S1.);
#2095 = CIRCLE('',#2096,0.3);
#2096 = AXIS2_PLACEMENT_3D('',#2097,#2098,#2099);
#2097 = CARTESIAN_POINT('',(-12.45,-0.671890111572,2.046890111572));
#2098 = DIRECTION('',(2.568285422481E-07,-1.02731403303E-07,1.));
#2099 = DIRECTION('',(-1.454197762408E-14,-1.,-1.02731403303E-07));
#2100 = PCURVE('',#1398,#2101);
#2101 = DEFINITIONAL_REPRESENTATION('',(#2102),#2111);
#2102 = B_SPLINE_CURVE_WITH_KNOTS('',7,(#2103,#2104,#2105,#2106,#2107,
    #2108,#2109,#2110),.UNSPECIFIED.,.F.,.F.,(8,8),(4.712388980385,
    5.902678930067),.PIECEWISE_BEZIER_KNOTS.);
#2103 = CARTESIAN_POINT('',(3.900866237675,3.546890111572));
#2104 = CARTESIAN_POINT('',(3.309290467156,3.546890123257));
#2105 = CARTESIAN_POINT('',(2.753704810785,3.54689013423));
#2106 = CARTESIAN_POINT('',(2.216209562262,3.546890144847));
#2107 = CARTESIAN_POINT('',(1.684656675413,3.546890155346));
#2108 = CARTESIAN_POINT('',(1.14716142689,3.546890165962));
#2109 = CARTESIAN_POINT('',(0.591575770519,3.546890176936));
#2110 = CARTESIAN_POINT('',(0.,3.54689018862));
#2111 = ( GEOMETRIC_REPRESENTATION_CONTEXT(2) 
PARAMETRIC_REPRESENTATION_CONTEXT() REPRESENTATION_CONTEXT('2D SPACE',''
  ) );
#2112 = PCURVE('',#1622,#2113);
#2113 = DEFINITIONAL_REPRESENTATION('',(#2114),#2118);
#2114 = LINE('',#2115,#2116);
#2115 = CARTESIAN_POINT('',(-0.,-6.28318530718));
#2116 = VECTOR('',#2117,1.);
#2117 = DIRECTION('',(-0.,1.));
#2118 = ( GEOMETRIC_REPRESENTATION_CONTEXT(2) 
PARAMETRIC_REPRESENTATION_CONTEXT() REPRESENTATION_CONTEXT('2D SPACE',''
  ) );
#2119 = ADVANCED_FACE('',(#2120),#1543,.T.);
#2120 = FACE_BOUND('',#2121,.F.);
#2121 = EDGE_LOOP('',(#2122,#2123,#2150));
#2122 = ORIENTED_EDGE('',*,*,#1501,.F.);
#2123 = ORIENTED_EDGE('',*,*,#2124,.T.);
#2124 = EDGE_CURVE('',#1462,#2028,#2125,.T.);
#2125 = SURFACE_CURVE('',#2126,(#2131,#2138),.PCURVE_S1.);
#2126 = CIRCLE('',#2127,0.3);
#2127 = AXIS2_PLACEMENT_3D('',#2128,#2129,#2130);
#2128 = CARTESIAN_POINT('',(-12.45,-0.671890111572,-1.296890111596));
#2129 = DIRECTION('',(3.437770055705E-14,0.999999999912,
    -1.326635369187E-05));
#2130 = DIRECTION('',(-0.928476690885,4.927000102295E-06,0.371390676321)
  );
#2131 = PCURVE('',#1543,#2132);
#2132 = DEFINITIONAL_REPRESENTATION('',(#2133),#2137);
#2133 = LINE('',#2134,#2135);
#2134 = CARTESIAN_POINT('',(-1.21519816383,-6.28318530718));
#2135 = VECTOR('',#2136,1.);
#2136 = DIRECTION('',(-0.,1.));
#2137 = ( GEOMETRIC_REPRESENTATION_CONTEXT(2) 
PARAMETRIC_REPRESENTATION_CONTEXT() REPRESENTATION_CONTEXT('2D SPACE',''
  ) );
#2138 = PCURVE('',#1665,#2139);
#2139 = DEFINITIONAL_REPRESENTATION('',(#2140),#2149);
#2140 = B_SPLINE_CURVE_WITH_KNOTS('',7,(#2141,#2142,#2143,#2144,#2145,
    #2146,#2147,#2148),.UNSPECIFIED.,.F.,.F.,(8,8),(4.712388980385,
    5.902678930149),.PIECEWISE_BEZIER_KNOTS.);
#2141 = CARTESIAN_POINT('',(5.725630752847E-16,1.546893806822));
#2142 = CARTESIAN_POINT('',(0.288270948221,1.546893246428));
#2143 = CARTESIAN_POINT('',(0.559004187728,1.546892720128));
#2144 = CARTESIAN_POINT('',(0.820922370366,1.546892210964));
#2145 = CARTESIAN_POINT('',(1.079943871168,1.54689170743));
#2146 = CARTESIAN_POINT('',(1.341862044988,1.546891198266));
#2147 = CARTESIAN_POINT('',(1.612595289455,1.546890671965));
#2148 = CARTESIAN_POINT('',(1.900866237675,1.546890111572));
#2149 = ( GEOMETRIC_REPRESENTATION_CONTEXT(2) 
PARAMETRIC_REPRESENTATION_CONTEXT() REPRESENTATION_CONTEXT('2D SPACE',''
  ) );
#2150 = ORIENTED_EDGE('',*,*,#2027,.F.);
#2151 = ADVANCED_FACE('',(#2152),#1622,.T.);
#2152 = FACE_BOUND('',#2153,.F.);
#2153 = EDGE_LOOP('',(#2154,#2155,#2180));
#2154 = ORIENTED_EDGE('',*,*,#2093,.F.);
#2155 = ORIENTED_EDGE('',*,*,#2156,.T.);
#2156 = EDGE_CURVE('',#2062,#1561,#2157,.T.);
#2157 = SURFACE_CURVE('',#2158,(#2163,#2170),.PCURVE_S1.);
#2158 = CIRCLE('',#2159,0.3);
#2159 = AXIS2_PLACEMENT_3D('',#2160,#2161,#2162);
#2160 = CARTESIAN_POINT('',(-12.45,-0.671890111572,2.046890111572));
#2161 = DIRECTION('',(-1.184237665334E-14,1.,8.861918704255E-15));
#2162 = DIRECTION('',(2.568285422481E-07,-8.861915662795E-15,1.));
#2163 = PCURVE('',#1622,#2164);
#2164 = DEFINITIONAL_REPRESENTATION('',(#2165),#2169);
#2165 = LINE('',#2166,#2167);
#2166 = CARTESIAN_POINT('',(-1.570796429526,-6.28318530718));
#2167 = VECTOR('',#2168,1.);
#2168 = DIRECTION('',(-0.,1.));
#2169 = ( GEOMETRIC_REPRESENTATION_CONTEXT(2) 
PARAMETRIC_REPRESENTATION_CONTEXT() REPRESENTATION_CONTEXT('2D SPACE',''
  ) );
#2170 = PCURVE('',#1785,#2171);
#2171 = DEFINITIONAL_REPRESENTATION('',(#2172),#2179);
#2172 = B_SPLINE_CURVE_WITH_KNOTS('',5,(#2173,#2174,#2175,#2176,#2177,
    #2178),.UNSPECIFIED.,.F.,.F.,(6,6),(4.712388980385,5.902678673239),
  .PIECEWISE_BEZIER_KNOTS.);
#2173 = CARTESIAN_POINT('',(1.900866237675,0.203109888428));
#2174 = CARTESIAN_POINT('',(1.497286997274,0.203109103877));
#2175 = CARTESIAN_POINT('',(1.130488756902,0.203108390828));
#2176 = CARTESIAN_POINT('',(0.770376634245,0.203107690776));
#2177 = CARTESIAN_POINT('',(0.403579240401,0.203106977729));
#2178 = CARTESIAN_POINT('',(1.110223024625E-16,0.203106193178));
#2179 = ( GEOMETRIC_REPRESENTATION_CONTEXT(2) 
PARAMETRIC_REPRESENTATION_CONTEXT() REPRESENTATION_CONTEXT('2D SPACE',''
  ) );
#2180 = ORIENTED_EDGE('',*,*,#1600,.F.);
#2181 = ADVANCED_FACE('',(#2182),#1665,.F.);
#2182 = FACE_BOUND('',#2183,.F.);
#2183 = EDGE_LOOP('',(#2184,#2211,#2236,#2237));
#2184 = ORIENTED_EDGE('',*,*,#2185,.F.);
#2185 = EDGE_CURVE('',#2186,#1649,#2188,.T.);
#2186 = VERTEX_POINT('',#2187);
#2187 = CARTESIAN_POINT('',(-12.75,0.671890111572,-1.29689018862));
#2188 = SURFACE_CURVE('',#2189,(#2194,#2204),.PCURVE_S1.);
#2189 = CIRCLE('',#2190,0.3);
#2190 = AXIS2_PLACEMENT_3D('',#2191,#2192,#2193);
#2191 = CARTESIAN_POINT('',(-12.45,0.671890111572,-1.296890111572));
#2192 = DIRECTION('',(-1.221245112795E-14,-1.,-8.343814738789E-15));
#2193 = DIRECTION('',(2.568285457268E-07,8.343811602283E-15,-1.));
#2194 = PCURVE('',#1665,#2195);
#2195 = DEFINITIONAL_REPRESENTATION('',(#2196),#2203);
#2196 = B_SPLINE_CURVE_WITH_KNOTS('',5,(#2197,#2198,#2199,#2200,#2201,
    #2202),.UNSPECIFIED.,.F.,.F.,(6,6),(4.712388980385,5.902678673239),
  .PIECEWISE_BEZIER_KNOTS.);
#2197 = CARTESIAN_POINT('',(1.900866237675,0.203109888428));
#2198 = CARTESIAN_POINT('',(1.497286997274,0.203109103877));
#2199 = CARTESIAN_POINT('',(1.130488756902,0.203108390828));
#2200 = CARTESIAN_POINT('',(0.770376634245,0.203107690776));
#2201 = CARTESIAN_POINT('',(0.403579240401,0.203106977729));
#2202 = CARTESIAN_POINT('',(-3.330669073875E-16,0.203106193178));
#2203 = ( GEOMETRIC_REPRESENTATION_CONTEXT(2) 
PARAMETRIC_REPRESENTATION_CONTEXT() REPRESENTATION_CONTEXT('2D SPACE',''
  ) );
#2204 = PCURVE('',#1873,#2205);
#2205 = DEFINITIONAL_REPRESENTATION('',(#2206),#2210);
#2206 = LINE('',#2207,#2208);
#2207 = CARTESIAN_POINT('',(-1.570796429526,-6.28318530718));
#2208 = VECTOR('',#2209,1.);
#2209 = DIRECTION('',(-0.,1.));
#2210 = ( GEOMETRIC_REPRESENTATION_CONTEXT(2) 
PARAMETRIC_REPRESENTATION_CONTEXT() REPRESENTATION_CONTEXT('2D SPACE',''
  ) );
#2211 = ORIENTED_EDGE('',*,*,#2212,.T.);
#2212 = EDGE_CURVE('',#2186,#2028,#2213,.T.);
#2213 = SURFACE_CURVE('',#2214,(#2220,#2227),.PCURVE_S1.);
#2214 = B_SPLINE_CURVE_WITH_KNOTS('',2,(#2215,#2216,#2217,#2218,#2219),
  .UNSPECIFIED.,.F.,.F.,(3,1,1,3),(-0.139693118838,-7.543311883751E-02,
    1.825433118838,1.889693118838),.UNSPECIFIED.);
#2215 = CARTESIAN_POINT('',(-12.75,1.014693118838,-1.296890111572));
#2216 = CARTESIAN_POINT('',(-12.75,0.982563118838,-1.296890111572));
#2217 = CARTESIAN_POINT('',(-12.75,0.,-1.296890111572));
#2218 = CARTESIAN_POINT('',(-12.75,-0.982563118838,-1.296890111572));
#2219 = CARTESIAN_POINT('',(-12.75,-1.014693118838,-1.296890111572));
#2220 = PCURVE('',#1665,#2221);
#2221 = DEFINITIONAL_REPRESENTATION('',(#2222),#2226);
#2222 = LINE('',#2223,#2224);
#2223 = CARTESIAN_POINT('',(1.900866237675,0.));
#2224 = VECTOR('',#2225,1.);
#2225 = DIRECTION('',(0.,1.));
#2226 = ( GEOMETRIC_REPRESENTATION_CONTEXT(2) 
PARAMETRIC_REPRESENTATION_CONTEXT() REPRESENTATION_CONTEXT('2D SPACE',''
  ) );
#2227 = PCURVE('',#2079,#2228);
#2228 = DEFINITIONAL_REPRESENTATION('',(#2229),#2235);
#2229 = B_SPLINE_CURVE_WITH_KNOTS('',2,(#2230,#2231,#2232,#2233,#2234),
  .UNSPECIFIED.,.F.,.F.,(3,1,1,3),(-0.139693118838,-7.543311883751E-02,
    1.825433118838,1.889693118838),.UNSPECIFIED.);
#2230 = CARTESIAN_POINT('',(0.983178510352,-1.626515824374));
#2231 = CARTESIAN_POINT('',(0.969591200351,-1.597400160086));
#2232 = CARTESIAN_POINT('',(0.554079538625,-0.707018027815));
#2233 = CARTESIAN_POINT('',(0.138567876898,0.183364104457));
#2234 = CARTESIAN_POINT('',(0.124980566897,0.212479768745));
#2235 = ( GEOMETRIC_REPRESENTATION_CONTEXT(2) 
PARAMETRIC_REPRESENTATION_CONTEXT() REPRESENTATION_CONTEXT('2D SPACE',''
  ) );
#2236 = ORIENTED_EDGE('',*,*,#2124,.F.);
#2237 = ORIENTED_EDGE('',*,*,#1648,.F.);
#2238 = ADVANCED_FACE('',(#2239),#1785,.F.);
#2239 = FACE_BOUND('',#2240,.F.);
#2240 = EDGE_LOOP('',(#2241,#2242,#2269,#2294));
#2241 = ORIENTED_EDGE('',*,*,#2156,.F.);
#2242 = ORIENTED_EDGE('',*,*,#2243,.T.);
#2243 = EDGE_CURVE('',#2062,#2244,#2246,.T.);
#2244 = VERTEX_POINT('',#2245);
#2245 = CARTESIAN_POINT('',(-12.75,0.671893806822,2.046890111572));
#2246 = SURFACE_CURVE('',#2247,(#2253,#2260),.PCURVE_S1.);
#2247 = B_SPLINE_CURVE_WITH_KNOTS('',2,(#2248,#2249,#2250,#2251,#2252),
  .UNSPECIFIED.,.F.,.F.,(3,1,1,3),(-0.139693118838,-7.543311883751E-02,
    1.825433118838,1.889693118838),.UNSPECIFIED.);
#2248 = CARTESIAN_POINT('',(-12.75,-1.014693118838,2.046890111572));
#2249 = CARTESIAN_POINT('',(-12.75,-0.982563118838,2.046890111572));
#2250 = CARTESIAN_POINT('',(-12.75,2.22044604925E-16,2.046890111572));
#2251 = CARTESIAN_POINT('',(-12.75,0.982563118838,2.046890111572));
#2252 = CARTESIAN_POINT('',(-12.75,1.014693118838,2.046890111572));
#2253 = PCURVE('',#1785,#2254);
#2254 = DEFINITIONAL_REPRESENTATION('',(#2255),#2259);
#2255 = LINE('',#2256,#2257);
#2256 = CARTESIAN_POINT('',(1.900866237675,0.));
#2257 = VECTOR('',#2258,1.);
#2258 = DIRECTION('',(0.,1.));
#2259 = ( GEOMETRIC_REPRESENTATION_CONTEXT(2) 
PARAMETRIC_REPRESENTATION_CONTEXT() REPRESENTATION_CONTEXT('2D SPACE',''
  ) );
#2260 = PCURVE('',#2079,#2261);
#2261 = DEFINITIONAL_REPRESENTATION('',(#2262),#2268);
#2262 = B_SPLINE_CURVE_WITH_KNOTS('',2,(#2263,#2264,#2265,#2266,#2267),
  .UNSPECIFIED.,.F.,.F.,(3,1,1,3),(-0.139693118838,-7.543311883751E-02,
    1.825433118838,1.889693118838),.UNSPECIFIED.);
#2263 = CARTESIAN_POINT('',(3.155057828959,1.626515824374));
#2264 = CARTESIAN_POINT('',(3.16864513896,1.597400160086));
#2265 = CARTESIAN_POINT('',(3.584156800687,0.707018027815));
#2266 = CARTESIAN_POINT('',(3.999668462414,-0.183364104457));
#2267 = CARTESIAN_POINT('',(4.013255772415,-0.212479768745));
#2268 = ( GEOMETRIC_REPRESENTATION_CONTEXT(2) 
PARAMETRIC_REPRESENTATION_CONTEXT() REPRESENTATION_CONTEXT('2D SPACE',''
  ) );
#2269 = ORIENTED_EDGE('',*,*,#2270,.T.);
#2270 = EDGE_CURVE('',#2244,#1731,#2271,.T.);
#2271 = SURFACE_CURVE('',#2272,(#2277,#2287),.PCURVE_S1.);
#2272 = CIRCLE('',#2273,0.3);
#2273 = AXIS2_PLACEMENT_3D('',#2274,#2275,#2276);
#2274 = CARTESIAN_POINT('',(-12.45000000002,0.671890111563,
    2.046890111563));
#2275 = DIRECTION('',(1.231753054517E-05,0.999999999912,
    4.926979534748E-06));
#2276 = DIRECTION('',(-3.034349418597E-11,-4.926979534748E-06,
    0.999999999988));
#2277 = PCURVE('',#1785,#2278);
#2278 = DEFINITIONAL_REPRESENTATION('',(#2279),#2286);
#2279 = B_SPLINE_CURVE_WITH_KNOTS('',5,(#2280,#2281,#2282,#2283,#2284,
    #2285),.UNSPECIFIED.,.F.,.F.,(6,6),(4.712388980385,5.902678930149),
  .PIECEWISE_BEZIER_KNOTS.);
#2280 = CARTESIAN_POINT('',(1.900866237675,1.546890111572));
#2281 = CARTESIAN_POINT('',(1.497286910166,1.546890896123));
#2282 = CARTESIAN_POINT('',(1.130490053351,1.546891609169));
#2283 = CARTESIAN_POINT('',(0.770376184272,1.546892309224));
#2284 = CARTESIAN_POINT('',(0.403579327509,1.546893022271));
#2285 = CARTESIAN_POINT('',(0.,1.546893806822));
#2286 = ( GEOMETRIC_REPRESENTATION_CONTEXT(2) 
PARAMETRIC_REPRESENTATION_CONTEXT() REPRESENTATION_CONTEXT('2D SPACE',''
  ) );
#2287 = PCURVE('',#1958,#2288);
#2288 = DEFINITIONAL_REPRESENTATION('',(#2289),#2293);
#2289 = LINE('',#2290,#2291);
#2290 = CARTESIAN_POINT('',(-0.,-6.28318530718));
#2291 = VECTOR('',#2292,1.);
#2292 = DIRECTION('',(-0.,1.));
#2293 = ( GEOMETRIC_REPRESENTATION_CONTEXT(2) 
PARAMETRIC_REPRESENTATION_CONTEXT() REPRESENTATION_CONTEXT('2D SPACE',''
  ) );
#2294 = ORIENTED_EDGE('',*,*,#1770,.F.);
#2295 = ADVANCED_FACE('',(#2296),#1873,.T.);
#2296 = FACE_BOUND('',#2297,.F.);
#2297 = EDGE_LOOP('',(#2298,#2325,#2326));
#2298 = ORIENTED_EDGE('',*,*,#2299,.F.);
#2299 = EDGE_CURVE('',#2186,#1813,#2300,.T.);
#2300 = SURFACE_CURVE('',#2301,(#2306,#2313),.PCURVE_S1.);
#2301 = CIRCLE('',#2302,0.3);
#2302 = AXIS2_PLACEMENT_3D('',#2303,#2304,#2305);
#2303 = CARTESIAN_POINT('',(-12.45,0.671890111572,-1.296890111572));
#2304 = DIRECTION('',(2.568285457268E-07,1.027314047833E-07,-1.));
#2305 = DIRECTION('',(-1.41719040201E-14,1.,1.027314047833E-07));
#2306 = PCURVE('',#1873,#2307);
#2307 = DEFINITIONAL_REPRESENTATION('',(#2308),#2312);
#2308 = LINE('',#2309,#2310);
#2309 = CARTESIAN_POINT('',(-0.,-6.28318530718));
#2310 = VECTOR('',#2311,1.);
#2311 = DIRECTION('',(-0.,1.));
#2312 = ( GEOMETRIC_REPRESENTATION_CONTEXT(2) 
PARAMETRIC_REPRESENTATION_CONTEXT() REPRESENTATION_CONTEXT('2D SPACE',''
  ) );
#2313 = PCURVE('',#1999,#2314);
#2314 = DEFINITIONAL_REPRESENTATION('',(#2315),#2324);
#2315 = B_SPLINE_CURVE_WITH_KNOTS('',7,(#2316,#2317,#2318,#2319,#2320,
    #2321,#2322,#2323),.UNSPECIFIED.,.F.,.F.,(8,8),(4.712388980385,
    5.902678930067),.PIECEWISE_BEZIER_KNOTS.);
#2316 = CARTESIAN_POINT('',(3.900866237675,3.546890111572));
#2317 = CARTESIAN_POINT('',(3.309290467156,3.546890123257));
#2318 = CARTESIAN_POINT('',(2.753704810785,3.54689013423));
#2319 = CARTESIAN_POINT('',(2.216209562262,3.546890144847));
#2320 = CARTESIAN_POINT('',(1.684656675413,3.546890155346));
#2321 = CARTESIAN_POINT('',(1.14716142689,3.546890165962));
#2322 = CARTESIAN_POINT('',(0.591575770519,3.546890176936));
#2323 = CARTESIAN_POINT('',(0.,3.54689018862));
#2324 = ( GEOMETRIC_REPRESENTATION_CONTEXT(2) 
PARAMETRIC_REPRESENTATION_CONTEXT() REPRESENTATION_CONTEXT('2D SPACE',''
  ) );
#2325 = ORIENTED_EDGE('',*,*,#2185,.T.);
#2326 = ORIENTED_EDGE('',*,*,#1851,.F.);
#2327 = ADVANCED_FACE('',(#2328),#1958,.T.);
#2328 = FACE_BOUND('',#2329,.F.);
#2329 = EDGE_LOOP('',(#2330,#2331,#2388));
#2330 = ORIENTED_EDGE('',*,*,#2270,.F.);
#2331 = ORIENTED_EDGE('',*,*,#2332,.T.);
#2332 = EDGE_CURVE('',#2244,#1900,#2333,.T.);
#2333 = SURFACE_CURVE('',#2334,(#2339,#2346),.PCURVE_S1.);
#2334 = CIRCLE('',#2335,0.3);
#2335 = AXIS2_PLACEMENT_3D('',#2336,#2337,#2338);
#2336 = CARTESIAN_POINT('',(-12.45000000002,0.671890111563,
    2.046890111563));
#2337 = DIRECTION('',(-3.03444736964E-11,2.054285635537E-11,-1.));
#2338 = DIRECTION('',(1.231753054517E-05,0.999999999924,
    2.054248258483E-11));
#2339 = PCURVE('',#1958,#2340);
#2340 = DEFINITIONAL_REPRESENTATION('',(#2341),#2345);
#2341 = LINE('',#2342,#2343);
#2342 = CARTESIAN_POINT('',(-1.570801253754,-6.28318530718));
#2343 = VECTOR('',#2344,1.);
#2344 = DIRECTION('',(-0.,1.));
#2345 = ( GEOMETRIC_REPRESENTATION_CONTEXT(2) 
PARAMETRIC_REPRESENTATION_CONTEXT() REPRESENTATION_CONTEXT('2D SPACE',''
  ) );
#2346 = PCURVE('',#1999,#2347);
#2347 = DEFINITIONAL_REPRESENTATION('',(#2348),#2387);
#2348 = B_SPLINE_CURVE_WITH_KNOTS('',7,(#2349,#2350,#2351,#2352,#2353,
    #2354,#2355,#2356,#2357,#2358,#2359,#2360,#2361,#2362,#2363,#2364,
    #2365,#2366,#2367,#2368,#2369,#2370,#2371,#2372,#2373,#2374,#2375,
    #2376,#2377,#2378,#2379,#2380,#2381,#2382,#2383,#2384,#2385,#2386),
  .UNSPECIFIED.,.F.,.F.,(8,6,6,6,6,6,8),(4.712388980385,4.786781332399,
    4.861173684414,5.009958388443,5.158743092472,5.307527796502,
    5.902666612618),.UNSPECIFIED.);
#2349 = CARTESIAN_POINT('',(3.900866237675,0.203109888428));
#2350 = CARTESIAN_POINT('',(3.863893134629,0.203109887698));
#2351 = CARTESIAN_POINT('',(3.82703249587,0.20310988697));
#2352 = CARTESIAN_POINT('',(3.790265831546,0.203109886244));
#2353 = CARTESIAN_POINT('',(3.7537728767,0.203109885523));
#2354 = CARTESIAN_POINT('',(3.717321648868,0.203109884803));
#2355 = CARTESIAN_POINT('',(3.681010263468,0.203109884086));
#2356 = CARTESIAN_POINT('',(3.608620975158,0.203109882656));
#2357 = CARTESIAN_POINT('',(3.572547180389,0.203109881943));
#2358 = CARTESIAN_POINT('',(3.536589317308,0.203109881233));
#2359 = CARTESIAN_POINT('',(3.500742866206,0.203109880525));
#2360 = CARTESIAN_POINT('',(3.465003705361,0.203109879819));
#2361 = CARTESIAN_POINT('',(3.429368111038,0.203109879115));
#2362 = CARTESIAN_POINT('',(3.322762050389,0.20310987701));
#2363 = CARTESIAN_POINT('',(3.25209122658,0.203109875614));
#2364 = CARTESIAN_POINT('',(3.181790198679,0.203109874225));
#2365 = CARTESIAN_POINT('',(3.111829621642,0.203109872843));
#2366 = CARTESIAN_POINT('',(3.042180892767,0.203109871468));
#2367 = CARTESIAN_POINT('',(2.972816151694,0.203109870098));
#2368 = CARTESIAN_POINT('',(2.834600409104,0.203109867368));
#2369 = CARTESIAN_POINT('',(2.765749264372,0.203109866008));
#2370 = CARTESIAN_POINT('',(2.697131305575,0.203109864652));
#2371 = CARTESIAN_POINT('',(2.628702816625,0.203109863301));
#2372 = CARTESIAN_POINT('',(2.560471597259,0.203109861953));
#2373 = CARTESIAN_POINT('',(2.492378053218,0.203109860608));
#2374 = CARTESIAN_POINT('',(2.356448653876,0.203109857923));
#2375 = CARTESIAN_POINT('',(2.288609266833,0.203109856583));
#2376 = CARTESIAN_POINT('',(2.220870092802,0.203109855245));
#2377 = CARTESIAN_POINT('',(2.153206032167,0.203109853909));
#2378 = CARTESIAN_POINT('',(2.08559198531,0.203109852573));
#2379 = CARTESIAN_POINT('',(2.018002852616,0.203109851238));
#2380 = CARTESIAN_POINT('',(1.680056261878,0.203109844563));
#2381 = CARTESIAN_POINT('',(1.409698480049,0.203109839223));
#2382 = CARTESIAN_POINT('',(1.137746543997,0.203109833852));
#2383 = CARTESIAN_POINT('',(0.862599165961,0.203109828417));
#2384 = CARTESIAN_POINT('',(0.582572539124,0.203109822886));
#2385 = CARTESIAN_POINT('',(0.295784824365,0.203109817222));
#2386 = CARTESIAN_POINT('',(1.110223024625E-16,0.20310981138));
#2387 = ( GEOMETRIC_REPRESENTATION_CONTEXT(2) 
PARAMETRIC_REPRESENTATION_CONTEXT() REPRESENTATION_CONTEXT('2D SPACE',''
  ) );
#2388 = ORIENTED_EDGE('',*,*,#1936,.F.);
#2389 = ADVANCED_FACE('',(#2390),#1999,.F.);
#2390 = FACE_BOUND('',#2391,.F.);
#2391 = EDGE_LOOP('',(#2392,#2393,#2418,#2419));
#2392 = ORIENTED_EDGE('',*,*,#2332,.F.);
#2393 = ORIENTED_EDGE('',*,*,#2394,.T.);
#2394 = EDGE_CURVE('',#2244,#2186,#2395,.T.);
#2395 = SURFACE_CURVE('',#2396,(#2402,#2409),.PCURVE_S1.);
#2396 = B_SPLINE_CURVE_WITH_KNOTS('',2,(#2397,#2398,#2399,#2400,#2401),
  .UNSPECIFIED.,.F.,.F.,(3,1,1,3),(-0.213133118838,-7.543311883751E-02,
    3.825433118838,3.963133118838),.UNSPECIFIED.);
#2397 = CARTESIAN_POINT('',(-12.75,0.671890111572,2.463133118838));
#2398 = CARTESIAN_POINT('',(-12.75,0.671890111572,2.394283118838));
#2399 = CARTESIAN_POINT('',(-12.75,0.671890111572,0.375));
#2400 = CARTESIAN_POINT('',(-12.75,0.671890111572,-1.644283118838));
#2401 = CARTESIAN_POINT('',(-12.75,0.671890111572,-1.713133118838));
#2402 = PCURVE('',#1999,#2403);
#2403 = DEFINITIONAL_REPRESENTATION('',(#2404),#2408);
#2404 = LINE('',#2405,#2406);
#2405 = CARTESIAN_POINT('',(3.900866237675,0.));
#2406 = VECTOR('',#2407,1.);
#2407 = DIRECTION('',(0.,1.));
#2408 = ( GEOMETRIC_REPRESENTATION_CONTEXT(2) 
PARAMETRIC_REPRESENTATION_CONTEXT() REPRESENTATION_CONTEXT('2D SPACE',''
  ) );
#2409 = PCURVE('',#2079,#2410);
#2410 = DEFINITIONAL_REPRESENTATION('',(#2411),#2417);
#2411 = B_SPLINE_CURVE_WITH_KNOTS('',2,(#2412,#2413,#2414,#2415,#2416),
  .UNSPECIFIED.,.F.,.F.,(3,1,1,3),(-0.213133118838,-7.543311883751E-02,
    3.825433118838,3.963133118838),.UNSPECIFIED.);
#2412 = CARTESIAN_POINT('',(4.245481758496,0.274185654597));
#2413 = CARTESIAN_POINT('',(4.183091049307,0.245069990309));
#2414 = CARTESIAN_POINT('',(2.353250732139,-0.608855491036));
#2415 = CARTESIAN_POINT('',(0.523410414972,-1.462780972381));
#2416 = CARTESIAN_POINT('',(0.461019705783,-1.491896636669));
#2417 = ( GEOMETRIC_REPRESENTATION_CONTEXT(2) 
PARAMETRIC_REPRESENTATION_CONTEXT() REPRESENTATION_CONTEXT('2D SPACE',''
  ) );
#2418 = ORIENTED_EDGE('',*,*,#2299,.T.);
#2419 = ORIENTED_EDGE('',*,*,#1984,.F.);
#2420 = ADVANCED_FACE('',(#2421),#2079,.F.);
#2421 = FACE_BOUND('',#2422,.F.);
#2422 = EDGE_LOOP('',(#2423,#2424,#2425,#2426));
#2423 = ORIENTED_EDGE('',*,*,#2061,.F.);
#2424 = ORIENTED_EDGE('',*,*,#2212,.F.);
#2425 = ORIENTED_EDGE('',*,*,#2394,.F.);
#2426 = ORIENTED_EDGE('',*,*,#2243,.F.);
#2427 = ( GEOMETRIC_REPRESENTATION_CONTEXT(3) 
GLOBAL_UNCERTAINTY_ASSIGNED_CONTEXT((#2431)) 
GLOBAL_UNIT_ASSIGNED_CONTEXT((#2428,#2429,#2430)) REPRESENTATION_CONTEXT
('Context #1','3D Context with UNIT and UNCERTAINTY') );
#2428 = ( LENGTH_UNIT() NAMED_UNIT(*) SI_UNIT(.MILLI.,.METRE.) );
#2429 = ( NAMED_UNIT(*) PLANE_ANGLE_UNIT() SI_UNIT($,.RADIAN.) );
#2430 = ( NAMED_UNIT(*) SI_UNIT($,.STERADIAN.) SOLID_ANGLE_UNIT() );
#2431 = UNCERTAINTY_MEASURE_WITH_UNIT(LENGTH_MEASURE(2.E-05),#2428,
  'distance_accuracy_value','confusion accuracy');
#2432 = PRODUCT_RELATED_PRODUCT_CATEGORY('part',$,(#7));
ENDSEC;
END-ISO-10303-21;
